code,close,vol,date
=0050,64.4,70816.194,2025-12-26
=0051,91.2,36.754,2025-12-26
=0052,36.89,26413.506,2025-12-26
=0053,138.15,23.106,2025-12-26
=0055,32.01,251.588,2025-12-26
=0056,36.61,32736.86,2025-12-26
=0057,188.6,26.268,2025-12-26
=0061,23.1,329.993,2025-12-26
=006203,116.6,4.379,2025-12-26
=006204,144.75,3.063,2025-12-26
=006205,39.58,767.413,2025-12-26
=006206,37.2,102.257,2025-12-26
=006207,30.9,249.941,2025-12-26
=006208,147.55,7322.945,2025-12-26
=00625K,0.0,0.0,2025-12-26
=00631L,354.75,3255.999,2025-12-26
=00632R,16.65,40766.822,2025-12-26
=00633L,50.7,4234.028,2025-12-26
=00634R,3.2,1116.0,2025-12-26
=00635U,48.45,4121.401,2025-12-26
=00636,27.16,871.104,2025-12-26
=00636K,8.68,0.2,2025-12-26
=00637L,20.81,43526.958,2025-12-26
=00638R,6.81,645.01,2025-12-26
=00639,15.3,905.846,2025-12-26
=00640L,77.75,300.467,2025-12-26
=00641R,4.56,1787.881,2025-12-26
=00642U,15.3,4709.324,2025-12-26
=00643,17.05,3795.513,2025-12-26
=00643K,3.83,3.0,2025-12-26
=00645,47.77,228.599,2025-12-26
=00646,68.4,6527.438,2025-12-26
=00647L,119.05,81.741,2025-12-26
=00648R,4.32,543.469,2025-12-26
=00650L,17.9,3161.298,2025-12-26
=00651R,5.29,28.0,2025-12-26
=00652,37.42,203.352,2025-12-26
=00653L,58.4,96.842,2025-12-26
=00654R,0.0,0.04,2025-12-26
=00655L,35.38,1086.109,2025-12-26
=00656R,6.0,209.02,2025-12-26
=00657,59.7,81.159,2025-12-26
=00657K,19.05,0.2,2025-12-26
=00660,41.85,9.339,2025-12-26
=00661,65.3,119.781,2025-12-26
=00662,103.75,1942.662,2025-12-26
=00663L,46.36,8526.777,2025-12-26
=00664R,2.68,11739.839,2025-12-26
=00665L,10.85,5953.403,2025-12-26
=00666R,8.83,8.0,2025-12-26
=00668,55.95,20.901,2025-12-26
=00668K,17.8,0.2,2025-12-26
=00669R,5.65,435.233,2025-12-26
=00670L,166.25,875.983,2025-12-26
=00671R,2.83,2938.96,2025-12-26
=00673R,28.14,2444.02,2025-12-26
=00674R,5.66,718.417,2025-12-26
=00675L,140.8,2941.527,2025-12-26
=00676R,9.16,2365.046,2025-12-26
=00678,35.42,252.501,2025-12-26
=00680L,7.28,18472.637,2025-12-26
=00681R,20.74,10.05,2025-12-26
=00682U,0.0,0.002,2025-12-26
=00683L,20.56,23.248,2025-12-26
=00684R,15.7,18.1,2025-12-26
=00685L,126.5,819.936,2025-12-26
=00686R,1.64,2792.589,2025-12-26
=00688L,7.27,4875.524,2025-12-26
=00689R,21.54,5.0,2025-12-26
=00690,44.04,468.368,2025-12-26
=00692,56.65,1293.667,2025-12-26
=00693U,20.63,1191.12,2025-12-26
=00700,18.28,385.62,2025-12-26
=00701,29.3,1227.891,2025-12-26
=00702,23.32,11.47,2025-12-26
=00703,21.59,15.555,2025-12-26
=00706L,20.64,1447.459,2025-12-26
=00707R,31.2,2.0,2025-12-26
=00708L,98.6,4412.788,2025-12-26
=00709,36.99,91.7,2025-12-26
=00710B,18.95,200.123,2025-12-26
=00711B,16.34,104.412,2025-12-26
=00712,9.18,14673.587,2025-12-26
=00713,50.95,7472.077,2025-12-26
=00714,20.04,234.556,2025-12-26
=00715L,20.08,20610.929,2025-12-26
=00717,15.07,58.891,2025-12-26
=00728,36.71,72.69,2025-12-26
=00730,23.3,153.908,2025-12-26
=00731,69.5,845.845,2025-12-26
=00733,46.02,1145.035,2025-12-26
=00735,51.6,850.633,2025-12-26
=00736,27.92,105.137,2025-12-26
=00737,36.13,183.736,2025-12-26
=00738U,61.75,17784.885,2025-12-26
=00739,26.55,96.582,2025-12-26
=00752,26.11,597.864,2025-12-26
=00753L,12.36,6480.921,2025-12-26
=00757,119.55,3470.498,2025-12-26
=00762,83.85,727.937,2025-12-26
=00763U,31.57,4234.758,2025-12-26
=00770,58.55,310.095,2025-12-26
=00771,16.08,13.044,2025-12-26
=00775B,32.8,1.015,2025-12-26
=00783,25.58,95.907,2025-12-26
=00830,58.85,7923.469,2025-12-26
=00850,54.7,470.949,2025-12-26
=00851,56.3,16.187,2025-12-26
=00852L,31.3,33.165,2025-12-26
=00861,55.65,168.763,2025-12-26
=00865B,47.17,1865.086,2025-12-26
=00875,39.16,17.775,2025-12-26
=00876,51.7,325.648,2025-12-26
=00878,21.57,29157.524,2025-12-26
=00881,32.22,7148.841,2025-12-26
=00882,15.3,4036.605,2025-12-26
=00885,17.16,21262.523,2025-12-26
=00891,19.48,6750.16,2025-12-26
=00892,21.65,703.366,2025-12-26
=00893,33.05,1541.089,2025-12-26
=00894,27.18,1463.091,2025-12-26
=00895,39.6,629.829,2025-12-26
=00896,18.85,2486.89,2025-12-26
=00897,8.95,734.115,2025-12-26
=00898,8.01,533.654,2025-12-26
=00899,20.39,122.213,2025-12-26
=00900,13.79,23399.288,2025-12-26
=00901,24.59,493.624,2025-12-26
=00902,13.4,5545.24,2025-12-26
=00903,17.68,47.682,2025-12-26
=00904,22.61,1407.799,2025-12-26
=00905,17.17,1523.636,2025-12-26
=00907,15.31,684.237,2025-12-26
=00908,13.82,413.711,2025-12-26
=00909,40.56,3074.71,2025-12-26
=00910,44.5,1458.05,2025-12-26
=00911,33.49,478.099,2025-12-26
=00912,21.37,177.119,2025-12-26
=00913,24.56,381.291,2025-12-26
=00915,22.9,3805.956,2025-12-26
=00916,27.6,499.597,2025-12-26
=00917,25.81,145.344,2025-12-26
=00918,22.48,10936.511,2025-12-26
=00919,22.48,41987.193,2025-12-26
=00920,18.33,168.486,2025-12-26
=00921,17.52,239.344,2025-12-26
=00922,25.48,11098.317,2025-12-26
=00923,25.6,2583.757,2025-12-26
=00924,29.51,2101.869,2025-12-26
=00926,23.41,750.361,2025-12-26
=00927,21.19,3143.391,2025-12-26
=00929,17.89,11425.512,2025-12-26
=00930,17.26,543.961,2025-12-26
=00932,14.19,447.523,2025-12-26
=00934,20.52,1648.29,2025-12-26
=00935,29.68,1970.161,2025-12-26
=00936,15.97,1407.145,2025-12-26
=00938,17.3,279.121,2025-12-26
=00939,14.65,7869.698,2025-12-26
=00940,9.25,21528.209,2025-12-26
=00941,17.48,3640.801,2025-12-26
=00943,14.28,56.322,2025-12-26
=00944,14.5,765.754,2025-12-26
=00945B,14.51,2993.457,2025-12-26
=00946,9.61,5881.249,2025-12-26
=00947,18.18,933.762,2025-12-26
=00949,18.38,911.467,2025-12-26
=00951,11.48,2182.341,2025-12-26
=00952,11.75,798.868,2025-12-26
=00953B,9.74,22080.003,2025-12-26
=00954,12.28,1361.368,2025-12-26
=00956,11.44,436.192,2025-12-26
=00960,14.37,1563.816,2025-12-26
=00961,9.4,2505.947,2025-12-26
=00962,10.64,286.61,2025-12-26
=00963,11.43,384.603,2025-12-26
=00964,11.5,1415.506,2025-12-26
=00965,22.94,5220.277,2025-12-26
=00971,16.23,708.423,2025-12-26
=00972,18.01,64.535,2025-12-26
=009800,11.22,1504.719,2025-12-26
=009801,11.32,953.836,2025-12-26
=009802,11.13,3757.133,2025-12-26
=009803,12.79,2258.414,2025-12-26
=009804,14.5,856.067,2025-12-26
=009805,12.58,3993.574,2025-12-26
=009808,19.51,457.164,2025-12-26
=009809,10.54,2311.761,2025-12-26
=00980A,15.13,10960.21,2025-12-26
=009810,18.69,307.899,2025-12-26
=009811,11.87,4019.884,2025-12-26
=009812,10.68,1843.865,2025-12-26
=009813,10.68,7205.416,2025-12-26
=00981A,16.75,101602.752,2025-12-26
=00981T,10.59,2414.271,2025-12-26
=00982A,14.34,61278.711,2025-12-26
=00982D,10.16,3036.809,2025-12-26
=00982T,10.07,26217.424,2025-12-26
=00983A,12.24,4490.218,2025-12-26
=00983D,10.26,1342.542,2025-12-26
=00984A,10.95,5477.905,2025-12-26
=00985A,13.26,7373.092,2025-12-26
=00985B,10.31,4988.605,2025-12-26
=00986A,11.7,1333.247,2025-12-26
=00988A,10.24,27464.942,2025-12-26
=00989A,15.38,2786.879,2025-12-26
=00990A,10.68,196023.12,2025-12-26
=00991A,10.35,153796.077,2025-12-26
=01001T,11.52,192.0,2025-12-26
=01002T,14.49,52.0,2025-12-26
=01004T,10.65,229.02,2025-12-26
=01007T,13.28,158.0,2025-12-26
=01009T,6.8,42.0,2025-12-26
=01010T,10.01,2.0,2025-12-26
=020000,0.0,0.0,2025-12-26
=020011,0.0,0.0,2025-12-26
=020012,0.0,0.0,2025-12-26
=02001L,47.25,40.0,2025-12-26
=02001R,0.0,0.0,2025-12-26
=020020,15.35,22.0,2025-12-26
=020028,12.8,24.0,2025-12-26
=020029,9.61,3.0,2025-12-26
=020030,8.88,14.0,2025-12-26
=020031,5.97,3.0,2025-12-26
=020032,0.0,0.0,2025-12-26
=020034,7.32,16.0,2025-12-26
=020036,0.0,0.0,2025-12-26
=020037,8.42,2.0,2025-12-26
=020038,7.43,39.0,2025-12-26
=020039,9.01,51.0,2025-12-26
1101,22.8,12661.518,2025-12-26
1101B,45.4,8.05,2025-12-26
1102,36.7,11127.471,2025-12-26
1103,14.0,244.387,2025-12-26
1104,30.0,325.804,2025-12-26
1108,14.95,52.607,2025-12-26
1109,15.55,92.008,2025-12-26
1110,16.55,52.002,2025-12-26
1201,14.65,119.496,2025-12-26
1203,39.75,8.561,2025-12-26
1210,50.7,1589.385,2025-12-26
1213,10.7,2.121,2025-12-26
1215,135.5,4038.081,2025-12-26
1216,80.5,27059.373,2025-12-26
1217,10.55,187.587,2025-12-26
1218,18.1,251.489,2025-12-26
1219,13.45,86.555,2025-12-26
1220,12.55,91.264,2025-12-26
1225,29.3,48.774,2025-12-26
1227,30.45,260.684,2025-12-26
1229,47.7,632.56,2025-12-26
1231,98.5,114.551,2025-12-26
1232,144.5,64.385,2025-12-26
1233,32.1,3.601,2025-12-26
1234,37.65,79.76,2025-12-26
1235,46.25,2.152,2025-12-26
1236,26.15,121.194,2025-12-26
1256,140.0,18.385,2025-12-26
1301,39.75,5343.576,2025-12-26
1303,57.5,37995.984,2025-12-26
1304,11.1,2017.692,2025-12-26
1305,10.95,1147.241,2025-12-26
1307,32.7,242.67,2025-12-26
1308,13.2,915.7,2025-12-26
1309,11.2,702.265,2025-12-26
1310,8.41,690.67,2025-12-26
1312,11.0,6632.714,2025-12-26
1312A,22.45,48.0,2025-12-26
1313,10.3,2280.87,2025-12-26
1314,7.83,8926.899,2025-12-26
1315,64.0,17.344,2025-12-26
1316,15.8,3791.96,2025-12-26
1319,96.6,1521.133,2025-12-26
1321,35.0,87.0,2025-12-26
1323,19.5,28.99,2025-12-26
1324,10.5,47.413,2025-12-26
1325,30.2,184.773,2025-12-26
1326,32.05,4927.597,2025-12-26
1337,4.86,112.819,2025-12-26
1338,20.7,51.722,2025-12-26
1339,44.3,66.023,2025-12-26
1340,8.11,733.144,2025-12-26
1341,58.6,7.412,2025-12-26
1342,88.0,62.227,2025-12-26
1402,27.7,3002.297,2025-12-26
1409,15.15,2972.117,2025-12-26
1410,33.85,13.091,2025-12-26
1413,10.0,10.556,2025-12-26
1414,17.4,320.088,2025-12-26
1416,11.95,186.098,2025-12-26
1417,9.0,72.144,2025-12-26
1418,19.8,10.044,2025-12-26
1419,68.3,209.256,2025-12-26
1423,38.3,17.729,2025-12-26
1432,18.05,703.081,2025-12-26
1434,15.7,1315.462,2025-12-26
1435,0.0,0.58,2025-12-26
1436,65.7,280.634,2025-12-26
1437,34.5,96.732,2025-12-26
1438,33.85,48.16,2025-12-26
1439,29.9,23.0,2025-12-26
1440,13.25,1303.173,2025-12-26
1441,10.5,20.958,2025-12-26
1442,30.4,7411.673,2025-12-26
1443,27.0,3.001,2025-12-26
1444,6.09,376.549,2025-12-26
1445,13.2,14.531,2025-12-26
1446,18.3,102.972,2025-12-26
1447,5.42,464.967,2025-12-26
1449,11.3,1162.765,2025-12-26
1451,17.4,34.045,2025-12-26
1452,11.85,30.472,2025-12-26
1453,12.8,31.099,2025-12-26
1454,13.1,46.395,2025-12-26
1455,7.72,780.434,2025-12-26
1456,12.95,2.001,2025-12-26
1457,15.75,57.4,2025-12-26
1459,11.85,73.144,2025-12-26
1460,6.34,1042.768,2025-12-26
1463,19.45,89.405,2025-12-26
1464,11.15,222.637,2025-12-26
1465,12.45,101.451,2025-12-26
1466,14.3,232.351,2025-12-26
1467,7.09,95.65,2025-12-26
1468,11.8,32.0,2025-12-26
1470,23.2,8.0,2025-12-26
1471,8.78,190.049,2025-12-26
1472,88.6,79.05,2025-12-26
1473,24.85,16.06,2025-12-26
1474,10.95,42.358,2025-12-26
1475,30.0,48.001,2025-12-26
1476,384.0,487.66,2025-12-26
1477,294.5,1410.491,2025-12-26
1503,173.5,870.66,2025-12-26
1504,86.5,26256.022,2025-12-26
1506,11.6,79.128,2025-12-26
1512,7.59,54.025,2025-12-26
1513,150.5,1094.278,2025-12-26
1514,103.0,1438.883,2025-12-26
1515,27.8,172.252,2025-12-26
1516,23.3,178.611,2025-12-26
1517,11.1,106.158,2025-12-26
1519,785.0,2211.011,2025-12-26
1521,23.95,11.137,2025-12-26
1522,46.55,1133.798,2025-12-26
1522A,0.0,0.0,2025-12-26
1524,28.2,585.546,2025-12-26
1525,64.1,12.053,2025-12-26
1526,16.7,49.109,2025-12-26
1527,32.5,170.016,2025-12-26
1528,20.05,17060.095,2025-12-26
1529,19.1,329.253,2025-12-26
1530,27.35,31.846,2025-12-26
1531,11.9,81.17,2025-12-26
1532,26.65,260.103,2025-12-26
1533,32.15,72.545,2025-12-26
1535,53.0,18.001,2025-12-26
1536,57.2,1150.886,2025-12-26
1537,124.5,56.811,2025-12-26
1538,26.35,18.722,2025-12-26
1539,17.05,34.419,2025-12-26
1540,23.2,234.008,2025-12-26
1541,23.45,1.025,2025-12-26
1558,102.5,42.204,2025-12-26
1560,375.0,1809.066,2025-12-26
1563,47.7,1333.325,2025-12-26
1568,22.5,101.403,2025-12-26
1582,65.6,253.851,2025-12-26
1583,45.8,2.357,2025-12-26
1587,53.1,2360.393,2025-12-26
1589,16.95,735.271,2025-12-26
1590,939.0,89.731,2025-12-26
1597,72.1,78.506,2025-12-26
1598,20.8,82.585,2025-12-26
1603,37.8,639.077,2025-12-26
1604,24.45,91.331,2025-12-26
1605,33.45,201756.824,2025-12-26
1608,39.5,35323.471,2025-12-26
1609,38.85,9384.298,2025-12-26
1611,13.2,2610.832,2025-12-26
1612,35.1,1238.178,2025-12-26
1614,34.15,49.222,2025-12-26
1615,49.85,256.433,2025-12-26
1616,29.05,2235.732,2025-12-26
1617,14.65,431.346,2025-12-26
1618,43.65,1954.67,2025-12-26
1626,11.35,100.123,2025-12-26
1702,39.1,206.502,2025-12-26
1707,126.5,38.076,2025-12-26
1708,33.0,465.369,2025-12-26
1709,16.65,144.328,2025-12-26
1710,12.1,436.46,2025-12-26
1711,19.15,2282.593,2025-12-26
1712,44.1,327.086,2025-12-26
1713,44.35,103.738,2025-12-26
1714,8.21,1183.398,2025-12-26
1717,40.2,4167.968,2025-12-26
1718,6.89,3338.204,2025-12-26
1720,59.5,187.786,2025-12-26
1721,13.95,5409.262,2025-12-26
1722,47.2,1127.448,2025-12-26
1723,67.1,839.101,2025-12-26
1725,26.95,87.102,2025-12-26
1726,75.8,12.344,2025-12-26
1727,44.0,9121.626,2025-12-26
1730,53.0,20.401,2025-12-26
1731,21.8,29.18,2025-12-26
1732,28.35,132.615,2025-12-26
1733,30.85,121.892,2025-12-26
1734,30.4,88.38,2025-12-26
1735,19.2,891.074,2025-12-26
1736,145.0,216.024,2025-12-26
1737,31.7,63.493,2025-12-26
1752,37.45,23.336,2025-12-26
1760,63.1,78.983,2025-12-26
1762,24.65,46.608,2025-12-26
1773,137.5,139.672,2025-12-26
1776,15.7,34.139,2025-12-26
1783,42.35,29.352,2025-12-26
1786,73.4,477.228,2025-12-26
1789,17.15,226.813,2025-12-26
1795,278.5,948.332,2025-12-26
1802,35.1,65610.583,2025-12-26
1805,11.95,123.196,2025-12-26
1806,9.18,220.049,2025-12-26
1808,35.2,3338.456,2025-12-26
1809,17.45,218.092,2025-12-26
1810,17.45,821.229,2025-12-26
1817,38.4,6.88,2025-12-26
1903,55.0,140.201,2025-12-26
1904,17.3,761.134,2025-12-26
1905,11.6,877.522,2025-12-26
1906,11.9,37.202,2025-12-26
1907,25.55,626.698,2025-12-26
1909,10.0,1213.902,2025-12-26
2002,18.85,18595.368,2025-12-26
2002A,38.8,9.0,2025-12-26
2006,63.6,1965.486,2025-12-26
2007,7.3,119.021,2025-12-26
2008,28.7,38.955,2025-12-26
2009,49.5,36375.315,2025-12-26
2010,20.8,838.291,2025-12-26
2012,15.3,102.97,2025-12-26
2013,41.65,51.049,2025-12-26
2014,15.95,8172.716,2025-12-26
2015,61.0,433.594,2025-12-26
2017,8.51,406.146,2025-12-26
2020,23.65,225.193,2025-12-26
2022,8.14,250.117,2025-12-26
2023,14.8,1135.476,2025-12-26
2024,15.5,5.057,2025-12-26
2025,9.22,117.591,2025-12-26
2027,35.35,29005.837,2025-12-26
2028,17.05,70.149,2025-12-26
2029,21.05,93.486,2025-12-26
2030,14.0,443.258,2025-12-26
2031,37.65,225.904,2025-12-26
2032,14.6,398.358,2025-12-26
2033,15.7,296.846,2025-12-26
2034,20.9,2474.383,2025-12-26
2038,14.35,257.114,2025-12-26
2049,194.5,860.604,2025-12-26
2059,3690.0,289.157,2025-12-26
2062,20.95,209.268,2025-12-26
2069,18.0,248.144,2025-12-26
2101,37.8,694.322,2025-12-26
2102,19.65,279.164,2025-12-26
2103,15.5,670.088,2025-12-26
2104,11.3,1586.625,2025-12-26
2105,29.6,4790.33,2025-12-26
2106,19.9,366.671,2025-12-26
2107,24.5,89.545,2025-12-26
2108,22.8,191.206,2025-12-26
2109,15.0,124.089,2025-12-26
2114,89.8,3.153,2025-12-26
2115,24.45,103.432,2025-12-26
2201,34.15,4208.064,2025-12-26
2204,60.1,707.835,2025-12-26
2206,60.3,789.022,2025-12-26
2207,561.0,461.416,2025-12-26
2208,20.05,1981.655,2025-12-26
2211,103.0,5081.678,2025-12-26
2227,55.3,21.079,2025-12-26
2228,108.5,1213.886,2025-12-26
2231,94.0,309.017,2025-12-26
2233,209.5,1139.849,2025-12-26
2236,116.5,505.657,2025-12-26
2239,35.2,71.178,2025-12-26
2241,36.8,304.341,2025-12-26
2243,11.8,148.562,2025-12-26
2247,281.5,120.792,2025-12-26
2248,48.75,3.0,2025-12-26
2250,73.1,79.335,2025-12-26
2254,59.4,56.0,2025-12-26
2258,43.4,3976.153,2025-12-26
2301,162.5,16606.801,2025-12-26
2302,17.4,257.354,2025-12-26
2303,49.95,40876.819,2025-12-26
2305,11.05,335.821,2025-12-26
2308,956.0,3406.52,2025-12-26
2312,22.65,11291.94,2025-12-26
2313,98.8,42729.888,2025-12-26
2314,22.5,94.992,2025-12-26
2316,103.0,1964.347,2025-12-26
2317,225.5,28935.431,2025-12-26
2321,16.4,9.898,2025-12-26
2323,10.5,4225.899,2025-12-26
2324,30.0,15634.578,2025-12-26
2327,224.0,7964.147,2025-12-26
2328,48.2,6134.436,2025-12-26
2329,56.6,38347.803,2025-12-26
2330,1510.0,20806.344,2025-12-26
2331,22.85,3926.236,2025-12-26
2332,15.25,4020.52,2025-12-26
2337,39.2,92195.322,2025-12-26
2338,36.0,936.009,2025-12-26
2340,26.65,1232.881,2025-12-26
2342,29.1,891.434,2025-12-26
2344,76.5,274963.547,2025-12-26
2345,1215.0,2702.035,2025-12-26
2347,57.6,10935.935,2025-12-26
2348,83.5,257.188,2025-12-26
2348A,0.0,0.246,2025-12-26
2349,15.0,4757.282,2025-12-26
2351,75.3,489.635,2025-12-26
2352,23.8,5635.385,2025-12-26
2353,25.2,13179.741,2025-12-26
2354,61.3,2532.05,2025-12-26
2355,31.9,998.379,2025-12-26
2356,42.5,10514.784,2025-12-26
2357,551.0,8521.76,2025-12-26
2359,126.5,657.06,2025-12-26
2360,789.0,2549.833,2025-12-26
2362,39.4,957.831,2025-12-26
2363,47.25,1560.606,2025-12-26
2364,67.2,175.334,2025-12-26
2365,35.1,1237.761,2025-12-26
2367,28.35,17520.136,2025-12-26
2368,697.0,10017.525,2025-12-26
2369,23.4,23182.473,2025-12-26
2371,31.9,19893.454,2025-12-26
2373,56.2,21.103,2025-12-26
2374,75.8,2618.661,2025-12-26
2375,89.7,1131.542,2025-12-26
2376,233.5,1724.316,2025-12-26
2377,96.2,8684.03,2025-12-26
2379,485.5,1557.219,2025-12-26
2380,4.95,92.077,2025-12-26
2382,263.0,16607.988,2025-12-26
2383,1640.0,1801.627,2025-12-26
2385,115.0,4985.713,2025-12-26
2387,39.05,318.303,2025-12-26
2388,53.3,3635.227,2025-12-26
2390,9.88,189.206,2025-12-26
2392,37.15,2042.851,2025-12-26
2393,53.7,12164.593,2025-12-26
2395,284.5,648.611,2025-12-26
2397,61.0,129.783,2025-12-26
2399,26.35,15713.697,2025-12-26
2401,20.05,1238.361,2025-12-26
2402,63.8,17886.445,2025-12-26
2404,941.0,2293.866,2025-12-26
2405,18.1,1199.551,2025-12-26
2406,27.3,17150.301,2025-12-26
2408,189.0,78418.819,2025-12-26
2409,11.4,36099.09,2025-12-26
2412,131.5,2608.396,2025-12-26
2413,42.55,23476.631,2025-12-26
2414,41.1,53.159,2025-12-26
2415,25.55,96.469,2025-12-26
2417,38.9,3157.578,2025-12-26
2419,24.7,1088.044,2025-12-26
2420,50.1,121.819,2025-12-26
2421,161.0,4856.409,2025-12-26
2423,56.4,138.078,2025-12-26
2424,37.0,85.264,2025-12-26
2425,30.3,165.375,2025-12-26
2426,17.05,312.631,2025-12-26
2427,26.8,453.326,2025-12-26
2428,171.5,388.42,2025-12-26
2429,77.2,496.856,2025-12-26
2430,22.8,87.21,2025-12-26
2431,11.55,281.773,2025-12-26
2432,25.6,43.008,2025-12-26
2433,47.6,13.151,2025-12-26
2434,30.3,22.501,2025-12-26
2436,48.5,1058.919,2025-12-26
2438,21.4,32.606,2025-12-26
2439,97.8,4576.783,2025-12-26
2440,14.8,499.477,2025-12-26
2441,88.9,14391.662,2025-12-26
2442,26.5,346.229,2025-12-26
2444,11.65,158.507,2025-12-26
2449,223.0,11160.586,2025-12-26
2450,28.95,61.281,2025-12-26
2451,179.0,8947.835,2025-12-26
2453,52.6,236.727,2025-12-26
2454,1385.0,3219.06,2025-12-26
2455,156.5,5974.083,2025-12-26
2457,29.35,2709.916,2025-12-26
2458,124.5,4223.852,2025-12-26
2459,65.1,22.344,2025-12-26
2460,20.9,661.556,2025-12-26
2461,14.8,216.726,2025-12-26
2462,22.7,48.317,2025-12-26
2464,62.0,1292.214,2025-12-26
2465,59.9,259.967,2025-12-26
2466,68.9,3900.507,2025-12-26
2467,237.0,2181.506,2025-12-26
2468,42.35,417.444,2025-12-26
2471,50.2,77.237,2025-12-26
2472,106.0,1415.813,2025-12-26
2474,209.5,5664.849,2025-12-26
2476,87.2,951.833,2025-12-26
2477,24.2,131.099,2025-12-26
2478,56.4,680.8,2025-12-26
2480,149.5,87.718,2025-12-26
2481,80.4,7752.511,2025-12-26
2482,17.6,85.679,2025-12-26
2483,18.5,33.247,2025-12-26
2484,20.35,429.51,2025-12-26
2485,28.2,27880.846,2025-12-26
2486,91.7,2338.004,2025-12-26
2488,45.9,152.408,2025-12-26
2489,14.6,1968.282,2025-12-26
2491,21.15,1424.158,2025-12-26
2492,116.5,2919.1,2025-12-26
2493,112.5,3827.874,2025-12-26
2495,31.75,13729.799,2025-12-26
2496,68.5,37.378,2025-12-26
2497,49.95,1056.519,2025-12-26
2498,49.3,7238.561,2025-12-26
2501,23.9,1883.911,2025-12-26
2504,37.6,10919.712,2025-12-26
2505,19.75,124.54,2025-12-26
2506,9.38,125.723,2025-12-26
2509,15.65,242.966,2025-12-26
2511,8.23,816.184,2025-12-26
2514,14.9,33.579,2025-12-26
2515,13.5,8831.939,2025-12-26
2516,14.95,112.273,2025-12-26
2520,35.6,11314.734,2025-12-26
2524,43.55,92.57,2025-12-26
2527,29.1,216.0,2025-12-26
2528,30.65,1113.038,2025-12-26
2530,28.5,979.484,2025-12-26
2534,20.8,364.32,2025-12-26
2535,63.0,1025.05,2025-12-26
2536,26.45,247.12,2025-12-26
2537,12.4,3001.268,2025-12-26
2538,11.35,158.034,2025-12-26
2539,48.65,380.917,2025-12-26
2540,52.7,1148.737,2025-12-26
2542,40.05,3766.915,2025-12-26
2543,62.0,817.21,2025-12-26
2545,39.85,298.054,2025-12-26
2546,89.0,125.216,2025-12-26
2547,11.05,3482.174,2025-12-26
2548,120.5,1660.037,2025-12-26
2597,168.0,197.263,2025-12-26
2601,5.47,1498.318,2025-12-26
2603,191.0,14515.54,2025-12-26
2605,26.3,4417.559,2025-12-26
2606,62.0,6630.083,2025-12-26
2607,58.8,1970.924,2025-12-26
2608,33.25,51.344,2025-12-26
2609,56.1,24393.607,2025-12-26
2610,20.05,25191.568,2025-12-26
2611,14.8,206.502,2025-12-26
2612,59.8,891.137,2025-12-26
2613,23.45,402.792,2025-12-26
2614,23.3,3052.443,2025-12-26
2615,79.8,6551.229,2025-12-26
2616,13.6,125.132,2025-12-26
2617,30.5,374.691,2025-12-26
2618,36.45,15289.387,2025-12-26
2630,53.4,2249.04,2025-12-26
2633,27.9,1828.593,2025-12-26
2634,50.6,3690.678,2025-12-26
2636,66.6,191.798,2025-12-26
2637,69.3,2939.443,2025-12-26
2642,26.15,43.734,2025-12-26
2645,147.5,5043.902,2025-12-26
2646,24.05,5605.89,2025-12-26
2701,11.05,14.736,2025-12-26
2702,11.9,22.381,2025-12-26
2704,43.35,29.376,2025-12-26
2705,16.6,88.188,2025-12-26
2706,12.9,39.471,2025-12-26
2707,189.5,32.801,2025-12-26
2712,18.15,9.25,2025-12-26
2722,26.2,39.779,2025-12-26
2723,70.4,224.334,2025-12-26
2727,218.0,245.656,2025-12-26
2731,166.0,393.861,2025-12-26
2739,35.5,31.781,2025-12-26
2748,43.15,65.067,2025-12-26
2753,190.0,228.775,2025-12-26
2762,76.6,18.197,2025-12-26
2801,20.7,10735.822,2025-12-26
2812,21.0,9701.994,2025-12-26
2816,29.4,114.19,2025-12-26
2820,16.9,525.34,2025-12-26
2832,50.2,146.288,2025-12-26
2834,16.05,13991.763,2025-12-26
2836,12.3,1278.44,2025-12-26
2836A,23.9,1.001,2025-12-26
2838,19.55,2419.85,2025-12-26
2838A,54.5,25.029,2025-12-26
2845,12.9,2752.612,2025-12-26
2849,13.45,11.927,2025-12-26
2850,116.0,272.987,2025-12-26
2851,26.2,697.486,2025-12-26
2852,27.85,361.745,2025-12-26
2855,23.9,2426.843,2025-12-26
2867,8.04,42197.511,2025-12-26
2880,32.35,53905.017,2025-12-26
2881,97.0,13026.945,2025-12-26
2881A,63.3,25.05,2025-12-26
2881B,61.7,24.433,2025-12-26
2881C,53.5,13.515,2025-12-26
2882,74.8,34944.074,2025-12-26
2882A,60.7,58.231,2025-12-26
2882B,60.0,35.497,2025-12-26
2883,17.35,32543.421,2025-12-26
2883B,7.88,743.654,2025-12-26
2884,34.15,91774.406,2025-12-26
2885,40.0,23638.347,2025-12-26
2886,40.6,14331.078,2025-12-26
2887,20.6,272058.869,2025-12-26
2887E,49.95,16.478,2025-12-26
2887F,46.45,19.533,2025-12-26
2887G,39.65,68.425,2025-12-26
2887H,39.2,70.32,2025-12-26
2887I,9.32,5588.242,2025-12-26
2887Z1,16.6,121.53,2025-12-26
2889,16.2,2723.67,2025-12-26
2890,28.95,20168.935,2025-12-26
2891,49.8,50917.33,2025-12-26
2891B,63.8,3.418,2025-12-26
2891C,0.0,0.15,2025-12-26
2892,29.5,68769.012,2025-12-26
2897,9.16,1861.365,2025-12-26
2897B,11.85,45.0,2025-12-26
2901,24.85,2.408,2025-12-26
2903,22.25,6041.189,2025-12-26
2904,17.1,27.156,2025-12-26
2905,15.9,833.192,2025-12-26
2906,12.85,82.416,2025-12-26
2908,20.3,251.573,2025-12-26
2910,20.95,7.107,2025-12-26
2911,4.67,18.395,2025-12-26
2912,223.0,2134.795,2025-12-26
2913,13.5,1001.799,2025-12-26
2915,55.7,1337.578,2025-12-26
2923,20.2,4.306,2025-12-26
2929,7.95,148.161,2025-12-26
2939,23.2,14.007,2025-12-26
2945,38.0,8.118,2025-12-26
3002,27.9,4668.058,2025-12-26
3003,48.2,98.734,2025-12-26
3004,102.5,237.716,2025-12-26
3005,116.5,2628.989,2025-12-26
3006,105.0,57458.055,2025-12-26
3008,2385.0,2122.196,2025-12-26
3010,111.0,1400.837,2025-12-26
3011,15.25,2134.203,2025-12-26
3013,129.0,1890.549,2025-12-26
3014,115.0,533.986,2025-12-26
3015,52.5,268.744,2025-12-26
3016,52.2,1273.308,2025-12-26
3017,1520.0,2493.37,2025-12-26
3018,11.75,69.058,2025-12-26
3019,138.5,1523.048,2025-12-26
3021,17.55,65.066,2025-12-26
3022,64.0,653.788,2025-12-26
3023,197.0,662.438,2025-12-26
3024,11.45,670.65,2025-12-26
3025,66.9,1997.64,2025-12-26
3026,100.5,518.288,2025-12-26
3027,22.9,614.847,2025-12-26
3028,37.95,932.571,2025-12-26
3029,110.5,785.34,2025-12-26
3030,199.0,6717.91,2025-12-26
3031,19.7,170.455,2025-12-26
3032,77.4,368.487,2025-12-26
3033,30.4,1066.492,2025-12-26
3034,373.5,1334.862,2025-12-26
3035,165.0,1149.932,2025-12-26
3036,140.0,12730.459,2025-12-26
3036A,51.4,176.001,2025-12-26
3037,220.5,16204.155,2025-12-26
3038,23.5,462.665,2025-12-26
3040,56.7,55.534,2025-12-26
3041,24.65,489.703,2025-12-26
3042,81.3,1902.243,2025-12-26
3043,21.35,88.493,2025-12-26
3044,323.0,3783.687,2025-12-26
3045,111.5,37964.16,2025-12-26
3046,51.8,105.77,2025-12-26
3047,18.7,1060.451,2025-12-26
3048,41.6,7178.416,2025-12-26
3049,7.36,1030.192,2025-12-26
3050,13.6,912.341,2025-12-26
3051,18.25,316.061,2025-12-26
3052,12.25,1635.828,2025-12-26
3054,27.75,71.767,2025-12-26
3055,82.5,2694.401,2025-12-26
3056,18.3,1911.14,2025-12-26
3057,21.5,1637.192,2025-12-26
3058,10.5,640.161,2025-12-26
3059,40.6,1543.926,2025-12-26
3060,34.5,16759.079,2025-12-26
3062,23.7,1391.0,2025-12-26
3090,93.5,2902.407,2025-12-26
3092,20.0,1883.73,2025-12-26
3094,24.3,75.638,2025-12-26
3130,223.5,13.115,2025-12-26
3135,76.7,1973.851,2025-12-26
3138,110.0,774.147,2025-12-26
3149,32.55,1906.123,2025-12-26
3150,19.75,53.055,2025-12-26
3164,18.3,83.7,2025-12-26
3167,240.0,16584.522,2025-12-26
3168,42.3,7.092,2025-12-26
3189,153.0,23900.388,2025-12-26
3209,31.5,234.531,2025-12-26
3229,27.8,406.152,2025-12-26
3231,146.5,13976.922,2025-12-26
3257,69.6,756.623,2025-12-26
3266,14.15,15.003,2025-12-26
3296,25.1,70.282,2025-12-26
3305,109.0,5190.726,2025-12-26
3308,15.8,17.993,2025-12-26
3311,32.0,603.09,2025-12-26
3312,35.55,542.979,2025-12-26
3321,17.9,252.96,2025-12-26
3338,48.95,174.209,2025-12-26
3346,19.1,175.06,2025-12-26
3356,46.45,188.217,2025-12-26
3376,202.0,1459.366,2025-12-26
3380,32.3,2318.86,2025-12-26
3406,430.5,1769.381,2025-12-26
3413,283.5,1420.957,2025-12-26
3416,150.5,188.836,2025-12-26
3419,13.1,293.667,2025-12-26
3432,13.9,6.08,2025-12-26
3437,14.25,253.276,2025-12-26
3443,2115.0,3230.782,2025-12-26
3447,52.5,1188.645,2025-12-26
3450,273.0,21486.956,2025-12-26
3454,98.8,292.127,2025-12-26
3481,13.5,106335.212,2025-12-26
3494,8.88,747.848,2025-12-26
3501,48.75,59.775,2025-12-26
3504,51.8,135.916,2025-12-26
3515,251.5,423.037,2025-12-26
3518,21.05,71.401,2025-12-26
3528,67.0,112.226,2025-12-26
3530,70.5,179.996,2025-12-26
3532,93.7,958.431,2025-12-26
3533,1290.0,243.099,2025-12-26
3535,91.3,3359.44,2025-12-26
3543,45.1,4225.194,2025-12-26
3545,51.1,552.694,2025-12-26
3550,14.4,606.503,2025-12-26
3557,34.9,65.188,2025-12-26
3563,500.0,1570.198,2025-12-26
3576,9.41,23929.142,2025-12-26
3583,327.0,239.181,2025-12-26
3588,48.45,141.467,2025-12-26
3591,18.5,265.81,2025-12-26
3592,225.5,1809.307,2025-12-26
3593,11.6,43.022,2025-12-26
3596,178.0,344.027,2025-12-26
3605,59.5,1638.961,2025-12-26
3607,14.9,1778.074,2025-12-26
3617,207.5,456.972,2025-12-26
3622,63.6,350.004,2025-12-26
3645,52.7,784.817,2025-12-26
3652,28.55,64.171,2025-12-26
3653,2740.0,1287.081,2025-12-26
3661,3215.0,928.96,2025-12-26
3665,1545.0,1926.23,2025-12-26
3669,32.1,798.991,2025-12-26
3673,41.3,1700.808,2025-12-26
3679,114.0,26.727,2025-12-26
3686,18.8,360.441,2025-12-26
3694,61.1,1215.986,2025-12-26
3701,52.3,34046.401,2025-12-26
3702,57.2,20276.891,2025-12-26
3703,23.1,380.847,2025-12-26
3704,32.7,1261.97,2025-12-26
3705,56.9,158.374,2025-12-26
3706,82.6,7212.9,2025-12-26
3708,114.5,1011.931,2025-12-26
3711,240.5,17100.843,2025-12-26
3712,25.25,766.043,2025-12-26
3714,32.85,958.632,2025-12-26
3715,123.5,39666.604,2025-12-26
3716,33.45,87.984,2025-12-26
3717,17.25,505.436,2025-12-26
4104,82.1,123.795,2025-12-26
4106,22.0,16.316,2025-12-26
4108,13.45,160.514,2025-12-26
4119,48.95,45.033,2025-12-26
4133,22.9,17.908,2025-12-26
4137,100.0,73.633,2025-12-26
4142,19.3,590.839,2025-12-26
4148,38.1,17.429,2025-12-26
4155,14.55,236.005,2025-12-26
4164,38.4,251.336,2025-12-26
4190,29.95,23.151,2025-12-26
4306,14.25,388.076,2025-12-26
4414,11.65,469.105,2025-12-26
4426,9.75,73.038,2025-12-26
4438,76.7,34.168,2025-12-26
4439,102.0,6.042,2025-12-26
4440,17.55,68.0,2025-12-26
4441,240.0,65.682,2025-12-26
4526,30.65,3528.813,2025-12-26
4532,24.45,334.261,2025-12-26
4536,160.0,194.721,2025-12-26
4540,34.9,277.163,2025-12-26
4545,40.25,776.136,2025-12-26
4551,114.5,56.786,2025-12-26
4552,24.1,41.336,2025-12-26
4555,38.6,91.937,2025-12-26
4557,78.7,392.663,2025-12-26
4560,33.0,181.0,2025-12-26
4562,35.95,171.149,2025-12-26
4564,17.5,625.115,2025-12-26
4566,58.4,639.236,2025-12-26
4569,149.5,12.863,2025-12-26
4571,163.0,129.955,2025-12-26
4572,154.0,96.799,2025-12-26
4576,104.5,219.944,2025-12-26
4581,51.2,9.07,2025-12-26
4583,654.0,170.083,2025-12-26
4585,332.0,156.477,2025-12-26
4588,62.1,23.265,2025-12-26
4720,15.2,275.729,2025-12-26
4722,185.0,3413.54,2025-12-26
4736,121.0,78.503,2025-12-26
4737,60.5,200.594,2025-12-26
4739,67.6,933.211,2025-12-26
4746,60.6,333.345,2025-12-26
4755,109.0,74.282,2025-12-26
4763,55.0,6425.305,2025-12-26
4764,117.5,2274.683,2025-12-26
4766,313.5,391.419,2025-12-26
4770,233.5,173.659,2025-12-26
4771,174.0,25.061,2025-12-26
4807,18.35,26.194,2025-12-26
4904,88.6,5281.792,2025-12-26
4906,28.05,1971.14,2025-12-26
4912,81.9,122.07,2025-12-26
4915,76.1,2705.117,2025-12-26
4916,59.2,5320.439,2025-12-26
4919,51.9,1298.521,2025-12-26
4927,35.25,20966.566,2025-12-26
4930,22.05,33.524,2025-12-26
4934,14.2,707.589,2025-12-26
4935,40.85,38.142,2025-12-26
4938,68.7,11502.536,2025-12-26
4942,39.25,146.257,2025-12-26
4943,12.4,11.548,2025-12-26
4949,39.0,649.567,2025-12-26
4952,35.0,154.173,2025-12-26
4956,22.35,1437.044,2025-12-26
4958,144.5,10926.165,2025-12-26
4960,13.25,553.114,2025-12-26
4961,142.5,1265.634,2025-12-26
4967,159.5,16416.995,2025-12-26
4968,128.0,399.701,2025-12-26
4976,29.55,1014.513,2025-12-26
4977,145.5,10381.654,2025-12-26
4989,47.8,59873.969,2025-12-26
4994,96.2,12.337,2025-12-26
4999,23.3,42.965,2025-12-26
5007,55.8,31.828,2025-12-26
5203,88.5,155.238,2025-12-26
5215,35.05,70.502,2025-12-26
5222,135.0,280.385,2025-12-26
5225,100.0,128.681,2025-12-26
5234,337.0,257.172,2025-12-26
5243,79.6,1982.225,2025-12-26
5244,39.75,127.328,2025-12-26
5258,69.4,281.889,2025-12-26
5269,1160.0,543.325,2025-12-26
5283,61.2,124.206,2025-12-26
5284,287.0,663.242,2025-12-26
5285,48.9,128.141,2025-12-26
5288,130.0,57.466,2025-12-26
5292,151.5,369.153,2025-12-26
5306,87.7,63.853,2025-12-26
5388,80.1,1921.775,2025-12-26
5434,292.0,642.6,2025-12-26
5469,96.3,3635.803,2025-12-26
5471,32.9,112.721,2025-12-26
5484,39.0,181.575,2025-12-26
5515,35.05,650.457,2025-12-26
5519,33.95,913.121,2025-12-26
5521,25.3,6296.584,2025-12-26
5522,80.8,3539.336,2025-12-26
5525,28.25,78.284,2025-12-26
5531,9.12,248.716,2025-12-26
5533,14.8,300.496,2025-12-26
5534,86.7,857.527,2025-12-26
5538,29.7,30.0,2025-12-26
5546,22.25,24.202,2025-12-26
5607,48.9,163.308,2025-12-26
5608,17.7,1058.554,2025-12-26
5706,50.4,56.084,2025-12-26
5871,111.5,12375.53,2025-12-26
5871A,101.0,111.149,2025-12-26
5876,40.6,2997.408,2025-12-26
5880,24.5,5765.519,2025-12-26
5906,0.0,0.0,2025-12-26
5907,5.59,19194.959,2025-12-26
6005,24.05,13262.602,2025-12-26
6024,51.4,202.07,2025-12-26
6108,14.45,322.347,2025-12-26
6112,46.5,250.241,2025-12-26
6115,47.4,43.823,2025-12-26
6116,7.31,6313.98,2025-12-26
6117,82.6,370.32,2025-12-26
6120,12.65,1699.895,2025-12-26
6128,22.8,48.665,2025-12-26
6133,21.75,2372.757,2025-12-26
6136,24.55,154.759,2025-12-26
6139,589.0,6537.398,2025-12-26
6141,10.85,246.626,2025-12-26
6142,9.25,399.62,2025-12-26
6152,11.35,1752.237,2025-12-26
6153,15.65,2366.268,2025-12-26
6155,44.2,2974.288,2025-12-26
6164,12.7,1601.649,2025-12-26
6165,47.6,402.497,2025-12-26
6166,64.7,249.139,2025-12-26
6168,19.9,588.945,2025-12-26
6176,128.5,4059.845,2025-12-26
6177,53.3,3281.759,2025-12-26
6183,95.4,25.486,2025-12-26
6184,48.2,37.915,2025-12-26
6189,44.9,606.345,2025-12-26
6191,116.0,3366.496,2025-12-26
6192,107.0,99.547,2025-12-26
6196,274.5,2302.881,2025-12-26
6197,138.5,1005.039,2025-12-26
6201,56.5,2.104,2025-12-26
6202,37.15,478.608,2025-12-26
6205,48.4,399.823,2025-12-26
6206,90.9,1472.959,2025-12-26
6209,67.8,13707.879,2025-12-26
6213,115.5,5197.318,2025-12-26
6214,123.0,851.997,2025-12-26
6215,103.0,477.046,2025-12-26
6216,26.65,72.628,2025-12-26
6224,41.85,83.534,2025-12-26
6225,18.2,11.224,2025-12-26
6226,7.67,180.555,2025-12-26
6230,117.5,19.081,2025-12-26
6235,65.0,1868.993,2025-12-26
6239,175.0,33706.193,2025-12-26
6243,38.5,1060.134,2025-12-26
6257,109.5,29410.974,2025-12-26
6269,60.8,3325.118,2025-12-26
6271,133.5,3859.963,2025-12-26
6272,48.8,1958.221,2025-12-26
6277,61.3,42.162,2025-12-26
6278,92.9,1915.001,2025-12-26
6281,62.6,58.149,2025-12-26
6282,40.7,10168.286,2025-12-26
6283,25.4,142.609,2025-12-26
6285,101.0,2149.119,2025-12-26
6405,28.4,1302.87,2025-12-26
6409,938.0,528.831,2025-12-26
6412,92.8,1695.819,2025-12-26
6414,293.0,1046.413,2025-12-26
6415,192.0,900.531,2025-12-26
6416,85.6,168.272,2025-12-26
6423,86.4,124.769,2025-12-26
6426,105.5,4066.176,2025-12-26
6431,27.85,2284.77,2025-12-26
6438,138.0,329.085,2025-12-26
6442,1315.0,3183.791,2025-12-26
6443,29.1,22574.925,2025-12-26
6446,489.0,838.569,2025-12-26
6449,162.5,304.487,2025-12-26
6451,164.5,1324.891,2025-12-26
6456,42.5,959.557,2025-12-26
6464,0.0,0.006,2025-12-26
6472,497.5,733.627,2025-12-26
6477,36.9,1304.817,2025-12-26
6491,282.0,113.733,2025-12-26
6504,41.55,14.427,2025-12-26
6505,48.7,1316.127,2025-12-26
6515,2895.0,1349.739,2025-12-26
6525,74.7,109.203,2025-12-26
6526,428.0,226.199,2025-12-26
6531,412.0,7382.313,2025-12-26
6533,237.0,425.938,2025-12-26
6534,89.1,91.29,2025-12-26
6541,58.0,735.882,2025-12-26
6550,30.15,495.986,2025-12-26
6552,25.05,42.07,2025-12-26
6558,38.2,628.499,2025-12-26
6573,15.15,219.396,2025-12-26
6579,106.0,45.382,2025-12-26
6581,104.5,8.078,2025-12-26
6582,33.5,20.266,2025-12-26
6585,87.3,88.178,2025-12-26
6589,62.4,374.764,2025-12-26
6591,77.7,216.177,2025-12-26
6592,61.3,206.655,2025-12-26
6592A,0.0,0.231,2025-12-26
6592B,97.4,2.49,2025-12-26
6598,22.05,90.659,2025-12-26
6605,141.5,1087.576,2025-12-26
6606,25.15,18.208,2025-12-26
6614,48.8,78.175,2025-12-26
6625,80.8,66.779,2025-12-26
6641,19.1,21.0,2025-12-26
6645,18.35,21.647,2025-12-26
6655,117.5,8.1,2025-12-26
6657,41.95,264.016,2025-12-26
6658,54.8,1120.03,2025-12-26
6666,44.95,6.07,2025-12-26
6668,38.45,144.99,2025-12-26
6669,4300.0,555.112,2025-12-26
6670,258.0,901.645,2025-12-26
6671,35.7,5.064,2025-12-26
6672,93.6,658.996,2025-12-26
6674,20.35,67.1,2025-12-26
6689,61.3,122.14,2025-12-26
6691,565.0,746.204,2025-12-26
6695,45.25,298.277,2025-12-26
6698,28.5,119.739,2025-12-26
6706,134.0,14319.007,2025-12-26
6715,102.0,69.436,2025-12-26
6719,195.0,99.841,2025-12-26
6742,46.9,104.026,2025-12-26
6743,27.9,48.177,2025-12-26
6753,140.0,1581.905,2025-12-26
6754,48.3,6.113,2025-12-26
6756,81.9,61.381,2025-12-26
6757,65.6,827.801,2025-12-26
6768,110.5,227.203,2025-12-26
6770,40.05,314496.918,2025-12-26
6771,45.35,5.418,2025-12-26
6776,48.95,49.748,2025-12-26
6781,1350.0,2155.585,2025-12-26
6782,173.5,86.129,2025-12-26
6789,276.0,1095.384,2025-12-26
6790,38.6,52.637,2025-12-26
6792,50.0,16.547,2025-12-26
6794,88.8,163.505,2025-12-26
6796,104.5,271.284,2025-12-26
6799,81.9,273.672,2025-12-26
6805,1605.0,1349.29,2025-12-26
6806,39.6,1738.961,2025-12-26
6807,0.0,0.0,2025-12-26
6830,175.0,485.221,2025-12-26
6831,283.0,2238.773,2025-12-26
6834,28.7,145.441,2025-12-26
6835,38.5,112.021,2025-12-26
6838,26.35,106.89,2025-12-26
6854,129.5,148.207,2025-12-26
6861,57.7,55.785,2025-12-26
6862,154.5,160.197,2025-12-26
6863,115.5,42.577,2025-12-26
6869,95.3,1430.282,2025-12-26
6873,111.0,1358.266,2025-12-26
6885,29.8,268.208,2025-12-26
6887,61.2,8.054,2025-12-26
6890,255.0,702.382,2025-12-26
6901,16.2,598.857,2025-12-26
6902,76.3,18.109,2025-12-26
6906,82.5,18.724,2025-12-26
6909,39.65,125.695,2025-12-26
6914,144.5,16.014,2025-12-26
6916,18.35,132.409,2025-12-26
6918,86.8,38.471,2025-12-26
6919,161.5,5392.419,2025-12-26
6921,81.0,303.771,2025-12-26
6923,97.9,337.837,2025-12-26
6924,70.1,52.093,2025-12-26
6928,52.0,158.417,2025-12-26
6931,62.0,117.543,2025-12-26
6933,150.5,45.717,2025-12-26
6936,36.0,21.307,2025-12-26
6937,218.5,124.98,2025-12-26
6944,710.0,1051.429,2025-12-26
6949,359.0,106.428,2025-12-26
6951,72.0,166.882,2025-12-26
6952,43.0,15.0,2025-12-26
6955,151.0,6.334,2025-12-26
6957,196.5,176.439,2025-12-26
6958,16.1,30.847,2025-12-26
6962,39.4,1437.917,2025-12-26
6965,83.3,80.402,2025-12-26
6969,29.35,20.161,2025-12-26
6988,12.95,3.0,2025-12-26
6994,92.3,130.55,2025-12-26
7610,131.5,1326.673,2025-12-26
7631,128.0,13.163,2025-12-26
7705,40.0,70.017,2025-12-26
7711,257.5,272.718,2025-12-26
7721,50.0,86.285,2025-12-26
7722,557.0,16.754,2025-12-26
7730,95.4,48.071,2025-12-26
7732,40.9,48.014,2025-12-26
7736,89.5,7.001,2025-12-26
7740,151.0,165.033,2025-12-26
7749,420.0,219.895,2025-12-26
7750,871.0,175.112,2025-12-26
7765,273.5,46.148,2025-12-26
7769,3390.0,970.449,2025-12-26
7780,167.0,125.042,2025-12-26
7786,157.0,158.38,2025-12-26
7788,133.5,277.532,2025-12-26
7791,72.2,90.443,2025-12-26
7799,462.5,935.663,2025-12-26
8011,22.9,613.352,2025-12-26
8016,178.5,545.339,2025-12-26
8021,168.5,33000.437,2025-12-26
8028,172.5,5262.163,2025-12-26
8033,146.0,4715.168,2025-12-26
8039,92.3,11164.686,2025-12-26
8045,76.4,100.292,2025-12-26
8046,246.5,7270.554,2025-12-26
8070,41.3,5782.884,2025-12-26
8072,29.85,122.382,2025-12-26
8081,210.0,223.007,2025-12-26
8101,16.5,14.177,2025-12-26
8103,86.7,1996.0,2025-12-26
8104,32.1,286.715,2025-12-26
8105,11.4,657.943,2025-12-26
8110,55.2,4489.934,2025-12-26
8112,75.3,31458.704,2025-12-26
8112A,44.15,8.176,2025-12-26
8114,171.5,217.575,2025-12-26
8131,57.2,20696.934,2025-12-26
8150,48.0,49373.834,2025-12-26
8162,35.4,218.711,2025-12-26
8163,30.5,550.796,2025-12-26
8201,13.75,45.708,2025-12-26
8210,973.0,1282.105,2025-12-26
8213,32.65,462.608,2025-12-26
8215,19.05,397.221,2025-12-26
8222,40.7,194.663,2025-12-26
8249,50.7,372.625,2025-12-26
8261,91.2,637.833,2025-12-26
8271,100.5,7542.112,2025-12-26
8341,78.1,93.623,2025-12-26
8367,43.7,57.69,2025-12-26
8374,80.0,143.324,2025-12-26
8404,23.9,466.008,2025-12-26
8411,12.2,239.95,2025-12-26
8422,26.65,64045.354,2025-12-26
8429,7.75,112.855,2025-12-26
8438,31.5,508.664,2025-12-26
8442,69.2,33.084,2025-12-26
8443,11.15,967.793,2025-12-26
8454,207.5,687.962,2025-12-26
8462,148.0,108.241,2025-12-26
8463,27.25,22.023,2025-12-26
8464,366.5,537.706,2025-12-26
8466,21.7,48.171,2025-12-26
8467,163.0,379.098,2025-12-26
8473,36.65,385.767,2025-12-26
8476,18.25,79.279,2025-12-26
8478,196.0,529.219,2025-12-26
8481,40.85,13.228,2025-12-26
8482,50.2,4.0,2025-12-26
8487,78.2,3.244,2025-12-26
8488,0.0,0.0,2025-12-26
8499,398.0,257.651,2025-12-26
8926,41.0,554.932,2025-12-26
8940,20.1,24.777,2025-12-26
8996,558.0,4248.153,2025-12-26
9103,4.57,148.789,2025-12-26
910322,24.4,3.787,2025-12-26
9105,5.78,7007.554,2025-12-26
910861,5.29,21.0,2025-12-26
9110,3.2,25.0,2025-12-26
911608,2.72,38.0,2025-12-26
911622,3.96,13.003,2025-12-26
911868,1.34,160.407,2025-12-26
912000,2.77,907.0,2025-12-26
9136,7.49,249.0,2025-12-26
9802,102.5,972.655,2025-12-26
9902,17.25,258.713,2025-12-26
9904,30.3,4957.152,2025-12-26
9905,19.9,71.732,2025-12-26
9906,53.4,89.799,2025-12-26
9907,18.2,10036.011,2025-12-26
9908,29.9,97.104,2025-12-26
9910,111.0,877.745,2025-12-26
9911,83.5,141.254,2025-12-26
9912,12.35,98.52,2025-12-26
9914,82.4,1411.671,2025-12-26
9917,106.5,657.116,2025-12-26
9918,39.7,4.248,2025-12-26
9919,16.55,186.757,2025-12-26
9921,93.0,694.591,2025-12-26
9924,52.9,60.162,2025-12-26
9925,40.75,120.165,2025-12-26
9926,49.5,23.045,2025-12-26
9927,68.3,26.405,2025-12-26
9928,20.2,169.0,2025-12-26
9929,10.8,4.0,2025-12-26
9930,70.1,52.67,2025-12-26
9931,34.0,2.374,2025-12-26
9933,31.85,1729.75,2025-12-26
9934,10.1,204.753,2025-12-26
9935,20.35,159.777,2025-12-26
9937,56.7,68.574,2025-12-26
9938,50.9,1481.564,2025-12-26
9939,119.0,604.54,2025-12-26
9940,22.85,370.259,2025-12-26
9941,90.1,1561.383,2025-12-26
9941A,50.3,1.127,2025-12-26
9942,106.5,46.584,2025-12-26
9943,60.6,59.608,2025-12-26
9944,17.0,12.178,2025-12-26
9945,30.6,3356.469,2025-12-26
9946,19.1,136.49,2025-12-26
9955,31.55,1137.237,2025-12-26
9958,138.5,572.756,2025-12-26
0備註:,0.0,0.0,2025-12-26
漲跌(+/-)欄位符號說明:+/-/X表示漲/跌/不比價。,0.0,0.0,2025-12-26
當證券代號為認購(售)權證及認股權憑證時本益比欄位置為結算價；但如為以外國證券或指數為標的之認購(售)權證及履約方式採歐式者，該欄位為空白。,0.0,0.0,2025-12-26
除境外指數股票型基金及外國股票第二上市外，餘交易單位皆為千股。,0.0,0.0,2025-12-26
本統計資訊含一般、零股、盤後定價、鉅額交易，不含拍賣、標購。,0.0,0.0,2025-12-26
=0050,63.85,64106.42,2025-12-24
=0051,90.6,28.129,2025-12-24
=0052,36.55,18713.629,2025-12-24
=0053,136.9,13.929,2025-12-24
=0055,32.11,136.115,2025-12-24
=0056,36.55,25209.782,2025-12-24
=0057,186.9,11.075,2025-12-24
=0061,23.08,111.414,2025-12-24
=006203,116.55,14.409,2025-12-24
=006204,143.85,6.055,2025-12-24
=006205,39.21,300.691,2025-12-24
=006206,36.76,46.853,2025-12-24
=006207,30.55,119.142,2025-12-24
=006208,146.3,2606.797,2025-12-24
=00625K,0.0,0.0,2025-12-24
=00631L,348.9,3485.576,2025-12-24
=00632R,16.79,17239.449,2025-12-24
=00633L,50.3,2833.831,2025-12-24
=00634R,3.21,77.0,2025-12-24
=00635U,48.26,6159.457,2025-12-24
=00636,26.99,460.047,2025-12-24
=00636K,8.61,0.2,2025-12-24
=00637L,20.67,41752.858,2025-12-24
=00638R,6.83,135.0,2025-12-24
=00639,15.18,470.933,2025-12-24
=00640L,77.2,123.098,2025-12-24
=00641R,4.58,1285.489,2025-12-24
=00642U,15.32,12664.617,2025-12-24
=00643,16.8,2479.649,2025-12-24
=00643K,0.0,0.0,2025-12-24
=00645,47.61,256.593,2025-12-24
=00646,68.1,3840.179,2025-12-24
=00647L,118.15,127.707,2025-12-24
=00648R,4.33,366.83,2025-12-24
=00650L,17.76,2863.85,2025-12-24
=00651R,5.29,687.0,2025-12-24
=00652,37.61,213.675,2025-12-24
=00653L,58.95,123.603,2025-12-24
=00654R,6.2,2.316,2025-12-24
=00655L,35.11,10027.114,2025-12-24
=00656R,6.05,467.0,2025-12-24
=00657,59.3,40.638,2025-12-24
=00657K,18.9,0.2,2025-12-24
=00660,41.81,6.02,2025-12-24
=00661,64.85,90.317,2025-12-24
=00662,103.1,5848.07,2025-12-24
=00663L,45.58,5619.263,2025-12-24
=00664R,2.72,5334.331,2025-12-24
=00665L,10.77,8628.98,2025-12-24
=00666R,8.89,113.0,2025-12-24
=00668,55.6,19.362,2025-12-24
=00668K,17.69,0.2,2025-12-24
=00669R,5.67,335.166,2025-12-24
=00670L,164.95,750.813,2025-12-24
=00671R,2.84,2736.155,2025-12-24
=00673R,28.1,7609.898,2025-12-24
=00674R,5.68,1353.105,2025-12-24
=00675L,138.5,2013.079,2025-12-24
=00676R,9.23,1290.599,2025-12-24
=00678,35.15,391.46,2025-12-24
=00680L,7.27,9704.857,2025-12-24
=00681R,20.75,10.0,2025-12-24
=00682U,0.0,0.049,2025-12-24
=00683L,20.51,213.798,2025-12-24
=00684R,15.72,19.0,2025-12-24
=00685L,124.15,761.358,2025-12-24
=00686R,1.65,1845.612,2025-12-24
=00688L,7.26,4972.315,2025-12-24
=00689R,21.59,5.0,2025-12-24
=00690,43.78,439.613,2025-12-24
=00692,56.2,593.043,2025-12-24
=00693U,20.38,1001.749,2025-12-24
=00700,18.18,98.685,2025-12-24
=00701,29.29,1454.98,2025-12-24
=00702,23.32,109.451,2025-12-24
=00703,21.63,18.955,2025-12-24
=00706L,20.76,1645.316,2025-12-24
=00707R,0.0,0.0,2025-12-24
=00708L,97.8,6526.741,2025-12-24
=00709,36.91,70.901,2025-12-24
=00710B,18.93,313.63,2025-12-24
=00711B,16.32,107.06,2025-12-24
=00712,9.14,14887.848,2025-12-24
=00713,50.65,4022.834,2025-12-24
=00714,19.9,220.159,2025-12-24
=00715L,20.14,57429.447,2025-12-24
=00717,15.05,126.069,2025-12-24
=00728,36.41,38.475,2025-12-24
=00730,23.2,129.147,2025-12-24
=00731,69.25,989.091,2025-12-24
=00733,45.57,590.168,2025-12-24
=00735,50.2,334.847,2025-12-24
=00736,27.9,105.301,2025-12-24
=00737,36.05,67.054,2025-12-24
=00738U,59.45,15478.771,2025-12-24
=00739,26.35,13.065,2025-12-24
=00752,25.94,1601.133,2025-12-24
=00753L,12.26,6300.177,2025-12-24
=00757,119.55,2854.442,2025-12-24
=00762,83.55,165.36,2025-12-24
=00763U,30.74,1724.462,2025-12-24
=00770,58.35,281.343,2025-12-24
=00771,16.0,17.002,2025-12-24
=00775B,0.0,0.973,2025-12-24
=00783,25.13,80.871,2025-12-24
=00830,58.1,11788.271,2025-12-24
=00850,54.2,426.074,2025-12-24
=00851,55.95,9.593,2025-12-24
=00852L,30.95,51.18,2025-12-24
=00861,54.9,161.585,2025-12-24
=00865B,47.14,2393.177,2025-12-24
=00875,39.01,133.938,2025-12-24
=00876,51.15,173.292,2025-12-24
=00878,21.6,31165.904,2025-12-24
=00881,31.95,5913.591,2025-12-24
=00882,15.27,7366.64,2025-12-24
=00885,17.98,18330.818,2025-12-24
=00891,19.32,4756.075,2025-12-24
=00892,21.32,489.116,2025-12-24
=00893,32.93,613.169,2025-12-24
=00894,26.84,1176.798,2025-12-24
=00895,39.42,444.406,2025-12-24
=00896,18.76,1062.26,2025-12-24
=00897,8.89,678.374,2025-12-24
=00898,7.99,321.186,2025-12-24
=00899,20.34,152.795,2025-12-24
=00900,13.67,8993.71,2025-12-24
=00901,24.37,367.583,2025-12-24
=00902,13.15,1308.74,2025-12-24
=00903,17.61,84.66,2025-12-24
=00904,22.36,756.02,2025-12-24
=00905,17.07,1124.632,2025-12-24
=00907,15.3,327.932,2025-12-24
=00908,13.73,47.069,2025-12-24
=00909,40.13,2672.349,2025-12-24
=00910,44.65,3252.126,2025-12-24
=00911,33.21,249.251,2025-12-24
=00912,21.27,268.568,2025-12-24
=00913,24.2,172.917,2025-12-24
=00915,23.05,4450.66,2025-12-24
=00916,27.51,94.494,2025-12-24
=00917,25.62,267.628,2025-12-24
=00918,22.46,10937.449,2025-12-24
=00919,22.5,63507.199,2025-12-24
=00920,18.29,157.413,2025-12-24
=00921,17.52,168.915,2025-12-24
=00922,25.32,6055.612,2025-12-24
=00923,25.44,1587.043,2025-12-24
=00924,29.39,1902.386,2025-12-24
=00926,23.35,968.053,2025-12-24
=00927,20.99,1508.405,2025-12-24
=00929,17.88,10853.355,2025-12-24
=00930,17.34,2002.423,2025-12-24
=00932,14.2,478.454,2025-12-24
=00934,20.45,1507.721,2025-12-24
=00935,29.43,1606.456,2025-12-24
=00936,15.98,3963.84,2025-12-24
=00938,17.27,303.858,2025-12-24
=00939,14.62,5322.732,2025-12-24
=00940,9.24,12628.921,2025-12-24
=00941,17.38,2086.529,2025-12-24
=00943,14.29,244.615,2025-12-24
=00944,14.41,221.106,2025-12-24
=00945B,14.5,3367.051,2025-12-24
=00946,9.61,3390.258,2025-12-24
=00947,18.08,2721.553,2025-12-24
=00949,18.34,884.586,2025-12-24
=00951,11.29,2720.148,2025-12-24
=00952,11.69,1200.486,2025-12-24
=00953B,9.73,43606.449,2025-12-24
=00954,12.11,1230.107,2025-12-24
=00956,11.43,185.996,2025-12-24
=00960,14.3,953.73,2025-12-24
=00961,9.39,2768.757,2025-12-24
=00962,10.59,384.72,2025-12-24
=00963,11.41,479.126,2025-12-24
=00964,11.47,1399.166,2025-12-24
=00965,22.95,3992.122,2025-12-24
=00971,16.19,723.612,2025-12-24
=00972,18.0,78.578,2025-12-24
=009800,11.19,1673.664,2025-12-24
=009801,11.28,1054.135,2025-12-24
=009802,11.09,5073.744,2025-12-24
=009803,12.65,1918.47,2025-12-24
=009804,14.4,468.187,2025-12-24
=009805,12.53,8556.155,2025-12-24
=009808,19.36,164.252,2025-12-24
=009809,10.45,1485.199,2025-12-24
=00980A,15.02,11904.81,2025-12-24
=009810,18.62,370.654,2025-12-24
=009811,11.83,3628.029,2025-12-24
=009812,10.68,979.248,2025-12-24
=009813,10.62,8335.051,2025-12-24
=00981A,16.5,106354.547,2025-12-24
=00981T,10.55,4752.069,2025-12-24
=00982A,14.1,37926.736,2025-12-24
=00982D,10.14,2597.791,2025-12-24
=00983A,12.22,3676.154,2025-12-24
=00983D,10.25,1138.081,2025-12-24
=00984A,10.91,2826.517,2025-12-24
=00985A,13.12,11842.349,2025-12-24
=00985B,10.31,7095.814,2025-12-24
=00986A,11.62,624.084,2025-12-24
=00988A,10.15,19660.012,2025-12-24
=00989A,15.32,2650.833,2025-12-24
=00990A,10.45,161502.875,2025-12-24
=00991A,10.22,107815.835,2025-12-24
=01001T,11.54,220.0,2025-12-24
=01002T,14.48,424.16,2025-12-24
=01004T,10.65,504.01,2025-12-24
=01007T,13.3,154.035,2025-12-24
=01009T,6.8,110.0,2025-12-24
=01010T,10.01,42.001,2025-12-24
=020000,17.04,6.0,2025-12-24
=020011,0.0,0.0,2025-12-24
=020012,0.0,0.0,2025-12-24
=02001L,46.76,16.0,2025-12-24
=02001R,0.89,10.0,2025-12-24
=020020,15.29,6.0,2025-12-24
=020028,12.75,5.0,2025-12-24
=020029,0.0,0.0,2025-12-24
=020030,8.8,39.0,2025-12-24
=020031,5.98,3.0,2025-12-24
=020032,7.82,1.0,2025-12-24
=020034,7.31,3.0,2025-12-24
=020036,0.0,0.0,2025-12-24
=020037,0.0,0.0,2025-12-24
=020038,7.44,1.0,2025-12-24
=020039,8.95,62.0,2025-12-24
1101,22.6,11833.725,2025-12-24
1101B,45.4,8.021,2025-12-24
1102,36.45,15672.465,2025-12-24
1103,14.0,143.406,2025-12-24
1104,30.15,318.619,2025-12-24
1108,14.9,67.61,2025-12-24
1109,15.5,89.996,2025-12-24
1110,16.35,57.837,2025-12-24
1201,14.65,238.503,2025-12-24
1203,39.4,3.656,2025-12-24
1210,50.9,952.56,2025-12-24
1213,10.6,11.635,2025-12-24
1215,134.5,4267.821,2025-12-24
1216,78.4,23927.778,2025-12-24
1217,10.5,291.264,2025-12-24
1218,18.15,149.952,2025-12-24
1219,13.45,115.93,2025-12-24
1220,12.5,108.349,2025-12-24
1225,29.35,52.491,2025-12-24
1227,30.5,362.531,2025-12-24
1229,47.9,969.528,2025-12-24
1231,97.9,193.234,2025-12-24
1232,144.0,42.564,2025-12-24
1233,31.8,10.1,2025-12-24
1234,37.75,75.311,2025-12-24
1235,46.2,31.452,2025-12-24
1236,26.05,139.487,2025-12-24
1256,138.5,17.998,2025-12-24
1301,39.75,9272.137,2025-12-24
1303,58.1,51548.933,2025-12-24
1304,11.25,2229.143,2025-12-24
1305,11.15,755.583,2025-12-24
1307,32.75,920.479,2025-12-24
1308,13.4,1028.073,2025-12-24
1309,11.35,639.124,2025-12-24
1310,8.45,1932.448,2025-12-24
1312,11.5,3252.664,2025-12-24
1312A,22.0,1.0,2025-12-24
1313,10.3,1434.118,2025-12-24
1314,7.88,13113.647,2025-12-24
1315,64.2,6.709,2025-12-24
1316,16.2,4352.322,2025-12-24
1319,95.9,1355.449,2025-12-24
1321,35.0,83.0,2025-12-24
1323,19.45,52.925,2025-12-24
1324,10.35,75.979,2025-12-24
1325,30.15,446.701,2025-12-24
1326,32.2,8820.477,2025-12-24
1337,4.89,353.977,2025-12-24
1338,20.65,54.435,2025-12-24
1339,44.25,35.251,2025-12-24
1340,7.9,547.455,2025-12-24
1341,58.5,10.073,2025-12-24
1342,87.6,65.576,2025-12-24
1402,27.8,4362.209,2025-12-24
1409,15.2,5340.511,2025-12-24
1410,33.95,17.262,2025-12-24
1413,9.98,6.024,2025-12-24
1414,17.1,258.268,2025-12-24
1416,11.9,176.38,2025-12-24
1417,9.0,184.911,2025-12-24
1418,19.8,25.003,2025-12-24
1419,68.4,795.393,2025-12-24
1423,38.0,34.584,2025-12-24
1432,18.25,110.67,2025-12-24
1434,15.9,1068.178,2025-12-24
1435,22.2,4.005,2025-12-24
1436,65.1,327.188,2025-12-24
1437,34.5,193.053,2025-12-24
1438,34.5,69.2,2025-12-24
1439,30.1,49.354,2025-12-24
1440,13.45,1159.134,2025-12-24
1441,10.55,83.248,2025-12-24
1442,30.6,8772.348,2025-12-24
1443,27.0,1.589,2025-12-24
1444,6.1,390.178,2025-12-24
1445,13.3,42.162,2025-12-24
1446,18.15,69.209,2025-12-24
1447,5.43,410.118,2025-12-24
1449,11.0,455.136,2025-12-24
1451,17.45,100.139,2025-12-24
1452,11.8,43.648,2025-12-24
1453,12.85,88.236,2025-12-24
1454,13.2,39.067,2025-12-24
1455,7.72,254.39,2025-12-24
1456,12.8,95.146,2025-12-24
1457,15.75,55.91,2025-12-24
1459,11.85,88.114,2025-12-24
1460,6.29,400.586,2025-12-24
1463,19.7,119.382,2025-12-24
1464,11.15,294.933,2025-12-24
1465,12.5,141.262,2025-12-24
1466,14.3,79.033,2025-12-24
1467,7.07,67.437,2025-12-24
1468,11.8,42.0,2025-12-24
1470,0.0,0.0,2025-12-24
1471,8.73,105.483,2025-12-24
1472,88.8,47.808,2025-12-24
1473,24.85,30.269,2025-12-24
1474,11.0,60.356,2025-12-24
1475,30.1,52.298,2025-12-24
1476,386.0,305.136,2025-12-24
1477,297.0,1370.074,2025-12-24
1503,171.5,439.339,2025-12-24
1504,86.3,28232.225,2025-12-24
1506,11.65,190.002,2025-12-24
1512,7.48,41.924,2025-12-24
1513,149.5,1183.128,2025-12-24
1514,102.0,797.883,2025-12-24
1515,27.55,213.757,2025-12-24
1516,23.3,218.685,2025-12-24
1517,11.05,110.541,2025-12-24
1519,783.0,2223.333,2025-12-24
1521,24.1,3.506,2025-12-24
1522,46.4,598.921,2025-12-24
1522A,0.0,0.0,2025-12-24
1524,28.35,428.507,2025-12-24
1525,64.2,38.079,2025-12-24
1526,16.7,24.265,2025-12-24
1527,32.7,128.91,2025-12-24
1528,18.25,35876.157,2025-12-24
1529,19.0,267.251,2025-12-24
1530,27.3,4.349,2025-12-24
1531,11.85,19.75,2025-12-24
1532,26.75,247.27,2025-12-24
1533,32.55,54.432,2025-12-24
1535,52.7,33.216,2025-12-24
1536,57.7,1256.265,2025-12-24
1537,125.5,20.762,2025-12-24
1538,0.0,0.055,2025-12-24
1539,17.1,23.126,2025-12-24
1540,23.15,191.956,2025-12-24
1541,23.3,18.228,2025-12-24
1558,103.5,444.704,2025-12-24
1560,371.0,2236.22,2025-12-24
1563,46.45,1104.961,2025-12-24
1568,22.1,62.559,2025-12-24
1582,65.9,228.669,2025-12-24
1583,45.8,5.0,2025-12-24
1587,52.6,3666.023,2025-12-24
1589,16.85,252.058,2025-12-24
1590,949.0,316.627,2025-12-24
1597,72.5,79.805,2025-12-24
1598,20.9,127.115,2025-12-24
1603,37.1,403.367,2025-12-24
1604,24.5,90.483,2025-12-24
1605,31.65,173832.442,2025-12-24
1608,37.05,9457.308,2025-12-24
1609,38.0,4411.034,2025-12-24
1611,12.75,673.878,2025-12-24
1612,34.45,493.734,2025-12-24
1614,34.15,13.418,2025-12-24
1615,48.75,61.551,2025-12-24
1616,28.3,805.076,2025-12-24
1617,14.3,113.748,2025-12-24
1618,41.85,474.91,2025-12-24
1626,11.3,26.123,2025-12-24
1702,38.9,156.95,2025-12-24
1707,126.5,30.095,2025-12-24
1708,33.1,727.902,2025-12-24
1709,16.65,144.232,2025-12-24
1710,12.0,1533.571,2025-12-24
1711,19.15,4156.634,2025-12-24
1712,44.1,254.813,2025-12-24
1713,43.7,43.617,2025-12-24
1714,8.26,1623.189,2025-12-24
1717,40.55,10398.551,2025-12-24
1718,6.91,2741.354,2025-12-24
1720,60.0,127.049,2025-12-24
1721,12.75,2821.5,2025-12-24
1722,47.3,2802.122,2025-12-24
1723,68.5,251.116,2025-12-24
1725,27.15,163.235,2025-12-24
1726,75.7,11.138,2025-12-24
1727,44.4,31892.444,2025-12-24
1730,52.9,18.357,2025-12-24
1731,21.7,68.038,2025-12-24
1732,28.45,157.485,2025-12-24
1733,30.8,270.342,2025-12-24
1734,30.45,80.344,2025-12-24
1735,18.8,2690.678,2025-12-24
1736,144.0,431.192,2025-12-24
1737,31.45,83.979,2025-12-24
1752,37.7,33.174,2025-12-24
1760,63.4,94.865,2025-12-24
1762,24.6,44.019,2025-12-24
1773,137.5,192.903,2025-12-24
1776,15.65,88.442,2025-12-24
1783,42.75,53.018,2025-12-24
1786,74.8,155.972,2025-12-24
1789,17.2,414.853,2025-12-24
1795,278.5,1849.48,2025-12-24
1802,34.9,65638.246,2025-12-24
1805,12.0,188.792,2025-12-24
1806,9.23,225.796,2025-12-24
1808,34.05,3281.11,2025-12-24
1809,17.5,309.64,2025-12-24
1810,17.3,807.795,2025-12-24
1817,38.45,7.025,2025-12-24
1903,54.4,395.781,2025-12-24
1904,17.4,914.735,2025-12-24
1905,11.65,575.906,2025-12-24
1906,11.8,216.742,2025-12-24
1907,25.5,805.534,2025-12-24
1909,9.94,1544.42,2025-12-24
2002,18.55,12109.757,2025-12-24
2002A,38.75,4.08,2025-12-24
2006,64.1,1462.175,2025-12-24
2007,7.27,166.288,2025-12-24
2008,28.25,69.366,2025-12-24
2009,45.0,24981.024,2025-12-24
2010,20.85,653.125,2025-12-24
2012,15.0,10.414,2025-12-24
2013,41.4,65.968,2025-12-24
2014,15.55,3090.767,2025-12-24
2015,61.5,477.315,2025-12-24
2017,8.42,226.396,2025-12-24
2020,23.4,224.739,2025-12-24
2022,8.2,279.405,2025-12-24
2023,14.8,1204.071,2025-12-24
2024,15.35,2.682,2025-12-24
2025,9.4,47.463,2025-12-24
2027,34.8,35612.717,2025-12-24
2028,16.9,43.486,2025-12-24
2029,20.8,157.641,2025-12-24
2030,13.95,512.881,2025-12-24
2031,37.55,193.908,2025-12-24
2032,14.45,325.315,2025-12-24
2033,16.0,128.826,2025-12-24
2034,20.65,1049.498,2025-12-24
2038,14.15,72.359,2025-12-24
2049,196.5,832.283,2025-12-24
2059,3710.0,303.007,2025-12-24
2062,21.3,114.262,2025-12-24
2069,17.7,119.413,2025-12-24
2101,37.6,582.154,2025-12-24
2102,19.45,389.739,2025-12-24
2103,15.55,1052.011,2025-12-24
2104,11.45,3447.482,2025-12-24
2105,29.7,6254.98,2025-12-24
2106,19.95,511.489,2025-12-24
2107,24.45,583.34,2025-12-24
2108,22.7,436.899,2025-12-24
2109,15.0,61.078,2025-12-24
2114,89.7,33.81,2025-12-24
2115,24.45,96.1,2025-12-24
2201,34.9,6708.44,2025-12-24
2204,61.0,1098.764,2025-12-24
2206,60.3,1216.022,2025-12-24
2207,562.0,780.751,2025-12-24
2208,20.15,2452.752,2025-12-24
2211,102.0,4936.774,2025-12-24
2227,55.2,58.701,2025-12-24
2228,105.5,1022.164,2025-12-24
2231,95.4,578.828,2025-12-24
2233,202.0,929.618,2025-12-24
2236,115.5,140.02,2025-12-24
2239,36.85,80.225,2025-12-24
2241,37.1,264.978,2025-12-24
2243,11.6,52.301,2025-12-24
2247,284.0,68.73,2025-12-24
2248,49.1,7.0,2025-12-24
2250,71.9,62.841,2025-12-24
2254,59.0,23.0,2025-12-24
2258,40.55,795.929,2025-12-24
2301,165.5,8636.912,2025-12-24
2302,17.4,269.634,2025-12-24
2303,49.65,47846.732,2025-12-24
2305,11.0,376.298,2025-12-24
2308,955.0,5165.678,2025-12-24
2312,22.75,25160.836,2025-12-24
2313,99.0,51717.482,2025-12-24
2314,22.7,66.35,2025-12-24
2316,102.5,1219.935,2025-12-24
2317,224.0,36443.763,2025-12-24
2321,0.0,0.644,2025-12-24
2323,10.5,5423.936,2025-12-24
2324,30.0,17138.068,2025-12-24
2327,222.5,10850.599,2025-12-24
2328,48.15,16010.88,2025-12-24
2329,51.5,11153.919,2025-12-24
2330,1495.0,13707.427,2025-12-24
2331,23.0,2282.677,2025-12-24
2332,15.6,1245.823,2025-12-24
2337,38.95,68855.783,2025-12-24
2338,36.35,2549.322,2025-12-24
2340,26.55,1585.572,2025-12-24
2342,28.85,679.058,2025-12-24
2344,76.9,321347.803,2025-12-24
2345,1190.0,4707.677,2025-12-24
2347,58.3,7035.353,2025-12-24
2348,83.4,1237.417,2025-12-24
2348A,36.7,7.003,2025-12-24
2349,14.6,5409.622,2025-12-24
2351,75.7,780.736,2025-12-24
2352,24.1,5714.098,2025-12-24
2353,25.25,17881.544,2025-12-24
2354,61.4,2955.077,2025-12-24
2355,32.05,632.781,2025-12-24
2356,43.15,17642.132,2025-12-24
2357,544.0,10056.098,2025-12-24
2359,127.0,764.919,2025-12-24
2360,771.0,1786.513,2025-12-24
2362,40.1,276.104,2025-12-24
2363,47.15,2101.6,2025-12-24
2364,68.0,199.848,2025-12-24
2365,35.15,877.354,2025-12-24
2367,27.35,10949.292,2025-12-24
2368,668.0,9860.631,2025-12-24
2369,22.35,4775.505,2025-12-24
2371,31.55,19528.88,2025-12-24
2373,56.3,33.888,2025-12-24
2374,75.8,3724.019,2025-12-24
2375,89.6,2882.109,2025-12-24
2376,233.5,1623.673,2025-12-24
2377,98.0,5259.92,2025-12-24
2379,490.5,1990.359,2025-12-24
2380,4.86,53.77,2025-12-24
2382,264.0,14914.341,2025-12-24
2383,1690.0,3715.694,2025-12-24
2385,118.0,3076.116,2025-12-24
2387,39.5,227.264,2025-12-24
2388,54.6,3968.501,2025-12-24
2390,9.91,156.161,2025-12-24
2392,37.65,487.138,2025-12-24
2393,54.7,12717.576,2025-12-24
2395,286.0,1225.418,2025-12-24
2397,61.5,79.648,2025-12-24
2399,26.0,12375.744,2025-12-24
2401,19.95,2217.828,2025-12-24
2402,65.0,38071.131,2025-12-24
2404,925.0,4644.284,2025-12-24
2405,18.4,1096.153,2025-12-24
2406,26.45,13768.323,2025-12-24
2408,189.0,118963.502,2025-12-24
2409,11.45,55673.459,2025-12-24
2412,130.5,1880.723,2025-12-24
2413,38.7,41927.918,2025-12-24
2414,41.05,37.156,2025-12-24
2415,25.75,87.148,2025-12-24
2417,35.4,284.586,2025-12-24
2419,24.85,1085.048,2025-12-24
2420,50.2,104.837,2025-12-24
2421,158.0,1105.49,2025-12-24
2423,55.2,61.801,2025-12-24
2424,38.1,45.229,2025-12-24
2425,30.65,352.479,2025-12-24
2426,17.0,477.556,2025-12-24
2427,26.9,720.018,2025-12-24
2428,173.0,248.009,2025-12-24
2429,78.7,693.896,2025-12-24
2430,22.95,17.45,2025-12-24
2431,11.55,506.925,2025-12-24
2432,26.2,10.146,2025-12-24
2433,47.5,15.905,2025-12-24
2434,30.3,19.051,2025-12-24
2436,47.75,723.232,2025-12-24
2438,21.55,62.27,2025-12-24
2439,98.2,3695.729,2025-12-24
2440,14.35,326.531,2025-12-24
2441,86.3,13086.457,2025-12-24
2442,26.45,1041.222,2025-12-24
2444,11.45,302.866,2025-12-24
2449,219.0,9835.279,2025-12-24
2450,28.9,29.228,2025-12-24
2451,182.5,9790.95,2025-12-24
2453,53.0,98.917,2025-12-24
2454,1380.0,3385.989,2025-12-24
2455,154.5,8095.427,2025-12-24
2457,29.25,3398.553,2025-12-24
2458,126.0,3424.195,2025-12-24
2459,65.1,32.498,2025-12-24
2460,20.2,523.995,2025-12-24
2461,14.75,298.751,2025-12-24
2462,22.6,52.014,2025-12-24
2464,61.9,1064.962,2025-12-24
2465,59.8,439.163,2025-12-24
2466,67.9,2967.104,2025-12-24
2467,233.0,2154.644,2025-12-24
2468,42.05,515.548,2025-12-24
2471,49.9,69.186,2025-12-24
2472,106.5,3366.131,2025-12-24
2474,209.5,8880.863,2025-12-24
2476,87.4,1363.614,2025-12-24
2477,24.05,101.901,2025-12-24
2478,55.5,978.485,2025-12-24
2480,150.5,77.954,2025-12-24
2481,81.5,6863.837,2025-12-24
2482,17.4,64.156,2025-12-24
2483,18.4,103.328,2025-12-24
2484,20.7,171.551,2025-12-24
2485,28.7,22164.421,2025-12-24
2486,91.6,3761.257,2025-12-24
2488,45.65,41.326,2025-12-24
2489,14.6,2868.842,2025-12-24
2491,20.7,1768.099,2025-12-24
2492,115.5,4268.73,2025-12-24
2493,104.0,3130.395,2025-12-24
2495,31.4,11135.163,2025-12-24
2496,68.3,9.316,2025-12-24
2497,47.9,388.363,2025-12-24
2498,50.1,8384.386,2025-12-24
2501,24.0,3185.947,2025-12-24
2504,38.5,9173.212,2025-12-24
2505,19.85,613.18,2025-12-24
2506,9.39,68.947,2025-12-24
2509,15.4,518.768,2025-12-24
2511,8.19,1127.555,2025-12-24
2514,14.8,34.437,2025-12-24
2515,13.35,4135.418,2025-12-24
2516,15.0,103.174,2025-12-24
2520,35.5,13629.048,2025-12-24
2524,44.0,511.341,2025-12-24
2527,29.0,456.766,2025-12-24
2528,31.4,1014.487,2025-12-24
2530,28.5,677.848,2025-12-24
2534,20.9,512.907,2025-12-24
2535,62.8,148.819,2025-12-24
2536,26.65,153.373,2025-12-24
2537,12.3,6518.552,2025-12-24
2538,11.35,328.492,2025-12-24
2539,48.35,361.518,2025-12-24
2540,52.0,1370.028,2025-12-24
2542,39.95,5342.407,2025-12-24
2543,62.7,1608.368,2025-12-24
2545,39.65,609.865,2025-12-24
2546,88.3,109.917,2025-12-24
2547,11.15,4610.56,2025-12-24
2548,121.0,2946.091,2025-12-24
2597,168.0,331.565,2025-12-24
2601,5.52,639.122,2025-12-24
2603,188.5,11025.057,2025-12-24
2605,26.15,6700.998,2025-12-24
2606,61.0,5814.639,2025-12-24
2607,58.0,3998.76,2025-12-24
2608,33.25,104.131,2025-12-24
2609,55.3,45491.34,2025-12-24
2610,19.9,11630.911,2025-12-24
2611,14.8,275.628,2025-12-24
2612,59.5,1108.995,2025-12-24
2613,23.4,783.225,2025-12-24
2614,23.2,1692.926,2025-12-24
2615,78.7,14771.001,2025-12-24
2616,13.65,27.722,2025-12-24
2617,30.55,487.766,2025-12-24
2618,36.5,10876.351,2025-12-24
2630,54.0,5880.102,2025-12-24
2633,27.95,981.846,2025-12-24
2634,51.0,5710.88,2025-12-24
2636,66.6,330.069,2025-12-24
2637,68.0,2849.278,2025-12-24
2642,26.2,75.991,2025-12-24
2645,146.5,4832.347,2025-12-24
2646,23.7,2269.808,2025-12-24
2701,11.1,101.025,2025-12-24
2702,11.9,13.958,2025-12-24
2704,43.5,78.147,2025-12-24
2705,16.7,78.989,2025-12-24
2706,12.9,158.448,2025-12-24
2707,189.0,78.144,2025-12-24
2712,18.15,11.405,2025-12-24
2722,26.15,38.196,2025-12-24
2723,70.0,311.956,2025-12-24
2727,218.5,178.983,2025-12-24
2731,164.5,399.567,2025-12-24
2739,35.5,26.113,2025-12-24
2748,42.75,45.117,2025-12-24
2753,190.5,472.692,2025-12-24
2762,76.9,24.207,2025-12-24
2801,20.85,13048.219,2025-12-24
2812,21.05,16117.498,2025-12-24
2816,29.5,109.295,2025-12-24
2820,16.85,404.127,2025-12-24
2832,50.8,150.95,2025-12-24
2834,16.15,10200.527,2025-12-24
2836,12.45,629.753,2025-12-24
2836A,0.0,0.0,2025-12-24
2838,19.6,677.847,2025-12-24
2838A,54.5,38.0,2025-12-24
2845,12.9,5628.931,2025-12-24
2849,13.35,83.485,2025-12-24
2850,117.0,143.029,2025-12-24
2851,26.1,628.671,2025-12-24
2852,27.95,438.525,2025-12-24
2855,24.0,2735.081,2025-12-24
2867,7.96,21462.811,2025-12-24
2880,32.0,52836.001,2025-12-24
2881,98.0,15681.176,2025-12-24
2881A,63.4,7.369,2025-12-24
2881B,61.7,28.554,2025-12-24
2881C,53.5,16.111,2025-12-24
2882,75.9,43933.293,2025-12-24
2882A,60.7,34.287,2025-12-24
2882B,60.0,27.794,2025-12-24
2883,17.55,29762.792,2025-12-24
2883B,7.88,1283.445,2025-12-24
2884,33.95,107419.499,2025-12-24
2885,40.1,22293.939,2025-12-24
2886,40.7,11623.819,2025-12-24
2887,20.75,322884.889,2025-12-24
2887E,49.95,78.166,2025-12-24
2887F,46.35,43.093,2025-12-24
2887G,39.65,85.555,2025-12-24
2887H,39.1,70.256,2025-12-24
2887I,9.33,4369.786,2025-12-24
2887Z1,16.6,5.588,2025-12-24
2889,16.2,4798.499,2025-12-24
2890,28.85,28326.187,2025-12-24
2891,50.3,57248.619,2025-12-24
2891B,63.8,2.276,2025-12-24
2891C,60.3,3.157,2025-12-24
2892,29.3,85511.344,2025-12-24
2897,9.2,1739.967,2025-12-24
2897B,11.85,100.291,2025-12-24
2901,24.85,9.316,2025-12-24
2903,22.15,7909.648,2025-12-24
2904,17.0,19.165,2025-12-24
2905,16.0,1405.566,2025-12-24
2906,12.9,78.939,2025-12-24
2908,20.4,292.022,2025-12-24
2910,0.0,0.103,2025-12-24
2911,4.68,71.162,2025-12-24
2912,221.5,2265.709,2025-12-24
2913,13.55,892.216,2025-12-24
2915,55.7,1981.962,2025-12-24
2923,19.8,36.276,2025-12-24
2929,7.9,87.336,2025-12-24
2939,23.25,12.016,2025-12-24
2945,38.0,4.1,2025-12-24
3002,26.7,1712.042,2025-12-24
3003,48.25,121.279,2025-12-24
3004,102.5,410.439,2025-12-24
3005,118.0,1292.279,2025-12-24
3006,96.4,35139.98,2025-12-24
3008,2250.0,1426.759,2025-12-24
3010,113.0,1038.817,2025-12-24
3011,14.55,958.387,2025-12-24
3013,129.0,1861.448,2025-12-24
3014,116.0,451.275,2025-12-24
3015,53.0,170.982,2025-12-24
3016,50.9,758.708,2025-12-24
3017,1500.0,2659.963,2025-12-24
3018,11.9,4.318,2025-12-24
3019,138.5,2178.809,2025-12-24
3021,17.55,72.034,2025-12-24
3022,64.2,641.263,2025-12-24
3023,199.0,670.23,2025-12-24
3024,11.3,545.599,2025-12-24
3025,67.9,7935.604,2025-12-24
3026,99.8,1217.192,2025-12-24
3027,23.25,209.986,2025-12-24
3028,38.1,881.127,2025-12-24
3029,111.5,496.507,2025-12-24
3030,193.0,7190.552,2025-12-24
3031,19.95,231.788,2025-12-24
3032,77.6,354.721,2025-12-24
3033,30.6,558.706,2025-12-24
3034,377.0,1468.631,2025-12-24
3035,164.5,1246.33,2025-12-24
3036,142.5,12669.014,2025-12-24
3036A,51.4,32.16,2025-12-24
3037,217.0,13473.338,2025-12-24
3038,23.45,782.631,2025-12-24
3040,56.5,143.941,2025-12-24
3041,24.4,791.389,2025-12-24
3042,82.4,1558.959,2025-12-24
3043,21.6,78.457,2025-12-24
3044,322.0,5344.026,2025-12-24
3045,108.5,36659.78,2025-12-24
3046,51.8,276.051,2025-12-24
3047,18.65,1056.085,2025-12-24
3048,40.95,17500.854,2025-12-24
3049,7.33,1113.743,2025-12-24
3050,13.5,819.786,2025-12-24
3051,18.4,462.782,2025-12-24
3052,12.1,1429.364,2025-12-24
3054,27.75,36.107,2025-12-24
3055,79.0,1256.829,2025-12-24
3056,18.2,1410.748,2025-12-24
3057,22.0,2290.15,2025-12-24
3058,10.5,261.105,2025-12-24
3059,40.55,1543.573,2025-12-24
3060,33.45,10117.537,2025-12-24
3062,23.9,1099.083,2025-12-24
3090,93.3,5592.145,2025-12-24
3092,18.2,2260.329,2025-12-24
3094,23.8,115.208,2025-12-24
3130,223.5,12.065,2025-12-24
3135,69.8,5221.845,2025-12-24
3138,109.0,1216.259,2025-12-24
3149,33.7,692.538,2025-12-24
3150,19.9,126.199,2025-12-24
3164,18.35,20.574,2025-12-24
3167,224.0,6943.521,2025-12-24
3168,42.7,4.0,2025-12-24
3189,144.0,7020.465,2025-12-24
3209,31.55,339.984,2025-12-24
3229,27.2,225.106,2025-12-24
3231,145.5,27768.874,2025-12-24
3257,70.5,1130.332,2025-12-24
3266,14.0,20.373,2025-12-24
3296,25.15,133.759,2025-12-24
3305,110.5,8752.619,2025-12-24
3308,15.65,70.546,2025-12-24
3311,31.15,159.427,2025-12-24
3312,36.05,435.457,2025-12-24
3321,18.35,227.497,2025-12-24
3338,48.8,180.626,2025-12-24
3346,18.75,117.368,2025-12-24
3356,47.0,184.913,2025-12-24
3376,202.0,1919.487,2025-12-24
3380,32.1,1693.227,2025-12-24
3406,425.5,826.609,2025-12-24
3413,285.5,1988.687,2025-12-24
3416,151.5,446.672,2025-12-24
3419,12.8,204.406,2025-12-24
3432,13.9,30.9,2025-12-24
3437,14.3,123.708,2025-12-24
3443,2025.0,896.892,2025-12-24
3447,53.5,3144.651,2025-12-24
3450,266.0,18552.5,2025-12-24
3454,98.7,192.782,2025-12-24
3481,13.25,109376.401,2025-12-24
3494,8.08,55.606,2025-12-24
3501,49.05,41.244,2025-12-24
3504,51.8,129.673,2025-12-24
3515,247.0,629.331,2025-12-24
3518,20.75,90.729,2025-12-24
3528,67.0,81.697,2025-12-24
3530,70.7,215.585,2025-12-24
3532,92.1,667.751,2025-12-24
3533,1305.0,259.904,2025-12-24
3535,91.5,7879.526,2025-12-24
3543,43.9,11260.308,2025-12-24
3545,51.0,531.357,2025-12-24
3550,14.3,1338.512,2025-12-24
3557,36.0,19.528,2025-12-24
3563,496.0,508.483,2025-12-24
3576,9.35,44385.951,2025-12-24
3583,328.0,198.332,2025-12-24
3588,47.9,103.519,2025-12-24
3591,18.45,120.727,2025-12-24
3592,228.5,1864.354,2025-12-24
3593,11.6,15.567,2025-12-24
3596,179.5,203.853,2025-12-24
3605,60.0,964.671,2025-12-24
3607,14.4,396.08,2025-12-24
3617,209.5,489.767,2025-12-24
3622,63.1,591.644,2025-12-24
3645,53.6,847.176,2025-12-24
3652,28.5,19.012,2025-12-24
3653,2750.0,911.001,2025-12-24
3661,3180.0,792.934,2025-12-24
3665,1550.0,3547.704,2025-12-24
3669,29.2,67.311,2025-12-24
3673,41.7,905.745,2025-12-24
3679,113.0,15.346,2025-12-24
3686,18.75,206.4,2025-12-24
3694,61.9,1390.61,2025-12-24
3701,48.7,12483.398,2025-12-24
3702,57.9,17009.503,2025-12-24
3703,23.1,601.031,2025-12-24
3704,32.9,1451.762,2025-12-24
3705,57.0,130.867,2025-12-24
3706,82.6,7581.076,2025-12-24
3708,118.0,758.404,2025-12-24
3711,234.5,19221.744,2025-12-24
3712,25.7,313.422,2025-12-24
3714,33.05,1059.527,2025-12-24
3715,119.5,14173.829,2025-12-24
3716,33.55,62.021,2025-12-24
3717,16.85,268.808,2025-12-24
4104,81.8,88.356,2025-12-24
4106,22.15,53.13,2025-12-24
4108,13.5,270.311,2025-12-24
4119,48.9,37.385,2025-12-24
4133,22.75,37.966,2025-12-24
4137,99.9,83.2,2025-12-24
4142,19.45,837.682,2025-12-24
4148,38.15,17.259,2025-12-24
4155,14.8,51.332,2025-12-24
4164,38.25,596.537,2025-12-24
4190,29.95,20.159,2025-12-24
4306,14.25,487.816,2025-12-24
4414,11.85,328.555,2025-12-24
4426,9.72,65.459,2025-12-24
4438,77.3,17.173,2025-12-24
4439,102.0,9.12,2025-12-24
4440,17.55,116.015,2025-12-24
4441,238.5,46.535,2025-12-24
4526,30.1,3114.338,2025-12-24
4532,24.65,690.522,2025-12-24
4536,161.0,147.303,2025-12-24
4540,34.85,260.378,2025-12-24
4545,40.65,1133.712,2025-12-24
4551,114.0,126.465,2025-12-24
4552,24.2,52.047,2025-12-24
4555,38.65,60.082,2025-12-24
4557,79.4,142.855,2025-12-24
4560,32.7,63.0,2025-12-24
4562,36.2,154.844,2025-12-24
4564,17.35,406.131,2025-12-24
4566,58.4,1317.282,2025-12-24
4569,151.0,144.225,2025-12-24
4571,162.0,91.599,2025-12-24
4572,158.0,128.428,2025-12-24
4576,107.5,127.758,2025-12-24
4581,51.2,8.029,2025-12-24
4583,637.0,223.737,2025-12-24
4585,330.5,605.915,2025-12-24
4588,62.1,39.581,2025-12-24
4720,15.05,423.074,2025-12-24
4722,185.5,7262.676,2025-12-24
4736,120.0,206.99,2025-12-24
4737,59.1,67.134,2025-12-24
4739,68.4,1161.258,2025-12-24
4746,61.4,218.091,2025-12-24
4755,109.0,193.658,2025-12-24
4763,54.2,6326.456,2025-12-24
4764,116.0,4247.311,2025-12-24
4766,317.0,218.248,2025-12-24
4770,234.5,269.234,2025-12-24
4771,174.5,28.182,2025-12-24
4807,18.45,273.244,2025-12-24
4904,87.2,3213.601,2025-12-24
4906,28.0,2285.571,2025-12-24
4912,82.2,133.564,2025-12-24
4915,76.9,1726.791,2025-12-24
4916,60.5,26005.133,2025-12-24
4919,51.4,872.285,2025-12-24
4927,34.2,12007.304,2025-12-24
4930,22.0,93.286,2025-12-24
4934,14.15,920.773,2025-12-24
4935,41.0,49.032,2025-12-24
4938,69.4,5321.46,2025-12-24
4942,39.05,47.427,2025-12-24
4943,12.4,26.007,2025-12-24
4949,38.7,1016.309,2025-12-24
4952,35.45,70.305,2025-12-24
4956,21.9,1911.849,2025-12-24
4958,145.5,10535.969,2025-12-24
4960,13.5,665.454,2025-12-24
4961,145.0,1198.42,2025-12-24
4967,162.5,38118.497,2025-12-24
4968,128.5,441.001,2025-12-24
4976,30.05,403.376,2025-12-24
4977,145.5,22863.168,2025-12-24
4989,45.9,30142.437,2025-12-24
4994,95.1,16.046,2025-12-24
4999,23.25,58.54,2025-12-24
5007,55.4,8.181,2025-12-24
5203,88.6,257.957,2025-12-24
5215,35.2,2.3,2025-12-24
5222,134.5,218.196,2025-12-24
5225,101.5,215.03,2025-12-24
5234,340.0,531.462,2025-12-24
5243,81.3,1387.218,2025-12-24
5244,40.2,84.024,2025-12-24
5258,71.1,228.938,2025-12-24
5269,1150.0,536.13,2025-12-24
5283,61.1,69.329,2025-12-24
5284,288.5,674.87,2025-12-24
5285,48.45,58.535,2025-12-24
5288,129.5,58.148,2025-12-24
5292,147.0,42.035,2025-12-24
5306,87.1,59.489,2025-12-24
5388,81.6,1114.878,2025-12-24
5434,296.0,336.515,2025-12-24
5469,96.4,2398.56,2025-12-24
5471,33.0,180.004,2025-12-24
5484,38.05,77.72,2025-12-24
5515,35.2,726.008,2025-12-24
5519,33.65,748.751,2025-12-24
5521,25.0,7020.577,2025-12-24
5522,81.2,4642.492,2025-12-24
5525,28.35,245.558,2025-12-24
5531,9.14,344.711,2025-12-24
5533,14.45,139.696,2025-12-24
5534,87.0,2227.736,2025-12-24
5538,29.7,3.0,2025-12-24
5546,22.25,2.05,2025-12-24
5607,48.75,97.614,2025-12-24
5608,17.75,1400.191,2025-12-24
5706,50.5,52.631,2025-12-24
5871,112.0,14166.261,2025-12-24
5871A,101.5,132.0,2025-12-24
5876,40.7,5270.463,2025-12-24
5880,24.55,6849.572,2025-12-24
5906,50.9,12.005,2025-12-24
5907,5.68,47.022,2025-12-24
6005,24.2,12686.07,2025-12-24
6024,51.6,220.823,2025-12-24
6108,14.5,190.468,2025-12-24
6112,47.1,307.223,2025-12-24
6115,47.2,19.32,2025-12-24
6116,7.36,8868.794,2025-12-24
6117,82.6,322.61,2025-12-24
6120,12.55,2003.161,2025-12-24
6128,22.85,35.115,2025-12-24
6133,21.3,2103.85,2025-12-24
6136,24.25,110.367,2025-12-24
6139,563.0,4547.768,2025-12-24
6141,11.0,125.647,2025-12-24
6142,9.31,190.778,2025-12-24
6152,11.35,2863.752,2025-12-24
6153,15.35,2172.388,2025-12-24
6155,44.85,13647.54,2025-12-24
6164,12.4,963.611,2025-12-24
6165,49.7,657.868,2025-12-24
6166,64.4,273.019,2025-12-24
6168,20.35,2298.685,2025-12-24
6176,130.0,5306.669,2025-12-24
6177,52.4,4614.294,2025-12-24
6183,95.1,45.307,2025-12-24
6184,48.4,132.018,2025-12-24
6189,45.85,318.122,2025-12-24
6191,116.5,4477.09,2025-12-24
6192,106.5,87.421,2025-12-24
6196,272.5,2309.516,2025-12-24
6197,136.5,1212.745,2025-12-24
6201,56.5,6.049,2025-12-24
6202,37.75,297.078,2025-12-24
6205,44.0,1377.752,2025-12-24
6206,92.0,1159.927,2025-12-24
6209,66.2,16809.163,2025-12-24
6213,113.5,6867.567,2025-12-24
6214,128.0,873.811,2025-12-24
6215,103.0,681.982,2025-12-24
6216,26.75,60.086,2025-12-24
6224,42.4,70.757,2025-12-24
6225,18.3,51.15,2025-12-24
6226,7.68,286.119,2025-12-24
6230,118.0,12.379,2025-12-24
6235,63.0,1954.114,2025-12-24
6239,164.5,9861.013,2025-12-24
6243,37.7,2497.034,2025-12-24
6257,101.0,16889.013,2025-12-24
6269,60.6,6165.71,2025-12-24
6271,133.0,4429.946,2025-12-24
6272,51.1,3443.056,2025-12-24
6277,61.3,70.177,2025-12-24
6278,94.1,959.354,2025-12-24
6281,62.8,41.596,2025-12-24
6282,40.9,10355.523,2025-12-24
6283,25.65,390.713,2025-12-24
6285,102.0,1971.76,2025-12-24
6405,28.85,2286.912,2025-12-24
6409,958.0,518.425,2025-12-24
6412,94.8,501.262,2025-12-24
6414,297.5,871.604,2025-12-24
6415,192.0,1820.135,2025-12-24
6416,84.6,51.337,2025-12-24
6423,80.3,99.855,2025-12-24
6426,105.5,9040.837,2025-12-24
6431,29.35,436.981,2025-12-24
6438,137.0,314.374,2025-12-24
6442,1295.0,4928.389,2025-12-24
6443,26.8,15839.921,2025-12-24
6446,490.0,1579.739,2025-12-24
6449,160.5,601.71,2025-12-24
6451,168.5,1411.25,2025-12-24
6456,43.5,392.201,2025-12-24
6464,0.0,0.871,2025-12-24
6472,492.5,518.714,2025-12-24
6477,36.65,6258.871,2025-12-24
6491,280.0,173.508,2025-12-24
6504,41.6,34.828,2025-12-24
6505,48.65,2646.184,2025-12-24
6515,2635.0,367.664,2025-12-24
6525,74.6,159.434,2025-12-24
6526,432.0,167.181,2025-12-24
6531,417.5,2193.761,2025-12-24
6533,240.5,216.177,2025-12-24
6534,90.2,4.26,2025-12-24
6541,57.9,1862.402,2025-12-24
6550,30.2,671.887,2025-12-24
6552,25.05,74.536,2025-12-24
6558,38.65,697.778,2025-12-24
6573,15.15,241.676,2025-12-24
6579,107.0,54.935,2025-12-24
6581,105.0,22.285,2025-12-24
6582,33.55,14.155,2025-12-24
6585,88.7,16.531,2025-12-24
6589,62.6,377.73,2025-12-24
6591,78.5,234.897,2025-12-24
6592,61.7,161.104,2025-12-24
6592A,0.0,0.0,2025-12-24
6592B,97.4,12.401,2025-12-24
6598,21.6,67.834,2025-12-24
6605,143.5,1120.544,2025-12-24
6606,25.2,25.935,2025-12-24
6614,49.2,101.052,2025-12-24
6625,80.9,118.66,2025-12-24
6641,19.15,16.0,2025-12-24
6645,18.45,16.004,2025-12-24
6655,119.5,5.1,2025-12-24
6657,41.95,97.157,2025-12-24
6658,49.85,325.648,2025-12-24
6666,44.2,47.2,2025-12-24
6668,38.0,221.87,2025-12-24
6669,4240.0,826.634,2025-12-24
6670,255.0,1065.083,2025-12-24
6671,35.55,7.0,2025-12-24
6672,93.0,852.617,2025-12-24
6674,20.7,93.007,2025-12-24
6689,61.7,144.236,2025-12-24
6691,565.0,796.134,2025-12-24
6695,45.3,396.412,2025-12-24
6698,28.5,97.383,2025-12-24
6706,139.5,38080.841,2025-12-24
6715,99.0,23.096,2025-12-24
6719,195.0,132.663,2025-12-24
6742,47.0,127.552,2025-12-24
6743,27.8,45.182,2025-12-24
6753,142.0,2694.866,2025-12-24
6754,47.85,11.526,2025-12-24
6756,82.8,55.859,2025-12-24
6757,65.5,1527.499,2025-12-24
6768,110.5,313.566,2025-12-24
6770,40.4,261731.116,2025-12-24
6771,45.1,4.24,2025-12-24
6776,49.1,89.523,2025-12-24
6781,1285.0,1205.709,2025-12-24
6782,174.0,60.609,2025-12-24
6789,274.5,1412.05,2025-12-24
6790,38.7,40.93,2025-12-24
6792,50.2,25.51,2025-12-24
6794,85.4,162.258,2025-12-24
6796,101.0,173.033,2025-12-24
6799,83.6,118.518,2025-12-24
6805,1585.0,1765.493,2025-12-24
6806,39.95,894.399,2025-12-24
6807,45.8,22.0,2025-12-24
6830,172.5,519.061,2025-12-24
6831,258.0,1571.813,2025-12-24
6834,28.8,165.768,2025-12-24
6835,38.6,103.011,2025-12-24
6838,26.15,146.653,2025-12-24
6854,130.0,146.225,2025-12-24
6861,58.0,46.357,2025-12-24
6862,157.0,186.979,2025-12-24
6863,115.0,65.624,2025-12-24
6869,95.9,718.029,2025-12-24
6873,101.0,321.653,2025-12-24
6885,28.95,163.488,2025-12-24
6887,61.7,14.0,2025-12-24
6890,253.0,500.157,2025-12-24
6901,16.5,384.555,2025-12-24
6902,76.1,18.823,2025-12-24
6906,83.2,47.867,2025-12-24
6909,39.35,245.602,2025-12-24
6914,144.0,24.606,2025-12-24
6916,18.75,70.783,2025-12-24
6918,86.4,7.249,2025-12-24
6919,157.5,3078.169,2025-12-24
6921,92.0,325.728,2025-12-24
6923,96.3,107.25,2025-12-24
6924,71.0,13.0,2025-12-24
6928,52.6,333.755,2025-12-24
6931,62.3,146.904,2025-12-24
6933,149.5,110.336,2025-12-24
6936,35.95,66.534,2025-12-24
6937,217.5,121.781,2025-12-24
6944,685.0,388.461,2025-12-24
6949,359.0,228.138,2025-12-24
6951,71.8,18.002,2025-12-24
6952,42.8,21.0,2025-12-24
6955,152.5,1.56,2025-12-24
6957,200.5,68.726,2025-12-24
6958,16.4,32.329,2025-12-24
6962,39.7,1191.857,2025-12-24
6965,81.6,53.583,2025-12-24
6969,29.1,29.756,2025-12-24
6988,13.0,7.513,2025-12-24
6994,92.8,237.345,2025-12-24
7610,124.5,753.836,2025-12-24
7631,130.5,10.0,2025-12-24
7705,40.05,16.754,2025-12-24
7711,262.0,163.756,2025-12-24
7721,50.6,23.477,2025-12-24
7722,560.0,73.641,2025-12-24
7730,98.6,84.341,2025-12-24
7732,40.95,27.008,2025-12-24
7736,90.3,7.0,2025-12-24
7740,151.0,47.506,2025-12-24
7749,437.5,196.49,2025-12-24
7750,858.0,76.799,2025-12-24
7765,273.5,36.213,2025-12-24
7769,3270.0,327.258,2025-12-24
7780,164.0,332.856,2025-12-24
7786,158.0,78.222,2025-12-24
7788,131.5,1259.47,2025-12-24
7791,72.4,78.614,2025-12-24
7799,485.0,830.626,2025-12-24
8011,22.85,580.521,2025-12-24
8016,181.5,477.734,2025-12-24
8021,170.0,30462.5,2025-12-24
8028,175.5,7548.987,2025-12-24
8033,145.0,12428.907,2025-12-24
8039,90.4,15986.64,2025-12-24
8045,77.6,50.936,2025-12-24
8046,239.0,3936.991,2025-12-24
8070,41.7,1987.036,2025-12-24
8072,29.95,156.844,2025-12-24
8081,210.0,151.336,2025-12-24
8101,16.0,4.098,2025-12-24
8103,83.7,1720.466,2025-12-24
8104,31.75,686.182,2025-12-24
8105,11.35,1040.093,2025-12-24
8110,55.7,5364.99,2025-12-24
8112,74.3,27261.188,2025-12-24
8112A,44.1,10.0,2025-12-24
8114,174.0,117.833,2025-12-24
8131,56.6,22935.145,2025-12-24
8150,45.7,10351.454,2025-12-24
8162,34.3,15.148,2025-12-24
8163,30.6,598.433,2025-12-24
8201,13.7,61.454,2025-12-24
8210,964.0,2704.9,2025-12-24
8213,32.7,224.534,2025-12-24
8215,19.0,382.739,2025-12-24
8222,41.1,205.426,2025-12-24
8249,50.9,368.137,2025-12-24
8261,90.9,1479.344,2025-12-24
8271,100.0,10971.629,2025-12-24
8341,78.0,109.21,2025-12-24
8367,43.65,11.545,2025-12-24
8374,79.6,157.43,2025-12-24
8404,23.95,349.05,2025-12-24
8411,12.4,61.914,2025-12-24
8422,24.5,30821.712,2025-12-24
8429,7.74,190.426,2025-12-24
8438,29.65,73.0,2025-12-24
8442,70.2,15.011,2025-12-24
8443,11.15,28.324,2025-12-24
8454,212.0,418.859,2025-12-24
8462,146.0,82.986,2025-12-24
8463,27.25,50.128,2025-12-24
8464,378.0,303.918,2025-12-24
8466,21.9,39.389,2025-12-24
8467,151.5,82.035,2025-12-24
8473,35.85,175.638,2025-12-24
8476,18.25,89.067,2025-12-24
8478,206.5,124.931,2025-12-24
8481,40.9,11.507,2025-12-24
8482,49.6,2.004,2025-12-24
8487,78.7,1.336,2025-12-24
8488,0.0,0.0,2025-12-24
8499,398.0,453.86,2025-12-24
8926,41.15,496.399,2025-12-24
8940,20.15,29.59,2025-12-24
8996,553.0,5843.722,2025-12-24
9103,4.62,303.907,2025-12-24
910322,24.7,3.112,2025-12-24
9105,5.8,11185.035,2025-12-24
910861,5.28,1.0,2025-12-24
9110,3.2,12.0,2025-12-24
911608,2.77,171.001,2025-12-24
911622,3.97,22.635,2025-12-24
911868,1.34,53.79,2025-12-24
912000,2.74,364.963,2025-12-24
9136,7.47,519.045,2025-12-24
9802,103.5,582.606,2025-12-24
9902,17.25,169.597,2025-12-24
9904,30.25,9323.134,2025-12-24
9905,19.95,31.508,2025-12-24
9906,53.2,243.118,2025-12-24
9907,18.4,9604.036,2025-12-24
9908,29.95,90.407,2025-12-24
9910,113.0,610.783,2025-12-24
9911,83.3,150.765,2025-12-24
9912,12.15,31.913,2025-12-24
9914,82.9,978.534,2025-12-24
9917,106.5,620.491,2025-12-24
9918,39.7,3.153,2025-12-24
9919,16.6,189.329,2025-12-24
9921,93.3,827.809,2025-12-24
9924,53.0,29.544,2025-12-24
9925,40.8,144.846,2025-12-24
9926,49.65,5.033,2025-12-24
9927,68.4,57.747,2025-12-24
9928,20.5,493.689,2025-12-24
9929,10.85,3.89,2025-12-24
9930,70.0,81.72,2025-12-24
9931,0.0,0.061,2025-12-24
9933,31.25,1521.804,2025-12-24
9934,10.1,213.205,2025-12-24
9935,20.55,121.669,2025-12-24
9937,56.8,13632.786,2025-12-24
9938,51.0,1335.146,2025-12-24
9939,121.0,723.519,2025-12-24
9940,22.7,255.602,2025-12-24
9941,90.8,1345.576,2025-12-24
9941A,50.3,5.0,2025-12-24
9942,107.0,71.849,2025-12-24
9943,61.1,33.276,2025-12-24
9944,17.0,40.897,2025-12-24
9945,30.55,8466.852,2025-12-24
9946,19.15,192.299,2025-12-24
9955,31.0,1774.301,2025-12-24
9958,138.5,482.915,2025-12-24
0備註:,0.0,0.0,2025-12-24
漲跌(+/-)欄位符號說明:+/-/X表示漲/跌/不比價。,0.0,0.0,2025-12-24
當證券代號為認購(售)權證及認股權憑證時本益比欄位置為結算價；但如為以外國證券或指數為標的之認購(售)權證及履約方式採歐式者，該欄位為空白。,0.0,0.0,2025-12-24
除境外指數股票型基金及外國股票第二上市外，餘交易單位皆為千股。,0.0,0.0,2025-12-24
本統計資訊含一般、零股、盤後定價、鉅額交易，不含拍賣、標購。,0.0,0.0,2025-12-24
=0050,63.7,101867.829,2025-12-23
=0051,90.45,109.609,2025-12-23
=0052,36.46,27889.438,2025-12-23
=0053,137.1,11.548,2025-12-23
=0055,32.28,191.456,2025-12-23
=0056,36.54,38049.342,2025-12-23
=0057,186.7,24.346,2025-12-23
=0061,23.13,407.438,2025-12-23
=006203,115.8,5.476,2025-12-23
=006204,143.75,3.331,2025-12-23
=006205,39.22,351.248,2025-12-23
=006206,37.05,95.889,2025-12-23
=006207,30.6,173.792,2025-12-23
=006208,146.0,2487.004,2025-12-23
=00625K,0.0,0.0,2025-12-23
=00631L,348.1,2181.172,2025-12-23
=00632R,16.82,25552.177,2025-12-23
=00633L,50.7,7031.091,2025-12-23
=00634R,3.21,317.999,2025-12-23
=00635U,48.16,6154.625,2025-12-23
=00636,27.09,911.448,2025-12-23
=00636K,8.62,0.2,2025-12-23
=00637L,20.84,51446.621,2025-12-23
=00638R,6.82,2135.02,2025-12-23
=00639,15.22,1366.353,2025-12-23
=00640L,77.6,251.664,2025-12-23
=00641R,4.59,838.372,2025-12-23
=00642U,15.16,9835.778,2025-12-23
=00643,16.77,3245.49,2025-12-23
=00643K,0.0,0.0,2025-12-23
=00645,47.72,116.864,2025-12-23
=00646,67.95,6068.814,2025-12-23
=00647L,117.4,296.101,2025-12-23
=00648R,4.35,846.387,2025-12-23
=00650L,17.8,5014.863,2025-12-23
=00651R,5.3,224.799,2025-12-23
=00652,37.62,276.675,2025-12-23
=00653L,58.95,96.246,2025-12-23
=00654R,6.22,6.002,2025-12-23
=00655L,35.32,3011.959,2025-12-23
=00656R,6.03,208.02,2025-12-23
=00657,59.05,4.78,2025-12-23
=00657K,18.81,0.2,2025-12-23
=00660,41.81,26.523,2025-12-23
=00661,64.7,50.706,2025-12-23
=00662,103.15,3352.404,2025-12-23
=00663L,45.4,6049.3,2025-12-23
=00664R,2.71,5659.604,2025-12-23
=00665L,10.81,11948.789,2025-12-23
=00666R,8.86,52.0,2025-12-23
=00668,55.6,18.2,2025-12-23
=00668K,17.68,0.2,2025-12-23
=00669R,5.68,2010.4,2025-12-23
=00670L,163.85,828.146,2025-12-23
=00671R,2.84,7825.596,2025-12-23
=00673R,28.42,3001.846,2025-12-23
=00674R,5.68,2490.019,2025-12-23
=00675L,138.05,1865.104,2025-12-23
=00676R,9.24,2126.85,2025-12-23
=00678,35.35,297.835,2025-12-23
=00680L,7.26,19778.666,2025-12-23
=00681R,20.77,2.0,2025-12-23
=00682U,20.14,11.094,2025-12-23
=00683L,20.6,108.568,2025-12-23
=00684R,15.68,39.0,2025-12-23
=00685L,123.85,735.386,2025-12-23
=00686R,1.66,472.05,2025-12-23
=00688L,7.25,4870.811,2025-12-23
=00689R,21.64,1.0,2025-12-23
=00690,43.64,492.574,2025-12-23
=00692,56.05,752.591,2025-12-23
=00693U,20.32,861.13,2025-12-23
=00700,18.26,210.018,2025-12-23
=00701,29.31,1567.53,2025-12-23
=00702,23.32,120.979,2025-12-23
=00703,21.68,69.45,2025-12-23
=00706L,20.75,2230.756,2025-12-23
=00707R,0.0,0.0,2025-12-23
=00708L,97.8,5208.385,2025-12-23
=00709,36.7,58.798,2025-12-23
=00710B,18.97,149.704,2025-12-23
=00711B,16.36,133.506,2025-12-23
=00712,9.22,19142.565,2025-12-23
=00713,50.6,6232.787,2025-12-23
=00714,19.94,244.845,2025-12-23
=00715L,19.81,56731.128,2025-12-23
=00717,15.11,121.096,2025-12-23
=00728,36.24,96.548,2025-12-23
=00730,23.27,82.447,2025-12-23
=00731,69.25,594.924,2025-12-23
=00733,45.48,492.215,2025-12-23
=00735,49.88,234.197,2025-12-23
=00736,27.85,112.174,2025-12-23
=00737,36.18,111.317,2025-12-23
=00738U,57.2,10854.455,2025-12-23
=00739,26.37,355.599,2025-12-23
=00752,26.14,873.022,2025-12-23
=00753L,12.35,11300.887,2025-12-23
=00757,118.9,1567.562,2025-12-23
=00762,83.5,154.957,2025-12-23
=00763U,30.25,1623.201,2025-12-23
=00770,58.25,251.275,2025-12-23
=00771,16.09,7.582,2025-12-23
=00775B,32.72,1.0,2025-12-23
=00783,24.98,126.941,2025-12-23
=00830,58.1,18059.215,2025-12-23
=00850,54.15,1142.893,2025-12-23
=00851,56.15,22.723,2025-12-23
=00852L,30.88,112.539,2025-12-23
=00861,54.9,103.048,2025-12-23
=00865B,47.26,1855.627,2025-12-23
=00875,39.26,232.104,2025-12-23
=00876,51.15,429.03,2025-12-23
=00878,21.61,28719.517,2025-12-23
=00881,31.8,5516.403,2025-12-23
=00882,15.3,10036.207,2025-12-23
=00885,17.99,15564.899,2025-12-23
=00891,19.36,3640.625,2025-12-23
=00892,21.3,1090.769,2025-12-23
=00893,32.94,1386.733,2025-12-23
=00894,26.65,1168.333,2025-12-23
=00895,39.3,982.656,2025-12-23
=00896,18.72,1694.322,2025-12-23
=00897,8.96,1952.053,2025-12-23
=00898,8.02,2052.395,2025-12-23
=00899,20.37,210.187,2025-12-23
=00900,13.61,7027.549,2025-12-23
=00901,24.3,726.614,2025-12-23
=00902,13.14,1687.428,2025-12-23
=00903,17.63,117.065,2025-12-23
=00904,22.28,858.604,2025-12-23
=00905,17.04,1256.895,2025-12-23
=00907,15.29,348.793,2025-12-23
=00908,13.76,197.609,2025-12-23
=00909,40.6,2075.651,2025-12-23
=00910,44.86,4549.764,2025-12-23
=00911,33.21,243.229,2025-12-23
=00912,21.24,124.903,2025-12-23
=00913,24.16,248.995,2025-12-23
=00915,23.06,4152.039,2025-12-23
=00916,27.48,122.251,2025-12-23
=00917,25.57,201.485,2025-12-23
=00918,22.42,11946.391,2025-12-23
=00919,22.46,65694.568,2025-12-23
=00920,18.26,46.357,2025-12-23
=00921,17.51,286.971,2025-12-23
=00922,25.29,8084.166,2025-12-23
=00923,25.4,1170.764,2025-12-23
=00924,29.23,1219.343,2025-12-23
=00926,23.2,821.625,2025-12-23
=00927,20.95,1083.517,2025-12-23
=00929,17.81,8675.476,2025-12-23
=00930,17.25,774.145,2025-12-23
=00932,14.19,171.504,2025-12-23
=00934,20.3,2615.854,2025-12-23
=00935,29.34,1280.629,2025-12-23
=00936,15.86,1377.544,2025-12-23
=00938,17.28,591.399,2025-12-23
=00939,14.63,4418.797,2025-12-23
=00940,9.23,11727.79,2025-12-23
=00941,17.36,2032.492,2025-12-23
=00943,14.29,103.143,2025-12-23
=00944,14.41,378.853,2025-12-23
=00945B,14.51,2647.083,2025-12-23
=00946,9.59,6992.246,2025-12-23
=00947,17.76,370.312,2025-12-23
=00949,18.47,546.154,2025-12-23
=00951,11.16,923.472,2025-12-23
=00952,11.67,1993.633,2025-12-23
=00953B,9.75,27634.114,2025-12-23
=00954,11.98,595.878,2025-12-23
=00956,11.46,54.001,2025-12-23
=00960,14.22,467.846,2025-12-23
=00961,9.33,885.08,2025-12-23
=00962,10.6,445.616,2025-12-23
=00963,11.4,326.297,2025-12-23
=00964,11.39,793.673,2025-12-23
=00965,22.99,4722.08,2025-12-23
=00971,16.14,626.794,2025-12-23
=00972,18.04,332.39,2025-12-23
=009800,11.17,2479.012,2025-12-23
=009801,11.21,765.159,2025-12-23
=009802,11.08,3469.001,2025-12-23
=009803,12.61,2350.367,2025-12-23
=009804,14.4,641.934,2025-12-23
=009805,12.58,14064.657,2025-12-23
=009808,19.34,476.245,2025-12-23
=009809,10.44,851.402,2025-12-23
=00980A,14.9,7719.437,2025-12-23
=009810,18.5,61.667,2025-12-23
=009811,11.75,3116.634,2025-12-23
=009812,10.72,1135.233,2025-12-23
=009813,10.56,8387.064,2025-12-23
=00981A,16.29,60581.346,2025-12-23
=00981T,10.53,1762.544,2025-12-23
=00982A,14.02,30937.177,2025-12-23
=00982D,10.15,4142.471,2025-12-23
=00983A,12.35,2981.451,2025-12-23
=00983D,10.27,342.796,2025-12-23
=00984A,10.87,4528.982,2025-12-23
=00985A,13.02,5684.77,2025-12-23
=00985B,10.33,4477.075,2025-12-23
=00986A,11.59,803.094,2025-12-23
=00988A,10.12,21603.968,2025-12-23
=00989A,15.4,2536.844,2025-12-23
=00990A,10.14,125966.186,2025-12-23
=00991A,10.03,80779.439,2025-12-23
=01001T,11.56,201.0,2025-12-23
=01002T,14.49,43.368,2025-12-23
=01004T,10.71,297.0,2025-12-23
=01007T,13.31,100.02,2025-12-23
=01009T,6.8,172.0,2025-12-23
=01010T,0.0,0.001,2025-12-23
=020000,0.0,0.0,2025-12-23
=020011,0.0,0.0,2025-12-23
=020012,0.0,0.0,2025-12-23
=02001L,46.4,38.0,2025-12-23
=02001R,0.89,1.0,2025-12-23
=020020,15.28,4.0,2025-12-23
=020028,12.7,2.0,2025-12-23
=020029,9.65,1.0,2025-12-23
=020030,8.72,49.0,2025-12-23
=020031,0.0,0.0,2025-12-23
=020032,7.73,3.0,2025-12-23
=020034,7.35,13.0,2025-12-23
=020036,0.0,0.0,2025-12-23
=020037,8.47,3.0,2025-12-23
=020038,7.4,2.0,2025-12-23
=020039,8.94,5.0,2025-12-23
1101,22.65,8302.118,2025-12-23
1101B,45.5,3.186,2025-12-23
1102,36.35,16075.588,2025-12-23
1103,14.0,210.732,2025-12-23
1104,30.15,397.709,2025-12-23
1108,14.85,75.255,2025-12-23
1109,15.5,39.031,2025-12-23
1110,16.4,70.001,2025-12-23
1201,14.7,142.725,2025-12-23
1203,39.5,2.057,2025-12-23
1210,50.9,1073.123,2025-12-23
1213,10.5,4.011,2025-12-23
1215,135.5,3627.01,2025-12-23
1216,77.3,20071.869,2025-12-23
1217,10.6,464.095,2025-12-23
1218,18.2,196.253,2025-12-23
1219,13.5,94.072,2025-12-23
1220,12.5,86.265,2025-12-23
1225,29.5,58.146,2025-12-23
1227,30.65,305.254,2025-12-23
1229,48.25,2081.896,2025-12-23
1231,97.8,280.059,2025-12-23
1232,144.0,34.368,2025-12-23
1233,31.85,2.001,2025-12-23
1234,37.8,56.177,2025-12-23
1235,47.2,5.025,2025-12-23
1236,26.05,91.088,2025-12-23
1256,137.5,18.947,2025-12-23
1301,40.1,9438.719,2025-12-23
1303,58.8,62689.338,2025-12-23
1304,11.45,2687.974,2025-12-23
1305,11.3,887.813,2025-12-23
1307,33.55,789.349,2025-12-23
1308,13.7,915.359,2025-12-23
1309,11.45,599.57,2025-12-23
1310,8.6,936.174,2025-12-23
1312,11.6,2384.496,2025-12-23
1312A,0.0,0.0,2025-12-23
1313,10.5,1011.848,2025-12-23
1314,8.02,9318.661,2025-12-23
1315,64.2,4.78,2025-12-23
1316,16.35,5488.59,2025-12-23
1319,95.2,822.384,2025-12-23
1321,35.1,80.149,2025-12-23
1323,19.55,17.353,2025-12-23
1324,10.4,15.028,2025-12-23
1325,30.7,375.436,2025-12-23
1326,33.0,15258.319,2025-12-23
1337,4.89,575.426,2025-12-23
1338,20.6,36.085,2025-12-23
1339,44.2,10.296,2025-12-23
1340,7.84,821.39,2025-12-23
1341,58.2,1.061,2025-12-23
1342,88.4,49.522,2025-12-23
1402,28.2,4171.083,2025-12-23
1409,15.65,3232.031,2025-12-23
1410,34.4,6.021,2025-12-23
1413,10.0,6.13,2025-12-23
1414,17.05,144.031,2025-12-23
1416,11.95,405.513,2025-12-23
1417,8.94,119.142,2025-12-23
1418,19.5,2.021,2025-12-23
1419,72.5,209.837,2025-12-23
1423,38.15,3.578,2025-12-23
1432,18.15,97.799,2025-12-23
1434,16.2,1255.851,2025-12-23
1435,22.1,2.182,2025-12-23
1436,63.6,86.21,2025-12-23
1437,34.45,101.323,2025-12-23
1438,34.0,54.92,2025-12-23
1439,29.7,34.406,2025-12-23
1440,13.5,963.523,2025-12-23
1441,10.45,13.364,2025-12-23
1442,30.05,7263.218,2025-12-23
1443,0.0,0.464,2025-12-23
1444,6.16,631.103,2025-12-23
1445,13.2,26.617,2025-12-23
1446,18.15,51.0,2025-12-23
1447,5.47,419.841,2025-12-23
1449,11.1,432.151,2025-12-23
1451,17.35,164.545,2025-12-23
1452,11.9,48.622,2025-12-23
1453,12.8,51.802,2025-12-23
1454,13.6,87.702,2025-12-23
1455,7.72,229.699,2025-12-23
1456,12.9,99.624,2025-12-23
1457,15.75,40.086,2025-12-23
1459,11.8,41.534,2025-12-23
1460,6.26,487.79,2025-12-23
1463,19.7,33.422,2025-12-23
1464,11.25,261.851,2025-12-23
1465,12.6,232.615,2025-12-23
1466,14.4,57.49,2025-12-23
1467,7.05,26.796,2025-12-23
1468,11.95,33.0,2025-12-23
1470,0.0,0.069,2025-12-23
1471,8.74,127.665,2025-12-23
1472,89.1,14.039,2025-12-23
1473,24.7,48.73,2025-12-23
1474,11.0,27.793,2025-12-23
1475,30.45,40.472,2025-12-23
1476,387.5,603.693,2025-12-23
1477,298.5,1394.019,2025-12-23
1503,172.0,512.058,2025-12-23
1504,85.3,30802.848,2025-12-23
1506,11.65,35.493,2025-12-23
1512,7.49,25.664,2025-12-23
1513,151.0,1195.318,2025-12-23
1514,101.5,1872.957,2025-12-23
1515,28.0,239.576,2025-12-23
1516,22.7,154.662,2025-12-23
1517,11.2,80.445,2025-12-23
1519,789.0,4512.046,2025-12-23
1521,24.0,38.033,2025-12-23
1522,46.4,1370.588,2025-12-23
1522A,0.0,0.0,2025-12-23
1524,28.35,636.795,2025-12-23
1525,63.7,8.005,2025-12-23
1526,16.65,40.088,2025-12-23
1527,33.0,59.359,2025-12-23
1528,16.6,7335.966,2025-12-23
1529,19.25,533.454,2025-12-23
1530,27.2,18.003,2025-12-23
1531,11.9,35.877,2025-12-23
1532,26.85,269.835,2025-12-23
1533,32.9,68.668,2025-12-23
1535,52.7,14.345,2025-12-23
1536,58.2,1006.412,2025-12-23
1537,125.5,15.439,2025-12-23
1538,25.7,27.743,2025-12-23
1539,17.15,55.1,2025-12-23
1540,23.1,198.078,2025-12-23
1541,23.75,2.012,2025-12-23
1558,102.0,91.265,2025-12-23
1560,370.5,1765.661,2025-12-23
1563,45.8,1658.318,2025-12-23
1568,22.25,80.384,2025-12-23
1582,66.3,345.412,2025-12-23
1583,45.8,3.082,2025-12-23
1587,55.7,9297.146,2025-12-23
1589,17.0,525.859,2025-12-23
1590,941.0,266.22,2025-12-23
1597,73.0,99.158,2025-12-23
1598,20.85,149.351,2025-12-23
1603,37.3,144.198,2025-12-23
1604,24.5,103.389,2025-12-23
1605,30.55,24919.15,2025-12-23
1608,36.95,2351.147,2025-12-23
1609,38.15,1848.902,2025-12-23
1611,12.7,458.644,2025-12-23
1612,34.45,500.438,2025-12-23
1614,34.15,18.481,2025-12-23
1615,48.9,57.824,2025-12-23
1616,28.5,513.492,2025-12-23
1617,14.3,116.163,2025-12-23
1618,41.9,403.664,2025-12-23
1626,11.5,122.245,2025-12-23
1702,39.05,170.516,2025-12-23
1707,127.5,37.303,2025-12-23
1708,33.25,805.276,2025-12-23
1709,16.7,208.945,2025-12-23
1710,12.2,804.639,2025-12-23
1711,19.8,8134.024,2025-12-23
1712,44.15,241.636,2025-12-23
1713,43.8,87.142,2025-12-23
1714,8.34,797.095,2025-12-23
1717,41.95,17316.689,2025-12-23
1718,6.97,1053.219,2025-12-23
1720,60.1,111.894,2025-12-23
1721,13.1,5955.088,2025-12-23
1722,47.35,1243.044,2025-12-23
1723,68.7,261.237,2025-12-23
1725,27.0,162.326,2025-12-23
1726,75.9,14.455,2025-12-23
1727,47.7,15476.657,2025-12-23
1730,52.9,18.701,2025-12-23
1731,21.7,63.83,2025-12-23
1732,28.5,76.735,2025-12-23
1733,30.9,81.423,2025-12-23
1734,30.5,63.839,2025-12-23
1735,19.4,1619.283,2025-12-23
1736,145.5,313.452,2025-12-23
1737,31.65,199.947,2025-12-23
1752,37.8,70.259,2025-12-23
1760,63.5,109.601,2025-12-23
1762,24.75,25.783,2025-12-23
1773,136.5,543.246,2025-12-23
1776,15.9,338.724,2025-12-23
1783,42.8,43.643,2025-12-23
1786,75.0,251.208,2025-12-23
1789,17.45,526.552,2025-12-23
1795,283.5,1613.776,2025-12-23
1802,35.5,66038.155,2025-12-23
1805,11.5,581.595,2025-12-23
1806,9.3,182.104,2025-12-23
1808,34.2,1060.322,2025-12-23
1809,17.8,215.846,2025-12-23
1810,17.25,1421.474,2025-12-23
1817,38.3,29.2,2025-12-23
1903,55.5,356.943,2025-12-23
1904,17.45,704.475,2025-12-23
1905,11.7,1304.419,2025-12-23
1906,11.85,112.61,2025-12-23
1907,25.5,1233.481,2025-12-23
1909,10.0,1569.771,2025-12-23
2002,18.6,17108.681,2025-12-23
2002A,38.75,18.695,2025-12-23
2006,64.2,2124.185,2025-12-23
2007,7.32,133.566,2025-12-23
2008,29.05,22.486,2025-12-23
2009,44.45,3678.737,2025-12-23
2010,20.95,975.644,2025-12-23
2012,15.0,35.716,2025-12-23
2013,41.6,31.732,2025-12-23
2014,15.35,1772.146,2025-12-23
2015,61.8,549.911,2025-12-23
2017,8.45,89.799,2025-12-23
2020,23.4,140.421,2025-12-23
2022,8.26,236.526,2025-12-23
2023,14.8,1496.137,2025-12-23
2024,15.4,13.752,2025-12-23
2025,9.43,104.766,2025-12-23
2027,35.1,26433.38,2025-12-23
2028,16.9,52.79,2025-12-23
2029,21.0,122.671,2025-12-23
2030,13.9,145.235,2025-12-23
2031,37.65,250.472,2025-12-23
2032,14.15,59.19,2025-12-23
2033,15.8,64.73,2025-12-23
2034,20.55,1371.807,2025-12-23
2038,14.1,85.945,2025-12-23
2049,197.0,783.817,2025-12-23
2059,3730.0,543.347,2025-12-23
2062,21.5,109.247,2025-12-23
2069,17.5,310.391,2025-12-23
2101,37.5,1168.738,2025-12-23
2102,19.55,510.993,2025-12-23
2103,15.9,1123.881,2025-12-23
2104,11.85,4674.205,2025-12-23
2105,29.85,10088.145,2025-12-23
2106,20.05,1226.774,2025-12-23
2107,24.45,166.729,2025-12-23
2108,22.55,187.984,2025-12-23
2109,15.05,75.3,2025-12-23
2114,89.9,19.894,2025-12-23
2115,24.45,91.304,2025-12-23
2201,33.8,8399.659,2025-12-23
2204,60.5,509.036,2025-12-23
2206,60.1,1027.347,2025-12-23
2207,564.0,728.493,2025-12-23
2208,20.5,4009.304,2025-12-23
2211,102.0,4597.515,2025-12-23
2227,55.4,36.275,2025-12-23
2228,108.0,1376.535,2025-12-23
2231,96.3,1165.353,2025-12-23
2233,195.0,589.033,2025-12-23
2236,115.5,308.711,2025-12-23
2239,37.0,59.261,2025-12-23
2241,37.5,391.409,2025-12-23
2243,11.6,115.673,2025-12-23
2247,285.5,38.254,2025-12-23
2248,49.15,8.0,2025-12-23
2250,71.6,60.423,2025-12-23
2254,59.9,1.004,2025-12-23
2258,41.2,1636.652,2025-12-23
2301,163.0,14877.931,2025-12-23
2302,17.55,207.499,2025-12-23
2303,50.0,46416.828,2025-12-23
2305,11.15,269.563,2025-12-23
2308,943.0,6033.66,2025-12-23
2312,22.9,16390.677,2025-12-23
2313,101.5,109778.078,2025-12-23
2314,22.75,60.504,2025-12-23
2316,103.0,1650.833,2025-12-23
2317,224.0,29629.268,2025-12-23
2321,0.0,0.227,2025-12-23
2323,10.6,4735.457,2025-12-23
2324,30.0,24282.883,2025-12-23
2327,222.5,10615.102,2025-12-23
2328,46.65,1327.599,2025-12-23
2329,50.3,6805.866,2025-12-23
2330,1490.0,22337.117,2025-12-23
2331,23.15,5183.782,2025-12-23
2332,15.7,2628.842,2025-12-23
2337,38.5,84708.441,2025-12-23
2338,37.3,3478.4,2025-12-23
2340,27.1,1937.741,2025-12-23
2342,29.0,1053.661,2025-12-23
2344,73.0,155196.257,2025-12-23
2345,1185.0,3032.302,2025-12-23
2347,58.7,7495.3,2025-12-23
2348,81.9,192.823,2025-12-23
2348A,36.6,5.223,2025-12-23
2349,15.0,6940.626,2025-12-23
2351,76.0,340.243,2025-12-23
2352,24.2,10291.099,2025-12-23
2353,25.6,18644.19,2025-12-23
2354,61.7,2877.802,2025-12-23
2355,32.15,790.373,2025-12-23
2356,43.05,10670.009,2025-12-23
2357,546.0,9190.451,2025-12-23
2359,128.5,987.171,2025-12-23
2360,763.0,2984.211,2025-12-23
2362,40.35,242.903,2025-12-23
2363,47.9,1466.053,2025-12-23
2364,68.4,101.423,2025-12-23
2365,35.55,1822.474,2025-12-23
2367,27.75,36195.884,2025-12-23
2368,651.0,6220.432,2025-12-23
2369,22.4,4711.556,2025-12-23
2371,31.6,22691.952,2025-12-23
2373,56.3,24.585,2025-12-23
2374,76.7,4094.123,2025-12-23
2375,89.6,1841.844,2025-12-23
2376,234.0,2081.815,2025-12-23
2377,98.6,7853.026,2025-12-23
2379,488.0,1678.421,2025-12-23
2380,4.85,155.729,2025-12-23
2382,264.5,18187.17,2025-12-23
2383,1615.0,1428.123,2025-12-23
2385,117.0,2733.059,2025-12-23
2387,39.7,261.827,2025-12-23
2388,55.2,6030.962,2025-12-23
2390,9.99,257.203,2025-12-23
2392,37.7,593.121,2025-12-23
2393,54.5,12188.499,2025-12-23
2395,284.5,1162.191,2025-12-23
2397,61.2,116.749,2025-12-23
2399,26.0,22853.273,2025-12-23
2401,20.35,1193.914,2025-12-23
2402,64.5,48603.248,2025-12-23
2404,954.0,2976.429,2025-12-23
2405,18.45,1301.294,2025-12-23
2406,27.2,46234.904,2025-12-23
2408,176.5,74676.446,2025-12-23
2409,11.3,47570.502,2025-12-23
2412,130.5,4036.752,2025-12-23
2413,37.0,11990.786,2025-12-23
2414,41.25,63.53,2025-12-23
2415,25.85,101.377,2025-12-23
2417,35.15,345.381,2025-12-23
2419,24.9,2179.38,2025-12-23
2420,50.7,117.672,2025-12-23
2421,155.5,1635.268,2025-12-23
2423,55.2,99.009,2025-12-23
2424,38.7,56.215,2025-12-23
2425,30.9,500.992,2025-12-23
2426,16.9,487.429,2025-12-23
2427,27.2,333.967,2025-12-23
2428,173.5,463.824,2025-12-23
2429,80.9,1031.568,2025-12-23
2430,23.0,30.828,2025-12-23
2431,11.5,398.832,2025-12-23
2432,25.95,45.0,2025-12-23
2433,47.45,17.029,2025-12-23
2434,31.1,9.246,2025-12-23
2436,47.75,1160.849,2025-12-23
2438,21.7,50.679,2025-12-23
2439,98.9,3640.94,2025-12-23
2440,14.6,689.214,2025-12-23
2441,87.4,10684.469,2025-12-23
2442,26.15,521.608,2025-12-23
2444,11.8,271.16,2025-12-23
2449,220.0,8092.137,2025-12-23
2450,28.9,63.618,2025-12-23
2451,182.5,4917.238,2025-12-23
2453,53.3,145.911,2025-12-23
2454,1390.0,5671.118,2025-12-23
2455,153.0,14960.602,2025-12-23
2457,29.55,3804.491,2025-12-23
2458,129.0,2554.571,2025-12-23
2459,65.6,23.153,2025-12-23
2460,19.3,186.469,2025-12-23
2461,14.85,1347.65,2025-12-23
2462,22.5,316.71,2025-12-23
2464,61.9,3762.557,2025-12-23
2465,61.1,397.045,2025-12-23
2466,67.0,1283.019,2025-12-23
2467,234.5,2395.253,2025-12-23
2468,42.9,437.874,2025-12-23
2471,49.95,33.101,2025-12-23
2472,105.5,1843.465,2025-12-23
2474,194.5,3073.692,2025-12-23
2476,88.5,1249.386,2025-12-23
2477,23.9,63.48,2025-12-23
2478,56.3,591.655,2025-12-23
2480,151.0,61.276,2025-12-23
2481,83.4,10414.149,2025-12-23
2482,17.5,59.422,2025-12-23
2483,18.7,20.967,2025-12-23
2484,20.9,205.013,2025-12-23
2485,29.3,31254.717,2025-12-23
2486,92.3,5136.469,2025-12-23
2488,45.55,91.382,2025-12-23
2489,14.75,3764.116,2025-12-23
2491,21.6,4259.606,2025-12-23
2492,116.0,2518.255,2025-12-23
2493,99.2,585.728,2025-12-23
2495,31.05,18666.141,2025-12-23
2496,68.6,43.095,2025-12-23
2497,46.45,225.066,2025-12-23
2498,49.75,4833.399,2025-12-23
2501,23.65,3124.787,2025-12-23
2504,38.05,11382.068,2025-12-23
2505,19.85,388.932,2025-12-23
2506,9.41,105.383,2025-12-23
2509,15.45,437.244,2025-12-23
2511,8.17,578.001,2025-12-23
2514,14.85,23.563,2025-12-23
2515,13.3,5125.311,2025-12-23
2516,14.95,335.655,2025-12-23
2520,35.0,9734.481,2025-12-23
2524,42.6,78.068,2025-12-23
2527,28.3,136.808,2025-12-23
2528,31.2,511.895,2025-12-23
2530,28.75,752.728,2025-12-23
2534,20.65,321.768,2025-12-23
2535,62.5,120.4,2025-12-23
2536,26.5,105.829,2025-12-23
2537,12.25,7413.185,2025-12-23
2538,11.4,279.383,2025-12-23
2539,48.0,286.448,2025-12-23
2540,50.5,1043.767,2025-12-23
2542,39.35,3062.872,2025-12-23
2543,62.1,1283.146,2025-12-23
2545,39.0,201.039,2025-12-23
2546,87.3,46.296,2025-12-23
2547,10.75,769.77,2025-12-23
2548,118.0,2841.339,2025-12-23
2597,167.0,361.981,2025-12-23
2601,5.54,469.645,2025-12-23
2603,186.0,6753.817,2025-12-23
2605,26.4,5168.896,2025-12-23
2606,61.2,5676.644,2025-12-23
2607,57.5,2617.716,2025-12-23
2608,33.15,115.185,2025-12-23
2609,52.8,7323.327,2025-12-23
2610,19.9,11936.046,2025-12-23
2611,14.9,163.711,2025-12-23
2612,60.0,906.605,2025-12-23
2613,23.55,301.618,2025-12-23
2614,22.6,1248.619,2025-12-23
2615,78.5,2817.805,2025-12-23
2616,13.6,62.412,2025-12-23
2617,30.7,332.814,2025-12-23
2618,36.5,10383.364,2025-12-23
2630,54.6,16224.482,2025-12-23
2633,28.05,3369.174,2025-12-23
2634,51.7,15443.118,2025-12-23
2636,66.3,167.066,2025-12-23
2637,69.0,3509.932,2025-12-23
2642,26.3,46.485,2025-12-23
2645,147.0,6106.238,2025-12-23
2646,23.7,4702.955,2025-12-23
2701,11.1,53.232,2025-12-23
2702,11.95,10.345,2025-12-23
2704,43.55,150.214,2025-12-23
2705,16.7,3248.366,2025-12-23
2706,12.9,145.472,2025-12-23
2707,189.0,43.138,2025-12-23
2712,18.0,6.11,2025-12-23
2722,26.4,52.709,2025-12-23
2723,71.2,354.491,2025-12-23
2727,218.0,146.669,2025-12-23
2731,166.5,194.668,2025-12-23
2739,35.6,22.061,2025-12-23
2748,42.9,113.072,2025-12-23
2753,197.0,300.298,2025-12-23
2762,76.6,46.359,2025-12-23
2801,21.0,12414.221,2025-12-23
2812,21.35,7873.268,2025-12-23
2816,29.35,118.947,2025-12-23
2820,16.9,273.313,2025-12-23
2832,50.8,136.477,2025-12-23
2834,16.2,9429.548,2025-12-23
2836,12.5,2146.383,2025-12-23
2836A,0.0,0.6,2025-12-23
2838,19.8,1226.66,2025-12-23
2838A,54.5,22.0,2025-12-23
2845,12.9,3794.894,2025-12-23
2849,13.5,55.888,2025-12-23
2850,118.0,208.48,2025-12-23
2851,26.2,259.916,2025-12-23
2852,27.9,344.913,2025-12-23
2855,24.2,1354.908,2025-12-23
2867,7.88,17901.842,2025-12-23
2880,32.0,49178.926,2025-12-23
2881,98.1,16397.664,2025-12-23
2881A,63.4,48.279,2025-12-23
2881B,61.7,42.085,2025-12-23
2881C,53.5,23.182,2025-12-23
2882,76.7,39725.029,2025-12-23
2882A,60.7,3508.465,2025-12-23
2882B,60.0,5.353,2025-12-23
2883,17.7,33168.868,2025-12-23
2883B,7.88,827.144,2025-12-23
2884,33.55,106150.508,2025-12-23
2885,40.55,30848.461,2025-12-23
2886,40.95,12647.133,2025-12-23
2887,20.9,362589.926,2025-12-23
2887E,49.75,118.075,2025-12-23
2887F,46.4,13.058,2025-12-23
2887G,39.65,138.251,2025-12-23
2887H,38.95,114.671,2025-12-23
2887I,9.33,5890.958,2025-12-23
2887Z1,16.6,118.967,2025-12-23
2889,16.45,3927.995,2025-12-23
2890,29.05,31727.814,2025-12-23
2891,50.4,51498.944,2025-12-23
2891B,63.8,3.032,2025-12-23
2891C,60.3,2.124,2025-12-23
2892,29.65,99303.618,2025-12-23
2897,9.19,1115.82,2025-12-23
2897B,11.85,10.0,2025-12-23
2901,25.2,5.74,2025-12-23
2903,22.3,6711.511,2025-12-23
2904,17.05,36.7,2025-12-23
2905,16.3,1407.125,2025-12-23
2906,12.9,206.273,2025-12-23
2908,20.4,346.174,2025-12-23
2910,0.0,0.3,2025-12-23
2911,4.7,32.522,2025-12-23
2912,221.5,2163.051,2025-12-23
2913,13.75,573.997,2025-12-23
2915,56.1,1283.185,2025-12-23
2923,19.95,56.078,2025-12-23
2929,7.95,108.44,2025-12-23
2939,23.6,53.605,2025-12-23
2945,38.15,4.113,2025-12-23
3002,26.6,1583.64,2025-12-23
3003,48.7,146.494,2025-12-23
3004,105.5,939.305,2025-12-23
3005,119.0,1498.575,2025-12-23
3006,87.7,15630.001,2025-12-23
3008,2245.0,584.197,2025-12-23
3010,113.0,1421.168,2025-12-23
3011,14.8,1581.29,2025-12-23
3013,131.0,2835.608,2025-12-23
3014,115.5,351.209,2025-12-23
3015,53.3,186.011,2025-12-23
3016,51.2,1054.517,2025-12-23
3017,1510.0,4084.157,2025-12-23
3018,11.9,4.533,2025-12-23
3019,139.5,2077.234,2025-12-23
3021,17.6,63.184,2025-12-23
3022,65.2,1222.579,2025-12-23
3023,199.0,1473.594,2025-12-23
3024,11.2,504.175,2025-12-23
3025,65.5,3646.106,2025-12-23
3026,101.0,507.82,2025-12-23
3027,23.7,297.047,2025-12-23
3028,38.4,1128.93,2025-12-23
3029,112.5,455.636,2025-12-23
3030,192.5,7087.671,2025-12-23
3031,19.85,209.657,2025-12-23
3032,77.2,514.227,2025-12-23
3033,30.8,653.167,2025-12-23
3034,374.5,1337.997,2025-12-23
3035,164.0,1406.611,2025-12-23
3036,146.0,12564.862,2025-12-23
3036A,51.3,77.179,2025-12-23
3037,215.5,15591.482,2025-12-23
3038,23.65,723.837,2025-12-23
3040,56.5,70.216,2025-12-23
3041,25.05,237.732,2025-12-23
3042,83.0,884.834,2025-12-23
3043,21.65,56.029,2025-12-23
3044,312.5,3984.909,2025-12-23
3045,106.5,39630.238,2025-12-23
3046,52.9,155.833,2025-12-23
3047,18.7,1577.504,2025-12-23
3048,39.55,2433.416,2025-12-23
3049,7.36,1846.423,2025-12-23
3050,13.65,1057.849,2025-12-23
3051,18.65,350.256,2025-12-23
3052,11.95,1160.568,2025-12-23
3054,27.75,66.319,2025-12-23
3055,76.0,609.945,2025-12-23
3056,18.1,662.416,2025-12-23
3057,20.7,2236.206,2025-12-23
3058,10.65,220.153,2025-12-23
3059,41.1,1451.216,2025-12-23
3060,33.65,20526.64,2025-12-23
3062,24.0,1785.166,2025-12-23
3090,94.7,3720.83,2025-12-23
3092,16.55,295.296,2025-12-23
3094,24.25,70.026,2025-12-23
3130,224.0,15.218,2025-12-23
3135,63.5,722.341,2025-12-23
3138,111.0,2791.828,2025-12-23
3149,33.5,860.348,2025-12-23
3150,21.15,133.598,2025-12-23
3164,18.2,25.512,2025-12-23
3167,223.0,7987.638,2025-12-23
3168,0.0,0.005,2025-12-23
3189,142.5,14751.212,2025-12-23
3209,31.7,218.285,2025-12-23
3229,27.2,404.803,2025-12-23
3231,145.0,21399.801,2025-12-23
3257,70.8,1496.511,2025-12-23
3266,13.95,37.322,2025-12-23
3296,24.85,149.391,2025-12-23
3305,110.0,9377.689,2025-12-23
3308,15.65,56.707,2025-12-23
3311,31.2,79.476,2025-12-23
3312,36.3,323.728,2025-12-23
3321,18.9,425.328,2025-12-23
3338,49.3,130.893,2025-12-23
3346,18.95,99.242,2025-12-23
3356,47.45,507.456,2025-12-23
3376,205.5,2959.875,2025-12-23
3380,31.4,1369.072,2025-12-23
3406,423.5,710.807,2025-12-23
3413,294.0,585.858,2025-12-23
3416,153.0,157.821,2025-12-23
3419,12.75,131.328,2025-12-23
3432,14.0,1.0,2025-12-23
3437,14.45,178.159,2025-12-23
3443,2025.0,1130.497,2025-12-23
3447,50.2,2088.854,2025-12-23
3450,261.0,19156.669,2025-12-23
3454,98.7,327.697,2025-12-23
3481,13.05,94214.159,2025-12-23
3494,8.05,148.331,2025-12-23
3501,49.15,100.582,2025-12-23
3504,51.6,50.736,2025-12-23
3515,251.5,411.277,2025-12-23
3518,20.85,134.039,2025-12-23
3528,67.4,45.254,2025-12-23
3530,72.0,219.671,2025-12-23
3532,93.2,709.236,2025-12-23
3533,1295.0,393.877,2025-12-23
3535,91.0,2779.665,2025-12-23
3543,44.85,5308.31,2025-12-23
3545,50.6,1050.856,2025-12-23
3550,14.6,1425.656,2025-12-23
3557,36.0,8.815,2025-12-23
3563,502.0,387.844,2025-12-23
3576,9.11,26309.216,2025-12-23
3583,329.5,335.247,2025-12-23
3588,48.4,124.348,2025-12-23
3591,18.65,198.137,2025-12-23
3592,229.5,1877.389,2025-12-23
3593,11.9,58.359,2025-12-23
3596,181.0,385.33,2025-12-23
3605,60.7,1103.992,2025-12-23
3607,14.3,358.649,2025-12-23
3617,211.0,507.302,2025-12-23
3622,65.4,274.854,2025-12-23
3645,54.8,643.823,2025-12-23
3652,28.45,39.4,2025-12-23
3653,2715.0,1422.324,2025-12-23
3661,3220.0,626.12,2025-12-23
3665,1460.0,1671.269,2025-12-23
3669,29.0,15.787,2025-12-23
3673,41.45,1178.62,2025-12-23
3679,114.0,14.253,2025-12-23
3686,19.3,306.286,2025-12-23
3694,61.7,3041.62,2025-12-23
3701,44.3,10494.311,2025-12-23
3702,58.2,20053.746,2025-12-23
3703,22.8,409.745,2025-12-23
3704,32.8,1389.972,2025-12-23
3705,57.2,227.639,2025-12-23
3706,82.9,9023.695,2025-12-23
3708,119.0,2134.059,2025-12-23
3711,234.5,16419.72,2025-12-23
3712,26.0,322.678,2025-12-23
3714,32.9,672.28,2025-12-23
3715,122.0,20056.287,2025-12-23
3716,33.55,47.668,2025-12-23
3717,16.95,341.56,2025-12-23
4104,81.6,85.36,2025-12-23
4106,22.15,47.861,2025-12-23
4108,13.65,200.541,2025-12-23
4119,48.9,44.105,2025-12-23
4133,22.8,29.101,2025-12-23
4137,99.3,114.175,2025-12-23
4142,19.6,873.477,2025-12-23
4148,38.05,25.476,2025-12-23
4155,14.9,121.933,2025-12-23
4164,38.6,530.238,2025-12-23
4190,30.05,16.132,2025-12-23
4306,14.4,457.148,2025-12-23
4414,11.9,362.943,2025-12-23
4426,9.73,61.039,2025-12-23
4438,77.5,59.666,2025-12-23
4439,101.5,31.923,2025-12-23
4440,17.6,82.24,2025-12-23
4441,243.0,12.507,2025-12-23
4526,29.7,1458.404,2025-12-23
4532,24.35,371.225,2025-12-23
4536,162.0,198.474,2025-12-23
4540,34.9,267.405,2025-12-23
4545,41.7,1575.378,2025-12-23
4551,116.5,143.349,2025-12-23
4552,24.15,52.278,2025-12-23
4555,38.8,105.51,2025-12-23
4557,78.5,100.052,2025-12-23
4560,32.6,80.028,2025-12-23
4562,36.55,467.448,2025-12-23
4564,17.35,582.007,2025-12-23
4566,60.3,1860.962,2025-12-23
4569,155.0,27.965,2025-12-23
4571,162.0,172.593,2025-12-23
4572,153.5,73.413,2025-12-23
4576,108.0,218.91,2025-12-23
4581,51.2,11.0,2025-12-23
4583,636.0,115.286,2025-12-23
4585,346.5,559.344,2025-12-23
4588,62.3,26.622,2025-12-23
4720,15.25,732.962,2025-12-23
4722,188.5,11827.977,2025-12-23
4736,120.5,423.776,2025-12-23
4737,59.8,136.221,2025-12-23
4739,69.4,751.956,2025-12-23
4746,61.6,470.642,2025-12-23
4755,111.5,505.021,2025-12-23
4763,53.2,12965.925,2025-12-23
4764,114.0,5223.799,2025-12-23
4766,322.0,173.739,2025-12-23
4770,232.0,623.831,2025-12-23
4771,175.5,23.103,2025-12-23
4807,17.75,15.536,2025-12-23
4904,87.8,3962.575,2025-12-23
4906,28.2,2862.049,2025-12-23
4912,83.3,141.044,2025-12-23
4915,76.9,2198.763,2025-12-23
4916,60.0,21698.466,2025-12-23
4919,51.7,2040.011,2025-12-23
4927,34.2,20116.745,2025-12-23
4930,22.05,16.709,2025-12-23
4934,14.65,1628.433,2025-12-23
4935,41.0,35.28,2025-12-23
4938,69.1,8493.114,2025-12-23
4942,39.2,35.1,2025-12-23
4943,12.45,20.748,2025-12-23
4949,40.2,1289.237,2025-12-23
4952,35.65,161.151,2025-12-23
4956,22.5,5248.196,2025-12-23
4958,144.0,11627.424,2025-12-23
4960,13.65,557.201,2025-12-23
4961,145.0,596.654,2025-12-23
4967,152.5,31497.991,2025-12-23
4968,129.5,479.401,2025-12-23
4976,30.25,344.751,2025-12-23
4977,139.5,10751.64,2025-12-23
4989,42.45,14803.419,2025-12-23
4994,93.8,63.414,2025-12-23
4999,23.25,15.724,2025-12-23
5007,55.4,51.935,2025-12-23
5203,90.1,141.913,2025-12-23
5215,34.95,5.56,2025-12-23
5222,135.5,482.589,2025-12-23
5225,102.0,250.474,2025-12-23
5234,345.0,472.07,2025-12-23
5243,81.8,2276.333,2025-12-23
5244,40.3,106.623,2025-12-23
5258,71.3,179.4,2025-12-23
5269,1170.0,299.873,2025-12-23
5283,61.4,100.071,2025-12-23
5284,292.0,1013.304,2025-12-23
5285,48.8,35.4,2025-12-23
5288,129.5,37.586,2025-12-23
5292,145.5,108.883,2025-12-23
5306,87.0,73.281,2025-12-23
5388,81.0,801.905,2025-12-23
5434,297.5,351.186,2025-12-23
5469,95.8,3321.379,2025-12-23
5471,33.15,127.442,2025-12-23
5484,38.6,152.927,2025-12-23
5515,35.7,1258.123,2025-12-23
5519,33.25,263.834,2025-12-23
5521,23.1,6770.764,2025-12-23
5522,81.4,8548.529,2025-12-23
5525,28.15,158.787,2025-12-23
5531,9.14,270.5,2025-12-23
5533,14.25,106.803,2025-12-23
5534,84.8,956.338,2025-12-23
5538,29.55,41.0,2025-12-23
5546,22.1,3.0,2025-12-23
5607,49.3,139.618,2025-12-23
5608,17.85,840.481,2025-12-23
5706,50.6,75.033,2025-12-23
5871,110.5,15806.988,2025-12-23
5871A,101.5,106.546,2025-12-23
5876,41.3,6868.31,2025-12-23
5880,24.8,9547.126,2025-12-23
5906,0.0,0.0,2025-12-23
5907,5.69,134.05,2025-12-23
6005,24.35,10899.96,2025-12-23
6024,51.9,356.454,2025-12-23
6108,14.5,155.093,2025-12-23
6112,46.8,274.47,2025-12-23
6115,47.3,16.959,2025-12-23
6116,7.43,4357.176,2025-12-23
6117,82.5,651.826,2025-12-23
6120,12.95,1563.235,2025-12-23
6128,22.8,22.783,2025-12-23
6133,21.75,2768.904,2025-12-23
6136,24.4,851.834,2025-12-23
6139,579.0,3803.601,2025-12-23
6141,11.15,89.023,2025-12-23
6142,9.39,294.409,2025-12-23
6152,11.9,5237.835,2025-12-23
6153,15.4,3031.904,2025-12-23
6155,45.05,11170.297,2025-12-23
6164,12.65,2348.119,2025-12-23
6165,49.0,628.296,2025-12-23
6166,64.9,339.088,2025-12-23
6168,20.3,662.071,2025-12-23
6176,126.0,4253.167,2025-12-23
6177,51.0,2368.948,2025-12-23
6183,95.2,18.423,2025-12-23
6184,48.4,25.562,2025-12-23
6189,45.6,376.802,2025-12-23
6191,117.5,4289.962,2025-12-23
6192,107.0,168.564,2025-12-23
6196,271.5,2957.292,2025-12-23
6197,139.0,586.1,2025-12-23
6201,56.1,23.61,2025-12-23
6202,37.9,214.755,2025-12-23
6205,40.0,200.833,2025-12-23
6206,92.8,270.175,2025-12-23
6209,65.0,17900.48,2025-12-23
6213,112.0,4223.166,2025-12-23
6214,127.5,2010.673,2025-12-23
6215,105.5,1155.368,2025-12-23
6216,26.6,69.172,2025-12-23
6224,42.3,44.315,2025-12-23
6225,18.0,7.0,2025-12-23
6226,7.8,352.558,2025-12-23
6230,118.5,38.986,2025-12-23
6235,61.7,1773.722,2025-12-23
6239,164.0,15214.683,2025-12-23
6243,38.7,2681.794,2025-12-23
6257,98.7,8748.672,2025-12-23
6269,57.8,956.839,2025-12-23
6271,137.0,14350.484,2025-12-23
6272,54.6,3482.001,2025-12-23
6277,61.2,74.435,2025-12-23
6278,94.6,2143.275,2025-12-23
6281,63.2,25.421,2025-12-23
6282,41.1,17039.451,2025-12-23
6283,26.0,309.119,2025-12-23
6285,102.0,2776.114,2025-12-23
6405,26.25,333.027,2025-12-23
6409,964.0,532.295,2025-12-23
6412,94.7,607.007,2025-12-23
6414,299.0,934.664,2025-12-23
6415,195.0,2274.315,2025-12-23
6416,84.7,85.107,2025-12-23
6423,73.0,7.0,2025-12-23
6426,107.0,8459.258,2025-12-23
6431,30.3,267.053,2025-12-23
6438,138.0,263.32,2025-12-23
6442,1205.0,3340.694,2025-12-23
6443,26.8,25907.505,2025-12-23
6446,496.0,675.704,2025-12-23
6449,161.0,310.149,2025-12-23
6451,166.5,1229.672,2025-12-23
6456,43.7,787.435,2025-12-23
6464,76.3,8.394,2025-12-23
6472,498.0,311.849,2025-12-23
6477,37.5,3998.892,2025-12-23
6491,281.5,162.674,2025-12-23
6504,41.5,68.201,2025-12-23
6505,49.3,4601.672,2025-12-23
6515,2585.0,289.916,2025-12-23
6525,74.5,90.351,2025-12-23
6526,437.5,129.1,2025-12-23
6531,412.0,5857.859,2025-12-23
6533,240.5,339.655,2025-12-23
6534,90.3,72.03,2025-12-23
6541,60.1,744.247,2025-12-23
6550,31.0,414.041,2025-12-23
6552,25.2,87.768,2025-12-23
6558,39.2,1155.781,2025-12-23
6573,14.95,178.895,2025-12-23
6579,107.5,61.335,2025-12-23
6581,105.0,9.144,2025-12-23
6582,33.75,25.318,2025-12-23
6585,89.0,47.933,2025-12-23
6589,62.9,449.79,2025-12-23
6591,78.9,217.808,2025-12-23
6592,61.9,242.388,2025-12-23
6592A,96.9,2.0,2025-12-23
6592B,97.9,2.713,2025-12-23
6598,22.0,43.83,2025-12-23
6605,141.0,1267.578,2025-12-23
6606,25.2,36.304,2025-12-23
6614,49.0,82.495,2025-12-23
6625,81.0,136.815,2025-12-23
6641,19.15,17.952,2025-12-23
6645,19.0,73.279,2025-12-23
6655,120.0,9.095,2025-12-23
6657,41.95,93.343,2025-12-23
6658,51.2,649.177,2025-12-23
6666,44.65,9.0,2025-12-23
6668,38.6,184.536,2025-12-23
6669,4255.0,795.256,2025-12-23
6670,252.5,1017.92,2025-12-23
6671,35.5,21.184,2025-12-23
6672,93.7,2350.443,2025-12-23
6674,20.0,33.0,2025-12-23
6689,62.1,67.183,2025-12-23
6691,582.0,449.8,2025-12-23
6695,46.6,913.115,2025-12-23
6698,28.6,97.666,2025-12-23
6706,130.5,10635.245,2025-12-23
6715,99.2,25.287,2025-12-23
6719,195.5,115.668,2025-12-23
6742,46.7,86.938,2025-12-23
6743,27.75,32.655,2025-12-23
6753,141.5,5908.971,2025-12-23
6754,47.8,9.36,2025-12-23
6756,83.4,70.833,2025-12-23
6757,66.0,2111.546,2025-12-23
6768,111.0,698.238,2025-12-23
6770,39.0,539300.263,2025-12-23
6771,44.85,10.182,2025-12-23
6776,49.25,70.479,2025-12-23
6781,1280.0,1252.917,2025-12-23
6782,175.5,67.597,2025-12-23
6789,277.5,1511.226,2025-12-23
6790,38.7,52.68,2025-12-23
6792,50.6,31.432,2025-12-23
6794,83.3,129.041,2025-12-23
6796,105.0,266.088,2025-12-23
6799,83.7,157.383,2025-12-23
6805,1600.0,1352.484,2025-12-23
6806,40.2,2207.526,2025-12-23
6807,45.5,4.03,2025-12-23
6830,175.0,723.162,2025-12-23
6831,266.0,2633.0,2025-12-23
6834,28.7,197.346,2025-12-23
6835,38.5,161.095,2025-12-23
6838,26.5,113.974,2025-12-23
6854,129.5,154.652,2025-12-23
6861,58.0,26.056,2025-12-23
6862,157.5,170.153,2025-12-23
6863,114.0,41.995,2025-12-23
6869,95.6,615.193,2025-12-23
6873,102.5,347.408,2025-12-23
6885,29.0,141.83,2025-12-23
6887,60.1,41.0,2025-12-23
6890,257.0,606.205,2025-12-23
6901,16.75,993.362,2025-12-23
6902,76.0,18.713,2025-12-23
6906,85.0,17.052,2025-12-23
6909,39.6,1398.196,2025-12-23
6914,144.5,27.407,2025-12-23
6916,18.75,77.888,2025-12-23
6918,87.0,23.051,2025-12-23
6919,161.0,2995.944,2025-12-23
6921,63.0,274.0,2025-12-23
6923,97.0,121.362,2025-12-23
6924,69.0,21.031,2025-12-23
6928,52.0,357.067,2025-12-23
6931,63.0,142.467,2025-12-23
6933,150.5,84.594,2025-12-23
6936,35.85,28.588,2025-12-23
6937,221.5,76.888,2025-12-23
6944,684.0,577.637,2025-12-23
6949,355.0,82.285,2025-12-23
6951,71.7,8.151,2025-12-23
6952,43.05,16.748,2025-12-23
6955,0.0,0.0,2025-12-23
6957,200.5,48.535,2025-12-23
6958,16.8,101.292,2025-12-23
6962,39.85,1903.595,2025-12-23
6965,82.1,52.386,2025-12-23
6969,29.2,29.0,2025-12-23
6988,13.05,15.004,2025-12-23
6994,95.2,85.003,2025-12-23
7610,127.5,1442.438,2025-12-23
7631,131.0,18.011,2025-12-23
7705,40.2,23.338,2025-12-23
7711,260.0,311.511,2025-12-23
7721,50.8,13.814,2025-12-23
7722,563.0,15.092,2025-12-23
7730,89.7,24.18,2025-12-23
7732,41.0,105.0,2025-12-23
7736,90.0,978.0,2025-12-23
7740,153.0,45.123,2025-12-23
7749,447.5,228.811,2025-12-23
7750,862.0,187.37,2025-12-23
7765,274.5,47.137,2025-12-23
7769,3290.0,459.313,2025-12-23
7780,169.5,309.99,2025-12-23
7786,159.0,120.333,2025-12-23
7788,146.0,454.096,2025-12-23
7791,72.4,61.192,2025-12-23
7799,509.0,586.586,2025-12-23
8011,23.0,832.158,2025-12-23
8016,182.5,351.039,2025-12-23
8021,165.5,40234.478,2025-12-23
8028,173.0,12352.883,2025-12-23
8033,149.0,23533.059,2025-12-23
8039,91.9,18167.914,2025-12-23
8045,77.5,74.724,2025-12-23
8046,239.0,3571.081,2025-12-23
8070,42.4,2506.462,2025-12-23
8072,30.45,144.526,2025-12-23
8081,211.0,158.083,2025-12-23
8101,16.0,8.437,2025-12-23
8103,85.2,2647.565,2025-12-23
8104,32.3,643.56,2025-12-23
8105,11.4,798.146,2025-12-23
8110,54.0,3516.338,2025-12-23
8112,72.9,9184.938,2025-12-23
8112A,44.55,11.586,2025-12-23
8114,175.5,139.647,2025-12-23
8131,58.2,64841.217,2025-12-23
8150,45.25,11066.534,2025-12-23
8162,34.2,69.1,2025-12-23
8163,30.85,658.885,2025-12-23
8201,13.7,48.476,2025-12-23
8210,955.0,2108.694,2025-12-23
8213,32.9,265.519,2025-12-23
8215,19.3,361.622,2025-12-23
8222,41.45,800.669,2025-12-23
8249,50.9,259.445,2025-12-23
8261,90.7,641.043,2025-12-23
8271,96.6,5429.836,2025-12-23
8341,78.4,112.921,2025-12-23
8367,43.65,46.077,2025-12-23
8374,79.6,365.976,2025-12-23
8404,23.8,585.639,2025-12-23
8411,12.4,53.311,2025-12-23
8422,24.6,30514.664,2025-12-23
8429,7.77,324.201,2025-12-23
8438,29.45,27.133,2025-12-23
8442,70.3,28.283,2025-12-23
8443,11.15,29.856,2025-12-23
8454,213.5,254.906,2025-12-23
8462,146.0,30.156,2025-12-23
8463,27.4,47.287,2025-12-23
8464,378.5,1757.023,2025-12-23
8466,22.1,8.303,2025-12-23
8467,150.5,77.492,2025-12-23
8473,35.9,101.551,2025-12-23
8476,18.1,112.42,2025-12-23
8478,208.5,279.692,2025-12-23
8481,40.75,5.108,2025-12-23
8482,49.35,5.089,2025-12-23
8487,78.7,5.055,2025-12-23
8488,10.0,1.0,2025-12-23
8499,385.0,196.206,2025-12-23
8926,41.3,756.827,2025-12-23
8940,20.25,33.516,2025-12-23
8996,559.0,4629.871,2025-12-23
9103,4.6,390.05,2025-12-23
910322,24.75,62.483,2025-12-23
9105,5.87,7400.721,2025-12-23
910861,5.28,43.0,2025-12-23
9110,3.05,18.0,2025-12-23
911608,2.7,15.0,2025-12-23
911622,3.98,15.089,2025-12-23
911868,1.34,101.184,2025-12-23
912000,2.74,99.0,2025-12-23
9136,7.4,1178.7,2025-12-23
9802,104.5,1269.277,2025-12-23
9902,17.4,186.084,2025-12-23
9904,30.5,7305.663,2025-12-23
9905,19.9,79.07,2025-12-23
9906,52.2,150.923,2025-12-23
9907,18.55,11113.073,2025-12-23
9908,29.9,84.242,2025-12-23
9910,115.0,891.69,2025-12-23
9911,83.4,149.744,2025-12-23
9912,12.3,132.51,2025-12-23
9914,84.2,664.428,2025-12-23
9917,107.0,801.504,2025-12-23
9918,39.8,201.063,2025-12-23
9919,16.75,96.316,2025-12-23
9921,94.8,769.916,2025-12-23
9924,53.4,21.306,2025-12-23
9925,40.9,194.102,2025-12-23
9926,49.75,9.279,2025-12-23
9927,68.0,34.231,2025-12-23
9928,19.0,107.6,2025-12-23
9929,10.5,26.0,2025-12-23
9930,70.1,88.635,2025-12-23
9931,34.0,1.002,2025-12-23
9933,31.35,2132.927,2025-12-23
9934,10.1,1182.785,2025-12-23
9935,20.5,56.786,2025-12-23
9937,56.9,44.608,2025-12-23
9938,50.9,1447.208,2025-12-23
9939,118.5,596.051,2025-12-23
9940,22.75,216.219,2025-12-23
9941,91.2,1519.96,2025-12-23
9941A,50.4,7.54,2025-12-23
9942,106.5,58.549,2025-12-23
9943,61.0,35.586,2025-12-23
9944,17.0,20.813,2025-12-23
9945,30.5,2497.804,2025-12-23
9946,19.2,405.872,2025-12-23
9955,31.9,3744.096,2025-12-23
9958,139.0,561.943,2025-12-23
0備註:,0.0,0.0,2025-12-23
漲跌(+/-)欄位符號說明:+/-/X表示漲/跌/不比價。,0.0,0.0,2025-12-23
當證券代號為認購(售)權證及認股權憑證時本益比欄位置為結算價；但如為以外國證券或指數為標的之認購(售)權證及履約方式採歐式者，該欄位為空白。,0.0,0.0,2025-12-23
除境外指數股票型基金及外國股票第二上市外，餘交易單位皆為千股。,0.0,0.0,2025-12-23
本統計資訊含一般、零股、盤後定價、鉅額交易，不含拍賣、標購。,0.0,0.0,2025-12-23
=0050,63.4,93882.538,2025-12-22
=0051,90.65,53.326,2025-12-22
=0052,36.21,26630.844,2025-12-22
=0053,135.75,21.292,2025-12-22
=0055,32.44,381.349,2025-12-22
=0056,36.72,37004.66,2025-12-22
=0057,185.6,58.008,2025-12-22
=0061,22.96,380.288,2025-12-22
=006203,114.75,11.392,2025-12-22
=006204,142.9,2.105,2025-12-22
=006205,39.11,250.46,2025-12-22
=006206,36.79,85.19,2025-12-22
=006207,30.48,248.923,2025-12-22
=006208,145.2,4447.657,2025-12-22
=00625K,0.0,0.0,2025-12-22
=00631L,346.6,5178.122,2025-12-22
=00632R,16.87,46289.373,2025-12-22
=00633L,49.6,3032.767,2025-12-22
=00634R,3.24,71.0,2025-12-22
=00635U,47.36,5469.255,2025-12-22
=00636,26.84,654.514,2025-12-22
=00636K,8.54,0.2,2025-12-22
=00637L,20.4,34599.853,2025-12-22
=00638R,6.91,119.0,2025-12-22
=00639,15.15,693.68,2025-12-22
=00640L,77.2,133.962,2025-12-22
=00641R,4.59,2949.852,2025-12-22
=00642U,14.98,6019.546,2025-12-22
=00643,16.67,3077.493,2025-12-22
=00643K,3.71,1.0,2025-12-22
=00645,47.59,309.739,2025-12-22
=00646,67.9,2288.221,2025-12-22
=00647L,116.95,365.658,2025-12-22
=00648R,4.36,826.208,2025-12-22
=00650L,17.67,4301.462,2025-12-22
=00651R,5.32,150.82,2025-12-22
=00652,37.67,528.395,2025-12-22
=00653L,58.8,112.119,2025-12-22
=00654R,6.23,3.002,2025-12-22
=00655L,34.62,1158.54,2025-12-22
=00656R,6.11,41.0,2025-12-22
=00657,59.35,382.021,2025-12-22
=00657K,18.84,0.2,2025-12-22
=00660,41.95,16.381,2025-12-22
=00661,64.85,127.693,2025-12-22
=00662,103.25,1611.964,2025-12-22
=00663L,45.2,9569.743,2025-12-22
=00664R,2.72,14083.042,2025-12-22
=00665L,10.79,13670.83,2025-12-22
=00666R,8.87,96.02,2025-12-22
=00668,55.6,69.24,2025-12-22
=00668K,17.57,0.2,2025-12-22
=00669R,5.72,1344.102,2025-12-22
=00670L,163.8,1079.403,2025-12-22
=00671R,2.84,12587.08,2025-12-22
=00673R,28.82,1391.293,2025-12-22
=00674R,5.79,3098.054,2025-12-22
=00675L,137.45,3889.985,2025-12-22
=00676R,9.27,3000.385,2025-12-22
=00678,35.03,312.667,2025-12-22
=00680L,7.22,17923.972,2025-12-22
=00681R,20.85,5.01,2025-12-22
=00682U,20.21,2.241,2025-12-22
=00683L,20.82,1.23,2025-12-22
=00684R,15.59,89.0,2025-12-22
=00685L,123.35,975.473,2025-12-22
=00686R,1.66,4251.85,2025-12-22
=00688L,7.2,8726.61,2025-12-22
=00689R,21.66,23.001,2025-12-22
=00690,43.5,700.643,2025-12-22
=00692,55.75,1448.204,2025-12-22
=00693U,20.28,887.813,2025-12-22
=00700,18.28,374.706,2025-12-22
=00701,29.45,2130.666,2025-12-22
=00702,23.36,113.741,2025-12-22
=00703,21.69,214.165,2025-12-22
=00706L,20.43,3549.654,2025-12-22
=00707R,0.0,0.0,2025-12-22
=00708L,94.5,4648.278,2025-12-22
=00709,36.7,106.572,2025-12-22
=00710B,19.02,288.826,2025-12-22
=00711B,16.35,123.165,2025-12-22
=00712,9.17,12658.457,2025-12-22
=00713,50.9,6699.566,2025-12-22
=00714,19.91,208.695,2025-12-22
=00715L,19.38,34443.671,2025-12-22
=00717,15.15,336.056,2025-12-22
=00728,36.16,96.292,2025-12-22
=00730,23.28,289.151,2025-12-22
=00731,69.55,1138.608,2025-12-22
=00733,45.99,523.958,2025-12-22
=00735,49.58,327.207,2025-12-22
=00736,27.73,112.972,2025-12-22
=00737,35.94,107.147,2025-12-22
=00738U,57.05,12218.531,2025-12-22
=00739,26.25,134.291,2025-12-22
=00752,26.22,799.087,2025-12-22
=00753L,12.35,10212.92,2025-12-22
=00757,119.35,1530.558,2025-12-22
=00762,84.0,222.197,2025-12-22
=00763U,30.43,2574.28,2025-12-22
=00770,58.25,363.962,2025-12-22
=00771,16.13,6.176,2025-12-22
=00775B,0.0,0.79,2025-12-22
=00783,24.97,70.278,2025-12-22
=00830,58.2,7873.23,2025-12-22
=00850,54.15,624.06,2025-12-22
=00851,55.7,25.7,2025-12-22
=00852L,30.75,90.068,2025-12-22
=00861,54.95,66.955,2025-12-22
=00865B,47.37,1385.418,2025-12-22
=00875,39.07,24.329,2025-12-22
=00876,50.95,910.307,2025-12-22
=00878,21.69,70536.119,2025-12-22
=00881,31.75,6854.317,2025-12-22
=00882,15.28,8443.928,2025-12-22
=00885,17.56,12915.759,2025-12-22
=00891,19.36,5018.321,2025-12-22
=00892,21.21,696.439,2025-12-22
=00893,32.78,1733.471,2025-12-22
=00894,26.56,1594.236,2025-12-22
=00895,39.04,509.125,2025-12-22
=00896,18.83,2393.639,2025-12-22
=00897,8.79,1041.66,2025-12-22
=00898,7.92,1071.586,2025-12-22
=00899,20.32,327.116,2025-12-22
=00900,13.69,19771.798,2025-12-22
=00901,24.19,703.04,2025-12-22
=00902,13.0,1093.715,2025-12-22
=00903,17.6,249.801,2025-12-22
=00904,22.25,1454.196,2025-12-22
=00905,17.0,1610.78,2025-12-22
=00907,15.51,1733.719,2025-12-22
=00908,13.79,176.222,2025-12-22
=00909,40.54,3403.484,2025-12-22
=00910,43.45,3481.268,2025-12-22
=00911,33.15,352.734,2025-12-22
=00912,21.1,157.748,2025-12-22
=00913,24.09,115.354,2025-12-22
=00915,23.06,5154.967,2025-12-22
=00916,27.5,158.156,2025-12-22
=00917,25.33,89.91,2025-12-22
=00918,22.5,17923.705,2025-12-22
=00919,22.54,94929.493,2025-12-22
=00920,18.34,123.392,2025-12-22
=00921,17.55,185.05,2025-12-22
=00922,25.24,9355.1,2025-12-22
=00923,25.35,4005.835,2025-12-22
=00924,29.18,2705.855,2025-12-22
=00926,23.23,879.447,2025-12-22
=00927,21.0,2307.398,2025-12-22
=00929,17.99,35526.637,2025-12-22
=00930,17.32,1345.258,2025-12-22
=00932,14.26,707.053,2025-12-22
=00934,20.43,1989.807,2025-12-22
=00935,29.29,1397.978,2025-12-22
=00936,15.92,2617.168,2025-12-22
=00938,17.24,580.504,2025-12-22
=00939,14.69,22519.635,2025-12-22
=00940,9.27,24481.597,2025-12-22
=00941,17.27,3307.462,2025-12-22
=00943,14.4,186.363,2025-12-22
=00944,14.48,300.841,2025-12-22
=00945B,14.54,8917.946,2025-12-22
=00946,9.67,3885.907,2025-12-22
=00947,17.86,856.075,2025-12-22
=00949,18.35,1057.318,2025-12-22
=00951,11.22,2159.466,2025-12-22
=00952,11.66,1714.4,2025-12-22
=00953B,9.76,23684.238,2025-12-22
=00954,12.01,1124.729,2025-12-22
=00956,11.4,364.6,2025-12-22
=00960,14.16,566.205,2025-12-22
=00961,9.37,2760.836,2025-12-22
=00962,10.7,958.477,2025-12-22
=00963,11.38,597.918,2025-12-22
=00964,11.35,612.597,2025-12-22
=00965,22.75,4886.424,2025-12-22
=00971,16.13,1906.498,2025-12-22
=00972,17.94,86.254,2025-12-22
=009800,11.17,2062.885,2025-12-22
=009801,11.23,1101.466,2025-12-22
=009802,11.1,4041.91,2025-12-22
=009803,12.58,3118.786,2025-12-22
=009804,14.39,1714.643,2025-12-22
=009805,12.43,3115.031,2025-12-22
=009808,19.31,753.275,2025-12-22
=009809,10.43,1861.582,2025-12-22
=00980A,14.91,8778.299,2025-12-22
=009810,18.51,98.726,2025-12-22
=009811,11.75,4758.184,2025-12-22
=009812,10.64,1917.143,2025-12-22
=009813,10.57,9433.731,2025-12-22
=00981A,16.25,68057.95,2025-12-22
=00981T,10.49,2737.387,2025-12-22
=00982A,14.02,30161.071,2025-12-22
=00982D,10.17,3924.862,2025-12-22
=00983A,12.28,3682.418,2025-12-22
=00983D,10.26,1594.606,2025-12-22
=00984A,10.91,5355.903,2025-12-22
=00985A,13.02,8617.072,2025-12-22
=00985B,10.35,3505.38,2025-12-22
=00986A,11.5,882.85,2025-12-22
=00988A,10.09,28729.603,2025-12-22
=00989A,15.35,3087.452,2025-12-22
=00990A,10.04,159769.542,2025-12-22
=00991A,10.02,110563.303,2025-12-22
=01001T,11.57,244.0,2025-12-22
=01002T,14.54,32.0,2025-12-22
=01004T,10.72,235.0,2025-12-22
=01007T,13.31,204.0,2025-12-22
=01009T,6.87,164.0,2025-12-22
=01010T,10.02,17.0,2025-12-22
=020000,0.0,0.0,2025-12-22
=020011,0.0,0.0,2025-12-22
=020012,0.0,0.0,2025-12-22
=02001L,46.8,61.0,2025-12-22
=02001R,0.9,10.0,2025-12-22
=020020,15.24,19.0,2025-12-22
=020028,12.7,47.0,2025-12-22
=020029,9.65,6.0,2025-12-22
=020030,8.7,5.0,2025-12-22
=020031,6.02,80.0,2025-12-22
=020032,7.73,21.0,2025-12-22
=020034,7.37,193.0,2025-12-22
=020036,0.0,0.0,2025-12-22
=020037,8.5,1.0,2025-12-22
=020038,7.46,37.0,2025-12-22
=020039,8.91,19.0,2025-12-22
1101,22.6,15430.917,2025-12-22
1101B,45.55,15.312,2025-12-22
1102,36.3,22088.207,2025-12-22
1103,14.15,375.018,2025-12-22
1104,30.4,198.828,2025-12-22
1108,14.9,83.32,2025-12-22
1109,15.6,30.057,2025-12-22
1110,16.55,121.0,2025-12-22
1201,14.75,98.453,2025-12-22
1203,39.5,3.396,2025-12-22
1210,51.1,1811.133,2025-12-22
1213,0.0,0.06,2025-12-22
1215,135.5,4225.262,2025-12-22
1216,77.8,36678.256,2025-12-22
1217,10.6,334.539,2025-12-22
1218,18.2,210.93,2025-12-22
1219,13.5,98.725,2025-12-22
1220,12.55,76.724,2025-12-22
1225,29.5,112.798,2025-12-22
1227,30.75,271.814,2025-12-22
1229,47.95,1948.33,2025-12-22
1231,99.0,256.452,2025-12-22
1232,144.5,50.619,2025-12-22
1233,31.85,4.327,2025-12-22
1234,37.85,44.696,2025-12-22
1235,47.5,2.203,2025-12-22
1236,25.75,16.351,2025-12-22
1256,138.0,22.579,2025-12-22
1301,40.15,8356.579,2025-12-22
1303,60.4,69732.905,2025-12-22
1304,11.35,2465.844,2025-12-22
1305,11.35,1258.13,2025-12-22
1307,34.1,1306.393,2025-12-22
1308,13.65,973.2,2025-12-22
1309,11.45,884.694,2025-12-22
1310,8.57,1874.981,2025-12-22
1312,11.6,2348.143,2025-12-22
1312A,22.6,42.0,2025-12-22
1313,10.55,2256.049,2025-12-22
1314,8.05,14292.911,2025-12-22
1315,64.2,1.911,2025-12-22
1316,16.1,7957.423,2025-12-22
1319,95.6,1464.828,2025-12-22
1321,35.1,56.08,2025-12-22
1323,19.55,18.924,2025-12-22
1324,10.45,59.74,2025-12-22
1325,31.1,145.665,2025-12-22
1326,32.55,6500.83,2025-12-22
1337,4.9,452.622,2025-12-22
1338,20.4,71.888,2025-12-22
1339,44.6,11.466,2025-12-22
1340,7.45,156.246,2025-12-22
1341,57.5,5.0,2025-12-22
1342,88.6,143.825,2025-12-22
1402,27.95,4119.67,2025-12-22
1409,15.75,5331.475,2025-12-22
1410,33.9,19.017,2025-12-22
1413,10.0,32.114,2025-12-22
1414,17.05,300.118,2025-12-22
1416,12.1,1096.324,2025-12-22
1417,8.92,218.07,2025-12-22
1418,19.3,1.023,2025-12-22
1419,73.7,316.566,2025-12-22
1423,38.15,7.309,2025-12-22
1432,18.0,244.87,2025-12-22
1434,16.5,2629.777,2025-12-22
1435,21.8,3.481,2025-12-22
1436,62.9,271.928,2025-12-22
1437,34.55,118.323,2025-12-22
1438,33.8,46.03,2025-12-22
1439,30.15,32.715,2025-12-22
1440,13.6,1390.199,2025-12-22
1441,10.45,31.642,2025-12-22
1442,30.05,10199.753,2025-12-22
1443,27.2,13.499,2025-12-22
1444,6.11,926.193,2025-12-22
1445,13.3,14.009,2025-12-22
1446,18.2,110.328,2025-12-22
1447,5.48,442.124,2025-12-22
1449,11.15,840.915,2025-12-22
1451,17.4,77.475,2025-12-22
1452,12.0,102.398,2025-12-22
1453,12.7,102.484,2025-12-22
1454,13.35,22.339,2025-12-22
1455,7.77,295.653,2025-12-22
1456,12.95,76.003,2025-12-22
1457,15.8,48.043,2025-12-22
1459,11.8,92.245,2025-12-22
1460,6.24,396.374,2025-12-22
1463,19.7,30.643,2025-12-22
1464,11.25,115.164,2025-12-22
1465,12.65,111.133,2025-12-22
1466,14.35,67.054,2025-12-22
1467,7.05,23.084,2025-12-22
1468,11.9,40.0,2025-12-22
1470,0.0,0.0,2025-12-22
1471,8.88,209.365,2025-12-22
1472,89.2,23.432,2025-12-22
1473,25.0,59.343,2025-12-22
1474,11.1,98.089,2025-12-22
1475,30.3,64.339,2025-12-22
1476,390.0,490.818,2025-12-22
1477,299.0,1785.943,2025-12-22
1503,173.5,1193.445,2025-12-22
1504,87.7,44011.802,2025-12-22
1506,11.65,152.029,2025-12-22
1512,7.67,45.197,2025-12-22
1513,152.0,2833.986,2025-12-22
1514,102.0,2241.77,2025-12-22
1515,28.0,355.342,2025-12-22
1516,22.2,175.327,2025-12-22
1517,11.2,78.878,2025-12-22
1519,786.0,4503.482,2025-12-22
1521,24.25,16.234,2025-12-22
1522,47.7,537.63,2025-12-22
1522A,0.0,0.0,2025-12-22
1524,28.7,704.484,2025-12-22
1525,63.8,12.01,2025-12-22
1526,16.8,24.15,2025-12-22
1527,32.8,88.84,2025-12-22
1528,16.4,5702.312,2025-12-22
1529,18.9,398.223,2025-12-22
1530,27.35,13.77,2025-12-22
1531,11.95,12.591,2025-12-22
1532,27.0,341.747,2025-12-22
1533,32.9,133.313,2025-12-22
1535,53.0,26.726,2025-12-22
1536,58.5,723.723,2025-12-22
1537,126.0,65.535,2025-12-22
1538,25.6,5.036,2025-12-22
1539,17.1,34.101,2025-12-22
1540,23.0,116.224,2025-12-22
1541,23.7,6.045,2025-12-22
1558,101.0,19.985,2025-12-22
1560,366.0,2292.397,2025-12-22
1563,44.65,1474.661,2025-12-22
1568,22.0,63.243,2025-12-22
1582,67.0,573.005,2025-12-22
1583,45.75,3.251,2025-12-22
1587,56.8,5786.896,2025-12-22
1589,16.95,486.967,2025-12-22
1590,941.0,307.51,2025-12-22
1597,73.0,101.887,2025-12-22
1598,20.9,83.598,2025-12-22
1603,37.3,174.839,2025-12-22
1604,24.55,88.186,2025-12-22
1605,30.45,43906.141,2025-12-22
1608,37.25,3642.869,2025-12-22
1609,38.1,2645.908,2025-12-22
1611,12.7,796.839,2025-12-22
1612,34.45,423.379,2025-12-22
1614,34.25,24.736,2025-12-22
1615,48.35,70.538,2025-12-22
1616,28.55,698.612,2025-12-22
1617,14.4,76.688,2025-12-22
1618,41.8,305.242,2025-12-22
1626,11.5,25.225,2025-12-22
1702,39.35,221.084,2025-12-22
1707,127.5,50.387,2025-12-22
1708,33.05,628.877,2025-12-22
1709,16.7,132.11,2025-12-22
1710,12.1,584.489,2025-12-22
1711,19.3,7533.287,2025-12-22
1712,44.1,359.369,2025-12-22
1713,43.55,54.689,2025-12-22
1714,8.37,568.117,2025-12-22
1717,41.2,16723.374,2025-12-22
1718,7.03,3020.17,2025-12-22
1720,60.0,231.59,2025-12-22
1721,12.0,985.678,2025-12-22
1722,47.15,2827.09,2025-12-22
1723,68.6,327.223,2025-12-22
1725,25.95,25.14,2025-12-22
1726,76.3,3.669,2025-12-22
1727,43.4,24383.527,2025-12-22
1730,53.0,29.546,2025-12-22
1731,21.75,74.044,2025-12-22
1732,28.6,82.27,2025-12-22
1733,31.2,106.108,2025-12-22
1734,30.6,113.149,2025-12-22
1735,17.65,787.363,2025-12-22
1736,145.5,493.308,2025-12-22
1737,31.8,65.615,2025-12-22
1752,37.65,40.28,2025-12-22
1760,64.2,83.411,2025-12-22
1762,24.85,39.422,2025-12-22
1773,136.5,297.665,2025-12-22
1776,15.2,126.734,2025-12-22
1783,42.5,23.377,2025-12-22
1786,75.0,222.948,2025-12-22
1789,17.6,260.266,2025-12-22
1795,285.5,967.617,2025-12-22
1802,35.75,83229.85,2025-12-22
1805,11.95,312.165,2025-12-22
1806,9.3,250.05,2025-12-22
1808,34.4,1622.516,2025-12-22
1809,17.8,637.394,2025-12-22
1810,17.25,452.586,2025-12-22
1817,38.4,28.154,2025-12-22
1903,56.2,316.657,2025-12-22
1904,17.6,837.932,2025-12-22
1905,11.7,1020.225,2025-12-22
1906,11.8,461.706,2025-12-22
1907,25.55,2485.002,2025-12-22
1909,10.0,5598.118,2025-12-22
2002,18.8,25838.549,2025-12-22
2002A,38.8,17.362,2025-12-22
2006,64.9,1737.342,2025-12-22
2007,7.35,82.754,2025-12-22
2008,29.55,5.603,2025-12-22
2009,44.5,5152.745,2025-12-22
2010,21.2,2428.264,2025-12-22
2012,15.1,27.801,2025-12-22
2013,42.0,16.056,2025-12-22
2014,15.4,3565.561,2025-12-22
2015,62.5,476.732,2025-12-22
2017,8.45,310.717,2025-12-22
2020,23.3,180.074,2025-12-22
2022,8.3,250.379,2025-12-22
2023,14.8,1081.728,2025-12-22
2024,15.5,4.159,2025-12-22
2025,9.44,97.151,2025-12-22
2027,35.45,23922.842,2025-12-22
2028,16.95,68.179,2025-12-22
2029,21.15,105.631,2025-12-22
2030,13.95,180.815,2025-12-22
2031,38.0,269.285,2025-12-22
2032,14.3,93.178,2025-12-22
2033,15.75,64.01,2025-12-22
2034,20.45,812.311,2025-12-22
2038,14.25,101.424,2025-12-22
2049,199.0,1310.142,2025-12-22
2059,3730.0,347.68,2025-12-22
2062,21.45,259.004,2025-12-22
2069,17.6,517.68,2025-12-22
2101,37.7,800.784,2025-12-22
2102,19.9,238.738,2025-12-22
2103,15.85,1179.907,2025-12-22
2104,11.55,3250.612,2025-12-22
2105,30.05,9986.446,2025-12-22
2106,20.3,259.601,2025-12-22
2107,24.5,135.636,2025-12-22
2108,22.5,308.213,2025-12-22
2109,15.05,49.369,2025-12-22
2114,90.1,28.436,2025-12-22
2115,24.55,63.745,2025-12-22
2201,34.55,24978.781,2025-12-22
2204,60.2,1257.143,2025-12-22
2206,60.4,621.659,2025-12-22
2207,569.0,875.431,2025-12-22
2208,20.15,2155.214,2025-12-22
2211,103.0,5197.242,2025-12-22
2227,56.6,52.474,2025-12-22
2228,110.0,2147.632,2025-12-22
2231,94.4,579.904,2025-12-22
2233,189.0,238.676,2025-12-22
2236,116.0,727.564,2025-12-22
2239,37.0,151.76,2025-12-22
2241,37.8,334.673,2025-12-22
2243,11.7,71.809,2025-12-22
2247,286.5,33.925,2025-12-22
2248,49.15,3.5,2025-12-22
2250,72.8,75.234,2025-12-22
2254,59.9,1.0,2025-12-22
2258,41.0,1427.934,2025-12-22
2301,169.0,36831.072,2025-12-22
2302,17.7,424.546,2025-12-22
2303,50.9,65904.394,2025-12-22
2305,11.0,302.976,2025-12-22
2308,953.0,14176.209,2025-12-22
2312,23.4,22921.792,2025-12-22
2313,96.5,77050.928,2025-12-22
2314,22.8,64.545,2025-12-22
2316,104.5,1748.283,2025-12-22
2317,224.0,40062.169,2025-12-22
2321,0.0,0.0,2025-12-22
2323,10.55,7251.345,2025-12-22
2324,30.7,36289.552,2025-12-22
2327,226.0,10106.573,2025-12-22
2328,47.05,2007.733,2025-12-22
2329,51.0,12532.462,2025-12-22
2330,1465.0,23919.483,2025-12-22
2331,23.95,4366.657,2025-12-22
2332,15.9,1508.652,2025-12-22
2337,38.95,140883.016,2025-12-22
2338,35.75,645.884,2025-12-22
2340,27.75,2580.533,2025-12-22
2342,29.3,1300.809,2025-12-22
2344,73.1,238544.6,2025-12-22
2345,1170.0,4448.509,2025-12-22
2347,58.5,8850.072,2025-12-22
2348,82.1,258.962,2025-12-22
2348A,36.5,2.149,2025-12-22
2349,15.0,7588.842,2025-12-22
2351,76.6,295.314,2025-12-22
2352,24.9,7831.874,2025-12-22
2353,26.1,10990.599,2025-12-22
2354,62.2,3234.191,2025-12-22
2355,32.65,1389.74,2025-12-22
2356,43.1,6489.659,2025-12-22
2357,550.0,9132.744,2025-12-22
2359,128.0,749.441,2025-12-22
2360,756.0,3169.323,2025-12-22
2362,40.95,758.347,2025-12-22
2363,48.6,1752.711,2025-12-22
2364,68.6,146.298,2025-12-22
2365,36.0,1394.315,2025-12-22
2367,28.3,39973.826,2025-12-22
2368,650.0,12059.991,2025-12-22
2369,22.85,6406.395,2025-12-22
2371,32.35,28537.665,2025-12-22
2373,56.9,21.7,2025-12-22
2374,78.0,2936.861,2025-12-22
2375,91.9,1234.182,2025-12-22
2376,237.0,1746.077,2025-12-22
2377,101.0,3723.894,2025-12-22
2379,492.0,1936.679,2025-12-22
2380,4.96,36.302,2025-12-22
2382,267.0,19486.07,2025-12-22
2383,1600.0,2386.851,2025-12-22
2385,116.0,2260.49,2025-12-22
2387,39.6,342.754,2025-12-22
2388,57.7,3755.879,2025-12-22
2390,10.1,232.869,2025-12-22
2392,38.05,678.336,2025-12-22
2393,54.4,14052.911,2025-12-22
2395,283.0,874.658,2025-12-22
2397,61.9,86.954,2025-12-22
2399,24.4,1836.218,2025-12-22
2401,20.8,1416.713,2025-12-22
2402,61.8,21084.984,2025-12-22
2404,932.0,6282.965,2025-12-22
2405,18.6,1093.005,2025-12-22
2406,26.2,20116.781,2025-12-22
2408,180.0,156426.861,2025-12-22
2409,11.25,28396.62,2025-12-22
2412,130.5,3586.382,2025-12-22
2413,33.65,10027.169,2025-12-22
2414,41.3,87.667,2025-12-22
2415,25.7,67.235,2025-12-22
2417,35.65,431.812,2025-12-22
2419,25.2,2433.387,2025-12-22
2420,50.7,168.201,2025-12-22
2421,159.5,1768.157,2025-12-22
2423,56.0,108.06,2025-12-22
2424,38.1,46.501,2025-12-22
2425,30.05,168.325,2025-12-22
2426,17.1,347.848,2025-12-22
2427,27.45,499.647,2025-12-22
2428,178.0,391.532,2025-12-22
2429,83.2,1166.836,2025-12-22
2430,23.1,40.474,2025-12-22
2431,11.85,498.157,2025-12-22
2432,25.75,17.0,2025-12-22
2433,47.45,24.249,2025-12-22
2434,30.75,10.617,2025-12-22
2436,49.0,1713.076,2025-12-22
2438,21.7,59.696,2025-12-22
2439,97.7,3649.899,2025-12-22
2440,15.0,758.232,2025-12-22
2441,88.2,28368.423,2025-12-22
2442,25.85,460.635,2025-12-22
2444,11.85,253.543,2025-12-22
2449,221.0,19024.563,2025-12-22
2450,29.05,113.091,2025-12-22
2451,180.0,4487.043,2025-12-22
2453,53.6,269.522,2025-12-22
2454,1400.0,6073.797,2025-12-22
2455,147.0,8302.587,2025-12-22
2457,30.5,4376.193,2025-12-22
2458,127.5,2116.199,2025-12-22
2459,65.7,39.845,2025-12-22
2460,19.6,149.056,2025-12-22
2461,14.8,3318.855,2025-12-22
2462,22.6,75.827,2025-12-22
2464,62.3,1767.745,2025-12-22
2465,63.4,1166.0,2025-12-22
2466,67.4,1530.486,2025-12-22
2467,226.5,1208.815,2025-12-22
2468,43.85,1204.289,2025-12-22
2471,50.2,38.686,2025-12-22
2472,107.0,1283.077,2025-12-22
2474,197.0,2856.561,2025-12-22
2476,89.4,1393.898,2025-12-22
2477,24.0,165.123,2025-12-22
2478,56.7,472.044,2025-12-22
2480,151.5,142.317,2025-12-22
2481,84.7,9350.283,2025-12-22
2482,17.4,86.019,2025-12-22
2483,18.95,36.07,2025-12-22
2484,20.85,173.43,2025-12-22
2485,29.45,49987.801,2025-12-22
2486,93.5,9469.014,2025-12-22
2488,45.6,60.1,2025-12-22
2489,15.2,6899.543,2025-12-22
2491,21.55,2320.603,2025-12-22
2492,116.5,2297.468,2025-12-22
2493,99.2,424.297,2025-12-22
2495,30.4,10647.892,2025-12-22
2496,68.5,29.0,2025-12-22
2497,47.25,177.656,2025-12-22
2498,49.95,4766.325,2025-12-22
2501,23.25,2778.175,2025-12-22
2504,37.25,8327.971,2025-12-22
2505,19.7,772.44,2025-12-22
2506,9.41,144.386,2025-12-22
2509,16.0,613.403,2025-12-22
2511,8.22,560.397,2025-12-22
2514,14.9,197.847,2025-12-22
2515,13.35,4932.134,2025-12-22
2516,15.3,952.197,2025-12-22
2520,34.6,12024.072,2025-12-22
2524,42.35,132.905,2025-12-22
2527,28.7,284.333,2025-12-22
2528,31.1,945.758,2025-12-22
2530,28.9,812.065,2025-12-22
2534,20.65,401.302,2025-12-22
2535,62.9,132.59,2025-12-22
2536,26.55,203.692,2025-12-22
2537,11.75,3568.45,2025-12-22
2538,11.35,264.011,2025-12-22
2539,48.0,682.007,2025-12-22
2540,48.75,496.374,2025-12-22
2542,39.1,6979.37,2025-12-22
2543,61.1,1811.828,2025-12-22
2545,38.9,263.897,2025-12-22
2546,87.2,26.355,2025-12-22
2547,10.75,1301.953,2025-12-22
2548,114.5,3899.349,2025-12-22
2597,165.0,732.96,2025-12-22
2601,5.54,785.524,2025-12-22
2603,186.0,7948.401,2025-12-22
2605,26.5,6522.252,2025-12-22
2606,61.6,6074.207,2025-12-22
2607,58.0,2269.964,2025-12-22
2608,33.25,162.27,2025-12-22
2609,52.7,10902.605,2025-12-22
2610,19.95,22732.28,2025-12-22
2611,14.9,228.034,2025-12-22
2612,60.1,933.289,2025-12-22
2613,23.45,360.902,2025-12-22
2614,22.55,5105.803,2025-12-22
2615,78.2,4382.686,2025-12-22
2616,13.7,42.256,2025-12-22
2617,31.05,791.228,2025-12-22
2618,36.45,15772.655,2025-12-22
2630,51.4,1306.06,2025-12-22
2633,27.95,3331.717,2025-12-22
2634,50.8,4073.631,2025-12-22
2636,66.0,252.313,2025-12-22
2637,68.7,3005.889,2025-12-22
2642,26.2,50.697,2025-12-22
2645,145.0,5224.901,2025-12-22
2646,23.4,2494.513,2025-12-22
2701,11.05,53.486,2025-12-22
2702,11.95,146.611,2025-12-22
2704,43.6,107.128,2025-12-22
2705,16.65,981.483,2025-12-22
2706,13.0,67.102,2025-12-22
2707,189.0,109.835,2025-12-22
2712,18.35,11.0,2025-12-22
2722,26.45,52.144,2025-12-22
2723,71.7,790.411,2025-12-22
2727,218.0,179.767,2025-12-22
2731,167.0,239.354,2025-12-22
2739,35.95,54.337,2025-12-22
2748,43.1,81.154,2025-12-22
2753,197.0,235.508,2025-12-22
2762,77.5,28.781,2025-12-22
2801,21.15,17017.132,2025-12-22
2812,21.5,8699.164,2025-12-22
2816,29.4,119.836,2025-12-22
2820,16.95,848.414,2025-12-22
2832,51.2,176.791,2025-12-22
2834,16.3,20516.253,2025-12-22
2836,12.6,2077.839,2025-12-22
2836A,23.9,15.055,2025-12-22
2838,19.7,1282.536,2025-12-22
2838A,0.0,0.0,2025-12-22
2845,13.0,7773.07,2025-12-22
2849,13.7,61.676,2025-12-22
2850,118.0,166.279,2025-12-22
2851,26.25,748.323,2025-12-22
2852,28.05,247.213,2025-12-22
2855,24.35,1163.325,2025-12-22
2867,7.89,22585.897,2025-12-22
2880,31.9,45806.576,2025-12-22
2881,98.2,20764.618,2025-12-22
2881A,63.3,60.503,2025-12-22
2881B,61.7,18.142,2025-12-22
2881C,53.5,20.494,2025-12-22
2882,76.5,45705.928,2025-12-22
2882A,60.7,68.432,2025-12-22
2882B,60.0,5.339,2025-12-22
2883,17.75,40989.328,2025-12-22
2883B,7.89,764.146,2025-12-22
2884,33.3,112981.625,2025-12-22
2885,40.0,29826.532,2025-12-22
2886,41.2,31909.988,2025-12-22
2887,21.2,485118.338,2025-12-22
2887E,49.75,181.23,2025-12-22
2887F,46.4,18.885,2025-12-22
2887G,39.6,44.168,2025-12-22
2887H,39.05,66.424,2025-12-22
2887I,9.34,6079.03,2025-12-22
2887Z1,16.6,96.69,2025-12-22
2889,16.55,2759.636,2025-12-22
2890,29.3,43679.276,2025-12-22
2891,50.4,71558.308,2025-12-22
2891B,63.8,27.401,2025-12-22
2891C,60.3,2.313,2025-12-22
2892,30.1,108438.163,2025-12-22
2897,9.19,1961.57,2025-12-22
2897B,11.85,176.911,2025-12-22
2901,25.15,19.892,2025-12-22
2903,22.3,8395.064,2025-12-22
2904,17.05,44.947,2025-12-22
2905,16.55,1133.637,2025-12-22
2906,13.05,255.565,2025-12-22
2908,20.4,320.223,2025-12-22
2910,21.4,2.15,2025-12-22
2911,4.72,7.874,2025-12-22
2912,221.5,2254.948,2025-12-22
2913,13.85,477.414,2025-12-22
2915,56.2,1490.391,2025-12-22
2923,20.45,21.086,2025-12-22
2929,8.0,222.763,2025-12-22
2939,23.5,17.047,2025-12-22
2945,38.15,14.246,2025-12-22
3002,27.1,1168.251,2025-12-22
3003,48.6,184.774,2025-12-22
3004,103.0,647.956,2025-12-22
3005,118.5,1535.132,2025-12-22
3006,84.1,6061.087,2025-12-22
3008,2240.0,1442.051,2025-12-22
3010,114.0,1898.894,2025-12-22
3011,14.9,3153.251,2025-12-22
3013,130.0,3672.939,2025-12-22
3014,116.0,401.103,2025-12-22
3015,54.0,196.413,2025-12-22
3016,51.9,1091.783,2025-12-22
3017,1475.0,5388.668,2025-12-22
3018,11.85,2.602,2025-12-22
3019,139.0,3176.939,2025-12-22
3021,17.7,49.238,2025-12-22
3022,67.4,915.78,2025-12-22
3023,203.5,1322.695,2025-12-22
3024,11.25,337.073,2025-12-22
3025,63.2,4786.239,2025-12-22
3026,102.0,446.608,2025-12-22
3027,23.55,336.355,2025-12-22
3028,39.0,1288.04,2025-12-22
3029,113.0,486.98,2025-12-22
3030,192.5,14147.817,2025-12-22
3031,19.8,241.404,2025-12-22
3032,78.0,331.893,2025-12-22
3033,30.95,1622.01,2025-12-22
3034,377.0,1806.728,2025-12-22
3035,165.5,1783.274,2025-12-22
3036,151.0,13085.352,2025-12-22
3036A,51.4,121.0,2025-12-22
3037,220.5,25048.848,2025-12-22
3038,23.15,529.007,2025-12-22
3040,56.7,124.277,2025-12-22
3041,25.25,332.938,2025-12-22
3042,84.1,790.386,2025-12-22
3043,21.8,45.729,2025-12-22
3044,315.5,4927.524,2025-12-22
3045,107.0,46503.852,2025-12-22
3046,52.9,324.831,2025-12-22
3047,18.85,1691.995,2025-12-22
3048,39.5,1631.28,2025-12-22
3049,7.35,1770.292,2025-12-22
3050,13.65,941.535,2025-12-22
3051,18.8,267.001,2025-12-22
3052,11.8,1233.083,2025-12-22
3054,27.4,101.784,2025-12-22
3055,76.1,555.683,2025-12-22
3056,18.2,965.343,2025-12-22
3057,20.95,3519.998,2025-12-22
3058,10.85,501.527,2025-12-22
3059,41.2,1357.199,2025-12-22
3060,33.85,19616.584,2025-12-22
3062,24.4,2091.425,2025-12-22
3090,94.7,3005.125,2025-12-22
3092,16.5,307.769,2025-12-22
3094,24.25,87.782,2025-12-22
3130,223.5,16.279,2025-12-22
3135,63.2,954.362,2025-12-22
3138,110.5,2736.513,2025-12-22
3149,34.05,683.015,2025-12-22
3150,19.35,27.0,2025-12-22
3164,18.3,15.385,2025-12-22
3167,224.0,9625.873,2025-12-22
3168,43.5,11.097,2025-12-22
3189,144.0,17191.163,2025-12-22
3209,31.7,159.492,2025-12-22
3229,27.0,325.24,2025-12-22
3231,146.5,41606.279,2025-12-22
3257,72.5,7849.394,2025-12-22
3266,13.85,31.0,2025-12-22
3296,24.7,133.159,2025-12-22
3305,109.0,7381.18,2025-12-22
3308,15.65,43.61,2025-12-22
3311,31.35,154.096,2025-12-22
3312,36.55,420.834,2025-12-22
3321,18.55,469.569,2025-12-22
3338,49.65,187.557,2025-12-22
3346,19.2,114.962,2025-12-22
3356,46.9,574.869,2025-12-22
3376,209.0,2024.794,2025-12-22
3380,32.05,1226.031,2025-12-22
3406,424.0,869.724,2025-12-22
3413,296.0,1044.39,2025-12-22
3416,154.0,186.025,2025-12-22
3419,12.75,171.018,2025-12-22
3432,14.1,17.46,2025-12-22
3437,14.35,203.3,2025-12-22
3443,2010.0,2304.917,2025-12-22
3447,47.85,177.185,2025-12-22
3450,244.5,7890.046,2025-12-22
3454,98.7,409.613,2025-12-22
3481,12.65,60458.852,2025-12-22
3494,8.11,145.63,2025-12-22
3501,48.8,70.367,2025-12-22
3504,52.3,110.401,2025-12-22
3515,252.5,439.949,2025-12-22
3518,21.1,264.354,2025-12-22
3528,68.1,86.164,2025-12-22
3530,72.8,215.089,2025-12-22
3532,93.8,894.846,2025-12-22
3533,1315.0,477.362,2025-12-22
3535,90.2,8545.841,2025-12-22
3543,40.8,1688.885,2025-12-22
3545,51.7,593.028,2025-12-22
3550,14.6,2585.421,2025-12-22
3557,35.9,35.255,2025-12-22
3563,504.0,1129.556,2025-12-22
3576,8.29,15293.034,2025-12-22
3583,327.0,254.064,2025-12-22
3588,49.3,494.367,2025-12-22
3591,18.5,208.749,2025-12-22
3592,232.0,2025.354,2025-12-22
3593,12.3,100.734,2025-12-22
3596,183.5,337.224,2025-12-22
3605,62.0,819.08,2025-12-22
3607,14.5,638.056,2025-12-22
3617,209.5,360.901,2025-12-22
3622,66.8,589.667,2025-12-22
3645,55.3,1133.708,2025-12-22
3652,28.45,44.0,2025-12-22
3653,2645.0,1421.557,2025-12-22
3661,3225.0,1494.603,2025-12-22
3665,1475.0,2659.49,2025-12-22
3669,29.0,29.496,2025-12-22
3673,41.85,1398.176,2025-12-22
3679,115.0,9.921,2025-12-22
3686,18.6,164.324,2025-12-22
3694,60.1,1005.533,2025-12-22
3701,40.3,1933.334,2025-12-22
3702,59.0,18506.226,2025-12-22
3703,22.95,1007.844,2025-12-22
3704,32.65,882.36,2025-12-22
3705,57.5,178.783,2025-12-22
3706,83.7,11815.762,2025-12-22
3708,118.0,3039.617,2025-12-22
3711,232.0,16911.163,2025-12-22
3712,26.05,470.897,2025-12-22
3714,32.95,1658.626,2025-12-22
3715,120.0,21359.453,2025-12-22
3716,33.6,55.309,2025-12-22
3717,17.05,227.691,2025-12-22
4104,81.6,101.712,2025-12-22
4106,22.2,15.799,2025-12-22
4108,13.65,170.357,2025-12-22
4119,49.1,71.953,2025-12-22
4133,22.95,22.061,2025-12-22
4137,98.6,105.912,2025-12-22
4142,19.5,830.453,2025-12-22
4148,38.25,51.068,2025-12-22
4155,15.05,59.289,2025-12-22
4164,38.7,846.094,2025-12-22
4190,30.05,26.11,2025-12-22
4306,14.4,502.278,2025-12-22
4414,11.95,824.499,2025-12-22
4426,9.74,54.705,2025-12-22
4438,78.0,32.252,2025-12-22
4439,102.0,15.01,2025-12-22
4440,17.75,63.136,2025-12-22
4441,242.5,37.223,2025-12-22
4526,29.65,1192.942,2025-12-22
4532,24.35,371.458,2025-12-22
4536,163.5,196.18,2025-12-22
4540,34.85,198.585,2025-12-22
4545,42.45,4299.336,2025-12-22
4551,118.0,123.755,2025-12-22
4552,24.1,101.176,2025-12-22
4555,38.9,69.869,2025-12-22
4557,78.9,88.728,2025-12-22
4560,32.5,161.015,2025-12-22
4562,36.2,166.522,2025-12-22
4564,17.35,439.593,2025-12-22
4566,57.4,598.263,2025-12-22
4569,154.0,152.179,2025-12-22
4571,161.5,161.88,2025-12-22
4572,151.5,27.058,2025-12-22
4576,109.0,274.536,2025-12-22
4581,51.4,19.111,2025-12-22
4583,628.0,86.323,2025-12-22
4585,315.0,114.119,2025-12-22
4588,62.3,25.033,2025-12-22
4720,14.95,793.102,2025-12-22
4722,178.0,9685.743,2025-12-22
4736,122.0,130.292,2025-12-22
4737,59.0,110.094,2025-12-22
4739,67.1,725.265,2025-12-22
4746,61.5,239.081,2025-12-22
4755,108.5,268.668,2025-12-22
4763,55.6,13463.543,2025-12-22
4764,115.5,6754.556,2025-12-22
4766,325.0,184.864,2025-12-22
4770,241.0,508.728,2025-12-22
4771,175.5,53.74,2025-12-22
4807,17.75,11.524,2025-12-22
4904,87.8,4059.163,2025-12-22
4906,28.5,2765.97,2025-12-22
4912,83.8,98.475,2025-12-22
4915,78.6,2568.078,2025-12-22
4916,56.5,5405.018,2025-12-22
4919,52.6,3016.99,2025-12-22
4927,34.3,45533.705,2025-12-22
4930,22.2,31.045,2025-12-22
4934,14.35,836.04,2025-12-22
4935,41.25,51.75,2025-12-22
4938,70.1,8663.493,2025-12-22
4942,39.25,51.201,2025-12-22
4943,12.7,12.126,2025-12-22
4949,37.2,174.231,2025-12-22
4952,35.9,117.208,2025-12-22
4956,21.0,597.05,2025-12-22
4958,144.0,14708.526,2025-12-22
4960,13.55,602.246,2025-12-22
4961,146.0,591.883,2025-12-22
4967,149.5,19952.234,2025-12-22
4968,132.0,502.844,2025-12-22
4976,30.75,258.184,2025-12-22
4977,138.0,8085.835,2025-12-22
4989,40.4,2978.544,2025-12-22
4994,92.9,27.076,2025-12-22
4999,23.1,57.046,2025-12-22
5007,56.0,77.162,2025-12-22
5203,90.4,144.604,2025-12-22
5215,34.55,68.294,2025-12-22
5222,136.0,736.545,2025-12-22
5225,101.5,424.538,2025-12-22
5234,341.0,957.972,2025-12-22
5243,81.4,1038.258,2025-12-22
5244,40.3,152.101,2025-12-22
5258,71.7,317.958,2025-12-22
5269,1190.0,485.136,2025-12-22
5283,61.4,84.89,2025-12-22
5284,295.0,1108.292,2025-12-22
5285,49.35,113.451,2025-12-22
5288,131.0,28.875,2025-12-22
5292,144.5,757.757,2025-12-22
5306,87.4,232.82,2025-12-22
5388,82.6,509.197,2025-12-22
5434,300.0,612.157,2025-12-22
5469,97.0,5519.358,2025-12-22
5471,33.3,141.509,2025-12-22
5484,38.0,136.543,2025-12-22
5515,34.6,1779.717,2025-12-22
5519,32.95,573.618,2025-12-22
5521,22.85,9083.11,2025-12-22
5522,76.3,4243.672,2025-12-22
5525,28.2,105.093,2025-12-22
5531,9.17,155.386,2025-12-22
5533,14.3,27.243,2025-12-22
5534,83.4,1307.311,2025-12-22
5538,29.6,11.01,2025-12-22
5546,22.25,15.0,2025-12-22
5607,49.5,482.192,2025-12-22
5608,18.05,973.702,2025-12-22
5706,50.4,66.874,2025-12-22
5871,108.5,17149.662,2025-12-22
5871A,101.5,96.18,2025-12-22
5876,41.2,8470.556,2025-12-22
5880,24.85,7729.952,2025-12-22
5906,0.0,0.0,2025-12-22
5907,5.72,406.351,2025-12-22
6005,24.5,15020.822,2025-12-22
6024,51.7,255.341,2025-12-22
6108,14.5,155.203,2025-12-22
6112,47.35,586.483,2025-12-22
6115,47.4,44.977,2025-12-22
6116,7.42,5245.177,2025-12-22
6117,82.0,530.295,2025-12-22
6120,12.75,2355.627,2025-12-22
6128,22.95,44.29,2025-12-22
6133,21.75,4977.694,2025-12-22
6136,24.25,965.562,2025-12-22
6139,566.0,9336.848,2025-12-22
6141,11.25,188.574,2025-12-22
6142,9.42,310.39,2025-12-22
6152,11.35,3682.48,2025-12-22
6153,15.55,2479.597,2025-12-22
6155,43.15,3645.923,2025-12-22
6164,12.85,2655.655,2025-12-22
6165,47.2,551.367,2025-12-22
6166,65.6,423.37,2025-12-22
6168,19.85,258.379,2025-12-22
6176,123.0,3111.59,2025-12-22
6177,49.35,1377.893,2025-12-22
6183,95.6,3.312,2025-12-22
6184,48.45,27.707,2025-12-22
6189,46.0,527.276,2025-12-22
6191,119.0,4983.136,2025-12-22
6192,105.5,140.677,2025-12-22
6196,274.5,4902.91,2025-12-22
6197,140.0,912.072,2025-12-22
6201,57.1,12.74,2025-12-22
6202,37.85,268.087,2025-12-22
6205,38.85,63.524,2025-12-22
6206,93.1,379.56,2025-12-22
6209,62.8,13433.07,2025-12-22
6213,113.0,5055.832,2025-12-22
6214,129.5,2940.627,2025-12-22
6215,104.0,708.911,2025-12-22
6216,26.8,99.249,2025-12-22
6224,42.25,71.323,2025-12-22
6225,18.1,9.501,2025-12-22
6226,7.71,349.688,2025-12-22
6230,121.0,56.281,2025-12-22
6235,62.2,1274.934,2025-12-22
6239,172.0,22521.829,2025-12-22
6243,35.2,308.911,2025-12-22
6257,101.0,11941.806,2025-12-22
6269,57.9,1719.298,2025-12-22
6271,135.0,6388.097,2025-12-22
6272,49.0,3271.681,2025-12-22
6277,61.2,69.416,2025-12-22
6278,96.6,1095.019,2025-12-22
6281,63.4,84.8,2025-12-22
6282,42.25,17420.847,2025-12-22
6283,25.4,194.478,2025-12-22
6285,103.5,3090.898,2025-12-22
6405,25.35,110.008,2025-12-22
6409,962.0,395.308,2025-12-22
6412,94.2,848.258,2025-12-22
6414,300.5,1058.758,2025-12-22
6415,200.0,2144.205,2025-12-22
6416,85.0,96.239,2025-12-22
6423,73.8,42.526,2025-12-22
6426,97.5,3171.461,2025-12-22
6431,30.7,366.562,2025-12-22
6438,140.0,467.206,2025-12-22
6442,1185.0,2324.194,2025-12-22
6443,24.85,23344.639,2025-12-22
6446,497.0,646.8,2025-12-22
6449,162.5,414.4,2025-12-22
6451,163.0,783.247,2025-12-22
6456,44.55,780.821,2025-12-22
6464,76.6,1.089,2025-12-22
6472,503.0,445.015,2025-12-22
6477,35.65,1127.583,2025-12-22
6491,280.5,210.324,2025-12-22
6504,41.9,46.028,2025-12-22
6505,48.5,3785.684,2025-12-22
6515,2590.0,450.157,2025-12-22
6525,75.4,104.68,2025-12-22
6526,438.0,209.297,2025-12-22
6531,399.5,2488.979,2025-12-22
6533,244.5,203.206,2025-12-22
6534,90.1,44.0,2025-12-22
6541,61.3,687.377,2025-12-22
6550,31.15,492.728,2025-12-22
6552,24.75,68.934,2025-12-22
6558,39.8,1684.715,2025-12-22
6573,15.4,221.403,2025-12-22
6579,109.0,62.849,2025-12-22
6581,105.0,6.262,2025-12-22
6582,33.85,29.629,2025-12-22
6585,90.1,10.441,2025-12-22
6589,63.4,328.498,2025-12-22
6591,78.8,348.863,2025-12-22
6592,61.5,347.387,2025-12-22
6592A,96.9,6.874,2025-12-22
6592B,97.9,1.032,2025-12-22
6598,22.1,127.182,2025-12-22
6605,144.0,1493.365,2025-12-22
6606,25.2,58.46,2025-12-22
6614,49.0,99.337,2025-12-22
6625,81.9,293.852,2025-12-22
6641,19.25,15.523,2025-12-22
6645,18.75,19.335,2025-12-22
6655,119.5,11.026,2025-12-22
6657,42.3,180.408,2025-12-22
6658,49.95,222.456,2025-12-22
6666,44.85,2.0,2025-12-22
6668,38.35,218.195,2025-12-22
6669,4250.0,1272.434,2025-12-22
6670,258.0,1004.628,2025-12-22
6671,0.0,0.0,2025-12-22
6672,95.5,2081.596,2025-12-22
6674,19.85,19.0,2025-12-22
6689,62.9,90.803,2025-12-22
6691,584.0,1326.451,2025-12-22
6695,45.65,229.258,2025-12-22
6698,28.6,141.32,2025-12-22
6706,119.0,14367.811,2025-12-22
6715,99.0,21.328,2025-12-22
6719,198.0,111.427,2025-12-22
6742,47.15,156.072,2025-12-22
6743,27.8,107.275,2025-12-22
6753,135.5,2035.867,2025-12-22
6754,47.85,9.241,2025-12-22
6756,83.4,100.821,2025-12-22
6757,67.0,2594.281,2025-12-22
6768,114.0,222.262,2025-12-22
6770,40.45,477376.736,2025-12-22
6771,44.95,5.1,2025-12-22
6776,49.5,119.586,2025-12-22
6781,1320.0,1447.187,2025-12-22
6782,175.0,64.551,2025-12-22
6789,272.5,1080.311,2025-12-22
6790,38.75,69.437,2025-12-22
6792,51.4,37.099,2025-12-22
6794,81.4,57.042,2025-12-22
6796,99.9,132.784,2025-12-22
6799,84.0,117.715,2025-12-22
6805,1545.0,1243.536,2025-12-22
6806,39.15,820.181,2025-12-22
6807,46.3,14.0,2025-12-22
6830,176.5,938.285,2025-12-22
6831,261.5,3022.614,2025-12-22
6834,28.45,229.555,2025-12-22
6835,38.6,126.231,2025-12-22
6838,26.7,114.665,2025-12-22
6854,131.0,252.584,2025-12-22
6861,58.0,45.332,2025-12-22
6862,159.5,115.963,2025-12-22
6863,113.5,102.733,2025-12-22
6869,94.1,405.014,2025-12-22
6873,101.5,377.36,2025-12-22
6885,29.2,160.649,2025-12-22
6887,62.3,6.0,2025-12-22
6890,259.5,1368.136,2025-12-22
6901,17.45,708.258,2025-12-22
6902,77.2,25.062,2025-12-22
6906,85.3,9.478,2025-12-22
6909,39.6,383.892,2025-12-22
6914,144.5,22.454,2025-12-22
6916,18.85,155.593,2025-12-22
6918,87.0,36.401,2025-12-22
6919,162.5,5363.675,2025-12-22
6923,96.6,291.869,2025-12-22
6924,69.9,65.0,2025-12-22
6928,51.3,148.44,2025-12-22
6931,64.4,135.994,2025-12-22
6933,152.5,71.579,2025-12-22
6936,36.2,55.78,2025-12-22
6937,220.0,167.851,2025-12-22
6944,684.0,1023.263,2025-12-22
6949,354.5,136.973,2025-12-22
6951,71.7,22.684,2025-12-22
6952,43.4,45.554,2025-12-22
6955,151.0,3.0,2025-12-22
6957,201.0,64.47,2025-12-22
6958,16.6,142.148,2025-12-22
6962,40.5,1639.865,2025-12-22
6965,83.9,25.025,2025-12-22
6969,29.5,45.014,2025-12-22
6988,12.75,10.012,2025-12-22
6994,96.7,78.421,2025-12-22
7610,116.0,405.451,2025-12-22
7631,132.0,10.005,2025-12-22
7705,40.0,29.036,2025-12-22
7711,263.0,123.349,2025-12-22
7721,51.2,15.27,2025-12-22
7722,564.0,16.416,2025-12-22
7730,88.0,28.05,2025-12-22
7732,41.1,75.105,2025-12-22
7736,89.9,13.02,2025-12-22
7740,150.0,71.482,2025-12-22
7749,453.0,395.64,2025-12-22
7750,849.0,50.751,2025-12-22
7765,271.0,16.388,2025-12-22
7769,3300.0,494.881,2025-12-22
7780,161.0,153.223,2025-12-22
7786,160.5,124.358,2025-12-22
7788,141.0,487.545,2025-12-22
7791,72.0,64.614,2025-12-22
7799,528.0,293.793,2025-12-22
8011,23.05,951.033,2025-12-22
8016,184.0,382.971,2025-12-22
8021,164.0,18740.359,2025-12-22
8028,167.0,2129.689,2025-12-22
8033,144.0,7291.051,2025-12-22
8039,95.0,49826.47,2025-12-22
8045,78.7,66.382,2025-12-22
8046,244.0,4468.531,2025-12-22
8070,42.35,3673.213,2025-12-22
8072,30.8,588.228,2025-12-22
8081,213.0,378.519,2025-12-22
8101,15.95,19.022,2025-12-22
8103,90.3,2708.818,2025-12-22
8104,32.45,768.305,2025-12-22
8105,11.35,565.862,2025-12-22
8110,53.3,4850.835,2025-12-22
8112,72.2,17092.531,2025-12-22
8112A,43.95,8.398,2025-12-22
8114,176.0,151.286,2025-12-22
8131,56.3,16488.975,2025-12-22
8150,46.0,24481.035,2025-12-22
8162,33.75,35.243,2025-12-22
8163,31.35,638.373,2025-12-22
8201,13.7,100.809,2025-12-22
8210,942.0,2227.18,2025-12-22
8213,33.35,488.234,2025-12-22
8215,19.25,394.555,2025-12-22
8222,41.2,153.991,2025-12-22
8249,51.6,457.665,2025-12-22
8261,91.5,1153.219,2025-12-22
8271,99.2,12732.309,2025-12-22
8341,78.5,109.527,2025-12-22
8367,43.75,70.1,2025-12-22
8374,78.9,218.886,2025-12-22
8404,24.15,1238.189,2025-12-22
8411,12.2,36.359,2025-12-22
8422,24.8,31551.994,2025-12-22
8429,7.71,363.105,2025-12-22
8438,29.5,50.252,2025-12-22
8442,70.3,32.888,2025-12-22
8443,11.1,6.854,2025-12-22
8454,215.5,683.976,2025-12-22
8462,146.0,152.279,2025-12-22
8463,27.5,47.22,2025-12-22
8464,381.0,705.178,2025-12-22
8466,22.2,11.217,2025-12-22
8467,150.5,136.699,2025-12-22
8473,36.1,158.992,2025-12-22
8476,18.1,88.165,2025-12-22
8478,207.0,585.27,2025-12-22
8481,41.0,29.354,2025-12-22
8482,50.0,21.32,2025-12-22
8487,78.7,30.691,2025-12-22
8488,10.0,9.187,2025-12-22
8499,384.0,189.222,2025-12-22
8926,41.4,713.037,2025-12-22
8940,20.25,23.117,2025-12-22
8996,553.0,5696.922,2025-12-22
9103,4.59,364.052,2025-12-22
910322,24.1,7.392,2025-12-22
9105,5.9,12507.15,2025-12-22
910861,5.33,1.033,2025-12-22
9110,3.2,2.1,2025-12-22
911608,2.75,13.0,2025-12-22
911622,4.01,10.0,2025-12-22
911868,1.34,138.185,2025-12-22
912000,2.74,244.401,2025-12-22
9136,7.23,566.1,2025-12-22
9802,107.0,487.994,2025-12-22
9902,17.7,217.179,2025-12-22
9904,30.55,11217.642,2025-12-22
9905,19.95,47.6,2025-12-22
9906,51.7,78.791,2025-12-22
9907,18.35,9590.6,2025-12-22
9908,29.95,41.548,2025-12-22
9910,118.5,704.442,2025-12-22
9911,83.8,145.655,2025-12-22
9912,12.3,9.111,2025-12-22
9914,86.2,617.557,2025-12-22
9917,107.0,672.911,2025-12-22
9918,39.8,26.724,2025-12-22
9919,16.75,164.679,2025-12-22
9921,97.3,1928.515,2025-12-22
9924,53.1,72.007,2025-12-22
9925,40.8,108.222,2025-12-22
9926,49.85,2.141,2025-12-22
9927,67.7,44.462,2025-12-22
9928,18.65,219.167,2025-12-22
9929,0.0,0.0,2025-12-22
9930,70.3,61.46,2025-12-22
9931,34.0,4.269,2025-12-22
9933,31.75,1755.474,2025-12-22
9934,10.1,338.736,2025-12-22
9935,20.7,90.681,2025-12-22
9937,58.0,71.113,2025-12-22
9938,51.3,1890.379,2025-12-22
9939,119.0,789.937,2025-12-22
9940,22.9,120.65,2025-12-22
9941,92.2,1660.49,2025-12-22
9941A,50.5,3.0,2025-12-22
9942,105.0,45.045,2025-12-22
9943,61.2,19.85,2025-12-22
9944,17.0,13.485,2025-12-22
9945,30.6,3695.114,2025-12-22
9946,18.8,171.577,2025-12-22
9955,30.55,327.322,2025-12-22
9958,139.0,732.626,2025-12-22
0備註:,0.0,0.0,2025-12-22
漲跌(+/-)欄位符號說明:+/-/X表示漲/跌/不比價。,0.0,0.0,2025-12-22
當證券代號為認購(售)權證及認股權憑證時本益比欄位置為結算價；但如為以外國證券或指數為標的之認購(售)權證及履約方式採歐式者，該欄位為空白。,0.0,0.0,2025-12-22
除境外指數股票型基金及外國股票第二上市外，餘交易單位皆為千股。,0.0,0.0,2025-12-22
本統計資訊含一般、零股、盤後定價、鉅額交易，不含拍賣、標購。,0.0,0.0,2025-12-22
=0050,62.5,81027.467,2025-12-19
=0051,89.55,35.07,2025-12-19
=0052,35.64,24363.23,2025-12-19
=0053,133.75,10.149,2025-12-19
=0055,32.24,508.127,2025-12-19
=0056,36.38,20244.445,2025-12-19
=0057,182.75,48.135,2025-12-19
=0061,22.82,291.275,2025-12-19
=006203,113.6,3.127,2025-12-19
=006204,140.95,13.363,2025-12-19
=006205,38.89,249.67,2025-12-19
=006206,36.71,573.542,2025-12-19
=006207,30.23,199.943,2025-12-19
=006208,143.05,5112.359,2025-12-19
=00625K,0.0,0.0,2025-12-19
=00631L,336.4,3869.815,2025-12-19
=00632R,17.1,39183.364,2025-12-19
=00633L,49.23,7389.366,2025-12-19
=00634R,3.26,174.1,2025-12-19
=00635U,46.42,2664.917,2025-12-19
=00636,26.68,743.292,2025-12-19
=00636K,8.53,0.2,2025-12-19
=00637L,20.25,44385.264,2025-12-19
=00638R,6.92,150.16,2025-12-19
=00639,15.04,1228.293,2025-12-19
=00640L,76.7,103.99,2025-12-19
=00641R,4.64,1986.796,2025-12-19
=00642U,14.71,7061.725,2025-12-19
=00643,16.45,3597.838,2025-12-19
=00643K,0.0,0.0,2025-12-19
=00645,47.38,572.486,2025-12-19
=00646,67.1,1877.129,2025-12-19
=00647L,114.6,20.772,2025-12-19
=00648R,4.42,886.1,2025-12-19
=00650L,17.68,6769.253,2025-12-19
=00651R,5.32,550.0,2025-12-19
=00652,37.31,135.844,2025-12-19
=00653L,58.05,89.47,2025-12-19
=00654R,6.25,9.59,2025-12-19
=00655L,34.3,1738.62,2025-12-19
=00656R,6.13,86.1,2025-12-19
=00657,58.35,397.949,2025-12-19
=00657K,18.51,0.2,2025-12-19
=00660,41.59,23.184,2025-12-19
=00661,63.85,164.112,2025-12-19
=00662,101.65,1111.115,2025-12-19
=00663L,43.91,8123.207,2025-12-19
=00664R,2.76,7593.185,2025-12-19
=00665L,10.76,18664.939,2025-12-19
=00666R,8.9,77.031,2025-12-19
=00668,55.15,132.46,2025-12-19
=00668K,17.5,0.2,2025-12-19
=00669R,5.75,533.201,2025-12-19
=00670L,159.1,726.512,2025-12-19
=00671R,2.89,3918.44,2025-12-19
=00673R,29.39,769.282,2025-12-19
=00674R,5.91,1062.832,2025-12-19
=00675L,133.55,2592.811,2025-12-19
=00676R,9.41,1895.942,2025-12-19
=00678,34.2,363.306,2025-12-19
=00680L,7.26,12096.49,2025-12-19
=00681R,20.78,7.0,2025-12-19
=00682U,20.22,2.0,2025-12-19
=00683L,20.78,56.0,2025-12-19
=00684R,15.62,107.0,2025-12-19
=00685L,119.85,729.603,2025-12-19
=00686R,1.68,2044.301,2025-12-19
=00688L,7.24,3535.569,2025-12-19
=00689R,21.64,10.0,2025-12-19
=00690,42.93,952.102,2025-12-19
=00692,55.0,462.307,2025-12-19
=00693U,20.18,2370.996,2025-12-19
=00700,18.22,1600.43,2025-12-19
=00701,29.25,2059.911,2025-12-19
=00702,23.36,17.189,2025-12-19
=00703,21.6,52.291,2025-12-19
=00706L,20.76,5279.648,2025-12-19
=00707R,31.06,1.0,2025-12-19
=00708L,90.8,2411.154,2025-12-19
=00709,36.45,97.388,2025-12-19
=00710B,18.99,247.639,2025-12-19
=00711B,16.35,101.28,2025-12-19
=00712,9.14,10725.902,2025-12-19
=00713,50.85,8877.433,2025-12-19
=00714,19.93,232.712,2025-12-19
=00715L,18.69,19184.282,2025-12-19
=00717,15.09,133.514,2025-12-19
=00728,35.72,46.457,2025-12-19
=00730,23.47,270.455,2025-12-19
=00731,69.45,811.327,2025-12-19
=00733,45.38,582.951,2025-12-19
=00735,48.75,169.262,2025-12-19
=00736,27.49,102.891,2025-12-19
=00737,35.41,35.453,2025-12-19
=00738U,53.8,10850.254,2025-12-19
=00739,25.99,49.79,2025-12-19
=00752,26.14,2281.747,2025-12-19
=00753L,12.28,13518.477,2025-12-19
=00757,117.6,1559.13,2025-12-19
=00762,82.0,142.236,2025-12-19
=00763U,30.1,1364.188,2025-12-19
=00770,57.0,401.045,2025-12-19
=00771,16.1,19.968,2025-12-19
=00775B,32.73,2.0,2025-12-19
=00783,24.7,85.997,2025-12-19
=00830,56.3,3262.237,2025-12-19
=00850,53.45,670.382,2025-12-19
=00851,54.75,10.742,2025-12-19
=00852L,30.39,105.896,2025-12-19
=00861,53.9,107.114,2025-12-19
=00865B,47.32,991.735,2025-12-19
=00875,38.99,13.645,2025-12-19
=00876,49.85,290.059,2025-12-19
=00878,21.49,48660.626,2025-12-19
=00881,31.23,6679.557,2025-12-19
=00882,15.28,7117.38,2025-12-19
=00885,17.11,6208.684,2025-12-19
=00891,19.27,5042.844,2025-12-19
=00892,21.04,714.092,2025-12-19
=00893,31.97,812.362,2025-12-19
=00894,26.13,2096.373,2025-12-19
=00895,38.46,341.283,2025-12-19
=00896,18.55,1889.677,2025-12-19
=00897,8.65,310.185,2025-12-19
=00898,7.78,253.636,2025-12-19
=00899,20.09,112.869,2025-12-19
=00900,13.64,23351.135,2025-12-19
=00901,23.85,272.111,2025-12-19
=00902,12.76,1857.963,2025-12-19
=00903,17.28,163.798,2025-12-19
=00904,21.88,1806.741,2025-12-19
=00905,16.8,1305.05,2025-12-19
=00907,15.42,985.235,2025-12-19
=00908,13.77,167.372,2025-12-19
=00909,38.73,3320.65,2025-12-19
=00910,40.89,514.918,2025-12-19
=00911,32.16,478.443,2025-12-19
=00912,20.86,281.474,2025-12-19
=00913,23.9,106.124,2025-12-19
=00915,22.96,6145.276,2025-12-19
=00916,27.39,132.75,2025-12-19
=00917,25.08,365.167,2025-12-19
=00918,22.38,18543.35,2025-12-19
=00919,22.31,110241.657,2025-12-19
=00920,17.97,49.321,2025-12-19
=00921,17.44,536.891,2025-12-19
=00922,24.91,7135.225,2025-12-19
=00923,24.95,2439.976,2025-12-19
=00924,28.79,5136.183,2025-12-19
=00926,22.94,1041.313,2025-12-19
=00927,20.77,2594.083,2025-12-19
=00929,17.72,12138.252,2025-12-19
=00930,17.19,1349.753,2025-12-19
=00932,14.14,440.66,2025-12-19
=00934,20.34,1304.34,2025-12-19
=00935,28.9,1534.248,2025-12-19
=00936,15.79,1359.247,2025-12-19
=00938,17.06,963.375,2025-12-19
=00939,14.59,17312.768,2025-12-19
=00940,9.22,16273.006,2025-12-19
=00941,17.02,1457.453,2025-12-19
=00943,14.18,40.897,2025-12-19
=00944,14.4,508.601,2025-12-19
=00945B,14.5,5905.16,2025-12-19
=00946,9.59,5272.909,2025-12-19
=00947,17.54,772.617,2025-12-19
=00949,18.4,807.747,2025-12-19
=00951,10.81,1515.711,2025-12-19
=00952,11.48,1266.773,2025-12-19
=00953B,9.75,16795.544,2025-12-19
=00954,11.58,730.429,2025-12-19
=00956,11.4,153.702,2025-12-19
=00960,14.22,521.874,2025-12-19
=00961,9.32,1936.097,2025-12-19
=00962,10.58,124.15,2025-12-19
=00963,11.33,484.199,2025-12-19
=00964,11.25,961.652,2025-12-19
=00965,22.53,4447.14,2025-12-19
=00971,15.88,1060.239,2025-12-19
=00972,18.05,525.349,2025-12-19
=009800,11.04,1388.267,2025-12-19
=009801,11.05,555.866,2025-12-19
=009802,10.99,2224.559,2025-12-19
=009803,12.37,2999.204,2025-12-19
=009804,14.21,544.104,2025-12-19
=009805,12.31,3600.685,2025-12-19
=009808,19.05,973.603,2025-12-19
=009809,10.33,1697.163,2025-12-19
=00980A,14.71,14701.846,2025-12-19
=009810,18.31,183.207,2025-12-19
=009811,11.61,2839.701,2025-12-19
=009812,10.67,2717.194,2025-12-19
=009813,10.45,5831.958,2025-12-19
=00981A,15.99,97380.161,2025-12-19
=00981T,10.48,7188.365,2025-12-19
=00982A,13.83,30069.586,2025-12-19
=00982D,10.18,5587.547,2025-12-19
=00983A,12.04,1783.833,2025-12-19
=00983D,10.26,1479.363,2025-12-19
=00984A,10.79,6061.446,2025-12-19
=00985A,12.85,7007.377,2025-12-19
=00985B,10.35,3409.528,2025-12-19
=00986A,11.21,3567.31,2025-12-19
=00988A,9.72,11386.07,2025-12-19
=00989A,14.94,1458.852,2025-12-19
=00991A,9.84,178313.24,2025-12-19
=01001T,11.6,34.4,2025-12-19
=01002T,14.5,13.0,2025-12-19
=01004T,10.79,43.744,2025-12-19
=01007T,13.34,179.36,2025-12-19
=01009T,6.92,4.0,2025-12-19
=01010T,10.02,6.0,2025-12-19
=020000,0.0,0.0,2025-12-19
=020011,0.0,0.0,2025-12-19
=020012,0.0,0.0,2025-12-19
=02001L,44.34,45.0,2025-12-19
=02001R,0.92,6.0,2025-12-19
=020020,15.06,29.0,2025-12-19
=020028,12.4,13.0,2025-12-19
=020029,9.64,41.0,2025-12-19
=020030,8.55,20.0,2025-12-19
=020031,6.01,1.0,2025-12-19
=020032,0.0,0.0,2025-12-19
=020034,7.34,13.0,2025-12-19
=020036,7.53,4.0,2025-12-19
=020037,8.4,1.0,2025-12-19
=020038,7.44,10.0,2025-12-19
=020039,8.8,13.0,2025-12-19
1101,22.5,39193.167,2025-12-19
1101B,45.5,10.63,2025-12-19
1102,35.95,30663.187,2025-12-19
1103,14.2,1288.382,2025-12-19
1104,30.4,488.678,2025-12-19
1108,14.95,76.308,2025-12-19
1109,15.6,129.084,2025-12-19
1110,16.5,183.306,2025-12-19
1201,14.75,182.926,2025-12-19
1203,39.8,5.059,2025-12-19
1210,51.6,2757.394,2025-12-19
1213,10.85,19.735,2025-12-19
1215,136.5,5145.172,2025-12-19
1216,78.4,45938.179,2025-12-19
1217,10.55,376.194,2025-12-19
1218,18.15,192.468,2025-12-19
1219,13.6,243.216,2025-12-19
1220,12.55,122.106,2025-12-19
1225,29.5,44.821,2025-12-19
1227,30.85,493.188,2025-12-19
1229,48.4,4030.643,2025-12-19
1231,98.4,178.554,2025-12-19
1232,145.0,19.161,2025-12-19
1233,31.8,7.033,2025-12-19
1234,37.8,93.9,2025-12-19
1235,47.5,9.77,2025-12-19
1236,25.6,36.802,2025-12-19
1256,137.5,25.898,2025-12-19
1301,40.0,10353.201,2025-12-19
1303,59.9,126489.251,2025-12-19
1304,11.05,2180.506,2025-12-19
1305,11.15,598.517,2025-12-19
1307,33.7,2934.934,2025-12-19
1308,13.3,892.426,2025-12-19
1309,11.15,687.931,2025-12-19
1310,8.45,708.011,2025-12-19
1312,11.55,2390.688,2025-12-19
1312A,22.15,1.0,2025-12-19
1313,10.45,1347.04,2025-12-19
1314,7.91,15437.354,2025-12-19
1315,64.1,6.13,2025-12-19
1316,16.4,16071.914,2025-12-19
1319,94.7,3423.588,2025-12-19
1321,35.05,117.434,2025-12-19
1323,19.55,13.087,2025-12-19
1324,10.5,42.178,2025-12-19
1325,31.1,172.378,2025-12-19
1326,32.3,8208.258,2025-12-19
1337,4.9,141.128,2025-12-19
1338,20.35,40.583,2025-12-19
1339,44.3,18.267,2025-12-19
1340,7.34,247.191,2025-12-19
1341,58.4,7.136,2025-12-19
1342,87.9,87.122,2025-12-19
1402,28.25,19785.916,2025-12-19
1409,15.4,4755.902,2025-12-19
1410,34.1,6.318,2025-12-19
1413,10.0,204.279,2025-12-19
1414,16.75,484.583,2025-12-19
1416,11.65,97.952,2025-12-19
1417,9.02,154.135,2025-12-19
1418,19.25,2.169,2025-12-19
1419,71.5,167.222,2025-12-19
1423,38.5,25.938,2025-12-19
1432,18.2,76.079,2025-12-19
1434,15.9,2290.628,2025-12-19
1435,21.85,2.41,2025-12-19
1436,62.0,342.624,2025-12-19
1437,34.75,74.097,2025-12-19
1438,33.8,21.746,2025-12-19
1439,30.9,142.324,2025-12-19
1440,13.65,1215.702,2025-12-19
1441,10.5,18.533,2025-12-19
1442,29.8,8779.175,2025-12-19
1443,27.4,1.0,2025-12-19
1444,6.03,1494.895,2025-12-19
1445,13.45,11.016,2025-12-19
1446,18.2,90.288,2025-12-19
1447,5.44,808.094,2025-12-19
1449,10.95,450.175,2025-12-19
1451,17.4,85.917,2025-12-19
1452,11.95,22.055,2025-12-19
1453,12.7,69.788,2025-12-19
1454,13.25,13.205,2025-12-19
1455,7.77,201.914,2025-12-19
1456,12.9,217.097,2025-12-19
1457,15.7,39.685,2025-12-19
1459,11.8,50.394,2025-12-19
1460,6.25,591.105,2025-12-19
1463,19.7,23.448,2025-12-19
1464,11.15,179.483,2025-12-19
1465,12.7,126.09,2025-12-19
1466,14.15,28.04,2025-12-19
1467,7.03,162.894,2025-12-19
1468,11.8,35.0,2025-12-19
1470,23.0,54.695,2025-12-19
1471,8.98,387.073,2025-12-19
1472,89.2,30.024,2025-12-19
1473,24.65,40.463,2025-12-19
1474,11.15,38.654,2025-12-19
1475,30.25,45.014,2025-12-19
1476,390.5,724.774,2025-12-19
1477,301.5,2542.257,2025-12-19
1503,172.0,1597.956,2025-12-19
1504,84.2,31524.415,2025-12-19
1506,11.7,57.003,2025-12-19
1512,7.6,28.012,2025-12-19
1513,151.0,4282.345,2025-12-19
1514,99.7,1826.434,2025-12-19
1515,27.9,175.83,2025-12-19
1516,21.95,260.197,2025-12-19
1517,11.25,252.373,2025-12-19
1519,761.0,3022.039,2025-12-19
1521,24.0,3.553,2025-12-19
1522,47.0,800.505,2025-12-19
1522A,0.0,0.2,2025-12-19
1524,28.8,863.351,2025-12-19
1525,64.1,3.394,2025-12-19
1526,16.7,77.025,2025-12-19
1527,32.55,202.682,2025-12-19
1528,16.05,9076.586,2025-12-19
1529,18.65,184.273,2025-12-19
1530,27.45,12.687,2025-12-19
1531,11.95,21.527,2025-12-19
1532,27.35,593.738,2025-12-19
1533,32.65,81.206,2025-12-19
1535,53.0,23.074,2025-12-19
1536,58.0,651.611,2025-12-19
1537,125.0,33.708,2025-12-19
1538,26.25,17.638,2025-12-19
1539,17.1,36.059,2025-12-19
1540,22.8,140.333,2025-12-19
1541,23.6,99.7,2025-12-19
1558,101.5,56.978,2025-12-19
1560,365.0,1968.595,2025-12-19
1563,40.65,188.319,2025-12-19
1568,21.9,81.417,2025-12-19
1582,65.6,184.705,2025-12-19
1583,45.75,2.187,2025-12-19
1587,51.7,3840.19,2025-12-19
1589,16.9,188.761,2025-12-19
1590,922.0,741.165,2025-12-19
1597,72.2,141.302,2025-12-19
1598,20.9,102.607,2025-12-19
1603,37.3,163.154,2025-12-19
1604,24.55,54.008,2025-12-19
1605,29.9,32757.289,2025-12-19
1608,36.3,2379.086,2025-12-19
1609,37.55,2081.919,2025-12-19
1611,12.8,900.004,2025-12-19
1612,34.1,350.142,2025-12-19
1614,34.05,58.998,2025-12-19
1615,48.4,49.771,2025-12-19
1616,27.9,379.362,2025-12-19
1617,14.2,132.03,2025-12-19
1618,41.2,230.441,2025-12-19
1626,11.6,78.165,2025-12-19
1702,39.75,769.587,2025-12-19
1707,127.5,146.504,2025-12-19
1708,32.95,493.221,2025-12-19
1709,16.75,179.864,2025-12-19
1710,12.05,440.531,2025-12-19
1711,18.7,4507.128,2025-12-19
1712,44.45,962.399,2025-12-19
1713,43.55,269.77,2025-12-19
1714,8.31,788.835,2025-12-19
1717,40.05,8072.809,2025-12-19
1718,7.07,4456.84,2025-12-19
1720,60.2,240.437,2025-12-19
1721,11.85,2877.242,2025-12-19
1722,47.6,10603.604,2025-12-19
1723,67.8,558.986,2025-12-19
1725,26.0,52.458,2025-12-19
1726,76.0,19.336,2025-12-19
1727,41.55,12684.109,2025-12-19
1730,53.0,17.192,2025-12-19
1731,21.75,60.181,2025-12-19
1732,28.65,59.174,2025-12-19
1733,31.2,68.06,2025-12-19
1734,30.5,111.634,2025-12-19
1735,16.05,347.268,2025-12-19
1736,145.5,254.375,2025-12-19
1737,31.7,53.887,2025-12-19
1752,37.2,65.352,2025-12-19
1760,64.0,36.213,2025-12-19
1762,24.85,49.538,2025-12-19
1773,134.5,265.302,2025-12-19
1776,14.6,50.496,2025-12-19
1783,42.7,36.01,2025-12-19
1786,75.2,243.815,2025-12-19
1789,17.4,350.648,2025-12-19
1795,283.0,2265.028,2025-12-19
1802,33.65,63472.457,2025-12-19
1805,10.9,16.0,2025-12-19
1806,9.33,499.616,2025-12-19
1808,33.7,2744.691,2025-12-19
1809,17.4,189.653,2025-12-19
1810,17.15,536.415,2025-12-19
1817,38.5,6.661,2025-12-19
1903,55.4,74.565,2025-12-19
1904,17.6,623.733,2025-12-19
1905,11.55,1811.362,2025-12-19
1906,12.0,199.582,2025-12-19
1907,26.05,1201.122,2025-12-19
1909,10.2,1772.62,2025-12-19
2002,18.85,48984.89,2025-12-19
2002A,38.8,7.0,2025-12-19
2006,64.5,4973.208,2025-12-19
2007,7.27,225.313,2025-12-19
2008,29.05,17.655,2025-12-19
2009,43.2,1854.423,2025-12-19
2010,20.7,1150.419,2025-12-19
2012,14.95,14.814,2025-12-19
2013,41.9,62.681,2025-12-19
2014,15.25,3618.028,2025-12-19
2015,63.9,742.74,2025-12-19
2017,8.44,280.926,2025-12-19
2020,23.25,161.539,2025-12-19
2022,8.36,211.791,2025-12-19
2023,14.85,3781.284,2025-12-19
2024,0.0,0.227,2025-12-19
2025,9.55,49.39,2025-12-19
2027,35.55,31375.281,2025-12-19
2028,17.0,39.225,2025-12-19
2029,21.2,142.321,2025-12-19
2030,13.9,133.18,2025-12-19
2031,37.45,351.632,2025-12-19
2032,14.25,60.315,2025-12-19
2033,15.75,352.715,2025-12-19
2034,20.35,948.753,2025-12-19
2038,14.1,89.867,2025-12-19
2049,196.0,1881.99,2025-12-19
2059,3660.0,680.541,2025-12-19
2062,21.1,116.927,2025-12-19
2069,16.8,58.589,2025-12-19
2101,37.7,1017.831,2025-12-19
2102,19.95,109.935,2025-12-19
2103,15.75,510.563,2025-12-19
2104,11.3,4032.13,2025-12-19
2105,30.3,10827.58,2025-12-19
2106,20.3,307.686,2025-12-19
2107,24.55,115.865,2025-12-19
2108,22.5,310.741,2025-12-19
2109,15.05,66.221,2025-12-19
2114,90.0,36.281,2025-12-19
2115,24.65,28.417,2025-12-19
2201,38.3,31298.287,2025-12-19
2204,61.3,2176.403,2025-12-19
2206,60.5,640.549,2025-12-19
2207,581.0,1348.707,2025-12-19
2208,20.3,2553.801,2025-12-19
2211,105.0,5019.409,2025-12-19
2227,56.1,52.479,2025-12-19
2228,110.5,2728.367,2025-12-19
2231,90.8,405.207,2025-12-19
2233,185.0,472.009,2025-12-19
2236,114.0,182.165,2025-12-19
2239,37.05,74.276,2025-12-19
2241,37.75,481.685,2025-12-19
2243,11.65,84.886,2025-12-19
2247,287.5,17.711,2025-12-19
2248,49.35,23.0,2025-12-19
2250,70.7,42.121,2025-12-19
2254,59.6,1.0,2025-12-19
2258,39.5,439.171,2025-12-19
2301,159.5,17954.983,2025-12-19
2302,17.45,181.1,2025-12-19
2303,50.7,68294.516,2025-12-19
2305,10.95,281.132,2025-12-19
2308,911.0,13809.52,2025-12-19
2312,22.85,12086.73,2025-12-19
2313,87.8,74228.272,2025-12-19
2314,22.75,42.941,2025-12-19
2316,101.5,1776.249,2025-12-19
2317,221.5,41562.299,2025-12-19
2321,0.0,1.352,2025-12-19
2323,10.6,7582.123,2025-12-19
2324,29.7,31000.3,2025-12-19
2327,222.0,15740.304,2025-12-19
2328,46.0,1944.953,2025-12-19
2329,49.7,33598.692,2025-12-19
2330,1430.0,42614.14,2025-12-19
2331,23.35,4619.75,2025-12-19
2332,15.85,1202.525,2025-12-19
2337,37.15,136027.724,2025-12-19
2338,35.35,1098.671,2025-12-19
2340,27.15,1807.74,2025-12-19
2342,28.5,1153.212,2025-12-19
2344,71.3,495025.66,2025-12-19
2345,1175.0,6311.693,2025-12-19
2347,58.9,14177.281,2025-12-19
2348,83.0,590.703,2025-12-19
2348A,36.55,7.4,2025-12-19
2349,14.0,7278.241,2025-12-19
2351,75.1,460.498,2025-12-19
2352,24.9,9403.819,2025-12-19
2353,25.9,14144.279,2025-12-19
2354,61.3,4672.83,2025-12-19
2355,31.6,669.603,2025-12-19
2356,43.0,7986.742,2025-12-19
2357,550.0,13187.404,2025-12-19
2359,125.5,536.689,2025-12-19
2360,741.0,13285.703,2025-12-19
2362,40.45,652.513,2025-12-19
2363,48.1,1505.049,2025-12-19
2364,68.5,390.086,2025-12-19
2365,35.35,847.348,2025-12-19
2367,26.0,12489.828,2025-12-19
2368,608.0,9862.253,2025-12-19
2369,22.3,5790.894,2025-12-19
2371,31.35,27142.614,2025-12-19
2373,56.7,13.473,2025-12-19
2374,76.0,3365.386,2025-12-19
2375,89.7,1362.539,2025-12-19
2376,238.0,4639.189,2025-12-19
2377,102.0,4455.629,2025-12-19
2379,497.0,3309.05,2025-12-19
2380,5.01,63.417,2025-12-19
2382,265.0,22665.57,2025-12-19
2383,1550.0,2430.074,2025-12-19
2385,115.5,3404.387,2025-12-19
2387,39.55,166.377,2025-12-19
2388,56.3,2758.572,2025-12-19
2390,9.99,586.076,2025-12-19
2392,37.45,775.146,2025-12-19
2393,53.2,13217.035,2025-12-19
2395,282.5,3178.278,2025-12-19
2397,61.7,85.318,2025-12-19
2399,24.0,7638.607,2025-12-19
2401,20.4,897.189,2025-12-19
2402,56.2,9935.195,2025-12-19
2404,983.0,4625.672,2025-12-19
2405,18.5,1347.077,2025-12-19
2406,24.6,11909.357,2025-12-19
2408,174.5,38432.181,2025-12-19
2409,11.25,31818.009,2025-12-19
2412,131.0,6555.589,2025-12-19
2413,31.7,6364.697,2025-12-19
2414,41.25,77.474,2025-12-19
2415,25.55,34.786,2025-12-19
2417,35.15,441.168,2025-12-19
2419,24.15,807.908,2025-12-19
2420,50.2,88.217,2025-12-19
2421,157.0,2278.872,2025-12-19
2423,55.3,102.466,2025-12-19
2424,39.0,104.287,2025-12-19
2425,29.85,163.712,2025-12-19
2426,17.05,352.382,2025-12-19
2427,27.3,582.919,2025-12-19
2428,174.5,515.28,2025-12-19
2429,80.3,1024.897,2025-12-19
2430,22.95,33.009,2025-12-19
2431,11.9,1253.596,2025-12-19
2432,25.35,22.0,2025-12-19
2433,47.45,10.711,2025-12-19
2434,30.65,14.251,2025-12-19
2436,49.25,1632.664,2025-12-19
2438,21.9,93.552,2025-12-19
2439,96.7,4687.782,2025-12-19
2440,14.1,503.693,2025-12-19
2441,88.7,25959.386,2025-12-19
2442,25.85,240.935,2025-12-19
2444,11.55,297.512,2025-12-19
2449,215.5,11702.01,2025-12-19
2450,28.95,82.66,2025-12-19
2451,175.5,8715.775,2025-12-19
2453,52.5,167.285,2025-12-19
2454,1410.0,8310.03,2025-12-19
2455,134.0,1555.816,2025-12-19
2457,29.2,2206.213,2025-12-19
2458,125.5,3079.764,2025-12-19
2459,65.2,14.521,2025-12-19
2460,19.6,216.707,2025-12-19
2461,15.3,124.769,2025-12-19
2462,22.55,106.033,2025-12-19
2464,59.9,743.058,2025-12-19
2465,62.4,648.217,2025-12-19
2466,66.7,1279.428,2025-12-19
2467,223.5,1906.322,2025-12-19
2468,42.4,1187.48,2025-12-19
2471,49.9,57.325,2025-12-19
2472,105.0,2289.648,2025-12-19
2474,194.0,2948.741,2025-12-19
2476,89.9,1303.889,2025-12-19
2477,23.75,58.232,2025-12-19
2478,55.9,818.312,2025-12-19
2480,150.0,144.425,2025-12-19
2481,82.7,19955.991,2025-12-19
2482,17.4,97.609,2025-12-19
2483,18.95,66.0,2025-12-19
2484,20.9,161.136,2025-12-19
2485,29.1,68777.575,2025-12-19
2486,90.2,10332.158,2025-12-19
2488,45.5,57.562,2025-12-19
2489,14.75,1432.824,2025-12-19
2491,22.8,1235.16,2025-12-19
2492,115.0,3590.259,2025-12-19
2493,97.5,370.471,2025-12-19
2495,29.45,15153.447,2025-12-19
2496,68.6,3.01,2025-12-19
2497,46.3,383.333,2025-12-19
2498,49.3,4367.613,2025-12-19
2501,23.3,5944.413,2025-12-19
2504,36.75,7351.888,2025-12-19
2505,19.6,712.877,2025-12-19
2506,9.31,113.553,2025-12-19
2509,15.4,343.343,2025-12-19
2511,8.22,1197.48,2025-12-19
2514,15.0,75.963,2025-12-19
2515,13.3,9649.1,2025-12-19
2516,14.9,44.579,2025-12-19
2520,35.4,15937.456,2025-12-19
2524,42.4,160.803,2025-12-19
2527,28.4,147.914,2025-12-19
2528,30.65,1161.672,2025-12-19
2530,28.85,896.591,2025-12-19
2534,20.7,464.265,2025-12-19
2535,62.5,136.152,2025-12-19
2536,26.6,228.301,2025-12-19
2537,11.85,11862.194,2025-12-19
2538,11.4,343.909,2025-12-19
2539,48.5,837.155,2025-12-19
2540,48.15,1556.424,2025-12-19
2542,39.65,14282.34,2025-12-19
2543,62.7,1796.48,2025-12-19
2545,38.8,1011.915,2025-12-19
2546,87.1,38.949,2025-12-19
2547,10.75,2090.666,2025-12-19
2548,114.5,6655.773,2025-12-19
2597,167.5,938.524,2025-12-19
2601,5.53,889.193,2025-12-19
2603,185.5,9546.076,2025-12-19
2605,26.1,8934.625,2025-12-19
2606,61.4,7039.707,2025-12-19
2607,57.7,2448.841,2025-12-19
2608,33.25,92.226,2025-12-19
2609,52.3,48376.276,2025-12-19
2610,19.85,29892.702,2025-12-19
2611,14.95,148.968,2025-12-19
2612,60.0,1541.709,2025-12-19
2613,23.5,482.241,2025-12-19
2614,23.65,3642.437,2025-12-19
2615,78.0,19634.359,2025-12-19
2616,13.65,59.283,2025-12-19
2617,30.55,376.59,2025-12-19
2618,36.2,25528.755,2025-12-19
2630,50.8,2396.423,2025-12-19
2633,27.85,6895.331,2025-12-19
2634,50.8,10235.357,2025-12-19
2636,65.7,209.441,2025-12-19
2637,67.6,2715.743,2025-12-19
2642,26.15,16.439,2025-12-19
2645,144.0,6256.417,2025-12-19
2646,23.4,2890.835,2025-12-19
2701,11.05,40.084,2025-12-19
2702,11.95,65.56,2025-12-19
2704,43.35,29.281,2025-12-19
2705,16.65,73.437,2025-12-19
2706,13.0,59.962,2025-12-19
2707,189.5,84.882,2025-12-19
2712,18.4,4.0,2025-12-19
2722,26.75,17.144,2025-12-19
2723,69.4,386.299,2025-12-19
2727,217.0,461.568,2025-12-19
2731,166.5,410.208,2025-12-19
2739,35.9,83.338,2025-12-19
2748,43.1,88.032,2025-12-19
2753,195.5,147.567,2025-12-19
2762,78.5,27.392,2025-12-19
2801,21.1,34505.079,2025-12-19
2812,21.45,13844.197,2025-12-19
2816,29.1,97.599,2025-12-19
2820,16.9,390.349,2025-12-19
2832,50.7,159.528,2025-12-19
2834,16.15,20752.399,2025-12-19
2836,12.55,1986.366,2025-12-19
2836A,0.0,0.0,2025-12-19
2838,19.55,3570.253,2025-12-19
2838A,54.5,8.098,2025-12-19
2845,12.9,12788.149,2025-12-19
2849,13.55,73.149,2025-12-19
2850,117.5,371.773,2025-12-19
2851,26.2,910.727,2025-12-19
2852,28.25,414.76,2025-12-19
2855,24.3,2310.723,2025-12-19
2867,8.0,24215.431,2025-12-19
2880,31.9,50825.344,2025-12-19
2881,97.3,21547.066,2025-12-19
2881A,63.3,22.806,2025-12-19
2881B,61.8,5.755,2025-12-19
2881C,53.5,14.272,2025-12-19
2882,75.5,52095.116,2025-12-19
2882A,60.7,50.711,2025-12-19
2882B,60.0,1.5,2025-12-19
2883,17.55,48470.752,2025-12-19
2883B,7.88,1523.503,2025-12-19
2884,33.55,140458.7,2025-12-19
2885,40.2,49972.115,2025-12-19
2886,40.6,37442.48,2025-12-19
2887,21.4,491464.941,2025-12-19
2887E,49.65,92.448,2025-12-19
2887F,46.4,10.213,2025-12-19
2887G,39.5,45.869,2025-12-19
2887H,38.95,39.094,2025-12-19
2887I,9.35,4446.704,2025-12-19
2887Z1,16.55,170.256,2025-12-19
2889,16.5,2631.679,2025-12-19
2890,29.1,52639.238,2025-12-19
2891,49.5,88296.236,2025-12-19
2891B,63.7,3.865,2025-12-19
2891C,60.3,2.69,2025-12-19
2892,29.95,111768.493,2025-12-19
2897,9.13,3000.464,2025-12-19
2897B,11.85,60.272,2025-12-19
2901,0.0,0.367,2025-12-19
2903,22.35,7874.139,2025-12-19
2904,17.1,3.143,2025-12-19
2905,16.45,663.056,2025-12-19
2906,12.85,136.177,2025-12-19
2908,20.45,300.361,2025-12-19
2910,21.05,3.0,2025-12-19
2911,4.55,19.999,2025-12-19
2912,224.0,2066.726,2025-12-19
2913,13.9,735.711,2025-12-19
2915,55.6,1845.623,2025-12-19
2923,20.6,26.568,2025-12-19
2929,8.02,226.411,2025-12-19
2939,23.8,10.092,2025-12-19
2945,38.0,8.16,2025-12-19
3002,26.6,1214.162,2025-12-19
3003,47.75,86.141,2025-12-19
3004,100.0,481.592,2025-12-19
3005,116.5,1496.169,2025-12-19
3006,80.6,4616.607,2025-12-19
3008,2060.0,307.883,2025-12-19
3010,116.0,1669.332,2025-12-19
3011,14.2,813.072,2025-12-19
3013,127.0,1884.763,2025-12-19
3014,114.5,399.332,2025-12-19
3015,53.5,208.671,2025-12-19
3016,50.8,1985.211,2025-12-19
3017,1450.0,6314.924,2025-12-19
3018,11.7,4.305,2025-12-19
3019,136.5,1420.145,2025-12-19
3021,17.65,56.271,2025-12-19
3022,68.6,593.34,2025-12-19
3023,200.0,1401.774,2025-12-19
3024,11.15,539.577,2025-12-19
3025,63.7,2175.021,2025-12-19
3026,100.0,1037.129,2025-12-19
3027,22.9,185.808,2025-12-19
3028,38.5,2021.691,2025-12-19
3029,111.0,340.047,2025-12-19
3030,188.0,15067.878,2025-12-19
3031,19.5,241.815,2025-12-19
3032,76.8,482.219,2025-12-19
3033,30.6,977.201,2025-12-19
3034,376.0,2037.551,2025-12-19
3035,166.0,2260.273,2025-12-19
3036,152.0,18117.255,2025-12-19
3036A,51.4,87.604,2025-12-19
3037,215.0,26149.364,2025-12-19
3038,22.95,414.844,2025-12-19
3040,56.2,52.459,2025-12-19
3041,24.75,582.011,2025-12-19
3042,83.1,1053.802,2025-12-19
3043,21.35,45.845,2025-12-19
3044,303.0,3056.253,2025-12-19
3045,106.0,49771.303,2025-12-19
3046,52.9,266.891,2025-12-19
3047,18.5,2868.864,2025-12-19
3048,38.8,2803.363,2025-12-19
3049,7.36,2811.669,2025-12-19
3050,13.55,1379.545,2025-12-19
3051,18.75,174.16,2025-12-19
3052,11.7,798.64,2025-12-19
3054,26.95,40.408,2025-12-19
3055,75.2,627.074,2025-12-19
3056,18.15,1754.706,2025-12-19
3057,19.05,2015.249,2025-12-19
3058,10.6,427.893,2025-12-19
3059,40.45,1311.232,2025-12-19
3060,33.55,50004.238,2025-12-19
3062,23.65,1687.666,2025-12-19
3090,94.6,4164.4,2025-12-19
3092,16.05,212.937,2025-12-19
3094,23.95,113.69,2025-12-19
3130,223.5,4.516,2025-12-19
3135,62.7,1412.821,2025-12-19
3138,102.0,1655.108,2025-12-19
3149,33.55,806.966,2025-12-19
3150,19.7,54.021,2025-12-19
3164,18.25,8.344,2025-12-19
3167,217.0,8100.964,2025-12-19
3168,42.95,15.228,2025-12-19
3189,135.0,8859.608,2025-12-19
3209,31.65,417.978,2025-12-19
3229,25.8,304.808,2025-12-19
3231,144.0,32344.03,2025-12-19
3257,68.3,3340.248,2025-12-19
3266,14.0,48.0,2025-12-19
3296,24.35,133.866,2025-12-19
3305,102.0,5812.703,2025-12-19
3308,15.8,43.346,2025-12-19
3311,31.35,467.958,2025-12-19
3312,35.95,406.002,2025-12-19
3321,17.7,508.864,2025-12-19
3338,48.8,183.866,2025-12-19
3346,19.05,91.604,2025-12-19
3356,45.35,90.706,2025-12-19
3376,210.5,2285.327,2025-12-19
3380,31.05,1208.825,2025-12-19
3406,419.0,865.509,2025-12-19
3413,287.5,749.263,2025-12-19
3416,153.5,203.929,2025-12-19
3419,13.1,154.446,2025-12-19
3432,14.1,7.0,2025-12-19
3437,14.35,221.268,2025-12-19
3443,2045.0,3318.02,2025-12-19
3447,46.7,160.042,2025-12-19
3450,238.0,11039.362,2025-12-19
3454,98.7,800.993,2025-12-19
3481,12.7,76907.15,2025-12-19
3494,8.11,140.326,2025-12-19
3501,48.5,79.275,2025-12-19
3504,51.1,78.146,2025-12-19
3515,250.0,877.585,2025-12-19
3518,20.35,81.462,2025-12-19
3528,68.0,77.116,2025-12-19
3530,70.9,244.931,2025-12-19
3532,91.9,2777.188,2025-12-19
3533,1305.0,437.664,2025-12-19
3535,91.0,3414.731,2025-12-19
3543,41.7,1148.578,2025-12-19
3545,51.0,778.163,2025-12-19
3550,14.1,4178.943,2025-12-19
3557,35.75,31.644,2025-12-19
3563,514.0,1979.885,2025-12-19
3576,7.54,13592.127,2025-12-19
3583,325.0,166.718,2025-12-19
3588,47.6,89.141,2025-12-19
3591,18.7,175.839,2025-12-19
3592,225.0,1780.817,2025-12-19
3596,180.5,417.8,2025-12-19
3605,60.6,838.166,2025-12-19
3607,14.35,203.11,2025-12-19
3617,200.5,175.356,2025-12-19
3622,65.1,223.538,2025-12-19
3645,53.6,732.949,2025-12-19
3652,28.6,44.0,2025-12-19
3653,2630.0,2985.102,2025-12-19
3661,3215.0,1892.141,2025-12-19
3665,1440.0,8162.912,2025-12-19
3669,28.8,14.001,2025-12-19
3673,41.15,1288.392,2025-12-19
3679,114.5,16.517,2025-12-19
3686,18.2,151.332,2025-12-19
3694,58.8,1141.843,2025-12-19
3701,36.65,1229.753,2025-12-19
3702,59.2,23252.708,2025-12-19
3703,23.2,1319.947,2025-12-19
3704,31.95,946.211,2025-12-19
3705,57.4,252.399,2025-12-19
3706,81.5,8754.772,2025-12-19
3708,109.0,1115.411,2025-12-19
3711,229.5,23088.421,2025-12-19
3712,25.4,305.575,2025-12-19
3714,32.95,1476.091,2025-12-19
3715,118.5,41971.055,2025-12-19
3716,33.6,64.836,2025-12-19
3717,16.95,205.272,2025-12-19
4104,81.7,56.64,2025-12-19
4106,22.15,40.43,2025-12-19
4108,13.8,79.029,2025-12-19
4119,49.35,175.616,2025-12-19
4133,22.95,26.196,2025-12-19
4137,98.9,77.847,2025-12-19
4142,19.45,867.874,2025-12-19
4148,38.15,65.582,2025-12-19
4155,15.0,43.704,2025-12-19
4164,39.2,920.658,2025-12-19
4190,30.15,18.252,2025-12-19
4306,14.3,537.529,2025-12-19
4414,11.5,391.314,2025-12-19
4426,9.71,38.482,2025-12-19
4438,77.9,19.715,2025-12-19
4439,101.0,22.756,2025-12-19
4440,17.95,384.492,2025-12-19
4441,237.5,24.318,2025-12-19
4526,29.1,2324.099,2025-12-19
4532,24.15,647.388,2025-12-19
4536,161.0,198.791,2025-12-19
4540,34.2,293.391,2025-12-19
4545,42.45,10480.666,2025-12-19
4551,115.5,158.95,2025-12-19
4552,24.1,239.078,2025-12-19
4555,38.2,68.944,2025-12-19
4557,78.5,135.613,2025-12-19
4560,32.6,114.004,2025-12-19
4562,35.5,165.335,2025-12-19
4564,17.25,603.296,2025-12-19
4566,56.8,120.921,2025-12-19
4569,152.5,97.301,2025-12-19
4571,157.5,114.592,2025-12-19
4572,151.5,34.625,2025-12-19
4576,106.0,200.342,2025-12-19
4581,51.3,7.319,2025-12-19
4583,630.0,96.99,2025-12-19
4585,310.5,131.021,2025-12-19
4588,62.2,16.103,2025-12-19
4720,14.35,305.556,2025-12-19
4722,174.5,7053.586,2025-12-19
4736,122.0,201.738,2025-12-19
4737,58.7,92.408,2025-12-19
4739,67.3,607.825,2025-12-19
4746,60.9,233.558,2025-12-19
4755,103.5,309.428,2025-12-19
4763,55.8,18820.897,2025-12-19
4764,116.5,8047.833,2025-12-19
4766,325.0,223.702,2025-12-19
4770,240.0,217.051,2025-12-19
4771,176.5,20.228,2025-12-19
4807,17.9,11.799,2025-12-19
4904,88.0,5933.91,2025-12-19
4906,27.75,2358.637,2025-12-19
4912,82.5,67.756,2025-12-19
4915,76.7,1770.243,2025-12-19
4916,56.2,8212.249,2025-12-19
4919,50.3,1788.877,2025-12-19
4927,34.55,36734.786,2025-12-19
4930,22.15,16.763,2025-12-19
4934,13.55,458.02,2025-12-19
4935,41.25,31.0,2025-12-19
4938,70.4,48170.827,2025-12-19
4942,39.0,100.771,2025-12-19
4943,13.25,21.206,2025-12-19
4949,36.5,154.602,2025-12-19
4952,35.55,99.349,2025-12-19
4956,20.85,441.464,2025-12-19
4958,139.0,14933.336,2025-12-19
4960,13.6,264.896,2025-12-19
4961,145.0,897.124,2025-12-19
4967,136.0,11437.245,2025-12-19
4968,129.0,309.217,2025-12-19
4976,30.75,272.356,2025-12-19
4977,133.5,6626.74,2025-12-19
4989,39.7,3722.424,2025-12-19
4994,94.0,5.048,2025-12-19
4999,23.35,27.383,2025-12-19
5007,55.9,58.89,2025-12-19
5203,91.4,190.812,2025-12-19
5215,35.05,23.424,2025-12-19
5222,131.0,319.285,2025-12-19
5225,101.5,465.499,2025-12-19
5234,339.5,1017.339,2025-12-19
5243,79.7,773.666,2025-12-19
5244,39.7,99.255,2025-12-19
5258,72.9,186.083,2025-12-19
5269,1185.0,586.612,2025-12-19
5283,61.6,48.969,2025-12-19
5284,284.0,756.386,2025-12-19
5285,49.0,85.337,2025-12-19
5288,131.5,55.377,2025-12-19
5292,147.0,2527.297,2025-12-19
5306,88.5,61.766,2025-12-19
5388,81.5,666.39,2025-12-19
5434,297.5,501.624,2025-12-19
5469,94.8,6162.51,2025-12-19
5471,33.0,281.241,2025-12-19
5484,38.0,69.734,2025-12-19
5515,36.15,1099.106,2025-12-19
5519,33.2,687.377,2025-12-19
5521,20.85,3055.298,2025-12-19
5522,76.4,7138.462,2025-12-19
5525,28.4,180.163,2025-12-19
5531,9.19,410.299,2025-12-19
5533,14.3,38.724,2025-12-19
5534,85.0,2289.859,2025-12-19
5538,29.95,17.023,2025-12-19
5546,22.45,2.0,2025-12-19
5607,48.5,257.377,2025-12-19
5608,17.95,1268.039,2025-12-19
5706,50.3,59.615,2025-12-19
5871,110.0,49513.653,2025-12-19
5871A,101.5,115.941,2025-12-19
5876,41.15,91210.839,2025-12-19
5880,24.75,21534.138,2025-12-19
5906,0.0,0.001,2025-12-19
5907,5.72,179.356,2025-12-19
6005,24.85,12660.133,2025-12-19
6024,51.4,193.168,2025-12-19
6108,14.3,151.712,2025-12-19
6112,46.5,334.492,2025-12-19
6115,47.5,35.642,2025-12-19
6116,7.45,4467.539,2025-12-19
6117,79.9,514.21,2025-12-19
6120,12.95,1951.737,2025-12-19
6128,22.95,27.13,2025-12-19
6133,21.35,4378.16,2025-12-19
6136,24.2,408.064,2025-12-19
6139,604.0,4355.011,2025-12-19
6141,11.25,215.399,2025-12-19
6142,9.41,156.449,2025-12-19
6152,10.35,1919.92,2025-12-19
6153,15.0,1908.84,2025-12-19
6155,42.8,3594.002,2025-12-19
6164,12.55,3851.99,2025-12-19
6165,46.1,230.698,2025-12-19
6166,65.1,596.063,2025-12-19
6168,19.6,303.237,2025-12-19
6176,121.5,4207.016,2025-12-19
6177,49.75,2307.637,2025-12-19
6183,95.7,3.099,2025-12-19
6184,48.7,45.723,2025-12-19
6189,45.2,309.959,2025-12-19
6191,116.0,6183.881,2025-12-19
6192,104.5,89.337,2025-12-19
6196,272.0,4757.091,2025-12-19
6197,135.0,722.137,2025-12-19
6201,57.5,13.189,2025-12-19
6202,37.35,266.892,2025-12-19
6205,38.7,62.504,2025-12-19
6206,91.8,733.454,2025-12-19
6209,62.8,11467.673,2025-12-19
6213,108.0,3290.724,2025-12-19
6214,122.0,1544.308,2025-12-19
6215,102.0,434.449,2025-12-19
6216,26.7,93.065,2025-12-19
6224,41.7,54.986,2025-12-19
6225,17.55,2.263,2025-12-19
6226,7.38,296.614,2025-12-19
6230,117.5,62.25,2025-12-19
6235,60.6,1114.114,2025-12-19
6239,159.0,9825.169,2025-12-19
6243,34.35,314.472,2025-12-19
6257,97.3,7567.555,2025-12-19
6269,56.0,707.339,2025-12-19
6271,123.0,884.93,2025-12-19
6277,62.0,36.409,2025-12-19
6278,95.7,2867.432,2025-12-19
6281,62.7,90.087,2025-12-19
6282,41.6,17493.47,2025-12-19
6283,24.8,106.229,2025-12-19
6285,101.0,3417.636,2025-12-19
6405,25.3,117.0,2025-12-19
6409,965.0,441.994,2025-12-19
6412,90.7,604.585,2025-12-19
6414,298.0,1229.426,2025-12-19
6415,194.0,2796.677,2025-12-19
6416,84.3,67.812,2025-12-19
6423,72.0,16.0,2025-12-19
6426,96.7,7582.171,2025-12-19
6431,30.7,423.64,2025-12-19
6438,139.5,687.936,2025-12-19
6442,1155.0,5431.841,2025-12-19
6443,22.6,22513.444,2025-12-19
6446,494.5,1106.058,2025-12-19
6449,161.0,522.243,2025-12-19
6451,155.5,801.161,2025-12-19
6456,43.8,1293.342,2025-12-19
6464,76.5,11.032,2025-12-19
6472,503.0,449.088,2025-12-19
6477,34.05,482.642,2025-12-19
6491,281.5,97.936,2025-12-19
6504,41.65,12.514,2025-12-19
6505,48.6,6166.464,2025-12-19
6515,2625.0,382.843,2025-12-19
6525,74.3,116.382,2025-12-19
6526,443.5,406.838,2025-12-19
6531,382.5,1173.89,2025-12-19
6533,243.5,211.126,2025-12-19
6534,88.4,64.057,2025-12-19
6541,60.6,908.783,2025-12-19
6550,31.15,404.36,2025-12-19
6552,24.85,77.126,2025-12-19
6558,39.0,13131.553,2025-12-19
6573,15.1,156.152,2025-12-19
6579,105.5,44.455,2025-12-19
6581,105.0,36.743,2025-12-19
6582,33.9,25.229,2025-12-19
6585,90.8,8.625,2025-12-19
6589,63.5,347.65,2025-12-19
6591,77.7,402.812,2025-12-19
6592,62.0,607.627,2025-12-19
6592A,96.9,3.366,2025-12-19
6592B,97.8,3.089,2025-12-19
6598,21.5,21.023,2025-12-19
6605,143.0,1124.98,2025-12-19
6606,25.25,78.1,2025-12-19
6614,48.2,121.084,2025-12-19
6625,80.2,105.655,2025-12-19
6641,19.15,26.235,2025-12-19
6645,18.2,19.001,2025-12-19
6655,119.0,22.5,2025-12-19
6657,43.0,269.378,2025-12-19
6658,48.8,159.208,2025-12-19
6666,44.9,5.129,2025-12-19
6668,37.75,148.344,2025-12-19
6669,4285.0,1243.262,2025-12-19
6670,257.5,871.18,2025-12-19
6671,0.0,0.0,2025-12-19
6672,90.7,1018.764,2025-12-19
6674,19.7,28.2,2025-12-19
6689,62.0,116.275,2025-12-19
6691,603.0,631.649,2025-12-19
6695,45.15,192.348,2025-12-19
6698,29.1,62.896,2025-12-19
6706,112.5,15234.377,2025-12-19
6715,99.2,30.661,2025-12-19
6719,195.0,124.74,2025-12-19
6742,46.3,37.107,2025-12-19
6743,27.8,47.83,2025-12-19
6753,134.0,3291.329,2025-12-19
6754,47.6,6.032,2025-12-19
6756,82.8,131.33,2025-12-19
6757,66.8,3180.809,2025-12-19
6768,113.5,397.472,2025-12-19
6770,36.8,336341.381,2025-12-19
6771,45.0,5.459,2025-12-19
6776,49.3,64.145,2025-12-19
6781,1330.0,1316.029,2025-12-19
6782,175.0,45.238,2025-12-19
6789,265.0,722.918,2025-12-19
6790,38.8,36.374,2025-12-19
6792,49.5,18.3,2025-12-19
6794,80.0,29.034,2025-12-19
6796,99.5,208.278,2025-12-19
6799,83.7,75.993,2025-12-19
6805,1545.0,1948.333,2025-12-19
6806,38.3,958.808,2025-12-19
6807,45.85,26.123,2025-12-19
6830,166.5,334.646,2025-12-19
6831,238.0,977.447,2025-12-19
6834,28.0,21.051,2025-12-19
6835,38.7,110.032,2025-12-19
6838,26.65,169.737,2025-12-19
6854,134.0,144.414,2025-12-19
6861,57.9,28.229,2025-12-19
6862,157.5,95.769,2025-12-19
6863,112.5,51.345,2025-12-19
6869,93.5,427.903,2025-12-19
6873,99.0,307.64,2025-12-19
6885,29.35,184.013,2025-12-19
6887,0.0,0.0,2025-12-19
6890,254.0,1233.956,2025-12-19
6901,16.8,899.708,2025-12-19
6902,76.6,5.03,2025-12-19
6906,83.9,53.585,2025-12-19
6909,36.0,125.315,2025-12-19
6914,145.0,17.205,2025-12-19
6916,18.65,289.703,2025-12-19
6918,86.6,29.083,2025-12-19
6919,160.0,6715.212,2025-12-19
6923,96.2,357.759,2025-12-19
6924,65.1,28.101,2025-12-19
6928,50.5,68.77,2025-12-19
6931,64.7,259.879,2025-12-19
6933,151.0,114.988,2025-12-19
6936,36.3,71.549,2025-12-19
6937,215.5,155.038,2025-12-19
6944,708.0,1498.935,2025-12-19
6949,360.0,126.32,2025-12-19
6951,71.7,41.442,2025-12-19
6952,43.55,17.677,2025-12-19
6955,151.5,2.0,2025-12-19
6957,203.5,131.037,2025-12-19
6958,15.9,11.885,2025-12-19
6962,39.5,1182.93,2025-12-19
6965,83.8,35.029,2025-12-19
6969,30.1,37.0,2025-12-19
6988,12.85,33.026,2025-12-19
6994,95.2,65.446,2025-12-19
7610,111.5,145.846,2025-12-19
7631,132.0,26.018,2025-12-19
7705,39.95,41.212,2025-12-19
7711,263.0,150.474,2025-12-19
7721,51.1,11.44,2025-12-19
7722,569.0,42.153,2025-12-19
7730,86.5,22.115,2025-12-19
7732,41.7,36.0,2025-12-19
7736,89.6,23.079,2025-12-19
7740,145.0,60.524,2025-12-19
7749,447.5,1044.706,2025-12-19
7750,849.0,111.417,2025-12-19
7765,270.5,9.64,2025-12-19
7769,3295.0,634.342,2025-12-19
7780,162.5,59.066,2025-12-19
7786,160.0,118.903,2025-12-19
7788,144.5,935.433,2025-12-19
7791,71.8,45.566,2025-12-19
7799,544.0,179.24,2025-12-19
8011,22.65,972.773,2025-12-19
8016,181.0,342.21,2025-12-19
8021,163.0,44272.046,2025-12-19
8028,164.0,2892.353,2025-12-19
8033,144.5,2689.646,2025-12-19
8039,96.6,37262.93,2025-12-19
8045,77.1,57.999,2025-12-19
8046,239.5,5911.407,2025-12-19
8070,41.45,7502.114,2025-12-19
8072,29.45,50.077,2025-12-19
8081,209.5,241.153,2025-12-19
8101,16.5,10.456,2025-12-19
8103,90.7,3486.851,2025-12-19
8104,32.4,744.739,2025-12-19
8105,11.25,471.7,2025-12-19
8110,51.8,3336.064,2025-12-19
8112,70.1,11807.635,2025-12-19
8112A,0.0,0.166,2025-12-19
8114,176.0,246.276,2025-12-19
8131,51.2,37146.532,2025-12-19
8150,44.15,26922.948,2025-12-19
8162,33.7,10.038,2025-12-19
8163,31.3,5896.128,2025-12-19
8201,13.7,62.543,2025-12-19
8210,943.0,3608.084,2025-12-19
8213,33.1,223.534,2025-12-19
8215,19.15,288.611,2025-12-19
8222,41.0,365.141,2025-12-19
8249,50.2,310.436,2025-12-19
8261,89.9,784.113,2025-12-19
8271,97.5,18337.917,2025-12-19
8341,78.9,61.16,2025-12-19
8367,43.8,30.556,2025-12-19
8374,78.5,156.444,2025-12-19
8404,24.15,325.171,2025-12-19
8411,12.2,49.199,2025-12-19
8422,24.5,33725.892,2025-12-19
8429,7.66,259.384,2025-12-19
8438,29.75,28.007,2025-12-19
8442,68.1,6.212,2025-12-19
8443,11.15,2.27,2025-12-19
8454,211.0,525.233,2025-12-19
8462,148.0,52.489,2025-12-19
8463,27.35,33.237,2025-12-19
8464,386.5,1103.367,2025-12-19
8466,22.2,2.513,2025-12-19
8467,156.0,142.151,2025-12-19
8473,36.0,202.625,2025-12-19
8476,18.05,132.414,2025-12-19
8478,200.0,266.108,2025-12-19
8481,40.7,9.0,2025-12-19
8482,49.0,4.332,2025-12-19
8487,78.7,10.468,2025-12-19
8488,9.91,28.024,2025-12-19
8499,391.0,197.066,2025-12-19
8926,40.85,810.573,2025-12-19
8940,20.45,45.705,2025-12-19
8996,512.0,1177.469,2025-12-19
9103,4.6,154.347,2025-12-19
910322,24.35,29.812,2025-12-19
9105,5.77,6985.167,2025-12-19
910861,5.33,14.534,2025-12-19
9110,3.2,6.0,2025-12-19
911608,2.75,7.001,2025-12-19
911622,3.93,3.003,2025-12-19
911868,1.33,76.195,2025-12-19
912000,2.74,100.641,2025-12-19
9136,7.24,651.0,2025-12-19
9802,106.0,421.477,2025-12-19
9902,17.55,196.576,2025-12-19
9904,30.75,11566.006,2025-12-19
9905,19.9,122.963,2025-12-19
9906,53.0,207.613,2025-12-19
9907,18.1,7807.182,2025-12-19
9908,30.0,43.239,2025-12-19
9910,120.0,874.38,2025-12-19
9911,84.0,227.779,2025-12-19
9912,12.35,93.696,2025-12-19
9914,86.0,596.331,2025-12-19
9917,106.5,958.351,2025-12-19
9918,39.7,15.405,2025-12-19
9919,16.65,120.574,2025-12-19
9921,95.0,775.187,2025-12-19
9924,53.1,61.086,2025-12-19
9925,40.75,193.504,2025-12-19
9926,49.4,10.944,2025-12-19
9927,67.9,62.832,2025-12-19
9928,19.2,611.98,2025-12-19
9929,11.0,9.691,2025-12-19
9930,70.3,77.442,2025-12-19
9931,34.0,7.694,2025-12-19
9933,31.45,1353.951,2025-12-19
9934,9.96,706.261,2025-12-19
9935,20.65,75.371,2025-12-19
9937,58.5,158.359,2025-12-19
9938,51.8,1235.884,2025-12-19
9939,119.0,833.091,2025-12-19
9940,23.0,246.204,2025-12-19
9941,92.9,2819.836,2025-12-19
9941A,50.5,22.27,2025-12-19
9942,105.5,43.333,2025-12-19
9943,61.2,23.903,2025-12-19
9944,16.95,124.141,2025-12-19
9945,30.35,6650.536,2025-12-19
9946,18.75,319.382,2025-12-19
9955,29.8,448.801,2025-12-19
9958,137.0,1061.223,2025-12-19
0備註:,0.0,0.0,2025-12-19
漲跌(+/-)欄位符號說明:+/-/X表示漲/跌/不比價。,0.0,0.0,2025-12-19
當證券代號為認購(售)權證及認股權憑證時本益比欄位置為結算價；但如為以外國證券或指數為標的之認購(售)權證及履約方式採歐式者，該欄位為空白。,0.0,0.0,2025-12-19
除境外指數股票型基金及外國股票第二上市外，餘交易單位皆為千股。,0.0,0.0,2025-12-19
本統計資訊含一般、零股、盤後定價、鉅額交易，不含拍賣、標購。,0.0,0.0,2025-12-19
=0050,61.9,117973.409,2025-12-18
=0051,88.4,53.755,2025-12-18
=0052,35.31,52410.869,2025-12-18
=0053,132.2,11.299,2025-12-18
=0055,31.87,935.113,2025-12-18
=0056,36.11,40222.634,2025-12-18
=0057,180.9,149.179,2025-12-18
=0061,22.74,266.234,2025-12-18
=006203,112.15,4.985,2025-12-18
=006204,139.3,12.154,2025-12-18
=006205,38.73,674.107,2025-12-18
=006206,36.47,180.365,2025-12-18
=006207,30.18,145.997,2025-12-18
=006208,141.65,5235.366,2025-12-18
=00625K,0.0,0.0,2025-12-18
=00631L,328.9,3315.434,2025-12-18
=00632R,17.29,42259.179,2025-12-18
=00633L,48.9,2816.503,2025-12-18
=00634R,3.26,470.1,2025-12-18
=00635U,46.61,2531.47,2025-12-18
=00636,26.62,1820.922,2025-12-18
=00636K,8.48,0.2,2025-12-18
=00637L,20.12,45278.441,2025-12-18
=00638R,6.94,154.02,2025-12-18
=00639,15.01,1489.715,2025-12-18
=00640L,75.25,191.873,2025-12-18
=00641R,4.67,2233.322,2025-12-18
=00642U,14.8,6055.25,2025-12-18
=00643,16.44,3327.652,2025-12-18
=00643K,0.0,0.0,2025-12-18
=00645,46.99,299.795,2025-12-18
=00646,66.6,2276.737,2025-12-18
=00647L,112.9,116.625,2025-12-18
=00648R,4.44,7313.431,2025-12-18
=00650L,17.29,5441.879,2025-12-18
=00651R,5.39,204.879,2025-12-18
=00652,37.1,178.42,2025-12-18
=00653L,57.6,37.257,2025-12-18
=00654R,6.29,127.05,2025-12-18
=00655L,34.14,1040.91,2025-12-18
=00656R,6.16,279.15,2025-12-18
=00657,57.8,222.918,2025-12-18
=00657K,18.31,0.2,2025-12-18
=00660,41.34,8.193,2025-12-18
=00661,63.2,109.579,2025-12-18
=00662,100.4,4127.958,2025-12-18
=00663L,43.0,7094.015,2025-12-18
=00664R,2.8,8782.806,2025-12-18
=00665L,10.54,11800.032,2025-12-18
=00666R,8.99,148.04,2025-12-18
=00668,55.1,508.561,2025-12-18
=00668K,17.49,0.2,2025-12-18
=00669R,5.76,1454.35,2025-12-18
=00670L,155.2,1914.979,2025-12-18
=00671R,2.92,17200.781,2025-12-18
=00673R,29.19,1840.461,2025-12-18
=00674R,5.89,878.316,2025-12-18
=00675L,130.7,3090.024,2025-12-18
=00676R,9.49,2121.929,2025-12-18
=00678,34.39,431.683,2025-12-18
=00680L,7.28,17855.981,2025-12-18
=00681R,20.78,150.095,2025-12-18
=00682U,0.0,0.0,2025-12-18
=00683L,20.78,52.001,2025-12-18
=00684R,15.68,14.009,2025-12-18
=00685L,117.2,667.339,2025-12-18
=00686R,1.7,3570.491,2025-12-18
=00688L,7.25,5407.473,2025-12-18
=00689R,21.65,133.0,2025-12-18
=00690,42.55,1068.089,2025-12-18
=00692,54.6,1954.238,2025-12-18
=00693U,20.36,1502.407,2025-12-18
=00700,18.01,248.841,2025-12-18
=00701,28.98,1899.106,2025-12-18
=00702,23.37,110.317,2025-12-18
=00703,21.4,60.001,2025-12-18
=00706L,20.87,2292.236,2025-12-18
=00707R,0.0,0.0,2025-12-18
=00708L,91.55,2242.568,2025-12-18
=00709,36.18,58.025,2025-12-18
=00710B,19.04,143.685,2025-12-18
=00711B,16.35,106.114,2025-12-18
=00712,9.11,14928.775,2025-12-18
=00713,51.15,9449.482,2025-12-18
=00714,20.07,210.533,2025-12-18
=00715L,18.92,28689.041,2025-12-18
=00717,15.06,186.063,2025-12-18
=00728,35.33,87.988,2025-12-18
=00730,23.12,131.99,2025-12-18
=00731,68.95,704.715,2025-12-18
=00733,45.09,565.493,2025-12-18
=00735,48.22,234.753,2025-12-18
=00736,27.37,155.143,2025-12-18
=00737,35.21,171.615,2025-12-18
=00738U,55.0,6908.952,2025-12-18
=00739,25.97,57.658,2025-12-18
=00752,25.86,2266.555,2025-12-18
=00753L,12.01,12140.679,2025-12-18
=00757,116.55,2968.91,2025-12-18
=00762,80.85,359.943,2025-12-18
=00763U,29.73,823.912,2025-12-18
=00770,56.25,666.96,2025-12-18
=00771,16.09,3.341,2025-12-18
=00775B,32.8,1.009,2025-12-18
=00783,24.61,121.078,2025-12-18
=00830,55.35,9301.249,2025-12-18
=00850,53.0,468.797,2025-12-18
=00851,54.65,2.608,2025-12-18
=00852L,30.35,251.972,2025-12-18
=00861,53.4,291.664,2025-12-18
=00865B,47.31,3003.073,2025-12-18
=00875,38.6,45.741,2025-12-18
=00876,49.16,347.243,2025-12-18
=00878,21.33,25653.929,2025-12-18
=00881,30.88,11067.832,2025-12-18
=00882,15.21,4936.808,2025-12-18
=00885,16.84,2625.419,2025-12-18
=00891,19.15,7597.014,2025-12-18
=00892,20.82,1056.89,2025-12-18
=00893,31.51,1846.129,2025-12-18
=00894,25.76,2309.251,2025-12-18
=00895,37.96,1133.494,2025-12-18
=00896,18.31,2920.679,2025-12-18
=00897,8.65,479.803,2025-12-18
=00898,7.79,318.162,2025-12-18
=00899,19.95,109.25,2025-12-18
=00900,13.52,8601.33,2025-12-18
=00901,23.56,827.047,2025-12-18
=00902,12.77,1186.156,2025-12-18
=00903,17.1,198.172,2025-12-18
=00904,21.77,3421.712,2025-12-18
=00905,16.62,805.925,2025-12-18
=00907,15.27,805.209,2025-12-18
=00908,13.76,143.619,2025-12-18
=00909,38.23,4921.694,2025-12-18
=00910,39.95,1718.437,2025-12-18
=00911,31.65,367.857,2025-12-18
=00912,20.65,213.608,2025-12-18
=00913,23.63,173.383,2025-12-18
=00915,22.7,7143.811,2025-12-18
=00916,27.15,247.215,2025-12-18
=00917,25.08,136.043,2025-12-18
=00918,22.2,64177.234,2025-12-18
=00919,22.15,84365.415,2025-12-18
=00920,17.73,127.879,2025-12-18
=00921,17.26,128.761,2025-12-18
=00922,24.62,27029.072,2025-12-18
=00923,24.7,1295.969,2025-12-18
=00924,28.52,3173.686,2025-12-18
=00926,22.72,881.546,2025-12-18
=00927,20.66,1197.176,2025-12-18
=00929,17.61,9645.344,2025-12-18
=00930,17.06,584.664,2025-12-18
=00932,14.08,346.936,2025-12-18
=00934,20.16,1361.482,2025-12-18
=00935,28.6,5249.221,2025-12-18
=00936,15.5,872.499,2025-12-18
=00938,16.94,512.195,2025-12-18
=00939,14.44,5490.847,2025-12-18
=00940,9.17,8754.983,2025-12-18
=00941,16.85,962.4,2025-12-18
=00943,14.13,170.911,2025-12-18
=00944,14.26,241.57,2025-12-18
=00945B,14.48,5368.697,2025-12-18
=00946,9.58,5189.583,2025-12-18
=00947,17.49,894.297,2025-12-18
=00949,18.32,1057.473,2025-12-18
=00951,10.7,2340.455,2025-12-18
=00952,11.32,952.967,2025-12-18
=00953B,9.72,26095.574,2025-12-18
=00954,11.44,1400.334,2025-12-18
=00956,11.35,98.669,2025-12-18
=00960,14.21,517.495,2025-12-18
=00961,9.23,3374.056,2025-12-18
=00962,10.43,234.36,2025-12-18
=00963,11.32,528.553,2025-12-18
=00964,11.16,542.724,2025-12-18
=00965,22.22,7422.627,2025-12-18
=00971,15.69,1336.652,2025-12-18
=00972,17.92,146.54,2025-12-18
=009800,10.88,2196.643,2025-12-18
=009801,10.91,2386.562,2025-12-18
=009802,10.84,1515.921,2025-12-18
=009803,12.21,2399.834,2025-12-18
=009804,14.04,1144.322,2025-12-18
=009805,12.22,20551.606,2025-12-18
=009808,18.86,978.902,2025-12-18
=009809,10.21,1011.141,2025-12-18
=00980A,14.48,9274.585,2025-12-18
=009810,18.17,164.977,2025-12-18
=009811,11.53,2950.056,2025-12-18
=009812,10.6,892.536,2025-12-18
=009813,10.36,10175.024,2025-12-18
=00981A,15.7,112691.418,2025-12-18
=00981T,10.45,2374.706,2025-12-18
=00982A,13.54,28978.377,2025-12-18
=00982D,10.17,1072.832,2025-12-18
=00983A,11.95,4713.998,2025-12-18
=00983D,10.28,2724.486,2025-12-18
=00984A,10.67,4878.33,2025-12-18
=00985A,12.71,12947.108,2025-12-18
=00985B,10.33,8267.783,2025-12-18
=00986A,11.08,761.276,2025-12-18
=00988A,9.51,20163.565,2025-12-18
=00989A,14.72,2346.976,2025-12-18
=00991A,9.66,269922.12,2025-12-18
=01001T,11.49,521.0,2025-12-18
=01002T,14.5,27.0,2025-12-18
=01004T,10.66,536.002,2025-12-18
=01007T,13.33,201.01,2025-12-18
=01009T,6.89,5.0,2025-12-18
=01010T,10.03,625.567,2025-12-18
=020000,0.0,0.0,2025-12-18
=020011,0.0,0.0,2025-12-18
=020012,13.42,2.0,2025-12-18
=02001L,42.6,15.0,2025-12-18
=02001R,0.93,16.0,2025-12-18
=020020,14.87,15.0,2025-12-18
=020028,12.17,2.0,2025-12-18
=020029,9.61,1.0,2025-12-18
=020030,8.4,24.0,2025-12-18
=020031,6.04,4.0,2025-12-18
=020032,7.49,1.0,2025-12-18
=020034,7.31,3.0,2025-12-18
=020036,0.0,0.0,2025-12-18
=020037,8.37,6.0,2025-12-18
=020038,0.0,0.0,2025-12-18
=020039,8.68,18.0,2025-12-18
1101,22.2,17898.867,2025-12-18
1101B,45.5,19.047,2025-12-18
1102,36.3,17962.76,2025-12-18
1103,13.9,181.027,2025-12-18
1104,30.15,221.576,2025-12-18
1108,14.95,53.405,2025-12-18
1109,15.55,35.973,2025-12-18
1110,16.4,105.035,2025-12-18
1201,14.7,170.508,2025-12-18
1203,39.9,17.258,2025-12-18
1210,50.6,2563.22,2025-12-18
1213,11.1,3.144,2025-12-18
1215,136.0,4379.902,2025-12-18
1216,79.0,34305.659,2025-12-18
1217,10.5,477.138,2025-12-18
1218,18.05,341.619,2025-12-18
1219,13.5,109.622,2025-12-18
1220,12.5,44.029,2025-12-18
1225,29.55,49.226,2025-12-18
1227,30.5,250.914,2025-12-18
1229,46.85,1035.138,2025-12-18
1231,98.4,190.987,2025-12-18
1232,144.5,42.085,2025-12-18
1233,32.1,14.008,2025-12-18
1234,38.1,26.412,2025-12-18
1235,47.2,18.123,2025-12-18
1236,25.45,117.028,2025-12-18
1256,137.0,22.717,2025-12-18
1301,39.65,12630.239,2025-12-18
1303,57.4,45499.325,2025-12-18
1304,11.0,1924.49,2025-12-18
1305,11.1,690.306,2025-12-18
1307,33.1,1103.766,2025-12-18
1308,13.15,449.389,2025-12-18
1309,11.05,1118.377,2025-12-18
1310,8.46,792.465,2025-12-18
1312,11.5,2208.042,2025-12-18
1312A,0.0,700.0,2025-12-18
1313,10.35,1699.955,2025-12-18
1314,7.81,10513.686,2025-12-18
1315,64.1,5.244,2025-12-18
1316,15.6,3026.612,2025-12-18
1319,95.2,12203.193,2025-12-18
1321,35.0,190.02,2025-12-18
1323,19.55,30.252,2025-12-18
1324,10.55,23.625,2025-12-18
1325,31.2,133.289,2025-12-18
1326,31.7,9692.066,2025-12-18
1337,4.89,244.795,2025-12-18
1338,20.3,65.443,2025-12-18
1339,44.5,34.089,2025-12-18
1340,7.27,64.904,2025-12-18
1341,58.2,5.006,2025-12-18
1342,86.9,52.999,2025-12-18
1402,27.9,2846.598,2025-12-18
1409,15.3,3730.519,2025-12-18
1410,34.5,2.006,2025-12-18
1413,10.25,30.92,2025-12-18
1414,17.05,641.318,2025-12-18
1416,11.7,56.245,2025-12-18
1417,9.04,397.488,2025-12-18
1418,19.45,1.024,2025-12-18
1419,71.5,397.196,2025-12-18
1423,38.6,30.355,2025-12-18
1432,18.05,41.948,2025-12-18
1434,15.6,908.926,2025-12-18
1435,22.1,5.027,2025-12-18
1436,60.6,332.026,2025-12-18
1437,34.8,113.191,2025-12-18
1438,33.75,5.534,2025-12-18
1439,30.5,273.08,2025-12-18
1440,13.5,1589.333,2025-12-18
1441,10.55,18.165,2025-12-18
1442,28.6,11288.511,2025-12-18
1443,27.15,11.825,2025-12-18
1444,6.04,638.144,2025-12-18
1445,13.25,2.23,2025-12-18
1446,18.2,41.022,2025-12-18
1447,5.54,306.564,2025-12-18
1449,11.05,607.055,2025-12-18
1451,17.3,68.1,2025-12-18
1452,11.95,91.054,2025-12-18
1453,12.45,76.157,2025-12-18
1454,13.0,33.427,2025-12-18
1455,7.77,110.072,2025-12-18
1456,12.65,5.108,2025-12-18
1457,15.65,62.96,2025-12-18
1459,11.75,27.284,2025-12-18
1460,6.19,446.771,2025-12-18
1463,19.65,71.332,2025-12-18
1464,11.15,116.18,2025-12-18
1465,12.8,48.412,2025-12-18
1466,14.35,85.516,2025-12-18
1467,7.03,56.464,2025-12-18
1468,11.7,34.0,2025-12-18
1470,22.7,3.384,2025-12-18
1471,8.84,126.071,2025-12-18
1472,89.3,107.087,2025-12-18
1473,24.45,80.99,2025-12-18
1474,11.1,25.279,2025-12-18
1475,30.2,18.213,2025-12-18
1476,385.5,541.362,2025-12-18
1477,296.5,2003.994,2025-12-18
1503,167.5,863.024,2025-12-18
1504,82.0,11863.52,2025-12-18
1506,11.65,66.002,2025-12-18
1512,7.5,43.085,2025-12-18
1513,144.5,1903.651,2025-12-18
1514,97.0,1637.704,2025-12-18
1515,27.9,202.584,2025-12-18
1516,21.9,282.874,2025-12-18
1517,11.25,130.538,2025-12-18
1519,757.0,4234.201,2025-12-18
1521,23.8,6.493,2025-12-18
1522,47.6,1991.167,2025-12-18
1522A,49.2,1.0,2025-12-18
1524,29.05,2530.369,2025-12-18
1525,63.3,7.073,2025-12-18
1526,16.75,20.546,2025-12-18
1527,32.7,116.958,2025-12-18
1528,15.6,1540.355,2025-12-18
1529,18.45,567.022,2025-12-18
1530,27.65,22.728,2025-12-18
1531,11.8,21.501,2025-12-18
1532,27.05,689.089,2025-12-18
1533,32.55,88.215,2025-12-18
1535,52.9,30.51,2025-12-18
1536,57.7,992.921,2025-12-18
1537,125.0,39.103,2025-12-18
1538,23.9,2.004,2025-12-18
1539,17.15,24.103,2025-12-18
1540,22.85,116.635,2025-12-18
1541,23.45,6.1,2025-12-18
1558,101.5,107.189,2025-12-18
1560,361.5,2982.724,2025-12-18
1563,40.05,188.674,2025-12-18
1568,21.75,56.506,2025-12-18
1582,64.9,165.303,2025-12-18
1583,45.75,6.72,2025-12-18
1587,51.0,3483.135,2025-12-18
1589,16.85,675.654,2025-12-18
1590,905.0,578.679,2025-12-18
1597,71.0,106.446,2025-12-18
1598,20.95,71.77,2025-12-18
1603,37.45,282.592,2025-12-18
1604,24.5,68.61,2025-12-18
1605,29.5,22912.409,2025-12-18
1608,36.3,2986.769,2025-12-18
1609,37.05,2599.064,2025-12-18
1611,12.8,1162.99,2025-12-18
1612,34.1,573.739,2025-12-18
1614,34.15,26.047,2025-12-18
1615,48.2,70.939,2025-12-18
1616,27.75,521.935,2025-12-18
1617,14.3,51.724,2025-12-18
1618,40.85,234.39,2025-12-18
1626,11.55,20.033,2025-12-18
1702,39.1,543.954,2025-12-18
1707,126.5,75.299,2025-12-18
1708,32.3,801.477,2025-12-18
1709,16.75,104.01,2025-12-18
1710,11.95,626.78,2025-12-18
1711,17.95,1715.065,2025-12-18
1712,44.2,324.15,2025-12-18
1713,44.1,127.724,2025-12-18
1714,8.28,920.273,2025-12-18
1717,38.25,2949.722,2025-12-18
1718,6.84,972.022,2025-12-18
1720,59.7,184.252,2025-12-18
1721,12.35,2846.856,2025-12-18
1722,46.65,3164.87,2025-12-18
1723,68.0,645.775,2025-12-18
1725,25.55,25.111,2025-12-18
1726,76.3,39.219,2025-12-18
1727,37.8,2691.451,2025-12-18
1730,52.8,11.575,2025-12-18
1731,21.7,56.494,2025-12-18
1732,28.55,39.257,2025-12-18
1733,31.05,85.703,2025-12-18
1734,30.5,109.196,2025-12-18
1735,14.6,13.326,2025-12-18
1736,145.0,505.986,2025-12-18
1737,31.5,69.751,2025-12-18
1752,37.2,31.287,2025-12-18
1760,63.6,67.694,2025-12-18
1762,24.9,10.215,2025-12-18
1773,134.0,227.692,2025-12-18
1776,14.65,16.043,2025-12-18
1783,42.8,100.355,2025-12-18
1786,75.3,455.386,2025-12-18
1789,17.5,470.985,2025-12-18
1795,282.0,1542.805,2025-12-18
1802,32.9,76926.852,2025-12-18
1805,10.9,30.088,2025-12-18
1806,9.25,445.545,2025-12-18
1808,32.85,1563.527,2025-12-18
1809,17.3,261.327,2025-12-18
1810,16.8,491.597,2025-12-18
1817,38.45,22.188,2025-12-18
1903,55.6,122.148,2025-12-18
1904,17.7,299.539,2025-12-18
1905,11.55,2103.865,2025-12-18
1906,11.85,73.75,2025-12-18
1907,25.9,602.964,2025-12-18
1909,10.25,1498.305,2025-12-18
2002,18.25,23782.271,2025-12-18
2002A,38.8,13.08,2025-12-18
2006,65.1,5536.121,2025-12-18
2007,7.27,86.832,2025-12-18
2008,28.9,31.555,2025-12-18
2009,42.9,2514.852,2025-12-18
2010,20.55,564.529,2025-12-18
2012,14.9,33.227,2025-12-18
2013,41.85,32.484,2025-12-18
2014,15.05,3206.339,2025-12-18
2015,62.5,464.801,2025-12-18
2017,8.4,175.158,2025-12-18
2020,23.05,114.313,2025-12-18
2022,8.33,466.233,2025-12-18
2023,14.8,978.705,2025-12-18
2024,15.95,13.701,2025-12-18
2025,9.5,43.962,2025-12-18
2027,35.8,23937.228,2025-12-18
2028,16.85,31.145,2025-12-18
2029,21.2,310.718,2025-12-18
2030,13.9,98.393,2025-12-18
2031,37.35,263.538,2025-12-18
2032,14.15,107.158,2025-12-18
2033,15.65,54.06,2025-12-18
2034,20.2,1241.905,2025-12-18
2038,14.1,180.684,2025-12-18
2049,193.5,1430.141,2025-12-18
2059,3520.0,473.208,2025-12-18
2062,21.05,141.839,2025-12-18
2069,16.8,59.05,2025-12-18
2101,37.45,839.884,2025-12-18
2102,19.9,163.272,2025-12-18
2103,15.65,666.942,2025-12-18
2104,10.7,2699.223,2025-12-18
2105,30.35,6657.327,2025-12-18
2106,20.3,419.438,2025-12-18
2107,24.55,102.675,2025-12-18
2108,22.5,161.486,2025-12-18
2109,15.0,75.41,2025-12-18
2114,89.5,62.543,2025-12-18
2115,24.6,59.572,2025-12-18
2201,36.5,10262.082,2025-12-18
2204,60.4,2033.615,2025-12-18
2206,60.3,853.799,2025-12-18
2207,0.0,0.0,2025-12-18
2208,19.75,1884.278,2025-12-18
2211,102.5,5658.275,2025-12-18
2227,57.0,88.184,2025-12-18
2228,111.5,2559.732,2025-12-18
2231,90.5,452.503,2025-12-18
2233,181.5,463.9,2025-12-18
2236,111.5,245.983,2025-12-18
2239,37.15,85.039,2025-12-18
2241,37.35,576.298,2025-12-18
2243,11.7,115.302,2025-12-18
2247,285.0,32.783,2025-12-18
2248,0.0,0.1,2025-12-18
2250,70.2,40.864,2025-12-18
2254,59.3,11.0,2025-12-18
2258,39.2,1061.276,2025-12-18
2301,155.0,8851.255,2025-12-18
2302,17.45,263.573,2025-12-18
2303,50.3,62841.252,2025-12-18
2305,10.9,200.707,2025-12-18
2308,891.0,6718.29,2025-12-18
2312,22.65,14727.448,2025-12-18
2313,91.4,129743.017,2025-12-18
2314,22.65,53.075,2025-12-18
2316,101.0,1839.006,2025-12-18
2317,216.0,50364.181,2025-12-18
2321,17.45,1.05,2025-12-18
2323,10.25,9705.286,2025-12-18
2324,29.7,21091.968,2025-12-18
2327,218.0,15697.164,2025-12-18
2328,45.4,2285.387,2025-12-18
2329,51.7,42420.218,2025-12-18
2330,1430.0,33103.697,2025-12-18
2331,23.15,6402.898,2025-12-18
2332,15.6,1990.16,2025-12-18
2337,37.95,161172.051,2025-12-18
2338,33.9,442.128,2025-12-18
2340,26.55,2603.086,2025-12-18
2342,28.6,1761.389,2025-12-18
2344,74.5,531280.423,2025-12-18
2345,1180.0,4629.909,2025-12-18
2347,57.6,9882.713,2025-12-18
2348,81.8,356.92,2025-12-18
2348A,36.5,5.0,2025-12-18
2349,14.0,13728.021,2025-12-18
2351,74.5,519.943,2025-12-18
2352,24.55,16622.352,2025-12-18
2353,25.7,17067.319,2025-12-18
2354,60.9,2544.794,2025-12-18
2355,31.75,896.469,2025-12-18
2356,42.2,7320.763,2025-12-18
2357,554.0,12503.671,2025-12-18
2359,125.0,673.478,2025-12-18
2360,728.0,3428.266,2025-12-18
2362,39.6,404.606,2025-12-18
2363,47.25,1228.227,2025-12-18
2364,67.8,232.872,2025-12-18
2365,35.1,1252.079,2025-12-18
2367,26.35,20272.67,2025-12-18
2368,589.0,4251.938,2025-12-18
2369,22.65,8305.676,2025-12-18
2371,30.75,30329.201,2025-12-18
2373,56.6,19.965,2025-12-18
2374,76.5,3117.934,2025-12-18
2375,90.3,1415.792,2025-12-18
2376,237.0,3526.864,2025-12-18
2377,100.0,4468.543,2025-12-18
2379,507.0,2076.057,2025-12-18
2380,4.97,30.578,2025-12-18
2382,260.0,30614.675,2025-12-18
2383,1500.0,1749.563,2025-12-18
2385,113.5,1921.914,2025-12-18
2387,39.05,117.598,2025-12-18
2388,55.8,3698.262,2025-12-18
2390,9.82,177.381,2025-12-18
2392,37.05,1015.91,2025-12-18
2393,51.9,12211.232,2025-12-18
2395,275.0,1371.99,2025-12-18
2397,61.1,91.871,2025-12-18
2399,24.2,2496.847,2025-12-18
2401,20.2,1088.906,2025-12-18
2402,55.2,12006.183,2025-12-18
2404,952.0,4783.471,2025-12-18
2405,18.5,1147.347,2025-12-18
2406,23.6,13701.801,2025-12-18
2408,170.0,40687.506,2025-12-18
2409,11.15,25395.204,2025-12-18
2412,130.0,3774.049,2025-12-18
2413,31.35,6452.153,2025-12-18
2414,41.15,242.527,2025-12-18
2415,25.55,87.95,2025-12-18
2417,35.35,362.661,2025-12-18
2419,24.05,1216.912,2025-12-18
2420,50.1,51.904,2025-12-18
2421,151.5,1834.429,2025-12-18
2423,54.8,78.972,2025-12-18
2424,39.4,192.626,2025-12-18
2425,29.1,81.358,2025-12-18
2426,17.0,311.627,2025-12-18
2427,26.85,529.646,2025-12-18
2428,175.0,361.769,2025-12-18
2429,73.0,401.698,2025-12-18
2430,22.95,34.654,2025-12-18
2431,11.4,360.321,2025-12-18
2432,25.45,59.01,2025-12-18
2433,47.45,53.953,2025-12-18
2434,30.5,21.2,2025-12-18
2436,47.45,1040.869,2025-12-18
2438,22.0,47.14,2025-12-18
2439,95.5,5157.333,2025-12-18
2440,13.85,963.425,2025-12-18
2441,83.4,13671.982,2025-12-18
2442,25.7,253.093,2025-12-18
2444,11.7,388.954,2025-12-18
2449,208.5,17601.014,2025-12-18
2450,29.0,40.233,2025-12-18
2451,183.5,10373.859,2025-12-18
2453,52.2,169.583,2025-12-18
2454,1420.0,5601.522,2025-12-18
2455,131.0,1304.894,2025-12-18
2457,29.3,1943.698,2025-12-18
2458,126.5,2885.9,2025-12-18
2459,64.9,15.538,2025-12-18
2460,19.0,356.759,2025-12-18
2461,15.2,1259.119,2025-12-18
2462,22.55,52.911,2025-12-18
2464,59.4,2384.691,2025-12-18
2465,59.9,517.846,2025-12-18
2466,65.9,1373.078,2025-12-18
2467,226.5,1640.135,2025-12-18
2468,41.25,4973.637,2025-12-18
2471,49.85,46.338,2025-12-18
2472,103.5,1607.277,2025-12-18
2474,190.5,1976.825,2025-12-18
2476,87.9,993.996,2025-12-18
2477,23.45,37.472,2025-12-18
2478,56.2,781.81,2025-12-18
2480,148.5,88.035,2025-12-18
2481,82.6,27542.952,2025-12-18
2482,17.5,64.569,2025-12-18
2483,18.8,28.022,2025-12-18
2484,20.9,165.877,2025-12-18
2485,28.95,65436.752,2025-12-18
2486,90.3,50263.403,2025-12-18
2488,45.35,94.312,2025-12-18
2489,14.55,2091.26,2025-12-18
2491,25.3,2017.049,2025-12-18
2492,114.5,3574.804,2025-12-18
2493,97.0,675.109,2025-12-18
2495,30.5,28035.324,2025-12-18
2496,68.9,9.22,2025-12-18
2497,47.0,344.377,2025-12-18
2498,48.55,5098.118,2025-12-18
2501,22.8,1800.446,2025-12-18
2504,36.2,6161.519,2025-12-18
2505,19.25,166.332,2025-12-18
2506,9.29,253.567,2025-12-18
2509,15.0,91.957,2025-12-18
2511,8.11,792.539,2025-12-18
2514,14.85,89.516,2025-12-18
2515,13.25,12021.358,2025-12-18
2516,14.85,196.8,2025-12-18
2520,34.0,11139.911,2025-12-18
2524,42.15,311.71,2025-12-18
2527,28.35,151.3,2025-12-18
2528,30.15,403.614,2025-12-18
2530,28.05,654.309,2025-12-18
2534,20.6,599.724,2025-12-18
2535,62.2,94.676,2025-12-18
2536,26.25,90.15,2025-12-18
2537,11.45,9297.207,2025-12-18
2538,11.25,263.523,2025-12-18
2539,47.65,520.878,2025-12-18
2540,48.2,868.04,2025-12-18
2542,39.15,12839.362,2025-12-18
2543,61.9,1209.354,2025-12-18
2545,38.4,369.174,2025-12-18
2546,86.4,29.842,2025-12-18
2547,10.75,806.86,2025-12-18
2548,111.0,6397.226,2025-12-18
2597,165.5,182.966,2025-12-18
2601,5.49,1364.025,2025-12-18
2603,183.0,5220.733,2025-12-18
2605,25.85,14963.449,2025-12-18
2606,60.9,12970.278,2025-12-18
2607,56.8,2164.953,2025-12-18
2608,33.15,90.324,2025-12-18
2609,50.7,12566.133,2025-12-18
2610,19.6,20736.684,2025-12-18
2611,14.85,237.179,2025-12-18
2612,59.4,3172.508,2025-12-18
2613,23.15,744.443,2025-12-18
2614,22.8,1809.867,2025-12-18
2615,76.4,10048.886,2025-12-18
2616,13.6,51.389,2025-12-18
2617,30.3,744.195,2025-12-18
2618,35.85,15874.202,2025-12-18
2630,49.3,659.772,2025-12-18
2633,27.4,2452.501,2025-12-18
2634,49.8,4280.828,2025-12-18
2636,65.1,257.183,2025-12-18
2637,67.2,5822.102,2025-12-18
2642,26.25,19.341,2025-12-18
2645,138.0,1372.711,2025-12-18
2646,22.95,2691.332,2025-12-18
2701,11.05,27.03,2025-12-18
2702,11.9,62.364,2025-12-18
2704,43.25,39.075,2025-12-18
2705,16.55,3207.577,2025-12-18
2706,12.95,87.231,2025-12-18
2707,188.5,66.67,2025-12-18
2712,18.3,15.601,2025-12-18
2722,26.4,20.023,2025-12-18
2723,67.9,306.94,2025-12-18
2727,216.0,263.458,2025-12-18
2731,165.0,459.615,2025-12-18
2739,35.65,21.226,2025-12-18
2748,42.7,51.481,2025-12-18
2753,193.5,167.03,2025-12-18
2762,77.4,5.044,2025-12-18
2801,20.75,13262.158,2025-12-18
2812,21.35,12524.51,2025-12-18
2816,29.0,74.762,2025-12-18
2820,16.8,742.955,2025-12-18
2832,50.6,183.473,2025-12-18
2834,16.0,12455.702,2025-12-18
2836,12.4,1037.387,2025-12-18
2836A,23.9,6.0,2025-12-18
2838,19.35,1438.138,2025-12-18
2838A,54.5,15.0,2025-12-18
2845,12.85,6358.516,2025-12-18
2849,13.55,201.026,2025-12-18
2850,118.5,339.398,2025-12-18
2851,26.2,758.639,2025-12-18
2852,28.05,1219.92,2025-12-18
2855,24.0,1917.811,2025-12-18
2867,7.88,29885.984,2025-12-18
2880,31.7,29960.748,2025-12-18
2881,96.8,24121.169,2025-12-18
2881A,63.3,16.616,2025-12-18
2881B,61.8,266.239,2025-12-18
2881C,53.5,19.061,2025-12-18
2882,74.4,55255.251,2025-12-18
2882A,60.7,1413.155,2025-12-18
2882B,60.0,3.875,2025-12-18
2883,17.35,44604.642,2025-12-18
2883B,7.87,802.673,2025-12-18
2884,33.25,76417.838,2025-12-18
2885,39.25,35526.267,2025-12-18
2886,40.4,35983.359,2025-12-18
2887,21.3,552105.836,2025-12-18
2887E,49.6,142.307,2025-12-18
2887F,0.0,0.0,2025-12-18
2887G,39.45,43.635,2025-12-18
2887H,38.9,23.028,2025-12-18
2887I,9.35,5775.851,2025-12-18
2887Z1,16.5,321.027,2025-12-18
2889,16.4,4031.576,2025-12-18
2890,28.85,37366.429,2025-12-18
2891,49.35,75653.296,2025-12-18
2891B,0.0,0.099,2025-12-18
2891C,60.3,2.006,2025-12-18
2892,29.4,129846.421,2025-12-18
2897,9.12,1755.855,2025-12-18
2897B,11.85,50.0,2025-12-18
2901,25.5,5.228,2025-12-18
2903,22.25,8625.304,2025-12-18
2904,17.1,30.834,2025-12-18
2905,16.45,1416.156,2025-12-18
2906,12.85,143.314,2025-12-18
2908,20.4,331.374,2025-12-18
2910,20.95,14.0,2025-12-18
2911,4.55,9.752,2025-12-18
2912,221.5,2174.267,2025-12-18
2913,13.65,448.991,2025-12-18
2915,54.9,1760.296,2025-12-18
2923,20.1,88.46,2025-12-18
2929,8.1,537.447,2025-12-18
2939,23.95,15.0,2025-12-18
2945,38.0,9.509,2025-12-18
3002,26.7,1537.399,2025-12-18
3003,47.1,49.856,2025-12-18
3004,98.0,342.816,2025-12-18
3005,116.5,1278.467,2025-12-18
3006,81.5,6024.495,2025-12-18
3008,2030.0,287.807,2025-12-18
3010,117.0,2138.877,2025-12-18
3011,13.8,1902.865,2025-12-18
3013,123.5,2976.325,2025-12-18
3014,114.0,489.783,2025-12-18
3015,53.5,333.857,2025-12-18
3016,51.9,7166.028,2025-12-18
3017,1360.0,1937.359,2025-12-18
3018,11.7,11.954,2025-12-18
3019,136.5,2457.29,2025-12-18
3021,17.6,31.02,2025-12-18
3022,67.0,475.17,2025-12-18
3023,200.0,1650.855,2025-12-18
3024,11.25,813.404,2025-12-18
3025,60.5,1170.346,2025-12-18
3026,100.0,518.406,2025-12-18
3027,22.55,271.093,2025-12-18
3028,38.9,1632.59,2025-12-18
3029,109.5,449.199,2025-12-18
3030,171.0,6206.425,2025-12-18
3031,19.5,296.969,2025-12-18
3032,75.6,850.004,2025-12-18
3033,30.55,580.85,2025-12-18
3034,377.5,1843.242,2025-12-18
3035,168.0,1649.731,2025-12-18
3036,147.0,12395.267,2025-12-18
3036A,51.4,125.388,2025-12-18
3037,207.0,18715.861,2025-12-18
3038,23.0,425.333,2025-12-18
3040,56.1,88.967,2025-12-18
3041,24.75,411.627,2025-12-18
3042,82.9,725.46,2025-12-18
3043,21.35,103.815,2025-12-18
3044,299.5,3979.509,2025-12-18
3045,104.5,15659.818,2025-12-18
3046,51.8,161.473,2025-12-18
3047,18.6,4396.955,2025-12-18
3048,38.8,2020.39,2025-12-18
3049,7.39,9447.851,2025-12-18
3050,13.45,2262.8,2025-12-18
3051,18.5,375.214,2025-12-18
3052,11.7,902.318,2025-12-18
3054,27.3,94.275,2025-12-18
3055,74.2,886.905,2025-12-18
3056,17.95,769.864,2025-12-18
3057,17.35,1345.299,2025-12-18
3058,10.65,251.899,2025-12-18
3059,40.25,1950.298,2025-12-18
3060,34.95,21903.663,2025-12-18
3062,23.85,1592.107,2025-12-18
3090,93.6,4869.109,2025-12-18
3092,15.95,281.864,2025-12-18
3094,24.0,63.654,2025-12-18
3130,225.0,16.504,2025-12-18
3135,63.9,1680.862,2025-12-18
3138,106.0,2342.953,2025-12-18
3149,33.4,812.551,2025-12-18
3150,19.3,7.0,2025-12-18
3164,18.3,7.041,2025-12-18
3167,214.5,3451.741,2025-12-18
3168,43.6,9.005,2025-12-18
3189,132.0,9314.258,2025-12-18
3209,31.8,222.423,2025-12-18
3229,25.15,704.132,2025-12-18
3231,139.5,23188.921,2025-12-18
3257,62.1,196.378,2025-12-18
3266,13.85,67.219,2025-12-18
3296,24.4,146.74,2025-12-18
3305,102.0,11247.803,2025-12-18
3308,16.05,76.502,2025-12-18
3311,30.65,51.244,2025-12-18
3312,35.35,439.767,2025-12-18
3321,16.9,691.195,2025-12-18
3338,48.75,227.072,2025-12-18
3346,18.75,115.802,2025-12-18
3356,44.9,160.819,2025-12-18
3376,205.5,1346.986,2025-12-18
3380,31.2,1153.769,2025-12-18
3406,417.5,1035.25,2025-12-18
3413,283.5,869.852,2025-12-18
3416,148.5,63.294,2025-12-18
3419,13.3,160.955,2025-12-18
3432,14.2,11.313,2025-12-18
3437,14.2,127.874,2025-12-18
3443,2020.0,1884.501,2025-12-18
3447,46.6,204.578,2025-12-18
3450,241.0,5864.86,2025-12-18
3454,98.7,180.439,2025-12-18
3481,12.4,42446.575,2025-12-18
3494,8.25,129.984,2025-12-18
3501,48.8,74.895,2025-12-18
3504,50.9,130.55,2025-12-18
3515,248.0,641.295,2025-12-18
3518,20.2,53.527,2025-12-18
3528,67.4,17.646,2025-12-18
3530,71.9,278.632,2025-12-18
3532,90.1,6783.883,2025-12-18
3533,1285.0,919.386,2025-12-18
3535,87.5,5043.954,2025-12-18
3543,41.7,1318.882,2025-12-18
3545,50.4,827.909,2025-12-18
3550,13.25,3185.738,2025-12-18
3557,35.75,30.261,2025-12-18
3563,494.5,761.233,2025-12-18
3576,7.56,24909.97,2025-12-18
3583,319.0,233.752,2025-12-18
3588,47.6,112.219,2025-12-18
3591,18.9,210.691,2025-12-18
3592,226.5,1895.167,2025-12-18
3596,177.5,575.76,2025-12-18
3605,59.6,1106.191,2025-12-18
3607,14.15,349.287,2025-12-18
3617,200.0,314.979,2025-12-18
3622,64.9,535.032,2025-12-18
3645,52.8,680.718,2025-12-18
3652,28.6,16.02,2025-12-18
3653,2655.0,1124.789,2025-12-18
3661,3170.0,1814.321,2025-12-18
3665,1440.0,2470.924,2025-12-18
3669,28.95,13.0,2025-12-18
3673,40.95,1371.141,2025-12-18
3679,113.5,7.22,2025-12-18
3686,18.0,192.927,2025-12-18
3694,57.0,542.302,2025-12-18
3701,35.9,2155.996,2025-12-18
3702,59.7,16807.654,2025-12-18
3703,22.8,629.778,2025-12-18
3704,31.5,1752.127,2025-12-18
3705,57.3,688.491,2025-12-18
3706,80.0,9655.205,2025-12-18
3708,105.5,641.051,2025-12-18
3711,222.0,16464.087,2025-12-18
3712,24.95,561.801,2025-12-18
3714,31.8,1326.473,2025-12-18
3715,112.5,7269.482,2025-12-18
3716,33.6,28.975,2025-12-18
3717,16.9,291.272,2025-12-18
4104,81.4,72.543,2025-12-18
4106,22.05,13.741,2025-12-18
4108,13.85,59.731,2025-12-18
4119,48.25,67.618,2025-12-18
4133,22.8,21.54,2025-12-18
4137,98.5,27.145,2025-12-18
4142,19.1,951.941,2025-12-18
4148,38.5,36.476,2025-12-18
4155,15.0,27.9,2025-12-18
4164,39.3,974.033,2025-12-18
4190,30.1,40.722,2025-12-18
4306,14.25,775.76,2025-12-18
4414,11.5,622.467,2025-12-18
4426,9.7,75.952,2025-12-18
4438,77.7,34.575,2025-12-18
4439,101.5,31.35,2025-12-18
4440,17.1,350.889,2025-12-18
4441,235.5,53.92,2025-12-18
4526,28.65,1151.518,2025-12-18
4532,24.0,622.897,2025-12-18
4536,160.0,257.792,2025-12-18
4540,33.9,407.479,2025-12-18
4545,39.9,3847.155,2025-12-18
4551,113.5,171.965,2025-12-18
4552,23.95,283.447,2025-12-18
4555,38.2,118.842,2025-12-18
4557,77.6,56.311,2025-12-18
4560,32.6,63.008,2025-12-18
4562,35.4,256.625,2025-12-18
4564,17.0,238.526,2025-12-18
4566,56.1,303.843,2025-12-18
4569,159.5,465.94,2025-12-18
4571,158.0,158.33,2025-12-18
4572,151.0,36.555,2025-12-18
4576,103.5,209.332,2025-12-18
4581,51.1,16.033,2025-12-18
4583,628.0,52.819,2025-12-18
4585,306.0,222.592,2025-12-18
4588,61.8,14.143,2025-12-18
4720,14.1,164.03,2025-12-18
4722,159.0,2525.264,2025-12-18
4736,122.0,110.47,2025-12-18
4737,59.0,126.008,2025-12-18
4739,67.6,529.08,2025-12-18
4746,60.3,281.696,2025-12-18
4755,102.5,116.701,2025-12-18
4763,54.6,18066.64,2025-12-18
4764,106.0,9709.495,2025-12-18
4766,319.5,166.877,2025-12-18
4770,234.0,170.087,2025-12-18
4771,176.0,26.251,2025-12-18
4807,17.75,6.527,2025-12-18
4904,87.6,3317.003,2025-12-18
4906,27.7,4612.174,2025-12-18
4912,82.4,99.492,2025-12-18
4915,75.5,3016.998,2025-12-18
4916,54.0,3642.092,2025-12-18
4919,50.2,2208.587,2025-12-18
4927,31.45,16755.939,2025-12-18
4930,22.0,18.802,2025-12-18
4934,13.85,566.742,2025-12-18
4935,40.9,24.4,2025-12-18
4938,68.3,9238.815,2025-12-18
4942,39.15,47.199,2025-12-18
4943,12.6,41.407,2025-12-18
4949,36.9,173.511,2025-12-18
4952,35.55,45.716,2025-12-18
4956,20.45,1014.292,2025-12-18
4958,138.5,4007.634,2025-12-18
4960,13.55,427.11,2025-12-18
4961,146.0,1381.706,2025-12-18
4967,137.5,37922.024,2025-12-18
4968,127.0,617.881,2025-12-18
4976,30.05,377.516,2025-12-18
4977,132.5,3645.77,2025-12-18
4989,39.8,2778.396,2025-12-18
4994,94.8,5.041,2025-12-18
4999,23.35,32.148,2025-12-18
5007,55.8,39.249,2025-12-18
5203,89.7,118.401,2025-12-18
5215,34.7,14.991,2025-12-18
5222,126.5,205.309,2025-12-18
5225,98.5,175.119,2025-12-18
5234,316.0,529.925,2025-12-18
5243,79.2,1414.977,2025-12-18
5244,39.5,191.574,2025-12-18
5258,73.7,210.833,2025-12-18
5269,1165.0,274.664,2025-12-18
5283,62.0,92.981,2025-12-18
5284,281.5,1106.857,2025-12-18
5285,48.95,61.102,2025-12-18
5288,130.0,48.58,2025-12-18
5292,145.5,15.756,2025-12-18
5306,88.1,33.544,2025-12-18
5388,80.7,740.145,2025-12-18
5434,292.0,654.563,2025-12-18
5469,92.5,4747.525,2025-12-18
5471,32.8,160.983,2025-12-18
5484,37.3,110.18,2025-12-18
5515,35.05,1195.906,2025-12-18
5519,32.9,414.95,2025-12-18
5521,21.0,5586.589,2025-12-18
5522,78.8,16548.721,2025-12-18
5525,28.4,43.105,2025-12-18
5531,9.16,372.742,2025-12-18
5533,14.2,81.03,2025-12-18
5534,83.6,2003.696,2025-12-18
5538,29.8,47.0,2025-12-18
5546,22.05,12.097,2025-12-18
5607,47.9,246.899,2025-12-18
5608,17.85,1671.155,2025-12-18
5706,50.1,57.803,2025-12-18
5871,106.5,10837.41,2025-12-18
5871A,101.5,106.121,2025-12-18
5876,40.05,8694.731,2025-12-18
5880,24.7,10983.513,2025-12-18
5906,0.0,0.0,2025-12-18
5907,5.74,486.68,2025-12-18
6005,24.75,14393.506,2025-12-18
6024,51.2,179.117,2025-12-18
6108,14.7,322.603,2025-12-18
6112,45.6,202.745,2025-12-18
6115,47.45,64.611,2025-12-18
6116,7.39,6524.367,2025-12-18
6117,77.8,268.057,2025-12-18
6120,13.0,8947.363,2025-12-18
6128,22.65,58.422,2025-12-18
6133,20.55,3995.773,2025-12-18
6136,24.05,825.361,2025-12-18
6139,584.0,5156.523,2025-12-18
6141,11.05,30.88,2025-12-18
6142,9.39,248.444,2025-12-18
6152,9.78,2087.057,2025-12-18
6153,14.95,2091.913,2025-12-18
6155,43.65,15221.471,2025-12-18
6164,12.45,14089.857,2025-12-18
6165,45.3,248.196,2025-12-18
6166,65.8,487.46,2025-12-18
6168,19.45,293.905,2025-12-18
6176,117.5,3535.761,2025-12-18
6177,49.0,1720.094,2025-12-18
6183,96.0,9.788,2025-12-18
6184,49.0,20.661,2025-12-18
6189,45.15,309.084,2025-12-18
6191,114.5,5273.642,2025-12-18
6192,104.0,97.003,2025-12-18
6196,257.5,3227.185,2025-12-18
6197,131.5,400.317,2025-12-18
6201,57.3,16.03,2025-12-18
6202,37.3,458.403,2025-12-18
6205,38.5,75.027,2025-12-18
6206,90.1,282.774,2025-12-18
6209,59.6,8609.266,2025-12-18
6213,106.5,2854.817,2025-12-18
6214,118.0,529.275,2025-12-18
6215,102.0,353.081,2025-12-18
6216,26.65,70.518,2025-12-18
6224,41.55,74.855,2025-12-18
6225,0.0,0.3,2025-12-18
6226,7.35,371.966,2025-12-18
6230,112.0,33.413,2025-12-18
6235,58.4,394.882,2025-12-18
6239,161.5,10915.227,2025-12-18
6243,34.1,476.917,2025-12-18
6257,95.1,5812.471,2025-12-18
6269,55.1,651.997,2025-12-18
6271,122.5,2602.627,2025-12-18
6277,61.8,28.263,2025-12-18
6278,96.9,1176.217,2025-12-18
6281,62.4,26.835,2025-12-18
6282,40.95,20885.748,2025-12-18
6283,24.8,170.05,2025-12-18
6285,99.5,3422.002,2025-12-18
6405,24.8,92.416,2025-12-18
6409,965.0,457.315,2025-12-18
6412,88.0,407.251,2025-12-18
6414,296.5,1250.059,2025-12-18
6415,196.5,2125.984,2025-12-18
6416,83.4,140.97,2025-12-18
6423,71.7,1.0,2025-12-18
6426,96.1,4023.623,2025-12-18
6431,30.45,595.456,2025-12-18
6438,135.5,279.327,2025-12-18
6442,1110.0,4922.663,2025-12-18
6443,21.6,22455.001,2025-12-18
6446,495.5,1227.592,2025-12-18
6449,161.5,956.637,2025-12-18
6451,154.0,778.364,2025-12-18
6456,43.1,876.909,2025-12-18
6464,76.5,10.169,2025-12-18
6472,491.0,430.787,2025-12-18
6477,33.8,867.513,2025-12-18
6491,278.0,157.18,2025-12-18
6504,42.1,12.002,2025-12-18
6505,47.85,4076.634,2025-12-18
6515,2560.0,632.505,2025-12-18
6525,74.0,132.368,2025-12-18
6526,426.0,254.281,2025-12-18
6531,378.0,920.178,2025-12-18
6533,243.5,300.492,2025-12-18
6534,87.7,31.1,2025-12-18
6541,61.3,601.148,2025-12-18
6550,31.1,815.033,2025-12-18
6552,24.9,40.6,2025-12-18
6558,41.55,6480.083,2025-12-18
6573,15.0,283.07,2025-12-18
6579,105.0,82.174,2025-12-18
6581,106.0,7.235,2025-12-18
6582,33.45,18.021,2025-12-18
6585,90.0,36.59,2025-12-18
6589,63.2,580.374,2025-12-18
6591,76.1,205.148,2025-12-18
6592,61.4,324.647,2025-12-18
6592A,0.0,0.005,2025-12-18
6592B,97.7,9.291,2025-12-18
6598,21.25,22.342,2025-12-18
6605,142.0,1387.836,2025-12-18
6606,25.0,20.013,2025-12-18
6614,48.2,81.763,2025-12-18
6625,79.0,74.407,2025-12-18
6641,19.2,10.078,2025-12-18
6645,17.65,31.0,2025-12-18
6655,117.5,16.112,2025-12-18
6657,42.4,121.339,2025-12-18
6658,48.1,109.273,2025-12-18
6666,45.2,2.175,2025-12-18
6668,37.3,236.46,2025-12-18
6669,4175.0,1078.747,2025-12-18
6670,254.0,779.237,2025-12-18
6671,35.85,17.203,2025-12-18
6672,88.0,294.808,2025-12-18
6674,19.8,3.0,2025-12-18
6689,60.8,120.802,2025-12-18
6691,593.0,1256.394,2025-12-18
6695,44.55,298.146,2025-12-18
6698,28.65,85.415,2025-12-18
6706,110.5,16062.522,2025-12-18
6715,101.0,8.0,2025-12-18
6719,197.0,147.6,2025-12-18
6742,46.0,84.504,2025-12-18
6743,27.75,69.005,2025-12-18
6753,127.0,671.651,2025-12-18
6754,47.0,22.694,2025-12-18
6756,80.5,140.765,2025-12-18
6757,66.7,5019.621,2025-12-18
6768,111.5,526.999,2025-12-18
6770,35.5,221716.222,2025-12-18
6771,44.35,13.3,2025-12-18
6776,48.9,40.803,2025-12-18
6781,1280.0,1135.111,2025-12-18
6782,174.5,57.52,2025-12-18
6789,257.0,897.53,2025-12-18
6790,38.75,69.759,2025-12-18
6792,49.35,11.4,2025-12-18
6794,79.5,40.003,2025-12-18
6796,96.0,47.136,2025-12-18
6799,83.9,175.027,2025-12-18
6805,1450.0,1111.662,2025-12-18
6806,37.8,712.596,2025-12-18
6807,0.0,0.0,2025-12-18
6830,169.5,423.215,2025-12-18
6831,239.5,1027.426,2025-12-18
6834,27.9,146.122,2025-12-18
6835,39.0,53.017,2025-12-18
6838,26.7,132.904,2025-12-18
6854,129.0,155.139,2025-12-18
6861,57.6,54.695,2025-12-18
6862,158.0,121.767,2025-12-18
6863,110.5,123.193,2025-12-18
6869,92.1,434.835,2025-12-18
6873,98.1,215.768,2025-12-18
6885,29.25,165.194,2025-12-18
6887,62.5,8.0,2025-12-18
6890,243.5,612.448,2025-12-18
6901,16.35,242.944,2025-12-18
6902,76.3,10.059,2025-12-18
6906,83.1,25.256,2025-12-18
6909,35.2,85.542,2025-12-18
6914,145.5,73.954,2025-12-18
6916,19.2,1222.302,2025-12-18
6918,87.1,11.104,2025-12-18
6919,151.0,5353.851,2025-12-18
6923,97.2,638.143,2025-12-18
6924,65.0,1.0,2025-12-18
6928,50.2,42.008,2025-12-18
6931,63.4,73.826,2025-12-18
6933,145.5,118.147,2025-12-18
6936,36.4,57.717,2025-12-18
6937,211.5,175.139,2025-12-18
6944,683.0,1634.056,2025-12-18
6949,373.0,116.746,2025-12-18
6951,71.8,5.794,2025-12-18
6952,43.5,35.055,2025-12-18
6955,0.0,0.0,2025-12-18
6957,199.0,86.06,2025-12-18
6958,15.95,38.137,2025-12-18
6962,39.15,1498.125,2025-12-18
6965,84.2,37.712,2025-12-18
6969,29.9,51.0,2025-12-18
6988,13.1,58.05,2025-12-18
6994,95.1,74.119,2025-12-18
7610,111.5,136.012,2025-12-18
7631,134.0,9.568,2025-12-18
7705,39.95,46.572,2025-12-18
7711,262.0,125.505,2025-12-18
7721,51.5,24.001,2025-12-18
7722,555.0,16.921,2025-12-18
7730,85.0,14.0,2025-12-18
7732,41.5,48.0,2025-12-18
7736,89.9,22.093,2025-12-18
7740,145.0,76.209,2025-12-18
7749,411.0,97.232,2025-12-18
7750,845.0,72.779,2025-12-18
7765,269.0,26.026,2025-12-18
7769,3300.0,877.675,2025-12-18
7780,161.5,135.588,2025-12-18
7786,159.5,102.831,2025-12-18
7788,134.0,359.042,2025-12-18
7791,71.6,37.018,2025-12-18
7799,529.0,216.338,2025-12-18
8011,22.8,756.746,2025-12-18
8016,182.5,392.598,2025-12-18
8021,162.0,12676.915,2025-12-18
8028,165.5,3501.277,2025-12-18
8033,142.0,1311.665,2025-12-18
8039,88.8,18046.014,2025-12-18
8045,77.7,86.414,2025-12-18
8046,234.5,11204.251,2025-12-18
8070,43.9,1416.832,2025-12-18
8072,29.4,102.342,2025-12-18
8081,206.0,328.904,2025-12-18
8101,15.85,274.914,2025-12-18
8103,86.2,1257.75,2025-12-18
8104,32.5,1046.796,2025-12-18
8105,11.05,540.898,2025-12-18
8110,51.6,4929.998,2025-12-18
8112,70.9,16467.644,2025-12-18
8112A,43.95,2.856,2025-12-18
8114,171.0,263.966,2025-12-18
8131,46.6,9269.677,2025-12-18
8150,44.7,13806.499,2025-12-18
8162,33.55,35.325,2025-12-18
8163,30.6,247.94,2025-12-18
8201,13.8,111.492,2025-12-18
8210,886.0,1454.958,2025-12-18
8213,32.85,316.347,2025-12-18
8215,19.0,338.726,2025-12-18
8222,40.0,185.346,2025-12-18
8249,50.1,525.106,2025-12-18
8261,89.8,950.112,2025-12-18
8271,93.7,10736.36,2025-12-18
8341,78.4,69.195,2025-12-18
8367,43.7,36.205,2025-12-18
8374,76.0,189.572,2025-12-18
8404,24.15,321.201,2025-12-18
8411,12.15,37.482,2025-12-18
8422,24.6,33488.744,2025-12-18
8429,7.62,70.596,2025-12-18
8438,29.5,35.31,2025-12-18
8442,68.8,10.956,2025-12-18
8443,11.15,968.347,2025-12-18
8454,209.5,315.219,2025-12-18
8462,147.5,88.246,2025-12-18
8463,27.15,35.009,2025-12-18
8464,377.0,586.685,2025-12-18
8466,22.15,5.301,2025-12-18
8467,155.5,104.892,2025-12-18
8473,35.2,67.106,2025-12-18
8476,18.35,57.424,2025-12-18
8478,196.0,195.855,2025-12-18
8481,40.5,28.15,2025-12-18
8482,48.1,24.098,2025-12-18
8487,78.3,5.718,2025-12-18
8488,9.95,5.126,2025-12-18
8499,395.0,219.566,2025-12-18
8926,40.2,885.573,2025-12-18
8940,20.35,20.217,2025-12-18
8996,478.0,701.267,2025-12-18
9103,4.6,151.015,2025-12-18
910322,23.6,32.778,2025-12-18
9105,5.78,8534.09,2025-12-18
910861,5.32,1.106,2025-12-18
9110,3.21,2.0,2025-12-18
911608,2.75,12.0,2025-12-18
911622,3.9,65.0,2025-12-18
911868,1.33,143.194,2025-12-18
912000,2.74,150.18,2025-12-18
9136,7.09,172.685,2025-12-18
9802,106.5,316.261,2025-12-18
9902,17.55,176.282,2025-12-18
9904,30.9,7707.602,2025-12-18
9905,19.95,25.628,2025-12-18
9906,50.7,60.562,2025-12-18
9907,18.05,7732.685,2025-12-18
9908,30.0,116.916,2025-12-18
9910,121.0,555.128,2025-12-18
9911,83.0,116.143,2025-12-18
9912,12.45,59.568,2025-12-18
9914,84.6,1996.151,2025-12-18
9917,106.0,781.658,2025-12-18
9918,39.7,109.389,2025-12-18
9919,16.65,102.125,2025-12-18
9921,94.0,791.606,2025-12-18
9924,53.0,58.648,2025-12-18
9925,40.65,114.806,2025-12-18
9926,49.45,12.502,2025-12-18
9927,68.0,49.246,2025-12-18
9928,20.9,266.437,2025-12-18
9929,10.7,1.1,2025-12-18
9930,70.3,38.941,2025-12-18
9931,34.2,2.57,2025-12-18
9933,31.4,1343.548,2025-12-18
9934,9.89,230.393,2025-12-18
9935,20.55,103.175,2025-12-18
9937,59.5,127.041,2025-12-18
9938,51.8,816.167,2025-12-18
9939,117.5,998.209,2025-12-18
9940,22.95,306.004,2025-12-18
9941,91.6,1734.74,2025-12-18
9941A,0.0,0.0,2025-12-18
9942,105.0,37.431,2025-12-18
9943,61.4,16.761,2025-12-18
9944,16.85,22.26,2025-12-18
9945,30.15,2748.541,2025-12-18
9946,18.7,543.902,2025-12-18
9955,30.2,771.636,2025-12-18
9958,134.5,496.891,2025-12-18
0備註:,0.0,0.0,2025-12-18
漲跌(+/-)欄位符號說明:+/-/X表示漲/跌/不比價。,0.0,0.0,2025-12-18
當證券代號為認購(售)權證及認股權憑證時本益比欄位置為結算價；但如為以外國證券或指數為標的之認購(售)權證及履約方式採歐式者，該欄位為空白。,0.0,0.0,2025-12-18
除境外指數股票型基金及外國股票第二上市外，餘交易單位皆為千股。,0.0,0.0,2025-12-18
本統計資訊含一般、零股、盤後定價、鉅額交易，不含拍賣、標購。,0.0,0.0,2025-12-18
=0050,61.9,98504.98,2025-12-17
=0051,88.75,111.396,2025-12-17
=0052,35.46,37191.719,2025-12-17
=0053,132.8,13.523,2025-12-17
=0055,31.78,401.173,2025-12-17
=0056,36.2,23392.415,2025-12-17
=0057,181.3,19.99,2025-12-17
=0061,22.56,283.911,2025-12-17
=006203,113.3,4.575,2025-12-17
=006204,139.7,28.246,2025-12-17
=006205,38.29,1066.384,2025-12-17
=006206,36.1,159.759,2025-12-17
=006207,29.91,146.432,2025-12-17
=006208,142.05,2662.937,2025-12-17
=00625K,0.0,0.0,2025-12-17
=00631L,330.8,3415.525,2025-12-17
=00632R,17.27,29648.498,2025-12-17
=00633L,48.16,2686.813,2025-12-17
=00634R,3.29,212.0,2025-12-17
=00635U,46.6,3585.207,2025-12-17
=00636,26.39,967.895,2025-12-17
=00636K,8.42,0.2,2025-12-17
=00637L,19.84,27117.949,2025-12-17
=00638R,7.01,135.23,2025-12-17
=00639,14.93,1218.112,2025-12-17
=00640L,75.5,295.189,2025-12-17
=00641R,4.68,4377.99,2025-12-17
=00642U,14.72,12357.286,2025-12-17
=00643,16.26,3069.255,2025-12-17
=00643K,0.0,0.0,2025-12-17
=00645,47.07,163.936,2025-12-17
=00646,67.2,1884.429,2025-12-17
=00647L,115.15,68.873,2025-12-17
=00648R,4.39,850.55,2025-12-17
=00650L,17.11,4883.511,2025-12-17
=00651R,5.42,617.799,2025-12-17
=00652,37.09,282.355,2025-12-17
=00653L,57.4,73.363,2025-12-17
=00654R,6.3,27.45,2025-12-17
=00655L,33.65,1331.74,2025-12-17
=00656R,6.21,207.0,2025-12-17
=00657,58.35,62.711,2025-12-17
=00657K,18.54,0.2,2025-12-17
=00660,41.58,9.709,2025-12-17
=00661,63.6,61.981,2025-12-17
=00662,101.8,2174.969,2025-12-17
=00663L,43.19,5841.567,2025-12-17
=00664R,2.8,15178.87,2025-12-17
=00665L,10.47,14039.561,2025-12-17
=00666R,9.05,290.2,2025-12-17
=00668,55.5,89.446,2025-12-17
=00668K,17.57,0.2,2025-12-17
=00669R,5.74,3211.65,2025-12-17
=00670L,159.1,668.771,2025-12-17
=00671R,2.89,14345.205,2025-12-17
=00673R,29.38,2720.546,2025-12-17
=00674R,5.9,923.848,2025-12-17
=00675L,131.2,2291.954,2025-12-17
=00676R,9.47,823.735,2025-12-17
=00678,34.66,361.225,2025-12-17
=00680L,7.21,17106.526,2025-12-17
=00681R,20.84,1.0,2025-12-17
=00682U,20.17,10.0,2025-12-17
=00683L,20.78,48.0,2025-12-17
=00684R,15.68,92.001,2025-12-17
=00685L,117.75,440.774,2025-12-17
=00686R,1.69,1390.0,2025-12-17
=00688L,7.19,3799.105,2025-12-17
=00689R,21.71,10.0,2025-12-17
=00690,42.68,491.885,2025-12-17
=00692,54.55,840.164,2025-12-17
=00693U,20.48,1937.411,2025-12-17
=00700,17.99,1151.605,2025-12-17
=00701,28.95,2506.439,2025-12-17
=00702,23.3,119.248,2025-12-17
=00703,21.36,34.82,2025-12-17
=00706L,21.04,3807.527,2025-12-17
=00707R,0.0,0.001,2025-12-17
=00708L,91.55,3426.883,2025-12-17
=00709,36.26,97.582,2025-12-17
=00710B,19.02,185.639,2025-12-17
=00711B,16.38,103.736,2025-12-17
=00712,9.04,28124.422,2025-12-17
=00713,51.2,17004.909,2025-12-17
=00714,19.99,863.912,2025-12-17
=00715L,18.75,47013.568,2025-12-17
=00717,15.06,184.56,2025-12-17
=00728,35.87,148.285,2025-12-17
=00730,23.14,506.466,2025-12-17
=00731,68.7,933.343,2025-12-17
=00733,45.09,663.523,2025-12-17
=00735,48.04,253.092,2025-12-17
=00736,27.3,173.995,2025-12-17
=00737,35.62,138.617,2025-12-17
=00738U,54.6,11388.36,2025-12-17
=00739,25.75,61.606,2025-12-17
=00752,25.89,1492.577,2025-12-17
=00753L,11.95,11536.718,2025-12-17
=00757,118.3,2029.96,2025-12-17
=00762,82.5,241.811,2025-12-17
=00763U,29.75,792.901,2025-12-17
=00770,57.2,382.545,2025-12-17
=00771,16.15,28.744,2025-12-17
=00775B,0.0,0.725,2025-12-17
=00783,24.22,16.448,2025-12-17
=00830,56.8,3699.252,2025-12-17
=00850,53.2,2841.422,2025-12-17
=00851,55.0,4.604,2025-12-17
=00852L,30.65,662.179,2025-12-17
=00861,54.0,2382.999,2025-12-17
=00865B,47.3,1315.598,2025-12-17
=00875,39.09,155.507,2025-12-17
=00876,50.05,71.061,2025-12-17
=00878,21.35,66416.173,2025-12-17
=00881,30.92,7814.978,2025-12-17
=00882,15.17,5027.809,2025-12-17
=00885,16.78,6298.768,2025-12-17
=00891,19.25,6116.691,2025-12-17
=00892,20.92,846.803,2025-12-17
=00893,32.27,787.719,2025-12-17
=00894,25.83,2086.749,2025-12-17
=00895,38.83,563.047,2025-12-17
=00896,18.35,3576.903,2025-12-17
=00897,8.72,785.834,2025-12-17
=00898,7.81,288.202,2025-12-17
=00899,20.12,71.419,2025-12-17
=00900,13.54,41016.517,2025-12-17
=00901,23.65,712.113,2025-12-17
=00902,12.95,1375.312,2025-12-17
=00903,17.32,470.703,2025-12-17
=00904,21.86,1288.976,2025-12-17
=00905,16.66,1157.78,2025-12-17
=00907,15.28,642.563,2025-12-17
=00908,13.68,335.252,2025-12-17
=00909,39.22,1776.013,2025-12-17
=00910,41.44,881.513,2025-12-17
=00911,32.47,239.643,2025-12-17
=00912,20.67,149.471,2025-12-17
=00913,23.78,163.326,2025-12-17
=00915,22.63,6876.504,2025-12-17
=00916,27.29,220.415,2025-12-17
=00917,25.05,292.579,2025-12-17
=00918,22.99,50408.949,2025-12-17
=00919,22.1,209177.193,2025-12-17
=00920,18.17,197.045,2025-12-17
=00921,17.25,168.37,2025-12-17
=00922,24.72,5898.419,2025-12-17
=00923,24.73,1926.459,2025-12-17
=00924,28.93,1496.12,2025-12-17
=00926,22.94,1767.711,2025-12-17
=00927,20.85,1677.391,2025-12-17
=00929,17.65,16722.317,2025-12-17
=00930,17.14,873.944,2025-12-17
=00932,14.1,380.511,2025-12-17
=00934,20.26,1590.919,2025-12-17
=00935,28.73,1817.703,2025-12-17
=00936,15.59,1401.883,2025-12-17
=00938,16.93,593.14,2025-12-17
=00939,14.48,17538.868,2025-12-17
=00940,9.19,13522.674,2025-12-17
=00941,17.16,926.298,2025-12-17
=00943,14.29,131.378,2025-12-17
=00944,14.32,509.109,2025-12-17
=00945B,14.49,8075.363,2025-12-17
=00946,9.65,4083.299,2025-12-17
=00947,17.47,471.98,2025-12-17
=00949,18.47,769.457,2025-12-17
=00951,10.96,689.072,2025-12-17
=00952,11.37,1342.942,2025-12-17
=00953B,9.73,39762.297,2025-12-17
=00954,11.72,528.659,2025-12-17
=00956,11.39,214.635,2025-12-17
=00960,14.29,653.285,2025-12-17
=00961,9.26,2459.864,2025-12-17
=00962,10.5,210.315,2025-12-17
=00963,11.3,468.061,2025-12-17
=00964,11.18,1093.967,2025-12-17
=00965,22.59,2264.368,2025-12-17
=00971,15.91,1461.002,2025-12-17
=00972,17.99,273.274,2025-12-17
=009800,11.03,1278.1,2025-12-17
=009801,11.07,1781.771,2025-12-17
=009802,10.88,1789.349,2025-12-17
=009803,12.25,5932.379,2025-12-17
=009804,14.05,1355.064,2025-12-17
=009805,12.53,2735.222,2025-12-17
=009808,18.88,1188.429,2025-12-17
=009809,10.27,2793.002,2025-12-17
=00980A,14.54,9421.294,2025-12-17
=009810,18.36,452.918,2025-12-17
=009811,11.63,2476.347,2025-12-17
=009812,10.66,1550.644,2025-12-17
=009813,10.47,6577.123,2025-12-17
=00981A,15.76,113556.926,2025-12-17
=00981T,10.43,978.587,2025-12-17
=00982A,13.63,32381.244,2025-12-17
=00982D,10.17,4535.884,2025-12-17
=00983A,12.19,3169.825,2025-12-17
=00983D,10.25,1896.021,2025-12-17
=00984A,10.68,6474.777,2025-12-17
=00985A,12.72,10339.461,2025-12-17
=00985B,10.34,8057.917,2025-12-17
=00986A,11.25,510.264,2025-12-17
=00988A,9.66,14538.764,2025-12-17
=00989A,14.96,1199.199,2025-12-17
=01001T,11.49,592.0,2025-12-17
=01002T,14.55,3.01,2025-12-17
=01004T,10.67,511.1,2025-12-17
=01007T,13.34,205.01,2025-12-17
=01009T,6.83,70.0,2025-12-17
=01010T,10.03,2.0,2025-12-17
=020000,0.0,0.0,2025-12-17
=020011,0.0,0.0,2025-12-17
=020012,0.0,0.0,2025-12-17
=02001L,43.28,35.0,2025-12-17
=02001R,0.0,0.0,2025-12-17
=020020,14.93,12.0,2025-12-17
=020028,12.25,6.0,2025-12-17
=020029,9.69,32.0,2025-12-17
=020030,8.48,19.0,2025-12-17
=020031,0.0,0.0,2025-12-17
=020032,7.57,60.0,2025-12-17
=020034,7.38,22.0,2025-12-17
=020036,7.54,8.0,2025-12-17
=020037,8.3,3.0,2025-12-17
=020038,7.51,26.0,2025-12-17
=020039,8.67,3.0,2025-12-17
1101,22.4,20861.415,2025-12-17
1101B,45.5,6.124,2025-12-17
1102,36.3,20365.503,2025-12-17
1103,13.75,423.753,2025-12-17
1104,30.25,697.789,2025-12-17
1108,14.9,96.0,2025-12-17
1109,15.55,48.172,2025-12-17
1110,16.45,103.0,2025-12-17
1201,14.7,207.175,2025-12-17
1203,39.45,8.071,2025-12-17
1210,50.8,2744.772,2025-12-17
1213,10.65,2.05,2025-12-17
1215,134.5,7654.703,2025-12-17
1216,76.9,31370.212,2025-12-17
1217,10.5,477.621,2025-12-17
1218,18.05,592.999,2025-12-17
1219,13.5,99.247,2025-12-17
1220,12.45,103.623,2025-12-17
1225,29.5,131.37,2025-12-17
1227,30.35,300.953,2025-12-17
1229,46.6,1365.792,2025-12-17
1231,96.8,196.801,2025-12-17
1232,144.5,35.069,2025-12-17
1233,31.85,8.641,2025-12-17
1234,38.05,63.46,2025-12-17
1235,47.2,5.501,2025-12-17
1236,24.9,33.14,2025-12-17
1256,137.0,18.36,2025-12-17
1301,39.9,16954.278,2025-12-17
1303,57.4,61407.692,2025-12-17
1304,11.1,4783.591,2025-12-17
1305,11.1,1111.072,2025-12-17
1307,32.5,710.465,2025-12-17
1308,13.2,1629.024,2025-12-17
1309,11.2,1893.943,2025-12-17
1310,8.48,1649.474,2025-12-17
1312,11.5,4774.567,2025-12-17
1312A,21.9,1.0,2025-12-17
1313,10.4,4478.968,2025-12-17
1314,7.75,12759.51,2025-12-17
1315,64.2,10.191,2025-12-17
1316,15.4,1847.769,2025-12-17
1319,92.6,4944.44,2025-12-17
1321,34.9,104.2,2025-12-17
1323,19.55,19.056,2025-12-17
1324,10.5,7.447,2025-12-17
1325,31.35,229.805,2025-12-17
1326,32.05,18847.748,2025-12-17
1337,4.95,432.849,2025-12-17
1338,20.3,93.663,2025-12-17
1339,44.35,32.864,2025-12-17
1340,7.26,250.121,2025-12-17
1341,57.3,5.012,2025-12-17
1342,86.7,66.253,2025-12-17
1402,27.9,5610.028,2025-12-17
1409,15.05,4724.701,2025-12-17
1410,0.0,0.0,2025-12-17
1413,9.99,7.0,2025-12-17
1414,17.05,250.988,2025-12-17
1416,11.75,112.011,2025-12-17
1417,8.88,121.667,2025-12-17
1418,19.1,7.811,2025-12-17
1419,71.4,300.271,2025-12-17
1423,37.85,2.833,2025-12-17
1432,18.1,75.272,2025-12-17
1434,15.6,1779.349,2025-12-17
1435,21.8,21.45,2025-12-17
1436,61.8,285.469,2025-12-17
1437,34.8,205.892,2025-12-17
1438,33.7,4.009,2025-12-17
1439,29.25,56.638,2025-12-17
1440,13.65,1397.241,2025-12-17
1441,10.5,41.77,2025-12-17
1442,30.55,9434.027,2025-12-17
1443,26.8,9.153,2025-12-17
1444,6.02,440.327,2025-12-17
1445,13.4,42.642,2025-12-17
1446,18.3,81.764,2025-12-17
1447,5.56,381.773,2025-12-17
1449,11.3,1526.385,2025-12-17
1451,17.3,124.401,2025-12-17
1452,11.9,78.795,2025-12-17
1453,12.5,142.371,2025-12-17
1454,12.95,75.825,2025-12-17
1455,7.8,241.607,2025-12-17
1456,12.7,8.377,2025-12-17
1457,15.65,56.711,2025-12-17
1459,11.75,144.801,2025-12-17
1460,6.15,938.989,2025-12-17
1463,19.45,42.667,2025-12-17
1464,11.05,266.934,2025-12-17
1465,12.8,84.754,2025-12-17
1466,14.3,169.71,2025-12-17
1467,7.03,59.494,2025-12-17
1468,11.7,40.0,2025-12-17
1470,22.05,8.034,2025-12-17
1471,8.92,273.08,2025-12-17
1472,89.7,24.116,2025-12-17
1473,24.8,37.968,2025-12-17
1474,11.1,22.369,2025-12-17
1475,30.3,43.024,2025-12-17
1476,390.0,726.58,2025-12-17
1477,303.0,2577.966,2025-12-17
1503,166.5,707.424,2025-12-17
1504,82.6,10330.904,2025-12-17
1506,11.7,119.002,2025-12-17
1512,7.49,23.754,2025-12-17
1513,146.5,2473.235,2025-12-17
1514,98.3,2087.926,2025-12-17
1515,27.9,154.42,2025-12-17
1516,20.6,166.506,2025-12-17
1517,11.1,98.802,2025-12-17
1519,765.0,7082.079,2025-12-17
1521,23.9,6.463,2025-12-17
1522,47.45,936.274,2025-12-17
1522A,49.15,1.0,2025-12-17
1524,27.8,424.61,2025-12-17
1525,63.7,6.003,2025-12-17
1526,16.75,36.035,2025-12-17
1527,32.8,121.096,2025-12-17
1528,15.8,2872.663,2025-12-17
1529,18.8,832.392,2025-12-17
1530,27.3,8.764,2025-12-17
1531,11.85,153.581,2025-12-17
1532,27.0,473.896,2025-12-17
1533,32.55,158.51,2025-12-17
1535,52.9,24.73,2025-12-17
1536,58.9,1193.222,2025-12-17
1537,124.5,38.658,2025-12-17
1538,0.0,0.121,2025-12-17
1539,17.15,19.001,2025-12-17
1540,22.8,185.503,2025-12-17
1541,23.4,35.23,2025-12-17
1558,102.0,99.669,2025-12-17
1560,366.0,3302.991,2025-12-17
1563,40.45,222.924,2025-12-17
1568,21.7,60.906,2025-12-17
1582,64.6,217.57,2025-12-17
1583,45.5,8.08,2025-12-17
1587,49.7,7776.297,2025-12-17
1589,17.1,529.139,2025-12-17
1590,928.0,516.749,2025-12-17
1597,71.3,128.145,2025-12-17
1598,21.0,242.275,2025-12-17
1603,37.15,221.205,2025-12-17
1604,24.55,55.671,2025-12-17
1605,29.9,54441.068,2025-12-17
1608,36.6,4323.11,2025-12-17
1609,37.4,4199.883,2025-12-17
1611,13.1,8564.361,2025-12-17
1612,34.2,419.9,2025-12-17
1614,34.05,59.01,2025-12-17
1615,48.85,58.58,2025-12-17
1616,27.85,493.485,2025-12-17
1617,14.35,282.533,2025-12-17
1618,40.9,452.414,2025-12-17
1626,11.55,38.489,2025-12-17
1702,38.6,266.141,2025-12-17
1707,126.5,61.346,2025-12-17
1708,32.55,712.629,2025-12-17
1709,16.7,164.904,2025-12-17
1710,11.95,1485.508,2025-12-17
1711,18.0,940.001,2025-12-17
1712,44.2,545.276,2025-12-17
1713,43.4,96.186,2025-12-17
1714,8.33,832.285,2025-12-17
1717,38.25,5880.808,2025-12-17
1718,6.87,1925.79,2025-12-17
1720,59.5,268.294,2025-12-17
1721,11.25,291.727,2025-12-17
1722,46.85,3416.573,2025-12-17
1723,69.0,242.836,2025-12-17
1725,25.35,15.35,2025-12-17
1726,75.7,8.224,2025-12-17
1727,38.2,1012.515,2025-12-17
1730,52.9,25.307,2025-12-17
1731,21.7,70.518,2025-12-17
1732,28.6,148.028,2025-12-17
1733,31.1,120.143,2025-12-17
1734,30.45,77.536,2025-12-17
1735,14.55,29.513,2025-12-17
1736,146.0,681.674,2025-12-17
1737,31.5,59.0,2025-12-17
1752,37.35,72.51,2025-12-17
1760,64.2,78.492,2025-12-17
1762,24.85,38.629,2025-12-17
1773,134.5,279.947,2025-12-17
1776,14.85,21.66,2025-12-17
1783,42.05,134.472,2025-12-17
1786,74.5,421.58,2025-12-17
1789,17.45,1057.65,2025-12-17
1795,283.5,2346.641,2025-12-17
1802,33.95,54437.496,2025-12-17
1805,10.8,29.1,2025-12-17
1806,9.31,758.863,2025-12-17
1808,33.0,2681.715,2025-12-17
1809,17.25,311.053,2025-12-17
1810,17.0,410.455,2025-12-17
1817,38.4,14.206,2025-12-17
1903,55.3,183.059,2025-12-17
1904,17.8,561.085,2025-12-17
1905,11.75,1547.364,2025-12-17
1906,11.9,67.326,2025-12-17
1907,25.9,1204.033,2025-12-17
1909,10.35,3419.035,2025-12-17
2002,18.4,27909.107,2025-12-17
2002A,38.85,6.946,2025-12-17
2006,65.4,8386.943,2025-12-17
2007,7.32,157.076,2025-12-17
2008,29.0,9.407,2025-12-17
2009,43.35,2099.009,2025-12-17
2010,20.55,566.462,2025-12-17
2012,14.95,21.978,2025-12-17
2013,41.5,82.628,2025-12-17
2014,15.25,5860.367,2025-12-17
2015,63.4,406.087,2025-12-17
2017,8.44,306.982,2025-12-17
2020,23.15,185.12,2025-12-17
2022,8.29,355.278,2025-12-17
2023,14.8,1933.267,2025-12-17
2024,15.4,15.055,2025-12-17
2025,9.56,62.454,2025-12-17
2027,36.15,33375.789,2025-12-17
2028,16.8,76.592,2025-12-17
2029,20.8,247.811,2025-12-17
2030,13.95,223.501,2025-12-17
2031,37.45,270.589,2025-12-17
2032,14.15,123.341,2025-12-17
2033,15.65,102.003,2025-12-17
2034,20.15,1202.128,2025-12-17
2038,14.15,152.578,2025-12-17
2049,195.5,2007.528,2025-12-17
2059,3545.0,424.748,2025-12-17
2062,21.05,202.644,2025-12-17
2069,16.9,158.773,2025-12-17
2101,37.5,1385.747,2025-12-17
2102,19.9,310.713,2025-12-17
2103,15.7,2348.797,2025-12-17
2104,10.75,7630.487,2025-12-17
2105,30.5,11307.602,2025-12-17
2106,20.25,666.057,2025-12-17
2107,24.45,173.266,2025-12-17
2108,22.55,382.8,2025-12-17
2109,15.0,70.301,2025-12-17
2114,89.8,7.559,2025-12-17
2115,24.75,43.046,2025-12-17
2201,33.2,4503.716,2025-12-17
2204,59.1,1582.261,2025-12-17
2206,60.3,673.482,2025-12-17
2207,585.0,733.188,2025-12-17
2208,19.85,2411.524,2025-12-17
2211,102.5,8689.159,2025-12-17
2227,54.7,13.995,2025-12-17
2228,111.5,3882.916,2025-12-17
2231,91.1,316.107,2025-12-17
2233,185.5,332.625,2025-12-17
2236,113.5,211.1,2025-12-17
2239,38.35,148.425,2025-12-17
2241,36.3,625.788,2025-12-17
2243,11.65,187.278,2025-12-17
2247,286.5,56.649,2025-12-17
2248,49.45,6.0,2025-12-17
2250,70.8,40.83,2025-12-17
2254,59.0,5.0,2025-12-17
2258,37.8,584.581,2025-12-17
2301,154.5,9846.989,2025-12-17
2302,17.55,206.874,2025-12-17
2303,50.4,121851.626,2025-12-17
2305,10.9,769.011,2025-12-17
2308,890.0,14101.199,2025-12-17
2312,23.2,59155.526,2025-12-17
2313,94.9,87263.422,2025-12-17
2314,23.15,108.166,2025-12-17
2316,103.5,1496.792,2025-12-17
2317,216.5,51129.639,2025-12-17
2321,17.65,5.528,2025-12-17
2323,10.4,13930.501,2025-12-17
2324,29.55,23491.213,2025-12-17
2327,221.0,14299.261,2025-12-17
2328,45.95,2751.414,2025-12-17
2329,51.6,39813.913,2025-12-17
2330,1430.0,33103.549,2025-12-17
2331,22.9,12671.675,2025-12-17
2332,15.75,3366.651,2025-12-17
2337,37.65,100179.489,2025-12-17
2338,33.95,894.058,2025-12-17
2340,27.45,7029.182,2025-12-17
2342,29.15,5059.139,2025-12-17
2344,73.9,454004.106,2025-12-17
2345,1185.0,6644.754,2025-12-17
2347,57.3,19577.339,2025-12-17
2348,81.1,488.908,2025-12-17
2348A,36.55,16.0,2025-12-17
2349,14.6,13575.831,2025-12-17
2351,75.7,459.29,2025-12-17
2352,25.7,16390.754,2025-12-17
2353,26.05,23975.795,2025-12-17
2354,60.9,5115.183,2025-12-17
2355,32.35,1876.635,2025-12-17
2356,42.35,9258.339,2025-12-17
2357,577.0,9745.442,2025-12-17
2359,126.5,1176.755,2025-12-17
2360,740.0,2577.403,2025-12-17
2362,39.4,982.487,2025-12-17
2363,47.95,2001.846,2025-12-17
2364,67.3,187.921,2025-12-17
2365,35.95,1346.869,2025-12-17
2367,27.65,42855.522,2025-12-17
2368,586.0,7220.545,2025-12-17
2369,23.4,13123.73,2025-12-17
2371,30.2,56822.753,2025-12-17
2373,56.6,24.012,2025-12-17
2374,78.2,3224.934,2025-12-17
2375,90.8,1303.441,2025-12-17
2376,236.0,2377.422,2025-12-17
2377,100.5,5656.383,2025-12-17
2379,514.0,2352.391,2025-12-17
2380,5.01,81.406,2025-12-17
2382,265.0,50920.956,2025-12-17
2383,1495.0,3562.182,2025-12-17
2385,114.0,3453.459,2025-12-17
2387,39.5,489.256,2025-12-17
2388,57.0,6225.5,2025-12-17
2390,9.89,446.525,2025-12-17
2392,37.15,1086.929,2025-12-17
2393,51.6,13642.013,2025-12-17
2395,273.5,1883.651,2025-12-17
2397,61.2,185.631,2025-12-17
2399,24.0,1522.757,2025-12-17
2401,20.45,2313.016,2025-12-17
2402,56.3,11235.478,2025-12-17
2404,957.0,8885.668,2025-12-17
2405,18.65,1511.595,2025-12-17
2406,24.65,50137.773,2025-12-17
2408,164.5,30151.093,2025-12-17
2409,11.3,23234.28,2025-12-17
2412,129.5,4591.685,2025-12-17
2413,32.1,10224.421,2025-12-17
2414,41.0,86.065,2025-12-17
2415,25.95,59.76,2025-12-17
2417,36.1,342.79,2025-12-17
2419,24.85,3600.847,2025-12-17
2420,50.3,37.986,2025-12-17
2421,153.0,1979.702,2025-12-17
2423,54.2,97.582,2025-12-17
2424,41.45,267.244,2025-12-17
2425,29.0,132.591,2025-12-17
2426,17.1,395.776,2025-12-17
2427,27.05,992.235,2025-12-17
2428,172.5,227.535,2025-12-17
2429,71.6,712.052,2025-12-17
2430,22.95,21.568,2025-12-17
2431,11.5,302.298,2025-12-17
2432,25.9,23.105,2025-12-17
2433,47.4,49.555,2025-12-17
2434,30.35,30.1,2025-12-17
2436,48.35,1498.409,2025-12-17
2438,22.55,61.686,2025-12-17
2439,97.1,4310.574,2025-12-17
2440,14.75,2846.221,2025-12-17
2441,86.2,29255.66,2025-12-17
2442,25.65,728.21,2025-12-17
2444,12.05,1777.145,2025-12-17
2449,215.0,16508.137,2025-12-17
2450,28.85,65.188,2025-12-17
2451,180.5,6829.24,2025-12-17
2453,52.7,265.598,2025-12-17
2454,1425.0,9223.276,2025-12-17
2455,133.0,1783.061,2025-12-17
2457,29.5,4058.942,2025-12-17
2458,123.5,2628.581,2025-12-17
2459,64.9,45.481,2025-12-17
2460,19.75,201.376,2025-12-17
2461,15.45,186.4,2025-12-17
2462,22.55,90.5,2025-12-17
2464,62.0,3291.381,2025-12-17
2465,61.8,465.014,2025-12-17
2466,65.3,1302.268,2025-12-17
2467,232.5,4216.456,2025-12-17
2468,44.25,1068.19,2025-12-17
2471,50.1,196.296,2025-12-17
2472,102.5,1904.827,2025-12-17
2474,190.5,3138.622,2025-12-17
2476,88.6,729.797,2025-12-17
2477,23.55,63.802,2025-12-17
2478,56.1,792.937,2025-12-17
2480,147.0,90.75,2025-12-17
2481,79.2,7708.296,2025-12-17
2482,17.6,168.965,2025-12-17
2483,18.65,26.0,2025-12-17
2484,20.8,211.974,2025-12-17
2485,29.55,106076.356,2025-12-17
2486,98.0,26261.327,2025-12-17
2488,45.35,62.611,2025-12-17
2489,14.6,3635.575,2025-12-17
2491,23.65,1501.414,2025-12-17
2492,113.5,3649.037,2025-12-17
2493,98.5,544.682,2025-12-17
2495,28.65,19676.367,2025-12-17
2496,68.8,4.214,2025-12-17
2497,47.05,178.558,2025-12-17
2498,49.45,9281.266,2025-12-17
2501,22.55,2024.274,2025-12-17
2504,36.45,4931.975,2025-12-17
2505,19.2,203.034,2025-12-17
2506,9.35,145.195,2025-12-17
2509,14.85,85.88,2025-12-17
2511,8.11,760.126,2025-12-17
2514,15.05,118.412,2025-12-17
2515,12.9,15330.908,2025-12-17
2516,14.9,229.774,2025-12-17
2520,33.05,11773.436,2025-12-17
2524,43.2,1342.157,2025-12-17
2527,28.1,156.084,2025-12-17
2528,29.9,900.292,2025-12-17
2530,27.7,424.998,2025-12-17
2534,20.25,530.484,2025-12-17
2535,62.2,141.507,2025-12-17
2536,26.15,71.094,2025-12-17
2537,10.65,1134.691,2025-12-17
2538,11.2,268.347,2025-12-17
2539,48.0,919.856,2025-12-17
2540,48.1,1015.114,2025-12-17
2542,38.3,11979.334,2025-12-17
2543,60.7,921.527,2025-12-17
2545,38.05,672.943,2025-12-17
2546,86.2,57.62,2025-12-17
2547,10.65,689.048,2025-12-17
2548,105.0,938.18,2025-12-17
2597,165.5,217.324,2025-12-17
2601,5.6,747.173,2025-12-17
2603,184.0,5908.874,2025-12-17
2605,26.75,19252.501,2025-12-17
2606,63.0,14699.705,2025-12-17
2607,57.4,1766.207,2025-12-17
2608,33.15,178.836,2025-12-17
2609,51.6,16644.708,2025-12-17
2610,19.65,25735.09,2025-12-17
2611,14.9,178.379,2025-12-17
2612,62.3,3434.763,2025-12-17
2613,23.55,350.222,2025-12-17
2614,22.1,1404.116,2025-12-17
2615,78.0,7903.673,2025-12-17
2616,13.7,47.561,2025-12-17
2617,30.8,536.533,2025-12-17
2618,35.8,18961.799,2025-12-17
2630,49.1,920.876,2025-12-17
2633,27.4,4528.957,2025-12-17
2634,49.5,4432.99,2025-12-17
2636,65.0,205.054,2025-12-17
2637,68.3,8510.145,2025-12-17
2642,26.15,31.22,2025-12-17
2645,140.0,1524.396,2025-12-17
2646,23.05,2990.804,2025-12-17
2701,11.05,238.484,2025-12-17
2702,11.9,37.037,2025-12-17
2704,43.15,144.388,2025-12-17
2705,16.55,119.508,2025-12-17
2706,12.95,112.401,2025-12-17
2707,188.5,154.877,2025-12-17
2712,18.4,14.411,2025-12-17
2722,26.55,59.206,2025-12-17
2723,67.0,482.344,2025-12-17
2727,215.5,375.144,2025-12-17
2731,166.0,671.634,2025-12-17
2739,35.6,10.2,2025-12-17
2748,42.95,51.229,2025-12-17
2753,194.0,436.319,2025-12-17
2762,77.4,29.315,2025-12-17
2801,20.7,28732.396,2025-12-17
2812,21.35,14714.23,2025-12-17
2816,29.1,143.035,2025-12-17
2820,16.8,673.032,2025-12-17
2832,50.2,231.996,2025-12-17
2834,16.05,20923.172,2025-12-17
2836,12.35,3079.606,2025-12-17
2836A,23.85,5.0,2025-12-17
2838,19.5,2662.852,2025-12-17
2838A,54.5,49.26,2025-12-17
2845,12.8,8806.777,2025-12-17
2849,13.25,75.124,2025-12-17
2850,121.5,552.44,2025-12-17
2851,26.45,1240.124,2025-12-17
2852,28.1,630.406,2025-12-17
2855,24.05,2411.873,2025-12-17
2867,7.97,23592.398,2025-12-17
2880,31.8,25147.823,2025-12-17
2881,97.3,33741.813,2025-12-17
2881A,63.4,26.964,2025-12-17
2881B,61.8,44.872,2025-12-17
2881C,53.6,18.842,2025-12-17
2882,73.2,77256.481,2025-12-17
2882A,60.7,34.449,2025-12-17
2882B,60.0,58.202,2025-12-17
2883,17.45,74376.12,2025-12-17
2883B,7.86,1086.816,2025-12-17
2884,33.5,66951.78,2025-12-17
2885,39.35,43805.458,2025-12-17
2886,40.35,32692.086,2025-12-17
2887,21.25,641237.051,2025-12-17
2887E,49.65,349.231,2025-12-17
2887F,46.4,15.436,2025-12-17
2887G,39.35,69.296,2025-12-17
2887H,38.9,39.26,2025-12-17
2887I,9.36,5975.25,2025-12-17
2887Z1,16.45,52.567,2025-12-17
2889,16.55,5106.419,2025-12-17
2890,28.9,66087.932,2025-12-17
2891,48.95,126074.237,2025-12-17
2891B,63.7,13.326,2025-12-17
2891C,60.3,2.471,2025-12-17
2892,29.25,84327.797,2025-12-17
2897,9.15,3819.895,2025-12-17
2897B,11.85,121.465,2025-12-17
2901,25.1,6.378,2025-12-17
2903,22.3,8031.822,2025-12-17
2904,17.05,15.375,2025-12-17
2905,16.8,1490.917,2025-12-17
2906,12.85,168.097,2025-12-17
2908,20.3,331.346,2025-12-17
2910,20.8,5.0,2025-12-17
2911,4.53,17.489,2025-12-17
2912,222.0,3003.903,2025-12-17
2913,13.6,609.653,2025-12-17
2915,54.9,2870.407,2025-12-17
2923,20.25,43.549,2025-12-17
2929,7.75,124.026,2025-12-17
2939,23.65,19.001,2025-12-17
2945,37.8,11.22,2025-12-17
3002,26.45,1180.675,2025-12-17
3003,47.5,113.927,2025-12-17
3004,96.8,166.411,2025-12-17
3005,116.5,2847.542,2025-12-17
3006,81.7,5211.629,2025-12-17
3008,2040.0,387.829,2025-12-17
3010,117.5,2221.621,2025-12-17
3011,13.8,2865.644,2025-12-17
3013,127.5,3923.711,2025-12-17
3014,115.0,647.257,2025-12-17
3015,53.8,269.214,2025-12-17
3016,54.6,8414.172,2025-12-17
3017,1340.0,2963.422,2025-12-17
3018,11.7,28.683,2025-12-17
3019,140.0,12406.898,2025-12-17
3021,17.8,37.422,2025-12-17
3022,66.3,423.489,2025-12-17
3023,202.5,1181.705,2025-12-17
3024,10.95,373.576,2025-12-17
3025,61.6,1995.781,2025-12-17
3026,100.5,444.114,2025-12-17
3027,23.0,250.024,2025-12-17
3028,38.95,1733.813,2025-12-17
3029,110.5,409.404,2025-12-17
3030,172.5,9549.784,2025-12-17
3031,19.8,394.762,2025-12-17
3032,77.7,334.41,2025-12-17
3033,30.65,1725.195,2025-12-17
3034,377.0,3138.947,2025-12-17
3035,169.0,2955.695,2025-12-17
3036,146.0,14895.43,2025-12-17
3036A,51.3,66.19,2025-12-17
3037,212.0,21114.961,2025-12-17
3038,23.15,703.959,2025-12-17
3040,56.9,91.78,2025-12-17
3041,25.3,427.28,2025-12-17
3042,82.7,1381.794,2025-12-17
3043,21.8,109.422,2025-12-17
3044,304.5,5271.661,2025-12-17
3045,104.5,8475.079,2025-12-17
3046,51.4,370.906,2025-12-17
3047,19.35,37843.636,2025-12-17
3048,38.7,1822.524,2025-12-17
3049,7.92,6118.276,2025-12-17
3050,13.65,4247.164,2025-12-17
3051,19.0,564.721,2025-12-17
3052,11.55,1387.457,2025-12-17
3054,27.45,82.076,2025-12-17
3055,77.4,900.288,2025-12-17
3056,18.1,2846.172,2025-12-17
3057,15.8,103.761,2025-12-17
3058,10.8,964.8,2025-12-17
3059,41.2,1345.454,2025-12-17
3060,31.8,30231.924,2025-12-17
3062,24.5,5512.078,2025-12-17
3090,95.9,7084.029,2025-12-17
3092,15.9,365.24,2025-12-17
3094,24.15,126.998,2025-12-17
3130,223.5,13.879,2025-12-17
3135,65.3,2482.187,2025-12-17
3138,107.5,7734.451,2025-12-17
3149,34.15,1432.624,2025-12-17
3150,19.5,7.557,2025-12-17
3164,18.15,44.806,2025-12-17
3167,220.5,4108.802,2025-12-17
3168,42.85,14.0,2025-12-17
3189,136.0,7591.934,2025-12-17
3209,31.55,185.398,2025-12-17
3229,26.95,1318.08,2025-12-17
3231,138.0,25230.02,2025-12-17
3257,62.8,331.08,2025-12-17
3266,13.65,34.17,2025-12-17
3296,24.05,203.669,2025-12-17
3305,109.0,43277.996,2025-12-17
3308,15.85,63.566,2025-12-17
3311,30.9,78.086,2025-12-17
3312,35.8,451.495,2025-12-17
3321,17.75,513.708,2025-12-17
3338,49.3,234.427,2025-12-17
3346,18.9,108.022,2025-12-17
3356,45.25,106.219,2025-12-17
3376,206.0,3814.112,2025-12-17
3380,31.8,1802.106,2025-12-17
3406,417.5,1352.905,2025-12-17
3413,286.5,1118.74,2025-12-17
3416,149.5,94.241,2025-12-17
3419,13.2,147.638,2025-12-17
3432,14.2,13.011,2025-12-17
3437,14.45,477.214,2025-12-17
3443,2010.0,2697.456,2025-12-17
3447,47.7,217.853,2025-12-17
3450,247.5,6966.816,2025-12-17
3454,98.7,161.61,2025-12-17
3481,12.65,72748.102,2025-12-17
3494,8.42,84.386,2025-12-17
3501,48.6,207.104,2025-12-17
3504,51.5,137.602,2025-12-17
3515,243.5,665.072,2025-12-17
3518,20.2,141.845,2025-12-17
3528,68.0,122.396,2025-12-17
3530,72.0,410.603,2025-12-17
3532,95.1,4832.958,2025-12-17
3533,1315.0,1266.106,2025-12-17
3535,90.3,8016.111,2025-12-17
3543,43.1,1330.336,2025-12-17
3545,51.3,1600.044,2025-12-17
3550,13.8,1671.237,2025-12-17
3557,35.8,30.088,2025-12-17
3563,485.0,1141.726,2025-12-17
3576,8.38,59857.3,2025-12-17
3583,325.0,276.904,2025-12-17
3588,48.8,208.158,2025-12-17
3591,18.95,369.017,2025-12-17
3592,234.0,3214.352,2025-12-17
3596,179.5,543.4,2025-12-17
3605,60.8,710.62,2025-12-17
3607,14.35,1147.583,2025-12-17
3617,198.0,338.964,2025-12-17
3622,66.2,1114.493,2025-12-17
3645,54.0,1033.31,2025-12-17
3652,28.4,20.08,2025-12-17
3653,2705.0,2079.289,2025-12-17
3661,3200.0,2411.258,2025-12-17
3665,1435.0,1799.975,2025-12-17
3669,29.1,10.447,2025-12-17
3673,41.4,2199.178,2025-12-17
3679,115.0,29.901,2025-12-17
3686,18.5,439.328,2025-12-17
3694,58.2,1289.075,2025-12-17
3701,39.5,3793.891,2025-12-17
3702,59.8,24205.634,2025-12-17
3703,22.6,628.831,2025-12-17
3704,32.1,1278.288,2025-12-17
3705,56.3,216.257,2025-12-17
3706,80.7,8286.432,2025-12-17
3708,107.5,1291.85,2025-12-17
3711,228.5,14265.332,2025-12-17
3712,25.25,734.775,2025-12-17
3714,32.35,1216.02,2025-12-17
3715,114.0,11723.619,2025-12-17
3716,33.6,21.976,2025-12-17
3717,17.1,159.691,2025-12-17
4104,81.1,108.85,2025-12-17
4106,22.25,80.603,2025-12-17
4108,13.75,86.682,2025-12-17
4119,48.1,93.212,2025-12-17
4133,22.9,56.788,2025-12-17
4137,98.4,36.896,2025-12-17
4142,19.15,980.339,2025-12-17
4148,38.15,198.567,2025-12-17
4155,14.95,44.206,2025-12-17
4164,38.35,904.862,2025-12-17
4190,30.15,30.806,2025-12-17
4306,14.15,1133.291,2025-12-17
4414,11.65,1349.678,2025-12-17
4426,9.73,105.821,2025-12-17
4438,77.9,47.704,2025-12-17
4439,103.5,8.225,2025-12-17
4440,17.85,155.0,2025-12-17
4441,235.5,81.043,2025-12-17
4526,29.4,2838.827,2025-12-17
4532,24.25,1382.372,2025-12-17
4536,161.5,518.627,2025-12-17
4540,34.6,204.755,2025-12-17
4545,36.3,1048.229,2025-12-17
4551,115.5,131.594,2025-12-17
4552,23.35,24.007,2025-12-17
4555,38.85,92.48,2025-12-17
4557,77.7,68.251,2025-12-17
4560,32.7,91.001,2025-12-17
4562,36.0,185.235,2025-12-17
4564,16.95,336.043,2025-12-17
4566,57.1,920.903,2025-12-17
4569,162.0,250.184,2025-12-17
4571,160.0,88.406,2025-12-17
4572,151.5,9.514,2025-12-17
4576,106.0,184.015,2025-12-17
4581,51.3,15.291,2025-12-17
4583,635.0,166.728,2025-12-17
4585,316.0,211.349,2025-12-17
4588,62.6,22.585,2025-12-17
4720,14.3,291.665,2025-12-17
4722,162.5,3039.647,2025-12-17
4736,122.0,124.285,2025-12-17
4737,58.0,85.042,2025-12-17
4739,67.2,677.131,2025-12-17
4746,60.2,235.306,2025-12-17
4755,99.2,40.946,2025-12-17
4763,52.9,17627.212,2025-12-17
4764,107.5,5847.669,2025-12-17
4766,318.0,216.752,2025-12-17
4770,237.0,374.338,2025-12-17
4771,176.5,12.279,2025-12-17
4807,0.0,2.411,2025-12-17
4904,87.7,4460.99,2025-12-17
4906,28.45,6535.586,2025-12-17
4912,83.5,150.51,2025-12-17
4915,76.9,2254.494,2025-12-17
4916,54.5,8155.915,2025-12-17
4919,50.6,2318.052,2025-12-17
4927,30.15,14875.829,2025-12-17
4930,21.8,23.201,2025-12-17
4934,14.0,2106.506,2025-12-17
4935,40.7,42.019,2025-12-17
4938,69.2,12368.682,2025-12-17
4942,39.1,121.35,2025-12-17
4943,13.2,58.558,2025-12-17
4949,38.3,279.332,2025-12-17
4952,35.9,72.846,2025-12-17
4956,20.95,4110.35,2025-12-17
4958,140.0,5980.645,2025-12-17
4960,13.6,496.409,2025-12-17
4961,148.5,2934.068,2025-12-17
4967,145.0,15793.431,2025-12-17
4968,129.5,431.896,2025-12-17
4976,30.55,315.946,2025-12-17
4977,136.0,5097.359,2025-12-17
4989,39.65,4269.426,2025-12-17
4994,95.1,8.116,2025-12-17
4999,23.1,49.584,2025-12-17
5007,55.3,25.065,2025-12-17
5203,89.4,328.404,2025-12-17
5215,35.2,2.174,2025-12-17
5222,127.5,151.998,2025-12-17
5225,98.4,149.088,2025-12-17
5234,318.5,755.573,2025-12-17
5243,80.7,1624.156,2025-12-17
5244,40.35,69.607,2025-12-17
5258,74.1,297.747,2025-12-17
5269,1180.0,298.308,2025-12-17
5283,61.7,110.638,2025-12-17
5284,288.0,2004.984,2025-12-17
5285,48.95,72.815,2025-12-17
5288,129.5,17.884,2025-12-17
5292,144.5,25.118,2025-12-17
5306,87.9,97.409,2025-12-17
5388,80.1,2127.148,2025-12-17
5434,300.5,613.791,2025-12-17
5469,94.1,5824.912,2025-12-17
5471,33.2,123.796,2025-12-17
5484,38.0,110.215,2025-12-17
5515,35.5,2056.383,2025-12-17
5519,32.7,612.486,2025-12-17
5521,21.95,41964.039,2025-12-17
5522,71.8,9449.07,2025-12-17
5525,28.35,41.649,2025-12-17
5531,9.13,293.644,2025-12-17
5533,14.2,113.102,2025-12-17
5534,81.8,1471.926,2025-12-17
5538,29.0,23.0,2025-12-17
5546,22.5,15.0,2025-12-17
5607,48.6,381.316,2025-12-17
5608,18.25,2094.529,2025-12-17
5706,50.3,49.058,2025-12-17
5871,103.5,17468.6,2025-12-17
5871A,101.5,48.435,2025-12-17
5876,40.35,10447.311,2025-12-17
5880,24.75,19394.98,2025-12-17
5906,50.5,6.04,2025-12-17
5907,5.6,314.148,2025-12-17
6005,24.15,23452.144,2025-12-17
6024,51.4,357.251,2025-12-17
6108,14.2,201.927,2025-12-17
6112,46.05,806.364,2025-12-17
6115,46.95,52.798,2025-12-17
6116,7.59,12086.886,2025-12-17
6117,78.7,259.141,2025-12-17
6120,13.0,2341.618,2025-12-17
6128,22.8,57.702,2025-12-17
6133,21.3,7026.245,2025-12-17
6136,23.9,223.05,2025-12-17
6139,589.0,9229.36,2025-12-17
6141,11.1,115.921,2025-12-17
6142,9.43,404.447,2025-12-17
6152,10.3,7524.162,2025-12-17
6153,14.95,2029.451,2025-12-17
6155,45.3,8224.265,2025-12-17
6164,13.3,4361.302,2025-12-17
6165,45.65,214.655,2025-12-17
6166,66.1,420.734,2025-12-17
6168,19.85,517.97,2025-12-17
6176,115.0,5051.719,2025-12-17
6177,48.6,1395.752,2025-12-17
6183,95.0,33.878,2025-12-17
6184,49.1,39.775,2025-12-17
6189,44.5,404.698,2025-12-17
6191,117.5,5475.397,2025-12-17
6192,103.0,140.395,2025-12-17
6196,260.5,8629.434,2025-12-17
6197,131.0,651.75,2025-12-17
6201,55.9,16.003,2025-12-17
6202,38.1,458.367,2025-12-17
6205,39.05,165.696,2025-12-17
6206,90.5,798.168,2025-12-17
6209,61.7,14251.29,2025-12-17
6213,108.0,3426.599,2025-12-17
6214,118.0,630.539,2025-12-17
6215,103.0,441.789,2025-12-17
6216,26.6,43.452,2025-12-17
6224,42.55,92.527,2025-12-17
6225,17.3,7.253,2025-12-17
6226,7.64,1755.2,2025-12-17
6230,113.5,45.854,2025-12-17
6235,59.0,808.205,2025-12-17
6239,162.0,12984.458,2025-12-17
6243,35.1,980.405,2025-12-17
6257,96.5,6972.886,2025-12-17
6269,55.5,808.265,2025-12-17
6271,122.5,2437.468,2025-12-17
6277,61.6,114.774,2025-12-17
6278,96.2,2192.219,2025-12-17
6281,62.7,25.32,2025-12-17
6282,40.9,28897.147,2025-12-17
6283,24.9,158.536,2025-12-17
6285,101.0,6100.425,2025-12-17
6405,25.05,76.558,2025-12-17
6409,974.0,489.954,2025-12-17
6412,87.5,1660.237,2025-12-17
6414,293.5,1149.469,2025-12-17
6415,203.0,3809.089,2025-12-17
6416,84.8,225.287,2025-12-17
6423,71.5,6.0,2025-12-17
6426,102.0,11905.752,2025-12-17
6431,29.95,802.167,2025-12-17
6438,137.5,315.921,2025-12-17
6442,1215.0,5029.355,2025-12-17
6443,23.1,43507.714,2025-12-17
6446,502.0,1282.811,2025-12-17
6449,160.5,363.972,2025-12-17
6451,158.0,639.284,2025-12-17
6456,43.6,800.302,2025-12-17
6464,76.0,7.827,2025-12-17
6472,491.5,713.098,2025-12-17
6477,34.8,2282.622,2025-12-17
6491,280.0,282.587,2025-12-17
6504,41.45,24.058,2025-12-17
6505,48.25,6537.079,2025-12-17
6515,2570.0,1159.325,2025-12-17
6525,74.8,88.793,2025-12-17
6526,434.0,217.937,2025-12-17
6531,378.0,988.132,2025-12-17
6533,249.5,284.383,2025-12-17
6534,86.4,105.286,2025-12-17
6541,60.0,875.238,2025-12-17
6550,32.15,1953.252,2025-12-17
6552,24.9,49.031,2025-12-17
6558,37.8,804.433,2025-12-17
6573,15.1,208.164,2025-12-17
6579,105.0,76.911,2025-12-17
6581,105.5,10.0,2025-12-17
6582,33.65,18.251,2025-12-17
6585,90.0,63.738,2025-12-17
6589,63.1,897.696,2025-12-17
6591,77.0,233.74,2025-12-17
6592,61.1,253.01,2025-12-17
6592A,96.8,5.0,2025-12-17
6592B,97.5,1.135,2025-12-17
6598,21.1,35.225,2025-12-17
6605,142.0,1178.732,2025-12-17
6606,25.1,15.129,2025-12-17
6614,48.1,98.719,2025-12-17
6625,79.1,130.79,2025-12-17
6641,19.2,18.0,2025-12-17
6645,17.95,9.547,2025-12-17
6655,115.5,2.0,2025-12-17
6657,41.9,171.795,2025-12-17
6658,49.2,102.298,2025-12-17
6666,45.2,6.005,2025-12-17
6668,38.0,221.946,2025-12-17
6669,4175.0,921.064,2025-12-17
6670,257.5,707.886,2025-12-17
6671,35.65,13.001,2025-12-17
6672,89.5,484.433,2025-12-17
6674,19.8,22.0,2025-12-17
6689,61.3,112.39,2025-12-17
6691,602.0,1640.791,2025-12-17
6695,45.4,234.651,2025-12-17
6698,28.4,55.623,2025-12-17
6706,108.0,7745.442,2025-12-17
6715,101.0,36.89,2025-12-17
6719,198.0,325.945,2025-12-17
6742,46.6,234.287,2025-12-17
6743,27.8,103.9,2025-12-17
6753,125.5,1195.173,2025-12-17
6754,46.9,4.663,2025-12-17
6756,82.6,191.772,2025-12-17
6757,66.2,2946.651,2025-12-17
6768,112.0,416.999,2025-12-17
6770,34.8,156274.375,2025-12-17
6771,44.4,33.101,2025-12-17
6776,48.85,66.095,2025-12-17
6781,1300.0,1321.206,2025-12-17
6782,174.5,86.073,2025-12-17
6789,261.0,686.716,2025-12-17
6790,38.6,47.43,2025-12-17
6792,49.9,27.337,2025-12-17
6794,79.7,63.321,2025-12-17
6796,96.7,82.043,2025-12-17
6799,85.6,294.148,2025-12-17
6805,1450.0,1206.691,2025-12-17
6806,38.3,929.238,2025-12-17
6807,45.95,12.053,2025-12-17
6830,170.0,2464.932,2025-12-17
6831,247.0,1292.838,2025-12-17
6834,27.4,107.54,2025-12-17
6835,38.85,67.036,2025-12-17
6838,27.0,152.421,2025-12-17
6854,131.0,240.342,2025-12-17
6861,58.1,128.709,2025-12-17
6862,160.0,99.826,2025-12-17
6863,112.5,146.54,2025-12-17
6869,92.9,501.936,2025-12-17
6873,98.5,261.339,2025-12-17
6885,29.6,179.808,2025-12-17
6887,62.4,8.14,2025-12-17
6890,243.0,558.355,2025-12-17
6901,16.35,485.535,2025-12-17
6902,76.0,21.188,2025-12-17
6906,82.0,33.731,2025-12-17
6909,35.0,69.977,2025-12-17
6914,143.0,26.174,2025-12-17
6916,21.3,1867.776,2025-12-17
6918,88.0,32.268,2025-12-17
6919,154.0,5067.464,2025-12-17
6923,98.6,1606.197,2025-12-17
6924,65.9,54.0,2025-12-17
6928,50.3,58.506,2025-12-17
6931,63.6,69.95,2025-12-17
6933,149.0,108.953,2025-12-17
6936,36.6,164.583,2025-12-17
6937,213.5,144.62,2025-12-17
6944,706.0,3253.701,2025-12-17
6949,381.0,102.03,2025-12-17
6951,71.9,30.393,2025-12-17
6952,43.15,22.505,2025-12-17
6955,153.0,2.15,2025-12-17
6957,199.0,81.701,2025-12-17
6958,15.5,15.75,2025-12-17
6962,39.65,1669.011,2025-12-17
6965,84.4,49.303,2025-12-17
6969,30.5,34.005,2025-12-17
6988,12.35,65.15,2025-12-17
6994,97.0,163.238,2025-12-17
7610,112.5,190.456,2025-12-17
7631,135.0,9.951,2025-12-17
7705,39.95,62.38,2025-12-17
7711,265.5,240.152,2025-12-17
7721,51.0,66.132,2025-12-17
7722,557.0,35.604,2025-12-17
7730,84.0,5.0,2025-12-17
7732,41.35,37.268,2025-12-17
7736,89.7,18.022,2025-12-17
7740,149.0,50.248,2025-12-17
7749,415.5,97.1,2025-12-17
7750,850.0,122.084,2025-12-17
7765,269.0,47.667,2025-12-17
7769,3270.0,1401.215,2025-12-17
7780,162.5,164.926,2025-12-17
7786,160.0,101.746,2025-12-17
7788,132.0,218.542,2025-12-17
7791,71.5,44.293,2025-12-17
7799,539.0,432.723,2025-12-17
8011,23.15,1722.121,2025-12-17
8016,181.0,1262.711,2025-12-17
8021,160.5,26254.767,2025-12-17
8028,164.0,5298.591,2025-12-17
8033,140.0,866.808,2025-12-17
8039,92.9,18734.004,2025-12-17
8045,79.7,68.276,2025-12-17
8046,243.5,10179.298,2025-12-17
8070,44.6,1355.704,2025-12-17
8072,29.65,317.508,2025-12-17
8081,208.5,578.645,2025-12-17
8101,0.0,0.112,2025-12-17
8103,86.0,1645.483,2025-12-17
8104,33.45,3134.466,2025-12-17
8105,11.15,1048.755,2025-12-17
8110,51.3,8762.134,2025-12-17
8112,72.3,13649.206,2025-12-17
8112A,43.9,10.156,2025-12-17
8114,173.5,364.499,2025-12-17
8131,45.75,4546.949,2025-12-17
8150,44.75,12009.534,2025-12-17
8162,33.85,18.01,2025-12-17
8163,30.35,471.114,2025-12-17
8201,14.1,72.493,2025-12-17
8210,894.0,2341.105,2025-12-17
8213,32.75,351.844,2025-12-17
8215,19.15,563.409,2025-12-17
8222,40.2,271.151,2025-12-17
8249,50.5,395.553,2025-12-17
8261,90.6,3056.61,2025-12-17
8271,93.0,4531.026,2025-12-17
8341,78.4,106.446,2025-12-17
8367,43.8,25.0,2025-12-17
8374,77.4,174.932,2025-12-17
8404,24.05,887.935,2025-12-17
8411,12.05,70.228,2025-12-17
8422,24.7,48118.065,2025-12-17
8429,7.54,291.359,2025-12-17
8438,29.5,15.01,2025-12-17
8442,67.8,72.0,2025-12-17
8443,11.15,2.702,2025-12-17
8454,210.5,385.91,2025-12-17
8462,148.0,60.884,2025-12-17
8463,27.0,48.061,2025-12-17
8464,371.0,797.973,2025-12-17
8466,22.05,14.57,2025-12-17
8467,158.0,445.955,2025-12-17
8473,35.2,89.69,2025-12-17
8476,18.65,139.473,2025-12-17
8478,194.0,163.512,2025-12-17
8481,40.5,26.0,2025-12-17
8482,48.45,5.028,2025-12-17
8487,78.4,13.238,2025-12-17
8488,10.05,8.0,2025-12-17
8499,384.5,344.427,2025-12-17
8926,40.2,1382.978,2025-12-17
8940,20.2,22.825,2025-12-17
8996,496.5,367.855,2025-12-17
9103,4.59,141.628,2025-12-17
910322,0.0,0.199,2025-12-17
9105,5.86,15420.349,2025-12-17
910861,5.3,66.006,2025-12-17
9110,0.0,0.0,2025-12-17
911608,2.75,16.0,2025-12-17
911622,3.93,47.003,2025-12-17
911868,1.34,121.875,2025-12-17
912000,2.73,452.386,2025-12-17
9136,7.02,50.0,2025-12-17
9802,106.5,483.414,2025-12-17
9902,17.65,338.346,2025-12-17
9904,31.2,10196.558,2025-12-17
9905,19.95,93.412,2025-12-17
9906,50.8,74.738,2025-12-17
9907,17.9,7684.062,2025-12-17
9908,29.95,86.601,2025-12-17
9910,120.5,454.276,2025-12-17
9911,83.0,182.14,2025-12-17
9912,12.45,62.803,2025-12-17
9914,83.4,2799.959,2025-12-17
9917,106.5,381.589,2025-12-17
9918,39.55,13.261,2025-12-17
9919,16.7,302.589,2025-12-17
9921,93.0,1191.07,2025-12-17
9924,53.5,170.098,2025-12-17
9925,40.7,95.274,2025-12-17
9926,49.4,6.0,2025-12-17
9927,67.9,63.161,2025-12-17
9928,20.7,708.507,2025-12-17
9929,10.3,4.0,2025-12-17
9930,70.6,77.959,2025-12-17
9931,34.0,5.041,2025-12-17
9933,31.45,1670.653,2025-12-17
9934,9.93,183.94,2025-12-17
9935,20.65,102.471,2025-12-17
9937,58.3,133.35,2025-12-17
9938,51.8,981.778,2025-12-17
9939,118.0,903.282,2025-12-17
9940,22.85,253.927,2025-12-17
9941,90.7,2191.886,2025-12-17
9941A,50.5,7.455,2025-12-17
9942,105.0,47.226,2025-12-17
9943,61.2,22.772,2025-12-17
9944,16.7,28.588,2025-12-17
9945,30.1,3695.365,2025-12-17
9946,18.4,174.64,2025-12-17
9955,31.35,801.453,2025-12-17
9958,136.5,423.648,2025-12-17
0備註:,0.0,0.0,2025-12-17
漲跌(+/-)欄位符號說明:+/-/X表示漲/跌/不比價。,0.0,0.0,2025-12-17
當證券代號為認購(售)權證及認股權憑證時本益比欄位置為結算價；但如為以外國證券或指數為標的之認購(售)權證及履約方式採歐式者，該欄位為空白。,0.0,0.0,2025-12-17
除境外指數股票型基金及外國股票第二上市外，餘交易單位皆為千股。,0.0,0.0,2025-12-17
本統計資訊含一般、零股、盤後定價、鉅額交易，不含拍賣、標購。,0.0,0.0,2025-12-17
