代號,名稱,市場,漲幅%,5日籌碼,外資5日,投信5日,投信連買,5日集中%,預估量比
00400A,主動國泰動能高息,TW,0.0,38590.441,32577.441,0.0,0,0.0,0.0
00401A,主動摩根台灣鑫收,TW,0.0,11219.4,4818.09,0.0,0,0.0,0.0
00403A,主動統一升級50,TW,0.0,-2986378.634,-287330.188,0.0,0,0.0,0.0
0050,元大台灣50,TW,1.2,-234964.985,-135978.872,10061.0,5,-52.5,0.6
0051,元大中型100,TW,2.75,222.80599999999998,36.085,0.0,0,0.0,0.0
0052,富邦科技,TW,1.77,-6724.373,9534.6,-620.0,0,-4.9,0.85
0053,元大電子,TW,1.69,20.866,55.0,0.0,0,0.0,0.0
0055,元大MSCI金融,TW,-0.24,-75.10900000000001,-13.852000000000004,0.0,0,-6.2,1.33
0056,元大高股息,TW,2.0,50883.349,24149.561999999998,660.0,0,21.0,1.14
0057,富邦摩台,TW,1.53,19.817999999999998,33.010000000000005,0.0,0,0.0,0.0
0061,元大寶滬深,TW,-0.96,170.285,-331.0,0.0,0,15.3,1.03
006203,元大MSCI台灣,TW,0.0,-8.726,0.0,0.0,0,0.0,0.0
006204,永豐臺灣加權,TW,0.0,2.249,3.0,0.0,0,0.0,0.0
006205,富邦上証,TW,0.0,1070.726,157.0,0.0,0,0.0,0.0
006206,元大上證50,TW,0.0,100.975,-8.0,0.0,0,0.0,0.0
006207,復華滬深,TW,0.0,122.79899999999999,128.0,0.0,0,0.0,0.0
006208,富邦台50,TW,0.0,5303.603,3344.5370000000003,0.0,0,0.0,0.0
00625K,富邦上証+R,TW,0.0,10.0,0.0,0.0,0,0.0,0.0
00631L,元大台灣50正2,TW,0.0,-239338.555,-3732.8050000000003,0.0,0,0.0,0.0
00632R,元大台灣50反1,TW,0.0,85207.138,-7091.0,0.0,0,0.0,0.0
00633L,富邦上証正2,TW,0.0,-152.207,126.0,0.0,0,0.0,0.0
00634R,富邦上証反1,TW,0.0,163.22899999999998,0.0,0.0,0,0.0,0.0
00635U,期元大S&P黃金,TW,0.0,2035.0559999999998,-2159.504,0.0,0,0.0,0.0
00636,國泰中國A50,TW,0.0,589.106,167.0,0.0,0,0.0,0.0
00636K,國泰中國A50+U,TW,0.0,0.0,0.0,0.0,0,0.0,0.0
00637L,元大滬深300正2,TW,0.0,2700.503999999999,-5379.0,0.0,0,0.0,0.0
00638R,元大滬深300反1,TW,0.0,318.498,-12.0,0.0,0,0.0,0.0
00639,富邦深100,TW,0.0,871.259,665.0,0.0,0,0.0,0.0
00640L,富邦日本正2,TW,0.0,339.952,36.0,0.0,0,0.0,0.0
00641R,富邦日本反1,TW,0.0,583.3229999999999,0.0,0.0,0,0.0,0.0
00642U,期元大S&P石油,TW,0.0,6593.241,-214.569,0.0,0,0.0,0.0
00643,群益深証中小,TW,0.0,713.691,180.0,0.0,0,0.0,0.0
00645,富邦日本,TW,0.0,435.745,96.142,0.0,0,0.0,0.0
00646,元大S&P500,TW,0.0,-11216.881,134.95600000000002,508.32,0,0.0,0.0
00647L,元大S&P500正2,TW,0.0,160.096,3.0,0.0,0,0.0,0.0
00648R,元大S&P500反1,TW,0.0,-2762.95,66.0,0.0,0,0.0,0.0
00650L,復華香港正2,TW,0.0,-1813.143,-3042.0,0.0,0,0.0,0.0
00651R,復華香港反1,TW,0.0,241.24,-1.0,0.0,0,0.0,0.0
00652,富邦印度,TW,0.0,74.175,-14.0,0.0,0,0.0,0.0
00653L,富邦印度正2,TW,0.0,254.74,-4.0,0.0,0,0.0,0.0
00654R,富邦印度反1,TW,0.0,231.685,0.0,0.0,0,0.0,0.0
00655L,國泰中國A50正2,TW,0.0,383.422,706.0,0.0,0,0.0,0.0
00656R,國泰中國A50反1,TW,0.0,108.8,0.0,0.0,0,0.0,0.0
00657,國泰日經225,TW,0.0,4.391,87.101,0.0,0,0.0,0.0
00657K,國泰日經225+U,TW,0.0,0.0,0.0,0.0,0,0.0,0.0
00660,元大歐洲50,TW,0.0,28.0,-2.0,0.0,0,0.0,0.0
00661,元大日經225,TW,0.0,-101.39500000000001,73.027,0.0,0,0.0,0.0
00662,富邦NASDAQ,TW,0.0,6728.413999999999,6068.536,0.0,0,0.0,0.0
00663L,國泰臺灣加權正2,TW,0.0,-6132.532999999999,-140.98000000000002,0.0,0,0.0,0.0
00664R,國泰臺灣加權反1,TW,0.0,22835.271,0.0,0.0,0,0.0,0.0
00665L,富邦恒生國企正2,TW,0.0,-30291.081,-2296.0,0.0,0,0.0,0.0
00666R,富邦恒生國企反1,TW,0.0,274.12,-1.0,0.0,0,0.0,0.0
00668,國泰美國道瓊,TW,0.0,268.51099999999997,-3.0,0.0,0,0.0,0.0
00668K,國泰美國道瓊+U,TW,0.0,0.0,0.0,0.0,0,0.0,0.0
00669R,國泰美國道瓊反1,TW,0.0,-1721.966,0.0,0.0,0,0.0,0.0
00670L,富邦NASDAQ正2,TW,0.0,596.393,61.391000000000005,0.0,0,0.0,0.0
00671R,富邦NASDAQ反1,TW,0.0,-4173.513000000001,0.0,0.0,0,0.0,0.0
00673R,期元大S&P原油反1,TW,0.0,-55481.97,-3638.0,0.0,0,0.0,0.0
00674R,期元大S&P黃金反1,TW,0.0,40.567,0.0,0.0,0,0.0,0.0
00675L,富邦臺灣加權正2,TW,0.0,-1244.8200000000002,152.03,0.0,0,0.0,0.0
00676R,富邦臺灣加權反1,TW,0.0,582.4860000000001,-106.0,0.0,0,0.0,0.0
00678,群益那斯達克生技,TW,0.0,-48.254999999999995,-390.0,0.0,0,0.0,0.0
00680L,元大美債20正2,TW,0.0,33923.159,-902.0,0.0,0,0.0,0.0
00681R,元大美債20反1,TW,0.0,-51.882,113.0,0.0,0,0.0,0.0
00682U,期元大美元指數,TW,0.0,30.106,0.0,0.0,0,0.0,0.0
00683L,期元大美元指正2,TW,0.0,69.138,-9.0,0.0,0,0.0,0.0
00684R,期元大美元指反1,TW,0.0,24.0,0.0,0.0,0,0.0,0.0
00685L,群益臺灣加權正2,TW,0.0,-3523.585,51.0,0.0,0,0.0,0.0
00686R,群益臺灣加權反1,TW,0.0,1967.1,0.0,0.0,0,0.0,0.0
00688L,國泰20年美債正2,TW,0.0,-2280.701,-1130.0,0.0,0,0.0,0.0
00689R,國泰20年美債反1,TW,0.0,-1.2900000000000005,309.0,0.0,0,0.0,0.0
00690,兆豐藍籌30,TW,0.0,73.743,46.0,0.0,0,0.0,0.0
00692,富邦公司治理,TW,0.0,404.171,299.884,0.0,0,0.0,0.0
00693U,期街口S&P黃豆,TW,0.0,2772.442,94.0,0.0,0,0.0,0.0
00700,富邦恒生國企,TW,0.0,-283.87300000000005,117.0,0.0,0,0.0,0.0
00701,國泰股利精選30,TW,0.0,584.086,147.0,0.0,0,0.0,0.0
00702,國泰標普低波高息,TW,0.0,7.169,0.0,0.0,0,0.0,0.0
00703,台新MSCI中國,TW,0.0,-0.37799999999999834,0.0,0.0,0,0.0,0.0
00706L,期元大S&P日圓正2,TW,0.0,-498.724,-376.0,0.0,0,0.0,0.0
00707R,期元大S&P日圓反1,TW,0.0,42.0,0.0,0.0,0,0.0,0.0
00708L,期元大S&P黃金正2,TW,0.0,-3037.089,860.5,0.0,0,0.0,0.0
00709,富邦歐洲,TW,0.0,85.754,0.047999999999998266,0.0,0,0.0,0.0
00710B,復華彭博非投等債,TW,0.0,187.528,249.0,0.0,0,0.0,0.0
00711B,復華彭博新興債,TW,0.0,34.204,30.0,0.0,0,0.0,0.0
00712,復華富時不動產,TW,0.0,-65317.343,-8129.486,0.0,0,0.0,0.0
00713,元大台灣高息低波,TW,0.0,24563.555,601.4000000000001,530.0,2,0.0,0.0
00714,群益道瓊美國地產,TW,0.0,180.775,344.0,0.0,0,0.0,0.0
00715L,期街口布蘭特正2,TW,0.0,1147.147,-110.0,0.0,0,0.0,0.0
00717,富邦美國特別股,TW,0.0,442.0,316.0,0.0,0,0.0,0.0
00728,第一金工業30,TW,0.0,222.11,150.406,0.0,0,0.0,0.0
00730,富邦臺灣優質高息,TW,0.0,347.818,-14.0,0.0,0,0.0,0.0
00731,復華富時高息低波,TW,0.0,964.688,132.0,0.0,0,0.0,0.0
00733,富邦臺灣中小,TW,0.0,2389.193,680.068,0.0,0,0.0,0.0
00735,國泰臺韓科技,TW,0.0,-1756.6399999999999,-47.991000000000014,25.0,0,0.0,0.0
00736,國泰新興市場,TW,0.0,669.0,0.0,0.0,0,0.0,0.0
00737,國泰AI機器人,TW,0.0,176.874,267.98,0.0,0,0.0,0.0
00738U,期元大道瓊白銀,TW,0.0,-13470.582,-8447.725,0.0,0,0.0,0.0
00739,元大MSCI A股,TW,0.0,90.45100000000001,15.0,0.0,0,0.0,0.0
00752,中信中國50,TW,0.0,254.1509999999999,109.18500000000002,0.0,0,0.0,0.0
00753L,中信中國50正2,TW,0.0,-3413.9449999999997,-1437.0,0.0,0,0.0,0.0
00757,統一FANG+,TW,0.0,2250.076,1515.489,0.0,0,0.0,0.0
00762,元大全球AI,TW,0.0,157.69400000000002,528.12,0.0,0,0.0,0.0
00763U,期街口道瓊銅,TW,0.0,-969.771,176.0,0.0,0,0.0,0.0
00770,國泰北美科技,TW,0.0,1899.2290000000003,992.0,0.0,0,0.0,0.0
00771,元大US高息特別股,TW,0.0,-129.096,0.0,0.0,0,0.0,0.0
00775B,新光投等債15+,TW,0.0,0.8829999999999996,1.0,0.0,0,0.0,0.0
00783,富邦中証500,TW,0.0,-34.379,-243.0,0.0,0,0.0,0.0
00830,國泰費城半導體,TW,0.0,756.616,3936.7170000000006,0.0,0,0.0,0.0
00850,元大臺灣ESG永續,TW,0.0,-1955.743,-736.794,970.0,3,0.0,0.0
00851,台新全球AI,TW,0.0,-9.028,-3.0,0.0,0,0.0,0.0
00852L,國泰美國道瓊正2,TW,0.0,157.594,0.0,0.0,0,0.0,0.0
00861,元大全球未來通訊,TW,0.0,-393.675,-148.25,0.0,0,0.0,0.0
00865B,國泰US短期公債,TW,0.0,-2973.619,648.0,0.0,0,0.0,0.0
00875,國泰網路資安,TW,0.0,115.674,-325.0,0.0,0,0.0,0.0
00876,元大全球5G,TW,0.0,-400.749,223.63599999999997,0.0,0,0.0,0.0
00878,國泰永續高股息,TW,0.0,-62274.467000000004,-2709.0789999999943,0.0,0,0.0,0.0
00881,國泰台灣科技龍頭,TW,0.0,111.78600000000097,4972.432000000001,0.0,0,0.0,0.0
00882,中信中國高股息,TW,0.0,1541.782,29.80200000000002,0.0,0,0.0,0.0
00885,富邦越南,TW,0.0,9259.133,3288.705,0.0,0,0.0,0.0
00891,中信關鍵半導體,TW,0.0,-134506.48,11299.456,-1600.0,0,0.0,0.0
00892,富邦台灣半導體,TW,0.0,-1561.7269999999999,844.208,0.0,0,0.0,0.0
00893,國泰智能電動車,TW,0.0,158.393,-1195.811,0.0,0,0.0,0.0
00894,中信小資高價30,TW,0.0,-1025.433,-561.8,0.0,0,0.0,0.0
00895,富邦未來車,TW,0.0,1078.447,820.3040000000001,0.0,0,0.0,0.0
00896,中信綠能及電動車,TW,0.0,-1602.8929999999998,-901.0,0.0,0,0.0,0.0
00897,富邦基因免疫生技,TW,0.0,789.428,553.0,0.0,0,0.0,0.0
00898,國泰基因免疫革命,TW,0.0,-342.205,-539.0,0.0,0,0.0,0.0
00899,FT潔淨能源,TW,0.0,250.217,27.0,0.0,0,0.0,0.0
00900,富邦特選高股息30,TW,0.0,30273.696,8666.6,0.0,0,0.0,0.0
00901,永豐智能車供應鏈,TW,0.0,145.00400000000002,219.0,0.0,0,0.0,0.0
00902,中信電池及儲能,TW,0.0,3150.407,1276.0,0.0,0,0.0,0.0
00903,富邦元宇宙,TW,0.0,699.207,87.0,0.0,0,0.0,0.0
00904,新光臺灣半導體30,TW,0.0,-43.96399999999994,681.436,0.0,0,0.0,0.0
00905,FT臺灣Smart,TW,0.0,237.89200000000008,-1239.692,0.0,0,0.0,0.0
00907,永豐優息存股,TW,0.0,-375.568,-130.658,0.0,0,0.0,0.0
00908,富邦入息REITs+,TW,0.0,80.012,291.01,0.0,0,0.0,0.0
00909,國泰數位支付服務,TW,0.0,3395.9269999999997,1593.653,0.0,0,0.0,0.0
00910,第一金太空衛星,TW,0.0,-211.41899999999998,-13.688000000000002,0.0,0,0.0,0.0
00911,兆豐洲際半導體,TW,0.0,-521.4939999999999,2.051,0.0,0,0.0,0.0
00912,中信臺灣智慧50,TW,0.0,151.23699999999997,44.78899999999999,0.0,0,0.0,0.0
00913,兆豐台灣晶圓製造,TW,0.0,5.850999999999971,-254.0,0.0,0,0.0,0.0
00915,凱基優選高股息30,TW,0.0,19836.083,8755.0,0.0,0,0.0,0.0
00916,國泰全球品牌50,TW,0.0,696.246,69.0,0.0,0,0.0,0.0
00917,中信特選金融,TW,0.0,-3.943999999999903,68.0,0.0,0,0.0,0.0
00918,大華優利高填息30,TW,0.0,82103.075,2208.75,0.0,0,0.0,0.0
00919,群益台灣精選高息,TW,0.0,179583.94199999998,9256.333,0.0,0,0.0,0.0
00920,富邦ESG綠色電力,TW,0.0,-2530.495,-87.25000000000001,0.0,0,0.0,0.0
00921,兆豐龍頭等權重,TW,0.0,679.74,-568.0,0.0,0,0.0,0.0
00922,國泰台灣領袖50,TW,0.0,12588.249,14406.262999999999,0.0,0,0.0,0.0
00923,群益台ESG低碳50,TW,0.0,2399.106,1463.539,0.0,0,0.0,0.0
00924,復華S&P500成長,TW,0.0,137.734,123.537,0.0,0,0.0,0.0
00926,凱基全球菁英55,TW,0.0,545.04,-299.96,0.0,0,0.0,0.0
00927,群益半導體收益,TW,0.0,3053.0190000000002,-757.665,0.0,0,0.0,0.0
00929,復華台灣科技優息,TW,0.0,69641.39199999999,25661.520999999997,0.0,0,0.0,0.0
00930,永豐ESG低碳高息,TW,0.0,3954.099,-985.906,0.0,0,0.0,0.0
00932,兆豐永續高息等權,TW,0.0,2941.63,-669.0,0.0,0,0.0,0.0
00934,中信成長高股息,TW,0.0,-3722.294999999999,-532.8299999999999,0.0,0,0.0,0.0
00935,野村臺灣新科技50,TW,0.0,-17917.233,-1872.449,481.0,0,0.0,0.0
00936,台新永續高息中小,TW,0.0,17701.954,1747.264,0.0,0,0.0,0.0
00938,凱基優選30,TW,0.0,511.888,-190.0,0.0,0,0.0,0.0
00939,統一台灣高息動能,TW,0.0,16412.245,991.064,0.0,0,0.0,0.0
00940,元大台灣價值高息,TW,0.0,140768.05,10695.408,0.0,0,0.0,0.0
00941,中信上游半導體,TW,0.0,1834.703,513.027,0.0,0,0.0,0.0
00943,兆豐電子高息等權,TW,0.0,597.582,681.0,0.0,0,0.0,0.0
00944,野村趨勢動能高息,TW,0.0,1589.8690000000001,1144.0,0.0,0,0.0,0.0
00945B,凱基美國非投等債,TW,0.0,10826.137,8713.0,0.0,0,0.0,0.0
00946,群益科技高息成長,TW,0.0,8853.838,-5024.0,0.0,0,0.0,0.0
00947,台新臺灣IC設計,TW,0.0,1945.8150000000003,530.4070000000002,10800.0,2,0.0,0.0
00949,復華日本龍頭,TW,0.0,2938.322,432.0,0.0,0,0.0,0.0
00951,台新日本半導體,TW,0.0,-771.4029999999998,2266.12,0.0,0,0.0,0.0
00952,凱基台灣AI50,TW,0.0,-293.6690000000001,-141.0,0.0,0,0.0,0.0
00953B,群益優選非投等債,TW,0.0,52417.338,38186.25,0.0,0,0.0,0.0
00954,中信日本半導體,TW,0.0,-612.6300000000001,243.284,0.0,0,0.0,0.0
00956,中信日經高股息,TW,0.0,-228.357,-113.0,0.0,0,0.0,0.0
00960,野村全球航運龍頭,TW,0.0,2206.232,-16.0,0.0,0,0.0,0.0
00961,FT臺灣永續高息,TW,0.0,-5825.1,2896.0,0.0,0,0.0,0.0
00962,台新AI優息動能,TW,0.0,424.28599999999994,498.0,0.0,0,0.0,0.0
00963,中信全球高股息,TW,0.0,-3090.692,437.0,0.0,0,0.0,0.0
00964,中信亞太高股息,TW,0.0,-2603.2119999999995,1027.0,0.0,0,0.0,0.0
00965,元大航太防衛科技,TW,0.0,4217.367,-473.5759999999999,-1050.0,0,0.0,0.0
00971,野村美國研發龍頭,TW,0.0,2159.352,943.742,0.0,0,0.0,0.0
00972,野村日本動能高息,TW,0.0,256.84,-2.0,0.0,0,0.0,0.0
009800,中信NASDAQ,TW,0.0,3001.986,473.15,0.0,0,0.0,0.0
009801,中信美國創新科技,TW,0.0,2959.839,1291.0,0.0,0,0.0,0.0
009802,富邦旗艦50,TW,0.0,3127.473,606.1,0.0,0,0.0,0.0
009803,玉山市值動能50,TW,0.0,59.76699999999994,-68.0,0.0,0,0.0,0.0
009804,聯邦台精彩50,TW,0.0,707.905,531.7,0.0,0,0.0,0.0
009805,新光美國電力基建,TW,0.0,19046.917,13792.1,0.0,0,0.0,0.0
009808,華南永昌優選50,TW,0.0,-11.847000000000008,209.7,0.0,0,0.0,0.0
009809,富邦淨零ESG50,TW,0.0,431.5,739.0,0.0,0,0.0,0.0
00980A,主動野村臺灣優選,TW,0.0,-15086.170999999998,8867.087,0.0,0,0.0,0.0
009810,玉山全球藍籌100,TW,0.0,237.94,-4.0,0.0,0,0.0,0.0
009811,統一美國50,TW,0.0,5030.655000000001,1416.0,0.0,0,0.0,0.0
009812,野村日本東證,TW,0.0,2376.9539999999997,483.0,0.0,0,0.0,0.0
009813,貝萊德標普卓越50,TW,0.0,8985.559000000001,226.252,0.0,0,0.0,0.0
009816,凱基台灣TOP50,TW,0.0,-150485.298,18328.436999999998,0.0,0,0.0,0.0
009817,國泰日本不動產,TW,0.0,2692.039,1933.0,0.0,0,0.0,0.0
009818,華南永昌NASDAQxT,TW,0.0,1991.067,9.596,0.0,0,0.0,0.0
009819,中信數據及電力,TW,0.0,-612.4239999999995,-177.9,0.0,0,0.0,0.0
00981A,主動統一台股增長,TW,0.0,-71820.73200000002,-70393.302,-1255.0,0,0.0,0.0
00981T,平衡凱基雙核收息,TW,0.0,161.53599999999983,539.1,0.0,0,0.0,0.0
009820,元大納斯達克精選,TW,0.0,101264.084,40029.0,0.0,0,0.0,0.0
00982A,主動群益台灣強棒,TW,0.0,-89065.58,12874.649,0.0,0,0.0,0.0
00982D,主動富邦動態入息,TW,0.0,-699.0,-245.0,0.0,0,0.0,0.0
00982T,平衡兆豐台美動能,TW,0.0,-63.21199999999999,192.0,0.0,0,0.0,0.0
00983A,主動中信ARK創新,TW,0.0,2283.8379999999997,188.1,0.0,0,0.0,0.0
00983D,主動富邦複合收益,TW,0.0,-1291.0,-114.0,0.0,0,0.0,0.0
00984A,主動安聯台灣高息,TW,0.0,8617.996,3462.8999999999996,0.0,0,0.0,0.0
00984D,主動聯博全球非投,TW,0.0,-23651.949,-1701.0,88.0,0,0.0,0.0
00985A,主動野村台灣50,TW,0.0,5791.9220000000005,8114.245000000001,0.0,0,0.0,0.0
00985B,群益ESG投等債0-5,TW,0.0,12462.811,5632.0,0.0,0,0.0,0.0
00986A,主動台新龍頭成長,TW,0.0,171.914,1680.0,0.0,0,0.0,0.0
00987A,主動台新優勢成長,TW,0.0,-3872.071000000001,-12.0,0.0,0,0.0,0.0
00988A,主動統一全球創新,TW,0.0,-103312.783,17457.006999999998,0.0,0,0.0,0.0
00989A,主動摩根美國科技,TW,0.0,2387.95,2028.99,0.0,0,0.0,0.0
00990A,主動元大AI新經濟,TW,0.0,9054.475,19882.726000000002,0.0,0,0.0,0.0
00991A,主動復華未來50,TW,0.0,-50920.844,21395.385000000002,0.0,0,0.0,0.0
00992A,主動群益科技創新,TW,0.0,27316.058,34733.868,-2400.0,0,0.0,0.0
00993A,主動安聯台灣,TW,0.0,19962.065000000002,6126.0,0.0,0,0.0,0.0
00994A,主動第一金台股優,TW,0.0,4333.4259999999995,1290.1,0.0,0,0.0,0.0
00995A,主動中信台灣卓越,TW,0.0,7076.451000000001,6081.95,0.0,0,0.0,0.0
00996A,主動兆豐台灣豐收,TW,0.0,13445.974999999999,4359.25,0.0,0,0.0,0.0
00997A,主動群益美國增長,TW,0.0,30250.175,28640.4,10390.0,1,0.0,0.0
00999A,主動野村臺灣高息,TW,0.0,-73456.775,-15726.003,0.0,0,0.0,0.0
01001T,土銀富邦R1,TW,0.0,10.0,10.0,0.0,0,0.0,0.0
01002T,土銀國泰R1,TW,0.0,3.0,3.0,0.0,0,0.0,0.0
01009T,王道圓滿R1,TW,0.0,-12.0,-12.0,0.0,0,0.0,0.0
020000,富邦特選蘋果N,TW,0.0,2.0,0.0,0.0,0,0.0,0.0
020012,富邦行動通訊N,TW,0.0,2.0,0.0,0.0,0,0.0,0.0
02001L,富邦蘋果正二N,TW,0.0,-98.0,0.0,0.0,0,0.0,0.0
02001R,富邦蘋果反一N,TW,0.0,-99.0,0.0,0.0,0,0.0,0.0
020020,元大台股領航N,TW,0.0,-15.0,0.0,0.0,0,0.0,0.0
020028,元大特選電動車N,TW,0.0,42.0,0.0,0.0,0,0.0,0.0
020029,元大ESG高股息N,TW,0.0,8.0,0.0,0.0,0,0.0,0.0
020030,統一智慧電動車N,TW,0.0,57.0,0.0,0.0,0,0.0,0.0
020031,統一IC設計臺灣N,TW,0.0,-41.0,0.0,0.0,0,0.0,0.0
020032,元大綠能N,TW,0.0,-12.0,0.0,0.0,0,0.0,0.0
020034,元大IC設計N,TW,0.0,-13.0,0.0,0.0,0,0.0,0.0
020036,元大金融配息N,TW,0.0,-14.0,0.0,0.0,0,0.0,0.0
020037,元大金融高股息N,TW,0.0,10.0,0.0,0.0,0,0.0,0.0
020038,元大ESG配息N,TW,0.0,73.0,0.0,0.0,0,0.0,0.0
020039,元大加權N,TW,0.0,-87.0,0.0,0.0,0,0.0,0.0
03001T,啟碁台新5A售02,TW,0.0,348.0,0.0,0.0,0,0.0,0.0
03002T,台積電群益5A售12,TW,0.0,165.0,0.0,0.0,0,0.0,0.0
030040,群創群益57購01,TW,0.0,59.0,0.0,0.0,0,0.0,0.0
030044,臻鼎群益57購01,TW,0.0,4.0,0.0,0.0,0,0.0,0.0
03004T,臺股指群益5C售05,TW,0.0,200.0,0.0,0.0,0,0.0,0.0
03005T,臺股指群益5C售06,TW,0.0,5.0,0.0,0.0,0,0.0,0.0
03006T,臺股指群益5C售07,TW,0.0,106.0,0.0,0.0,0,0.0,0.0
03006X,元展06,TW,0.0,-4.0,0.0,0.0,0,0.0,0.0
030078,南亞統一56購02,TW,0.0,1.0,0.0,0.0,0,0.0,0.0
030079,南亞統一59購01,TW,0.0,40.0,0.0,0.0,0,0.0,0.0
03007T,台灣50元大5B售05,TW,0.0,39.0,0.0,0.0,0,0.0,0.0
03007X,元展07,TW,0.0,3.0,0.0,0.0,0,0.0,0.0
030083,光寶科統一56購01,TW,0.0,96.0,0.0,0.0,0,0.0,0.0
030084,台達電統一56購05,TW,0.0,-2.0,0.0,0.0,0,0.0,0.0
030086,全新統一56購05,TW,0.0,122.0,0.0,0.0,0,0.0,0.0
030087,欣興統一56購03,TW,0.0,1.0,0.0,0.0,0,0.0,0.0
030088,玉晶光統一59購01,TW,0.0,15.0,0.0,0.0,0,0.0,0.0
03008T,臺股指元大5A售29,TW,0.0,216.0,0.0,0.0,0,0.0,0.0
030090,達興統一59購01,TW,0.0,1.0,0.0,0.0,0,0.0,0.0
030092,訊芯統一59購01,TW,0.0,0.0,0.0,0.0,0,0.0,0.0
030093,南電統一57購05,TW,0.0,2.0,0.0,0.0,0,0.0,0.0
03009T,聯發科凱基64售03,TW,0.0,-10.0,0.0,0.0,0,0.0,0.0
03011T,台積電凱基67售14,TW,0.0,158.0,0.0,0.0,0,0.0,0.0
03012T,聯發科凱基63售01,TW,0.0,-76.0,0.0,0.0,0,0.0,0.0
03012X,元展12,TW,0.0,4.0,0.0,0.0,0,0.0,0.0
030135,飛捷國票59購01,TW,0.0,-1641.0,0.0,0.0,0,0.0,0.0
03013T,大立光凱基5A售06,TW,0.0,-249.0,0.0,0.0,0,0.0,0.0
03014T,臺股指凱基5A售47,TW,0.0,447.0,0.0,0.0,0,0.0,0.0
03014X,元展14,TW,0.0,-4.0,0.0,0.0,0,0.0,0.0
03015T,臺股指凱基5C售16,TW,0.0,100.0,0.0,0.0,0,0.0,0.0
03016T,臺股指凱基5C售17,TW,0.0,489.0,0.0,0.0,0,0.0,0.0
030174,鴻海凱基63購01,TW,0.0,3.0,0.0,0.0,0,0.0,0.0
03017X,元展17,TW,0.0,-20.0,0.0,0.0,0,0.0,0.0
03018T,玉晶光國票5A售03,TW,0.0,100.0,0.0,0.0,0,0.0,0.0
03019T,台灣50台新5A售03,TW,0.0,39.0,0.0,0.0,0,0.0,0.0
03021T,華泰台新5A售01,TW,0.0,0.0,0.0,0.0,0,0.0,0.0
03022T,大立光台新5A售03,TW,0.0,2268.0,0.0,0.0,0,0.0,0.0
030239,南亞統一58購01,TW,0.0,99.0,0.0,0.0,0,0.0,0.0
030240,南亞統一5A購01,TW,0.0,30.0,0.0,0.0,0,0.0,0.0
030243,台化統一62購01,TW,0.0,-191.0,0.0,0.0,0,0.0,0.0
030245,台玻統一5A購01,TW,0.0,8.0,0.0,0.0,0,0.0,0.0
030246,宇隆統一5A購01,TW,0.0,74.0,0.0,0.0,0,0.0,0.0
030248,TPK統一58購01,TW,0.0,108.0,0.0,0.0,0,0.0,0.0
03024T,臺股指群益65售04,TW,0.0,114.0,0.0,0.0,0,0.0,0.0
030250,同欣電統一5B購01,TW,0.0,33.0,0.0,0.0,0,0.0,0.0
030251,AES統一5C購01,TW,0.0,-50.0,0.0,0.0,0,0.0,0.0
030256,國喬元富58購01,TW,0.0,1108.0,0.0,0.0,0,0.0,0.0
03025T,T50正2國票5A售05,TW,0.0,471.0,0.0,0.0,0,0.0,0.0
03026T,滬深2X國票5B售01,TW,0.0,370.0,0.0,0.0,0,0.0,0.0
030276,同欣電元富58購01,TW,0.0,3.0,0.0,0.0,0,0.0,0.0
03027T,華邦電國票5B售02,TW,0.0,-274.0,0.0,0.0,0,0.0,0.0
03028T,南亞科國票5B售02,TW,0.0,650.0,0.0,0.0,0,0.0,0.0
03029T,臺股指國票5A售07,TW,0.0,440.0,0.0,0.0,0,0.0,0.0
03030T,台灣50台新5A售05,TW,0.0,2.0,0.0,0.0,0,0.0,0.0
03031T,台灣50台新5A售06,TW,0.0,27.0,0.0,0.0,0,0.0,0.0
03032T,國巨台新5A售05,TW,0.0,-1880.0,2.0,0.0,0,0.0,0.0
030348,滬深2X元大57購03,TW,0.0,10.0,0.0,0.0,0,0.0,0.0
030349,滬深2X元大58購01,TW,0.0,220.0,0.0,0.0,0,0.0,0.0
03034T,美費半凱基5A售02,TW,0.0,1162.0,0.0,0.0,0,0.0,0.0
030350,滬深2X元大5A購01,TW,0.0,-189.0,0.0,0.0,0,0.0,0.0
03035T,台積電凱基5A售11,TW,0.0,109.0,0.0,0.0,0,0.0,0.0
03035X,元展32,TW,0.0,70.0,0.0,0.0,0,0.0,0.0
03036T,華邦電凱基5A售03,TW,0.0,78.0,0.0,0.0,0,0.0,0.0
03037T,南亞科凱基5A售03,TW,0.0,854.0,0.0,0.0,0,0.0,0.0
03038T,群創凱基5A售04,TW,0.0,-834.0,0.0,0.0,0,0.0,0.0
03039T,臺股指凱基65售03,TW,0.0,253.0,0.0,0.0,0,0.0,0.0
03040T,力積電元大5A售07,TW,0.0,261.0,0.0,0.0,0,0.0,0.0
030412,台灣50永豐58購01,TW,0.0,1.0,0.0,0.0,0,0.0,0.0
03042T,群創元大5A售04,TW,0.0,8.0,0.0,0.0,0,0.0,0.0
03043T,臺股指元大5A售30,TW,0.0,263.0,0.0,0.0,0,0.0,0.0
03044T,T50正2凱基5A售08,TW,0.0,-12.0,0.0,0.0,0,0.0,0.0
03045T,鴻海凱基5C售07,TW,0.0,73.0,0.0,0.0,0,0.0,0.0
03046T,台積電凱基5C售09,TW,0.0,1.0,0.0,0.0,0,0.0,0.0
03047T,台灣50富邦5A售03,TW,0.0,696.0,0.0,0.0,0,0.0,0.0
03047X,元展44,TW,0.0,11.0,0.0,0.0,0,0.0,0.0
030499,台光電國票5A購01,TW,0.0,1.0,0.0,0.0,0,0.0,0.0
03049T,台灣50富邦5C售12,TW,0.0,34.0,0.0,0.0,0,0.0,0.0
03050T,T50正2富邦5B售04,TW,0.0,22.0,0.0,0.0,0,0.0,0.0
030518,滬深2X凱基59購02,TW,0.0,-348.0,0.0,0.0,0,0.0,0.0
03051T,臺股指富邦5A售14,TW,0.0,42.0,0.0,0.0,0,0.0,0.0
030526,鴻海凱基56購03,TW,0.0,72.0,0.0,0.0,0,0.0,0.0
030528,金像電凱基57購01,TW,0.0,-2.0,0.0,0.0,0,0.0,0.0
03052T,臺股指富邦5A售15,TW,0.0,207.0,0.0,0.0,0,0.0,0.0
03053T,臺股指富邦5A售16,TW,0.0,1645.0,0.0,0.0,0,0.0,0.0
030549,亞泥統一58購01,TW,0.0,-266.0,0.0,0.0,0,0.0,0.0
03054T,臺股指富邦5A售17,TW,0.0,1110.0,0.0,0.0,0,0.0,0.0
030551,台塑統一58購01,TW,0.0,-615.0,0.0,0.0,0,0.0,0.0
030552,台塑統一58購02,TW,0.0,-440.0,0.0,0.0,0,0.0,0.0
030553,三芳統一58購01,TW,0.0,598.0,0.0,0.0,0,0.0,0.0
030554,台化統一58購01,TW,0.0,-70.0,0.0,0.0,0,0.0,0.0
030556,華城統一56購04,TW,0.0,12.0,0.0,0.0,0,0.0,0.0
030557,華城統一58購01,TW,0.0,-1088.0,0.0,0.0,0,0.0,0.0
030558,華新統一56購03,TW,0.0,-10.0,0.0,0.0,0,0.0,0.0
030559,華新統一56購04,TW,0.0,1.0,0.0,0.0,0,0.0,0.0
03055T,臺股指富邦5B售10,TW,0.0,2427.0,0.0,0.0,0,0.0,0.0
030560,華新統一57購01,TW,0.0,-3.0,0.0,0.0,0,0.0,0.0
030564,大成鋼統一58購02,TW,0.0,875.0,0.0,0.0,0,0.0,0.0
030565,上銀統一57購03,TW,0.0,66.0,0.0,0.0,0,0.0,0.0
030566,川湖統一57購03,TW,0.0,-60.0,0.0,0.0,0,0.0,0.0
030567,川湖統一58購03,TW,0.0,2.0,0.0,0.0,0,0.0,0.0
030569,光寶科統一58購01,TW,0.0,-29.0,0.0,0.0,0,0.0,0.0
03056T,T50正2凱基63售04,TW,0.0,-96.0,0.0,0.0,0,0.0,0.0
030571,華通統一58購02,TW,0.0,11.0,0.0,0.0,0,0.0,0.0
030572,仁寶統一57購01,TW,0.0,-50.0,0.0,0.0,0,0.0,0.0
030573,台積電統一68購01,TW,0.0,-267.0,0.0,0.0,0,0.0,0.0
030574,智邦統一58購01,TW,0.0,12.0,0.0,0.0,0,0.0,0.0
030575,智邦統一58購02,TW,0.0,28.0,0.0,0.0,0,0.0,0.0
030576,智邦統一5A購01,TW,0.0,-22.0,0.0,0.0,0,0.0,0.0
030577,英業達統一57購03,TW,0.0,105.0,0.0,0.0,0,0.0,0.0
030578,金像電統一62購01,TW,0.0,18.0,0.0,0.0,0,0.0,0.0
030579,台光電統一58購02,TW,0.0,-1.0,0.0,0.0,0,0.0,0.0
03057T,台積電凱基67售15,TW,0.0,-32.0,0.0,0.0,0,0.0,0.0
030580,台光電統一62購01,TW,0.0,45.0,0.0,0.0,0,0.0,0.0
030581,南亞科統一58購02,TW,0.0,-1.0,0.0,0.0,0,0.0,0.0
030582,鉅祥統一58購01,TW,0.0,352.0,0.0,0.0,0,0.0,0.0
030583,長榮統一57購01,TW,0.0,-153.0,10.0,0.0,0,0.0,0.0
030585,萬海統一57購01,TW,0.0,-122.0,0.0,0.0,0,0.0,0.0
030586,漢翔統一58購01,TW,0.0,-31.0,0.0,0.0,0,0.0,0.0
030587,長榮太統一58購01,TW,0.0,1.0,0.0,0.0,0,0.0,0.0
030588,智原統一57購01,TW,0.0,610.0,0.0,0.0,0,0.0,0.0
030589,文曄統一58購01,TW,0.0,6.0,0.0,0.0,0,0.0,0.0
03058T,臺股指凱基5A售48,TW,0.0,205.0,0.0,0.0,0,0.0,0.0
030590,欣興統一58購01,TW,0.0,23.0,0.0,0.0,0,0.0,0.0
030591,緯創統一59購01,TW,0.0,-292.0,0.0,0.0,0,0.0,0.0
030592,緯創統一5A購01,TW,0.0,212.0,0.0,0.0,0,0.0,0.0
030593,玉晶光統一58購01,TW,0.0,1558.0,0.0,0.0,0,0.0,0.0
030594,健策統一58購01,TW,0.0,-70.0,0.0,0.0,0,0.0,0.0
030596,貿聯統一58購03,TW,0.0,22.0,0.0,0.0,0,0.0,0.0
030597,TPK統一58購02,TW,0.0,-8.0,0.0,0.0,0,0.0,0.0
03059T,日本2X元大5B售01,TW,0.0,60.0,0.0,0.0,0,0.0,0.0
030600,致伸統一58購02,TW,0.0,1566.0,0.0,0.0,0,0.0,0.0
030601,臻鼎統一58購01,TW,0.0,2.0,0.0,0.0,0,0.0,0.0
030603,聯茂統一58購02,TW,0.0,4.0,0.0,0.0,0,0.0,0.0
030604,同欣電統一58購01,TW,0.0,5.0,0.0,0.0,0,0.0,0.0
030605,台塑化統一58購01,TW,0.0,5.0,0.0,0.0,0,0.0,0.0
030607,愛普統一58購01,TW,0.0,5.0,0.0,0.0,0,0.0,0.0
030608,緯穎統一5B購01,TW,0.0,283.0,0.0,0.0,0,0.0,0.0
030609,緯穎統一62購01,TW,0.0,-100.0,0.0,0.0,0,0.0,0.0
03060T,臺股指群益5A售19,TW,0.0,-4.0,0.0,0.0,0,0.0,0.0
030610,AES統一57購01,TW,0.0,1265.0,0.0,0.0,0,0.0,0.0
030611,AES統一58購01,TW,0.0,0.0,0.0,0.0,0,0.0,0.0
030613,億豐統一58購01,TW,0.0,-20.0,0.0,0.0,0,0.0,0.0
03061T,臺股指群益5A售20,TW,0.0,13.0,0.0,0.0,0,0.0,0.0
03062T,臺股指群益5A售21,TW,0.0,8.0,0.0,0.0,0,0.0,0.0
03063T,臺股指群益5A售22,TW,0.0,-1758.0,0.0,0.0,0,0.0,0.0
03064T,T50正2群益5A售05,TW,0.0,-75.0,0.0,0.0,0,0.0,0.0
03065T,T50正2群益5A售06,TW,0.0,95.0,0.0,0.0,0,0.0,0.0
03066T,T50正2群益5A售07,TW,0.0,-134.0,0.0,0.0,0,0.0,0.0
03067T,T50正2群益5A售08,TW,0.0,-682.0,0.0,0.0,0,0.0,0.0
03068T,台積電群益5A售14,TW,0.0,163.0,0.0,0.0,0,0.0,0.0
03069T,台積電群益5A售15,TW,0.0,435.0,0.0,0.0,0,0.0,0.0
03070T,華邦電群益5C售01,TW,0.0,-5.0,0.0,0.0,0,0.0,0.0
03071T,聯發科群益5A售10,TW,0.0,94.0,0.0,0.0,0,0.0,0.0
03072T,聯發科群益5A售11,TW,0.0,7.0,0.0,0.0,0,0.0,0.0
03073T,力積電群益5A售03,TW,0.0,23.0,0.0,0.0,0,0.0,0.0
03074T,台積電富邦74售03,TW,0.0,-656.0,0.0,0.0,0,0.0,0.0
030754,緯穎國泰57購01,TW,0.0,11.0,0.0,0.0,0,0.0,0.0
030755,華城統一57購01,TW,0.0,-20.0,0.0,0.0,0,0.0,0.0
030757,漢唐統一57購03,TW,0.0,1335.0,0.0,0.0,0,0.0,0.0
030758,景碩統一57購04,TW,0.0,8.0,0.0,0.0,0,0.0,0.0
030759,牧德統一57購01,TW,0.0,31.0,0.0,0.0,0,0.0,0.0
03075T,群創富邦61售01,TW,0.0,-1083.0,0.0,0.0,0,0.0,0.0
030760,世芯統一57購03,TW,0.0,-992.0,0.0,0.0,0,0.0,0.0
030761,定穎控統一57購02,TW,0.0,12.0,0.0,0.0,0,0.0,0.0
030765,富世達統一57購02,TW,0.0,-1.0,0.0,0.0,0,0.0,0.0
030766,T50反1中信62購01,TW,0.0,-2.0,0.0,0.0,0,0.0,0.0
03076T,緯穎富邦61售04,TW,0.0,-775.0,0.0,0.0,0,0.0,0.0
03077T,台積電凱基63售08,TW,0.0,4.0,0.0,0.0,0,0.0,0.0
03078T,臺股指凱基5A售49,TW,0.0,121.0,0.0,0.0,0,0.0,0.0
030791,光寶科凱基58購01,TW,0.0,-40.0,0.0,0.0,0,0.0,0.0
030793,鴻海凱基68購01,TW,0.0,-63.0,0.0,0.0,0,0.0,0.0
03079T,台灣50元大5A售10,TW,0.0,86.0,0.0,0.0,0,0.0,0.0
03080T,台積電群益5A售16,TW,0.0,-107.0,0.0,0.0,0,0.0,0.0
030827,大成鋼元大58購01,TW,0.0,1665.0,0.0,0.0,0,0.0,0.0
03082T,聯發科群益5A售14,TW,0.0,102.0,0.0,0.0,0,0.0,0.0
03083T,聯發科凱基5A售14,TW,0.0,1285.0,0.0,0.0,0,0.0,0.0
03084T,臺股指元大5A售31,TW,0.0,462.0,0.0,0.0,0,0.0,0.0
03085T,臺股指元大5A售32,TW,0.0,1155.0,0.0,0.0,0,0.0,0.0
03086T,燿華國票5A售03,TW,0.0,547.0,0.0,0.0,0,0.0,0.0
03087T,臺股指群益5B售17,TW,0.0,246.0,0.0,0.0,0,0.0,0.0
030887,台塑中信58購01,TW,0.0,-2.0,0.0,0.0,0,0.0,0.0
030889,元債2X永豐64購01,TW,0.0,80.0,0.0,0.0,0,0.0,0.0
03088T,台灣50國票5A售06,TW,0.0,82.0,0.0,0.0,0,0.0,0.0
03089T,台玻國票5B售02,TW,0.0,535.0,0.0,0.0,0,0.0,0.0
030904,智邦元富58購02,TW,0.0,20.0,0.0,0.0,0,0.0,0.0
03090T,燿華凱基5A售04,TW,0.0,2166.0,0.0,0.0,0,0.0,0.0
03091T,T50正2永豐61售02,TW,0.0,-154.0,0.0,0.0,0,0.0,0.0
03092T,毅嘉富邦5B售01,TW,0.0,15.0,0.0,0.0,0,0.0,0.0
030931,嘉澤國票58購01,TW,0.0,0.0,0.0,0.0,0,0.0,0.0
03093T,日本2X凱基5A售02,TW,0.0,5.0,0.0,0.0,0,0.0,0.0
03094T,台玻凱基5B售03,TW,0.0,47.0,0.0,0.0,0,0.0,0.0
03095T,京元電凱基5A售05,TW,0.0,-70.0,0.0,0.0,0,0.0,0.0
030967,鴻海凱基68購02,TW,0.0,-30.0,0.0,0.0,0,0.0,0.0
03096T,玉晶光凱基5A售02,TW,0.0,-57.0,0.0,0.0,0,0.0,0.0
03097T,威盛國票5B售05,TW,0.0,-33.0,0.0,0.0,0,0.0,0.0
030989,昇陽半凱基56購02,TW,0.0,5.0,0.0,0.0,0,0.0,0.0
03098T,威盛國票5B售06,TW,0.0,-162.0,0.0,0.0,0,0.0,0.0
030996,大成鋼元大58購02,TW,0.0,77.0,43.0,0.0,0,0.0,0.0
03099T,南亞科台新5A售06,TW,0.0,-256.0,0.0,0.0,0,0.0,0.0
031000,楠梓電元大58購01,TW,0.0,75.0,0.0,0.0,0,0.0,0.0
03100T,臺股指台新5A售03,TW,0.0,756.0,0.0,0.0,0,0.0,0.0
03101T,聯發科永豐5B售08,TW,0.0,309.0,0.0,0.0,0,0.0,0.0
031026,材料元大58購01,TW,0.0,-60.0,0.0,0.0,0,0.0,0.0
03102T,台灣50群益5A售07,TW,0.0,21.0,0.0,0.0,0,0.0,0.0
031030,亞翔元大58購01,TW,0.0,1.0,0.0,0.0,0,0.0,0.0
031033,富世達元大56購02,TW,0.0,-40.0,0.0,0.0,0,0.0,0.0
031036,南電元大56購03,TW,0.0,11.0,0.0,0.0,0,0.0,0.0
03103T,台灣50群益5A售08,TW,0.0,591.0,0.0,0.0,0,0.0,0.0
03104T,台玻群益5A售06,TW,0.0,-56.0,0.0,0.0,0,0.0,0.0
03105T,台積電群益5A售19,TW,0.0,185.0,0.0,0.0,0,0.0,0.0
03106T,聯發科群益5A售16,TW,0.0,28.0,0.0,0.0,0,0.0,0.0
031074,美債2X永豐64購01,TW,0.0,-20.0,0.0,0.0,0,0.0,0.0
03107T,玉晶光群益5C售01,TW,0.0,82.0,0.0,0.0,0,0.0,0.0
03108T,華邦電國泰5B售01,TW,0.0,-244.0,0.0,0.0,0,0.0,0.0
03109T,聯發科國票5A售06,TW,0.0,340.0,0.0,0.0,0,0.0,0.0
03110T,緯穎國票5B售06,TW,0.0,225.0,0.0,0.0,0,0.0,0.0
03111T,緯穎國票5C售02,TW,0.0,-13.0,0.0,0.0,0,0.0,0.0
03112T,T50正2台新5B售02,TW,0.0,234.0,0.0,0.0,0,0.0,0.0
03113T,南亞科台新5A售08,TW,0.0,-9.0,0.0,0.0,0,0.0,0.0
03114T,台灣50富邦5B售03,TW,0.0,-187.0,0.0,0.0,0,0.0,0.0
03115T,台灣50富邦64售06,TW,0.0,-284.0,0.0,0.0,0,0.0,0.0
031165,鴻海凱基56購05,TW,0.0,-29.0,0.0,0.0,0,0.0,0.0
03116T,臺股指富邦5B售12,TW,0.0,-1056.0,0.0,0.0,0,0.0,0.0
03117T,T50正2元大5A售10,TW,0.0,2088.0,0.0,0.0,0,0.0,0.0
03118T,台股增元大5A售02,TW,0.0,-1632.0,0.0,0.0,0,0.0,0.0
03119T,南亞科中信5B售02,TW,0.0,212.0,0.0,0.0,0,0.0,0.0
031207,德律國票58購01,TW,0.0,0.0,0.0,0.0,0,0.0,0.0
03120T,台灣50凱基5B售07,TW,0.0,758.0,0.0,0.0,0,0.0,0.0
03121T,香港2X凱基5C售01,TW,0.0,-45.0,0.0,0.0,0,0.0,0.0
031229,佳能元大56購01,TW,0.0,185.0,0.0,0.0,0,0.0,0.0
03122T,聯發科凱基5B售05,TW,0.0,297.0,0.0,0.0,0,0.0,0.0
03123T,臺股指凱基5B售12,TW,0.0,-958.0,0.0,0.0,0,0.0,0.0
03124T,臺股指凱基5C售18,TW,0.0,-407.0,-215.0,0.0,0,0.0,0.0
03125T,台積電元大5B售09,TW,0.0,420.0,0.0,0.0,0,0.0,0.0
031261,富世達元大58購01,TW,0.0,22.0,0.0,0.0,0,0.0,0.0
031264,昇陽半元大57購01,TW,0.0,179.0,0.0,0.0,0,0.0,0.0
031266,台塑統一68購01,TW,0.0,-80.0,0.0,0.0,0,0.0,0.0
031267,和大統一58購01,TW,0.0,5.0,0.0,0.0,0,0.0,0.0
03126T,聯發科元大5B售07,TW,0.0,33.0,0.0,0.0,0,0.0,0.0
031270,光寶科統一57購03,TW,0.0,-4.0,0.0,0.0,0,0.0,0.0
031271,台達電統一57購07,TW,0.0,4.0,0.0,0.0,0,0.0,0.0
031272,台達電統一62購01,TW,0.0,22.0,0.0,0.0,0,0.0,0.0
031273,鴻海統一5C購03,TW,0.0,992.0,0.0,0.0,0,0.0,0.0
031274,鴻海統一68購01,TW,0.0,148.0,0.0,0.0,0,0.0,0.0
031275,廣宇統一58購02,TW,0.0,-65.0,0.0,0.0,0,0.0,0.0
03127T,國巨國票5B售03,TW,0.0,-145.0,2.0,0.0,0,0.0,0.0
031284,建準統一57購01,TW,0.0,0.0,0.0,0.0,0,0.0,0.0
031285,建準統一57購02,TW,0.0,-40.0,0.0,0.0,0,0.0,0.0
031286,建準統一62購01,TW,0.0,-290.0,0.0,0.0,0,0.0,0.0
031287,長榮太統一57購01,TW,0.0,80.0,0.0,0.0,0,0.0,0.0
031288,長榮太統一5A購01,TW,0.0,-20.0,0.0,0.0,0,0.0,0.0
031289,長榮太統一62購01,TW,0.0,-3.0,0.0,0.0,0,0.0,0.0
03128T,聯發科國票5B售02,TW,0.0,1414.0,0.0,0.0,0,0.0,0.0
031290,奇鋐統一57購03,TW,0.0,26.0,0.0,0.0,0,0.0,0.0
031293,亞光統一57購02,TW,0.0,38.0,0.0,0.0,0,0.0,0.0
031294,亞光統一58購05,TW,0.0,0.0,0.0,0.0,0,0.0,0.0
031296,亞光統一59購01,TW,0.0,10.0,0.0,0.0,0,0.0,0.0
031297,亞光統一5B購02,TW,0.0,-5.0,0.0,0.0,0,0.0,0.0
031298,智原統一58購02,TW,0.0,1630.0,0.0,0.0,0,0.0,0.0
031299,華晶科統一57購02,TW,0.0,1.0,0.0,0.0,0,0.0,0.0
03129T,台灣50台新5B售03,TW,0.0,2882.0,0.0,0.0,0,0.0,0.0
031300,玉晶光統一58購02,TW,0.0,0.0,0.0,0.0,0,0.0,0.0
031301,玉晶光統一58購03,TW,0.0,22.0,0.0,0.0,0,0.0,0.0
031302,嘉澤統一57購03,TW,0.0,2.0,0.0,0.0,0,0.0,0.0
031303,嘉澤統一58購01,TW,0.0,-55.0,0.0,0.0,0,0.0,0.0
031306,神達統一57購02,TW,0.0,149.0,0.0,0.0,0,0.0,0.0
031307,智伸科統一58購01,TW,0.0,-467.0,0.0,0.0,0,0.0,0.0
031308,智伸科統一62購01,TW,0.0,-517.0,0.0,0.0,0,0.0,0.0
031309,南寶統一58購02,TW,0.0,-90.0,0.0,0.0,0,0.0,0.0
03130T,T50正2台新5C售03,TW,0.0,-140.0,0.0,0.0,0,0.0,0.0
031310,南寶統一58購03,TW,0.0,30.0,0.0,0.0,0,0.0,0.0
031315,飛捷統一58購01,TW,0.0,-2744.0,0.0,0.0,0,0.0,0.0
031316,台塑化統一68購01,TW,0.0,-77.0,0.0,0.0,0,0.0,0.0
031317,愛普統一58購02,TW,0.0,329.0,0.0,0.0,0,0.0,0.0
031318,緯穎統一58購02,TW,0.0,22.0,0.0,0.0,0,0.0,0.0
031319,緯穎統一59購02,TW,0.0,-20.0,0.0,0.0,0,0.0,0.0
03131T,鴻海台新5B售02,TW,0.0,106.0,0.0,0.0,0,0.0,0.0
031320,視陽統一58購01,TW,0.0,-2.0,0.0,0.0,0,0.0,0.0
031321,昇陽半統一5B購01,TW,0.0,1324.0,0.0,0.0,0,0.0,0.0
03132T,智邦台新5B售02,TW,0.0,-63.0,0.0,0.0,0,0.0,0.0
03133T,南亞科台新5B售01,TW,0.0,675.0,0.0,0.0,0,0.0,0.0
03134T,盟立台新5B售02,TW,0.0,-786.0,0.0,0.0,0,0.0,0.0
031353,鴻海中信57購01,TW,0.0,20.0,0.0,0.0,0,0.0,0.0
03135T,力積電台新5B售03,TW,0.0,92.0,0.0,0.0,0,0.0,0.0
031360,元日2X國票58購01,TW,0.0,-142.0,0.0,0.0,0,0.0,0.0
031367,長榮太國票58購01,TW,0.0,1.0,0.0,0.0,0,0.0,0.0
03136T,臺股指台新5B售01,TW,0.0,-16.0,0.0,0.0,0,0.0,0.0
03137T,聯發科群益5B售07,TW,0.0,49.0,0.0,0.0,0,0.0,0.0
03138T,AES群益5B售03,TW,0.0,-85.0,0.0,0.0,0,0.0,0.0
03139T,臺股指群益5B售18,TW,0.0,-10.0,0.0,0.0,0,0.0,0.0
031404,光寶科兆豐58購01,TW,0.0,5.0,0.0,0.0,0,0.0,0.0
03140T,華邦電中信5B售02,TW,0.0,41.0,0.0,0.0,0,0.0,0.0
03141T,群創中信5B售02,TW,0.0,231.0,0.0,0.0,0,0.0,0.0
03143T,臺股指中信63售07,TW,0.0,381.0,0.0,0.0,0,0.0,0.0
03144T,台灣50凱基5C售07,TW,0.0,16.0,0.0,0.0,0,0.0,0.0
03145T,台灣50凱基5C售08,TW,0.0,302.0,0.0,0.0,0,0.0,0.0
03146T,台股增凱基5C售02,TW,0.0,848.0,0.0,0.0,0,0.0,0.0
031473,光寶科元大58購01,TW,0.0,18.0,0.0,0.0,0,0.0,0.0
03147T,AES凱基5B售04,TW,0.0,-26.0,0.0,0.0,0,0.0,0.0
03148T,臺股指凱基65售05,TW,0.0,221.0,0.0,0.0,0,0.0,0.0
03149T,FB台50元大65售02,TW,0.0,-8.0,0.0,0.0,0,0.0,0.0
03150T,台積電群益5B售11,TW,0.0,119.0,0.0,0.0,0,0.0,0.0
03151T,華邦電群益5C售02,TW,0.0,29.0,0.0,0.0,0,0.0,0.0
031526,鴻海凱基64購03,TW,0.0,-18.0,0.0,0.0,0,0.0,0.0
031529,佳能凱基56購01,TW,0.0,-31.0,0.0,0.0,0,0.0,0.0
03152T,群創群益61售01,TW,0.0,432.0,0.0,0.0,0,0.0,0.0
03153T,群創國票5B售01,TW,0.0,-531.0,0.0,0.0,0,0.0,0.0
03154T,台灣50台新5B售05,TW,0.0,42.0,0.0,0.0,0,0.0,0.0
03155T,川湖台新5B售03,TW,0.0,154.0,0.0,0.0,0,0.0,0.0
031563,華航群益56購01,TW,0.0,-1.0,0.0,0.0,0,0.0,0.0
03156T,啟碁台新5B售02,TW,0.0,-90.0,0.0,0.0,0,0.0,0.0
03157T,力積電台新5B售05,TW,0.0,-14.0,0.0,0.0,0,0.0,0.0
03158T,臺股指台新5B售03,TW,0.0,-251.0,0.0,0.0,0,0.0,0.0
031590,鴻海中信58購01,TW,0.0,-2.0,0.0,0.0,0,0.0,0.0
03159T,台灣50中信65售02,TW,0.0,-458.0,0.0,0.0,0,0.0,0.0
03160T,T50正2中信65售01,TW,0.0,742.0,0.0,0.0,0,0.0,0.0
03161T,臺指2X中信65售01,TW,0.0,1118.0,0.0,0.0,0,0.0,0.0
03162T,聯電中信5B售01,TW,0.0,-18.0,0.0,0.0,0,0.0,0.0
031638,大成鋼凱基58購01,TW,0.0,-5.0,0.0,0.0,0,0.0,0.0
03163T,台積電中信65售04,TW,0.0,-17.0,0.0,0.0,0,0.0,0.0
031643,鴻海凱基64購04,TW,0.0,55.0,0.0,0.0,0,0.0,0.0
031645,台積電凱基58購10,TW,0.0,-14.0,0.0,0.0,0,0.0,0.0
03164T,日月光中信5B售01,TW,0.0,-245.0,0.0,0.0,0,0.0,0.0
03165T,華邦電凱基5C售02,TW,0.0,532.0,0.0,0.0,0,0.0,0.0
03166T,勤誠凱基5B售04,TW,0.0,161.0,0.0,0.0,0,0.0,0.0
031678,台積電元富68購01,TW,0.0,-2.0,0.0,0.0,0,0.0,0.0
03167T,臺股指元大5B售20,TW,0.0,-485.0,0.0,0.0,0,0.0,0.0
03168T,金寶台新5B售02,TW,0.0,-79.0,0.0,0.0,0,0.0,0.0
03169T,群創台新5B售03,TW,0.0,4.0,0.0,0.0,0,0.0,0.0
03170T,鈞興台新5B售02,TW,0.0,-43.0,0.0,0.0,0,0.0,0.0
03171T,昇陽半台新5B售05,TW,0.0,32.0,0.0,0.0,0,0.0,0.0
03172T,元石油群益5B售03,TW,0.0,-173.0,0.0,0.0,0,0.0,0.0
03174T,啟碁群益5B售03,TW,0.0,0.0,0.0,0.0,0,0.0,0.0
03175T,力積電群益5B售03,TW,0.0,50.0,0.0,0.0,0,0.0,0.0
03176T,T50正2富邦61售09,TW,0.0,2.0,0.0,0.0,0,0.0,0.0
03177T,T50正2富邦65售01,TW,0.0,101.0,0.0,0.0,0,0.0,0.0
031780,南亞中信56購01,TW,0.0,0.0,0.0,0.0,0,0.0,0.0
03178T,聯發科國票5C售04,TW,0.0,270.0,0.0,0.0,0,0.0,0.0
03179T,T50正2凱基5C售02,TW,0.0,-31.0,0.0,0.0,0,0.0,0.0
031805,鴻海兆豐58購01,TW,0.0,-23.0,0.0,0.0,0,0.0,0.0
031806,鴻海兆豐58購02,TW,0.0,52.0,0.0,0.0,0,0.0,0.0
031809,漢唐兆豐58購01,TW,0.0,162.0,0.0,0.0,0,0.0,0.0
03180T,元石油凱基5B售03,TW,0.0,-1.0,0.0,0.0,0,0.0,0.0
031813,緯穎兆豐58購01,TW,0.0,20.0,0.0,0.0,0,0.0,0.0
031819,健鼎富邦56購01,TW,0.0,40.0,0.0,0.0,0,0.0,0.0
03181T,SGBR2X凱基5B售05,TW,0.0,-30.0,0.0,0.0,0,0.0,0.0
03182T,台積電凱基5B售20,TW,0.0,-41.0,0.0,0.0,0,0.0,0.0
031834,鴻海凱基68購03,TW,0.0,-78.0,0.0,0.0,0,0.0,0.0
03183T,台積電凱基61售10,TW,0.0,-231.0,0.0,0.0,0,0.0,0.0
031844,德律凱基57購01,TW,0.0,0.0,0.0,0.0,0,0.0,0.0
03184T,聯發科凱基5B售08,TW,0.0,302.0,0.0,0.0,0,0.0,0.0
03185T,台灣50國泰5C售02,TW,0.0,-97.0,0.0,0.0,0,0.0,0.0
031874,奇鋐國票59購01,TW,0.0,1.0,0.0,0.0,0,0.0,0.0
031878,大銀國票58購01,TW,0.0,2.0,0.0,0.0,0,0.0,0.0
03187T,T50反1國泰5C售02,TW,0.0,-899.0,0.0,0.0,0,0.0,0.0
03188T,臺股指國泰5B售01,TW,0.0,-132.0,0.0,0.0,0,0.0,0.0
03189T,T50正2元大5B售09,TW,0.0,783.0,0.0,0.0,0,0.0,0.0
03190T,聯發科元大5B售18,TW,0.0,768.0,0.0,0.0,0,0.0,0.0
03191T,貿聯元大5B售08,TW,0.0,539.0,0.0,0.0,0,0.0,0.0
03192T,臺股指元大5B售21,TW,0.0,-4.0,0.0,0.0,0,0.0,0.0
03193T,臺股指元大5C售15,TW,0.0,-795.0,958.0,0.0,0,0.0,0.0
03194T,台積電台新5B售07,TW,0.0,-368.0,0.0,0.0,0,0.0,0.0
03195T,台積電台新5B售08,TW,0.0,-128.0,0.0,0.0,0,0.0,0.0
03198T,台積電台新62售08,TW,0.0,1716.0,0.0,0.0,0,0.0,0.0
03199T,台積電台新63售02,TW,0.0,6.0,0.0,0.0,0,0.0,0.0
03201T,聯發科台新5B售05,TW,0.0,2493.0,0.0,0.0,0,0.0,0.0
03202T,聯發科台新5B售06,TW,0.0,2496.0,0.0,0.0,0,0.0,0.0
03203T,眾達台新5B售02,TW,0.0,115.0,0.0,0.0,0,0.0,0.0
032043,宏達電元富58購01,TW,0.0,465.0,0.0,0.0,0,0.0,0.0
03204T,台灣50群益5B售08,TW,0.0,361.0,7.0,0.0,0,0.0,0.0
032051,SP黃豆國票58購01,TW,0.0,-62.0,0.0,0.0,0,0.0,0.0
03205T,T50正2群益5B售01,TW,0.0,250.0,0.0,0.0,0,0.0,0.0
03206T,台積電群益5B售14,TW,0.0,93.0,0.0,0.0,0,0.0,0.0
032075,鴻海凱基68購04,TW,0.0,-50.0,0.0,0.0,0,0.0,0.0
03207T,聯發科群益5B售10,TW,0.0,40.0,0.0,0.0,0,0.0,0.0
032089,大銀凱基58購01,TW,0.0,28.0,0.0,0.0,0,0.0,0.0
03208T,晶豪科群益5B售02,TW,0.0,26.0,0.0,0.0,0,0.0,0.0
03209T,嘉晶群益5B售02,TW,0.0,2.0,0.0,0.0,0,0.0,0.0
03210T,臺股指群益5B售19,TW,0.0,3089.0,0.0,0.0,0,0.0,0.0
03211T,T50正2凱基5B售08,TW,0.0,717.0,0.0,0.0,0,0.0,0.0
03212T,台積電凱基5B售21,TW,0.0,6.0,0.0,0.0,0,0.0,0.0
03213T,台積電凱基63售10,TW,0.0,-64.0,0.0,0.0,0,0.0,0.0
032149,台灣50中信58購01,TW,0.0,9.0,0.0,0.0,0,0.0,0.0
03214T,臺股指凱基61售09,TW,0.0,383.0,0.0,0.0,0,0.0,0.0
032151,元石油中信56購01,TW,0.0,12.0,0.0,0.0,0,0.0,0.0
03215T,智邦台新5B售04,TW,0.0,-135.0,0.0,0.0,0,0.0,0.0
03217T,漢唐台新5B售04,TW,0.0,-96.0,0.0,0.0,0,0.0,0.0
032188,景碩凱基56購01,TW,0.0,0.0,0.0,0.0,0,0.0,0.0
03218T,南亞科台新62售03,TW,0.0,751.0,0.0,0.0,0,0.0,0.0
03219T,京元電台新5B售04,TW,0.0,-36.0,0.0,0.0,0,0.0,0.0
032202,香港2X國票58購01,TW,0.0,-100.0,0.0,0.0,0,0.0,0.0
032205,宏致國票56購01,TW,0.0,-1148.0,0.0,0.0,0,0.0,0.0
03220T,緯創台新5B售03,TW,0.0,-31.0,0.0,0.0,0,0.0,0.0
03221T,日月光台新5B售02,TW,0.0,-27.0,0.0,0.0,0,0.0,0.0
032223,世芯群益58購01,TW,0.0,28.0,0.0,0.0,0,0.0,0.0
03222T,jpp台新5B售02,TW,0.0,-36.0,0.0,0.0,0,0.0,0.0
03224T,南亞凱基5B售05,TW,0.0,-20.0,0.0,0.0,0,0.0,0.0
03225T,晶豪科凱基5B售05,TW,0.0,621.0,0.0,0.0,0,0.0,0.0
03226T,美費半元大5B售03,TW,0.0,218.0,0.0,0.0,0,0.0,0.0
03227T,台積電元大5B售18,TW,0.0,4.0,0.0,0.0,0,0.0,0.0
03228T,兆赫國票5B售02,TW,0.0,-79.0,0.0,0.0,0,0.0,0.0
03229T,世芯國票5C售01,TW,0.0,151.0,0.0,0.0,0,0.0,0.0
03230T,世芯國票63售02,TW,0.0,21.0,0.0,0.0,0,0.0,0.0
032312,宏達電元富58購02,TW,0.0,-108.0,0.0,0.0,0,0.0,0.0
03231T,T50正2群益5B售04,TW,0.0,41.0,0.0,0.0,0,0.0,0.0
03232T,台股增群益5B售04,TW,0.0,1816.0,0.0,0.0,0,0.0,0.0
032332,台達電中信58購02,TW,0.0,1.0,0.0,0.0,0,0.0,0.0
03234T,智邦群益65售01,TW,0.0,-11.0,0.0,0.0,0,0.0,0.0
032356,緯創兆豐58購01,TW,0.0,72.0,0.0,0.0,0,0.0,0.0
032357,臻鼎兆豐58購01,TW,0.0,13.0,0.0,0.0,0,0.0,0.0
03235T,緯創群益63售02,TW,0.0,-3.0,0.0,0.0,0,0.0,0.0
03236T,臺股指群益5B售21,TW,0.0,537.0,0.0,0.0,0,0.0,0.0
03237T,南亞科台新5C售03,TW,0.0,-180.0,0.0,0.0,0,0.0,0.0
032385,鴻海凱基64購05,TW,0.0,14.0,0.0,0.0,0,0.0,0.0
03238T,世芯台新5B售03,TW,0.0,-158.0,0.0,0.0,0,0.0,0.0
03239T,臺股指台新5B售06,TW,0.0,-9.0,0.0,0.0,0,0.0,0.0
03240T,臺股指台新5B售07,TW,0.0,-480.0,0.0,0.0,0,0.0,0.0
03241T,台灣50富邦5B售05,TW,0.0,-4.0,0.0,0.0,0,0.0,0.0
03242T,台灣50富邦5C售14,TW,0.0,-5.0,0.0,0.0,0,0.0,0.0
032433,緯穎群益58購01,TW,0.0,176.0,0.0,0.0,0,0.0,0.0
03243T,台灣50富邦65售03,TW,0.0,5.0,0.0,0.0,0,0.0,0.0
03244T,T50正2富邦62售03,TW,0.0,-1.0,0.0,0.0,0,0.0,0.0
03245T,T50正2富邦62售04,TW,0.0,-7.0,0.0,0.0,0,0.0,0.0
03246T,台積電富邦63售05,TW,0.0,0.0,0.0,0.0,0,0.0,0.0
03247T,臺股指富邦5B售14,TW,0.0,313.0,0.0,0.0,0,0.0,0.0
03248T,臺股指富邦5B售15,TW,0.0,-1203.0,0.0,0.0,0,0.0,0.0
03249T,臺股指富邦61售14,TW,0.0,-114.0,0.0,0.0,0,0.0,0.0
03250T,臺股指富邦65售03,TW,0.0,-60.0,0.0,0.0,0,0.0,0.0
03251T,聯電元大5B售09,TW,0.0,-837.0,0.0,0.0,0,0.0,0.0
03252T,台積電元大5B售19,TW,0.0,-2.0,0.0,0.0,0,0.0,0.0
03253T,台灣50凱基5C售09,TW,0.0,436.0,0.0,0.0,0,0.0,0.0
03254T,T50正2凱基63售05,TW,0.0,-30.0,0.0,0.0,0,0.0,0.0
032555,道瓊銅國票58購01,TW,0.0,176.0,0.0,0.0,0,0.0,0.0
03255T,創見凱基5B售05,TW,0.0,-4.0,0.0,0.0,0,0.0,0.0
032564,鴻海國票59購02,TW,0.0,5.0,0.0,0.0,0,0.0,0.0
032568,漢唐國票5A購01,TW,0.0,370.0,0.0,0.0,0,0.0,0.0
03256T,臺股指凱基5C售19,TW,0.0,702.0,0.0,0.0,0,0.0,0.0
032573,神基國票58購01,TW,0.0,-1335.0,0.0,0.0,0,0.0,0.0
032579,晶心科國票5B購01,TW,0.0,-328.0,0.0,0.0,0,0.0,0.0
03257T,台灣50台新5B售08,TW,0.0,144.0,0.0,0.0,0,0.0,0.0
03258T,T50正2台新5B售06,TW,0.0,1191.0,0.0,0.0,0,0.0,0.0
03259T,鴻海台新5B售05,TW,0.0,274.0,0.0,0.0,0,0.0,0.0
03260T,鴻準台新5B售03,TW,0.0,-104.0,0.0,0.0,0,0.0,0.0
03264T,臺股指富邦5B售17,TW,0.0,-102.0,0.0,0.0,0,0.0,0.0
032657,台光電群益56購01,TW,0.0,0.0,0.0,0.0,0,0.0,0.0
03265T,臺股指富邦61售15,TW,0.0,2356.0,0.0,0.0,0,0.0,0.0
03266T,臺股指富邦62售05,TW,0.0,4022.0,0.0,0.0,0,0.0,0.0
032685,鴻海中信58購02,TW,0.0,23.0,0.0,0.0,0,0.0,0.0
032686,台積電中信58購01,TW,0.0,1.0,0.0,0.0,0,0.0,0.0
03268T,華邦電群益61售01,TW,0.0,125.0,0.0,0.0,0,0.0,0.0
03269T,南亞科群益61售01,TW,0.0,-12.0,0.0,0.0,0,0.0,0.0
03270T,臺股指群益5B售23,TW,0.0,60.0,0.0,0.0,0,0.0,0.0
03271T,台灣50國票5B售02,TW,0.0,11.0,0.0,0.0,0,0.0,0.0
03273T,群創國票5B售02,TW,0.0,-154.0,0.0,0.0,0,0.0,0.0
03274T,達發國票5B售03,TW,0.0,-18.0,0.0,0.0,0,0.0,0.0
03275T,臺股指國票5B售04,TW,0.0,106.0,0.0,0.0,0,0.0,0.0
03276T,台灣50凱基5C售10,TW,0.0,-2.0,0.0,0.0,0,0.0,0.0
03277T,T50正2凱基5C售03,TW,0.0,-70.0,0.0,0.0,0,0.0,0.0
03278T,川湖凱基5B售10,TW,0.0,-17.0,0.0,0.0,0,0.0,0.0
032793,世芯群益57購01,TW,0.0,38.0,0.0,0.0,0,0.0,0.0
03279T,聯電凱基5B售06,TW,0.0,-91.0,0.0,0.0,0,0.0,0.0
03280T,南亞科凱基5B售06,TW,0.0,104.0,0.0,0.0,0,0.0,0.0
032819,鴻海凱基58購02,TW,0.0,36.0,0.0,0.0,0,0.0,0.0
03281T,台灣50群益5B售09,TW,0.0,-30.0,0.0,0.0,0,0.0,0.0
03282T,臺指2X群益5B售01,TW,0.0,-319.0,0.0,0.0,0,0.0,0.0
03283T,創見群益5C售01,TW,0.0,12.0,0.0,0.0,0,0.0,0.0
032842,聯發科中信58購01,TW,0.0,11.0,0.0,0.0,0,0.0,0.0
032874,長榮太第一56購01,TW,0.0,4.0,0.0,0.0,0,0.0,0.0
032876,SP黃豆凱基58購01,TW,0.0,-121.0,0.0,0.0,0,0.0,0.0
03288T,台灣50元大5B售07,TW,0.0,-38.0,0.0,0.0,0,0.0,0.0
03289T,文曄元大5B售02,TW,0.0,-107.0,0.0,0.0,0,0.0,0.0
032906,緯穎凱基58購01,TW,0.0,10.0,0.0,0.0,0,0.0,0.0
032908,緯穎凱基5B購01,TW,0.0,-5.0,0.0,0.0,0,0.0,0.0
03290T,臺股指元大5B售22,TW,0.0,-1615.0,0.0,0.0,0,0.0,0.0
032910,緯穎凱基5B購02,TW,0.0,1.0,0.0,0.0,0,0.0,0.0
03291T,台灣50富邦5C售15,TW,0.0,-1.0,0.0,0.0,0,0.0,0.0
03292T,T50正2富邦5B售06,TW,0.0,-347.0,0.0,0.0,0,0.0,0.0
03293T,台灣50元大5C售05,TW,0.0,-130.0,0.0,0.0,0,0.0,0.0
032940,南亞統一56購03,TW,0.0,-5.0,0.0,0.0,0,0.0,0.0
032941,宇隆統一56購03,TW,0.0,36.0,0.0,0.0,0,0.0,0.0
032942,鴻海統一68購03,TW,0.0,-772.0,0.0,0.0,0,0.0,0.0
032943,燿華統一56購03,TW,0.0,5.0,0.0,0.0,0,0.0,0.0
032944,漢唐統一64購01,TW,0.0,-10.0,0.0,0.0,0,0.0,0.0
032945,建準統一56購02,TW,0.0,-217.0,-2.0,0.0,0,0.0,0.0
032949,亞光統一57購03,TW,0.0,-19.0,0.0,0.0,0,0.0,0.0
032950,亞光統一5B購03,TW,0.0,10.0,0.0,0.0,0,0.0,0.0
032951,德律統一64購01,TW,0.0,16.0,0.0,0.0,0,0.0,0.0
032952,精銳統一5B購01,TW,0.0,283.0,0.0,0.0,0,0.0,0.0
032953,臻鼎統一56購01,TW,0.0,325.0,0.0,0.0,0,0.0,0.0
032954,臻鼎統一56購02,TW,0.0,37.0,0.0,0.0,0,0.0,0.0
032956,臻鼎統一64購01,TW,0.0,139.0,0.0,0.0,0,0.0,0.0
032957,達興統一5B購01,TW,0.0,-132.0,0.0,0.0,0,0.0,0.0
032958,達興統一64購01,TW,0.0,-156.0,0.0,0.0,0,0.0,0.0
032959,精成科統一58購03,TW,0.0,162.0,0.0,0.0,0,0.0,0.0
03295T,群創凱基5B售05,TW,0.0,-458.0,0.0,0.0,0,0.0,0.0
032960,精成科統一5C購02,TW,0.0,-62.0,0.0,0.0,0,0.0,0.0
032961,富世達統一5C購01,TW,0.0,52.0,0.0,0.0,0,0.0,0.0
032963,滬深2X群益58購01,TW,0.0,40.0,0.0,0.0,0,0.0,0.0
03296T,臺股指凱基5B售17,TW,0.0,-124.0,0.0,0.0,0,0.0,0.0
032975,全新群益57購01,TW,0.0,25.0,0.0,0.0,0,0.0,0.0
03297T,臺指2X群益5B售02,TW,0.0,-70.0,0.0,0.0,0,0.0,0.0
032987,世芯群益58購02,TW,0.0,106.0,0.0,0.0,0,0.0,0.0
03298T,光寶科群益5B售05,TW,0.0,369.0,0.0,0.0,0,0.0,0.0
03299T,漢唐群益5B售03,TW,0.0,0.0,0.0,0.0,0,0.0,0.0
03300T,昇貿群益5B售02,TW,0.0,-5.0,0.0,0.0,0,0.0,0.0
03301T,緯穎群益5B售07,TW,0.0,9.0,0.0,0.0,0,0.0,0.0
03304T,臺股指群益63售08,TW,0.0,-2.0,0.0,0.0,0,0.0,0.0
033058,道瓊銅凱基58購01,TW,0.0,2.0,0.0,0.0,0,0.0,0.0
03305T,臺股指中信63售09,TW,0.0,-830.0,0.0,0.0,0,0.0,0.0
03307T,聯電國票5B售04,TW,0.0,-55.0,0.0,0.0,0,0.0,0.0
033091,聯發科兆豐55購01,TW,0.0,0.0,0.0,0.0,0,0.0,0.0
033102,智邦群益58購02,TW,0.0,2.0,0.0,0.0,0,0.0,0.0
03310T,臺股指凱基63售14,TW,0.0,-5.0,0.0,0.0,0,0.0,0.0
03311T,T50正2台新5C售04,TW,0.0,-60.0,0.0,0.0,0,0.0,0.0
033129,滬深2X元大57購04,TW,0.0,-6.0,0.0,0.0,0,0.0,0.0
03312T,上銀台新5B售04,TW,0.0,-5.0,0.0,0.0,0,0.0,0.0
03313T,國巨台新5B售07,TW,0.0,-615.0,0.0,0.0,0,0.0,0.0
03314T,大立光台新5B售02,TW,0.0,-1330.0,1350.0,0.0,0,0.0,0.0
03315T,臻鼎台新5B售04,TW,0.0,-519.0,0.0,0.0,0,0.0,0.0
03316T,眾達台新5B售05,TW,0.0,0.0,0.0,0.0,0,0.0,0.0
03317T,力積電台新5B售10,TW,0.0,-20.0,0.0,0.0,0,0.0,0.0
03318T,晶豪科中信5B售02,TW,0.0,-42.0,0.0,0.0,0,0.0,0.0
033192,南亞富邦55購02,TW,0.0,0.0,0.0,0.0,0,0.0,0.0
03319T,臺股指中信62售04,TW,0.0,-66.0,0.0,0.0,0,0.0,0.0
03320T,台灣50台新5B售10,TW,0.0,-6.0,0.0,0.0,0,0.0,0.0
033210,臻鼎富邦55購02,TW,0.0,-46.0,0.0,0.0,0,0.0,0.0
03321T,台灣50台新5B售11,TW,0.0,0.0,0.0,0.0,0,0.0,0.0
03322T,國巨台新5B售10,TW,0.0,-11.0,0.0,0.0,0,0.0,0.0
033250,上証2X國票58購01,TW,0.0,-34.0,0.0,0.0,0,0.0,0.0
033259,大立光國票56購01,TW,0.0,37.0,0.0,0.0,0,0.0,0.0
033266,上証2X元大55購01,TW,0.0,20.0,0.0,0.0,0,0.0,0.0
03326T,國巨群益5C售02,TW,0.0,-10.0,0.0,0.0,0,0.0,0.0
03328T,臻鼎群益61售02,TW,0.0,-77.0,0.0,0.0,0,0.0,0.0
03329T,眾達群益5B售04,TW,0.0,-9.0,0.0,0.0,0,0.0,0.0
03330T,力積電群益5B售04,TW,0.0,-135.0,0.0,0.0,0,0.0,0.0
033318,滬深2X凱基56購03,TW,0.0,2.0,0.0,0.0,0,0.0,0.0
03331T,臺股指群益5B售30,TW,0.0,-183.0,0.0,0.0,0,0.0,0.0
03333T,臺股指群益5B售32,TW,0.0,-70.0,0.0,0.0,0,0.0,0.0
03334T,臺股指群益5B售33,TW,0.0,-23.0,0.0,0.0,0,0.0,0.0
033353,台達電群益58購01,TW,0.0,2.0,0.0,0.0,0,0.0,0.0
03335T,臺股指群益5B售34,TW,0.0,-10.0,0.0,0.0,0,0.0,0.0
03336T,國巨國票5B售06,TW,0.0,-327.0,0.0,0.0,0,0.0,0.0
03337T,晶豪科國票5B售03,TW,0.0,-131.0,0.0,0.0,0,0.0,0.0
033383,滬深2X國票62購01,TW,0.0,-206.0,0.0,0.0,0,0.0,0.0
03338T,電子類國票5B售03,TW,0.0,-90.0,0.0,0.0,0,0.0,0.0
033393,宏達電國票58購01,TW,0.0,18.0,0.0,0.0,0,0.0,0.0
03339T,國巨永豐61售05,TW,0.0,-42.0,0.0,0.0,0,0.0,0.0
033407,啟碁國票5A購01,TW,0.0,7.0,0.0,0.0,0,0.0,0.0
033408,矽力中信58購01,TW,0.0,184.0,0.0,0.0,0,0.0,0.0
033416,緯創永豐55購02,TW,0.0,14.0,0.0,0.0,0,0.0,0.0
033419,神達永豐55購03,TW,0.0,10.0,0.0,0.0,0,0.0,0.0
03341T,聯電凱基5B售10,TW,0.0,-77.0,0.0,0.0,0,0.0,0.0
03342T,晶豪科凱基5B售10,TW,0.0,-536.0,0.0,0.0,0,0.0,0.0
03343T,大立光凱基5B售12,TW,0.0,-53.0,0.0,0.0,0,0.0,0.0
03344T,臻鼎凱基5B售06,TW,0.0,-136.0,0.0,0.0,0,0.0,0.0
033450,富世達凱基58購02,TW,0.0,0.0,0.0,0.0,0,0.0,0.0
03345T,台股增國票5B售06,TW,0.0,-11.0,0.0,0.0,0,0.0,0.0
033463,緯穎元富55購05,TW,0.0,8.0,0.0,0.0,0,0.0,0.0
03346T,貿聯國票5C售01,TW,0.0,-20.0,0.0,0.0,0,0.0,0.0
03347T,貿聯元大5B售09,TW,0.0,-8.0,0.0,0.0,0,0.0,0.0
03348T,台灣50台新5B售13,TW,0.0,-193.0,0.0,0.0,0,0.0,0.0
03349T,滬深2X台新5B售02,TW,0.0,-10.0,0.0,0.0,0,0.0,0.0
03350T,中砂台新5B售03,TW,0.0,-32.0,0.0,0.0,0,0.0,0.0
03351T,國巨中信65售04,TW,0.0,-7.0,0.0,0.0,0,0.0,0.0
033524,大立光群益55購01,TW,0.0,614.0,0.0,0.0,0,0.0,0.0
03352T,聯電國泰61售01,TW,0.0,-99.0,0.0,0.0,0,0.0,0.0
033542,南亞統一58購02,TW,0.0,4.0,0.0,0.0,0,0.0,0.0
033543,華新統一58購03,TW,0.0,29.0,0.0,0.0,0,0.0,0.0
033544,華新統一58購04,TW,0.0,-10.0,0.0,0.0,0,0.0,0.0
033545,允強統一58購01,TW,0.0,50.0,0.0,0.0,0,0.0,0.0
033546,台達電統一58購02,TW,0.0,1.0,0.0,0.0,0,0.0,0.0
033547,金寶統一58購01,TW,0.0,2.0,0.0,0.0,0,0.0,0.0
033548,華通統一62購01,TW,0.0,-9.0,0.0,0.0,0,0.0,0.0
033549,鴻海統一58購03,TW,0.0,-7.0,0.0,0.0,0,0.0,0.0
033550,鴻海統一5A購02,TW,0.0,40.0,0.0,0.0,0,0.0,0.0
033551,台積電統一5C購05,TW,0.0,-64.0,0.0,0.0,0,0.0,0.0
033552,台積電統一68購02,TW,0.0,-164.0,0.0,0.0,0,0.0,0.0
033553,鴻準統一58購03,TW,0.0,92.0,0.0,0.0,0,0.0,0.0
033555,燿華統一64購01,TW,0.0,-205.0,0.0,0.0,0,0.0,0.0
033556,金像電統一64購01,TW,0.0,-63.0,0.0,0.0,0,0.0,0.0
033557,威盛統一58購03,TW,0.0,-29.0,0.0,0.0,0,0.0,0.0
033558,漢唐統一58購01,TW,0.0,346.0,0.0,0.0,0,0.0,0.0
033559,聯發科統一58購01,TW,0.0,85.0,0.0,0.0,0,0.0,0.0
033560,強茂統一58購01,TW,0.0,-10.0,0.0,0.0,0,0.0,0.0
033561,長榮統一58購02,TW,0.0,-12.0,0.0,0.0,0,0.0,0.0
033562,陽明統一58購01,TW,0.0,-115.0,0.0,0.0,0,0.0,0.0
033563,萬海統一58購02,TW,0.0,200.0,0.0,0.0,0,0.0,0.0
033567,長榮太統一64購01,TW,0.0,-44.0,0.0,0.0,0,0.0,0.0
033570,大立光統一58購01,TW,0.0,1052.0,0.0,0.0,0,0.0,0.0
033571,零壹統一5B購01,TW,0.0,323.0,0.0,0.0,0,0.0,0.0
033572,德律統一56購04,TW,0.0,37.0,0.0,0.0,0,0.0,0.0
033573,德律統一58購01,TW,0.0,20.0,0.0,0.0,0,0.0,0.0
033574,德律統一5C購01,TW,0.0,-8.0,0.0,0.0,0,0.0,0.0
033576,玉晶光統一59購02,TW,0.0,331.0,0.0,0.0,0,0.0,0.0
033577,創意統一58購02,TW,0.0,3.0,0.0,0.0,0,0.0,0.0
033578,群創統一58購01,TW,0.0,22.0,0.0,0.0,0,0.0,0.0
033579,嘉澤統一64購01,TW,0.0,-10.0,0.0,0.0,0,0.0,0.0
033580,神達統一58購05,TW,0.0,200.0,0.0,0.0,0,0.0,0.0
033582,臻鼎統一57購03,TW,0.0,29.0,0.0,0.0,0,0.0,0.0
033583,臻鼎統一58購03,TW,0.0,20.0,0.0,0.0,0,0.0,0.0
033584,臻鼎統一58購04,TW,0.0,19.0,0.0,0.0,0,0.0,0.0
033587,佳必琪統一58購01,TW,0.0,116.0,0.0,0.0,0,0.0,0.0
033588,矽力統一5B購01,TW,0.0,401.0,0.0,0.0,0,0.0,0.0
033589,迅得統一59購01,TW,0.0,-2.0,0.0,0.0,0,0.0,0.0
03358T,台灣50富邦65售06,TW,0.0,-3.0,0.0,0.0,0,0.0,0.0
033590,鈺邦統一5A購01,TW,0.0,41.0,0.0,0.0,0,0.0,0.0
033591,鈺邦統一5C購01,TW,0.0,-358.0,0.0,0.0,0,0.0,0.0
033592,緯穎統一64購01,TW,0.0,-177.0,0.0,0.0,0,0.0,0.0
033593,洋基統一64購01,TW,0.0,-6.0,0.0,0.0,0,0.0,0.0
033595,采鈺統一58購02,TW,0.0,-350.0,0.0,0.0,0,0.0,0.0
033597,富世達統一64購01,TW,0.0,-816.0,0.0,0.0,0,0.0,0.0
033600,台達電中信58購03,TW,0.0,-1.0,0.0,0.0,0,0.0,0.0
03360T,臺股指元大61售23,TW,0.0,-10.0,0.0,0.0,0,0.0,0.0
033611,奇鋐永豐62購01,TW,0.0,6.0,0.0,0.0,0,0.0,0.0
033634,台化統一58購03,TW,0.0,-57.0,0.0,0.0,0,0.0,0.0
033636,聯電統一58購01,TW,0.0,53.0,0.0,0.0,0,0.0,0.0
033637,燿華統一58購01,TW,0.0,-1.0,0.0,0.0,0,0.0,0.0
033639,技嘉統一58購01,TW,0.0,187.0,6.0,0.0,0,0.0,0.0
033640,威盛統一58購04,TW,0.0,-96.0,0.0,0.0,0,0.0,0.0
033642,正崴統一5C購01,TW,0.0,74.0,0.0,0.0,0,0.0,0.0
033643,漢唐統一58購02,TW,0.0,484.0,0.0,0.0,0,0.0,0.0
033644,友達統一58購01,TW,0.0,58.0,0.0,0.0,0,0.0,0.0
033645,建準統一58購01,TW,0.0,-190.0,0.0,0.0,0,0.0,0.0
033646,建準統一58購02,TW,0.0,-153.0,0.0,0.0,0,0.0,0.0
033649,強茂統一58購02,TW,0.0,65.0,0.0,0.0,0,0.0,0.0
033650,強茂統一58購03,TW,0.0,6.0,0.0,0.0,0,0.0,0.0
033651,長榮航統一58購01,TW,0.0,-10.0,0.0,0.0,0,0.0,0.0
033655,德律統一5B購01,TW,0.0,854.0,0.0,0.0,0,0.0,0.0
033659,達興統一58購01,TW,0.0,-100.0,0.0,0.0,0,0.0,0.0
033660,帆宣統一58購01,TW,0.0,54.0,0.0,0.0,0,0.0,0.0
033661,鈺邦統一58購02,TW,0.0,-1161.0,0.0,0.0,0,0.0,0.0
033662,鈺邦統一5B購01,TW,0.0,-632.0,0.0,0.0,0,0.0,0.0
033663,洋基統一58購01,TW,0.0,-121.0,0.0,0.0,0,0.0,0.0
033664,AES統一58購03,TW,0.0,-670.0,0.0,0.0,0,0.0,0.0
033665,富世達統一58購04,TW,0.0,-8.0,0.0,0.0,0,0.0,0.0
033667,世紀鋼統一5B購01,TW,0.0,-30.0,0.0,0.0,0,0.0,0.0
033668,滬深2X凱基5B購01,TW,0.0,1.0,0.0,0.0,0,0.0,0.0
033711,奇鋐元富55購01,TW,0.0,4.0,0.0,0.0,0,0.0,0.0
03371T,聯電統一65售05,TW,0.0,-1.0,0.0,0.0,0,0.0,0.0
033735,健策國票5A購01,TW,0.0,-16.0,0.0,0.0,0,0.0,0.0
03373T,華邦電統一65售06,TW,0.0,-164.0,0.0,0.0,0,0.0,0.0
03374T,力積電統一65售05,TW,0.0,-10.0,0.0,0.0,0,0.0,0.0
033760,滬深2X元大57購05,TW,0.0,270.0,0.0,0.0,0,0.0,0.0
033844,智原中信57購01,TW,0.0,19.0,0.0,0.0,0,0.0,0.0
033845,臻鼎中信58購01,TW,0.0,20.0,0.0,0.0,0,0.0,0.0
033849,國巨富邦58購01,TW,0.0,24.0,0.0,0.0,0,0.0,0.0
033853,緯創富邦5B購01,TW,0.0,276.0,0.0,0.0,0,0.0,0.0
033856,佳能第一58購01,TW,0.0,-10.0,0.0,0.0,0,0.0,0.0
033895,為升元富55購01,TW,0.0,0.0,0.0,0.0,0,0.0,0.0
033900,廣宇元富58購01,TW,0.0,-240.0,0.0,0.0,0,0.0,0.0
033908,緯創元富58購01,TW,0.0,-98.0,0.0,0.0,0,0.0,0.0
033913,群創元富55購01,TW,0.0,1.0,0.0,0.0,0,0.0,0.0
033937,大銀國票56購01,TW,0.0,-4.0,0.0,0.0,0,0.0,0.0
033941,大亞統一63購01,TW,0.0,25.0,0.0,0.0,0,0.0,0.0
033942,聯電統一5A購01,TW,0.0,29.0,0.0,0.0,0,0.0,0.0
033943,鴻海統一5B購01,TW,0.0,-15.0,0.0,0.0,0,0.0,0.0
033944,鴻海統一68購04,TW,0.0,70.0,0.0,0.0,0,0.0,0.0
033945,國巨統一58購02,TW,0.0,-4.0,0.0,0.0,0,0.0,0.0
033946,國巨統一5B購01,TW,0.0,91.0,0.0,0.0,0,0.0,0.0
033947,華泰統一56購02,TW,0.0,-20.0,0.0,0.0,0,0.0,0.0
033948,華泰統一5A購01,TW,0.0,130.0,0.0,0.0,0,0.0,0.0
033949,智邦統一64購01,TW,0.0,18.0,0.0,0.0,0,0.0,0.0
033951,佳能統一5B購01,TW,0.0,284.0,0.0,0.0,0,0.0,0.0
033952,威盛統一64購01,TW,0.0,40.0,0.0,0.0,0,0.0,0.0
033953,建準統一64購01,TW,0.0,-75.0,0.0,0.0,0,0.0,0.0
033954,盟立統一5A購01,TW,0.0,-129.0,0.0,0.0,0,0.0,0.0
033955,盟立統一5C購01,TW,0.0,683.0,0.0,0.0,0,0.0,0.0
033956,志聖統一56購02,TW,0.0,10.0,0.0,0.0,0,0.0,0.0
033957,鉅祥統一64購01,TW,0.0,-85.0,0.0,0.0,0,0.0,0.0
033961,大立光統一56購02,TW,0.0,73.0,0.0,0.0,0,0.0,0.0
033962,奇鋐統一5B購02,TW,0.0,-8.0,0.0,0.0,0,0.0,0.0
033963,威強電統一64購01,TW,0.0,0.0,0.0,0.0,0,0.0,0.0
033965,零壹統一5C購02,TW,0.0,-119.0,0.0,0.0,0,0.0,0.0
033966,新日興統一59購01,TW,0.0,-218.0,0.0,0.0,0,0.0,0.0
033967,神達統一59購01,TW,0.0,-40.0,0.0,0.0,0,0.0,0.0
033969,臻鼎統一5C購01,TW,0.0,129.0,0.0,0.0,0,0.0,0.0
033970,佳必琪統一5A購01,TW,0.0,-113.0,0.0,0.0,0,0.0,0.0
033971,迅得統一5C購01,TW,0.0,13.0,0.0,0.0,0,0.0,0.0
033974,泓德統一58購02,TW,0.0,-2.0,0.0,0.0,0,0.0,0.0
033976,台虹統一5C購01,TW,0.0,-19.0,0.0,0.0,0,0.0,0.0
033977,南電統一5B購01,TW,0.0,4.0,0.0,0.0,0,0.0,0.0
033978,世紀鋼統一58購01,TW,0.0,-50.0,0.0,0.0,0,0.0,0.0
034059,世芯群益58購03,TW,0.0,511.0,0.0,0.0,0,0.0,0.0
034123,鈺邦元富55購01,TW,0.0,308.0,0.0,0.0,0,0.0,0.0
034125,鈺邦元富55購03,TW,0.0,-403.0,0.0,0.0,0,0.0,0.0
034166,T50反1富邦58購02,TW,0.0,-78.0,0.0,0.0,0,0.0,0.0
034188,臻鼎富邦55購03,TW,0.0,3.0,0.0,0.0,0,0.0,0.0
034210,臻鼎國票55購01,TW,0.0,6.0,0.0,0.0,0,0.0,0.0
034216,啟碁國票56購01,TW,0.0,3.0,0.0,0.0,0,0.0,0.0
034219,鈺邦國票56購01,TW,0.0,-31.0,0.0,0.0,0,0.0,0.0
034220,菱光國票56購01,TW,0.0,14.0,0.0,0.0,0,0.0,0.0
034221,羅昇國票56購01,TW,0.0,-665.0,0.0,0.0,0,0.0,0.0
034223,滬深2X元大58購02,TW,0.0,-400.0,0.0,0.0,0,0.0,0.0
034224,滬深2X元大59購01,TW,0.0,340.0,0.0,0.0,0,0.0,0.0
034238,佳能元大56購02,TW,0.0,819.0,0.0,0.0,0,0.0,0.0
034245,亞光元大57購01,TW,0.0,-397.0,0.0,0.0,0,0.0,0.0
034247,緯創元大58購01,TW,0.0,11.0,0.0,0.0,0,0.0,0.0
034265,AES元大58購01,TW,0.0,-473.0,0.0,0.0,0,0.0,0.0
034283,昇貿群益58購01,TW,0.0,-960.0,0.0,0.0,0,0.0,0.0
034322,毅嘉第一56購01,TW,0.0,-14.0,0.0,0.0,0,0.0,0.0
034323,臻鼎兆豐58購02,TW,0.0,9.0,0.0,0.0,0,0.0,0.0
034326,jpp富邦56購01,TW,0.0,5.0,0.0,0.0,0,0.0,0.0
034338,昇貿元富56購01,TW,0.0,43.0,0.0,0.0,0,0.0,0.0
034344,緯穎元富58購03,TW,0.0,1.0,0.0,0.0,0,0.0,0.0
034345,SP黃豆國票5B購01,TW,0.0,-140.0,0.0,0.0,0,0.0,0.0
034362,南電國票56購01,TW,0.0,1.0,0.0,0.0,0,0.0,0.0
034402,奇鋐凱基56購05,TW,0.0,1.0,0.0,0.0,0,0.0,0.0
034428,光寶科元大57購01,TW,0.0,0.0,0.0,0.0,0,0.0,0.0
034429,台達電元大58購01,TW,0.0,3.0,0.0,0.0,0,0.0,0.0
034456,亞光元大57購02,TW,0.0,90.0,0.0,0.0,0,0.0,0.0
034458,緯創元大58購02,TW,0.0,10.0,0.0,0.0,0,0.0,0.0
034474,AES元大58購02,TW,0.0,-1226.0,0.0,0.0,0,0.0,0.0
034507,亞翔凱基59購01,TW,0.0,-3.0,0.0,0.0,0,0.0,0.0
034541,台光電富邦56購02,TW,0.0,12.0,0.0,0.0,0,0.0,0.0
034572,光寶科元大58購02,TW,0.0,19.0,0.0,0.0,0,0.0,0.0
034573,台達電元大59購01,TW,0.0,1.0,0.0,0.0,0,0.0,0.0
034591,亞光元大58購01,TW,0.0,-100.0,0.0,0.0,0,0.0,0.0
034596,昇貿元大57購01,TW,0.0,-795.0,0.0,0.0,0,0.0,0.0
034597,群創元大59購01,TW,0.0,-2.0,0.0,0.0,0,0.0,0.0
034598,辛耘元大59購01,TW,0.0,4.0,0.0,0.0,0,0.0,0.0
034604,臻鼎元大59購01,TW,0.0,12.0,0.0,0.0,0,0.0,0.0
034636,奇鋐群益57購02,TW,0.0,18.0,0.0,0.0,0,0.0,0.0
034656,貿聯富邦56購01,TW,0.0,0.0,0.0,0.0,0,0.0,0.0
034662,台達電永豐56購01,TW,0.0,1.0,0.0,0.0,0,0.0,0.0
034667,牧德永豐56購01,TW,0.0,2.0,0.0,0.0,0,0.0,0.0
034679,道瓊銀凱基57購01,TW,0.0,2.0,0.0,0.0,0,0.0,0.0
034684,漢唐凱基57購01,TW,0.0,250.0,0.0,0.0,0,0.0,0.0
034693,貿聯凱基56購01,TW,0.0,41.0,0.0,0.0,0,0.0,0.0
034741,樺漢元富59購01,TW,0.0,905.0,0.0,0.0,0,0.0,0.0
034769,台達電元大59購02,TW,0.0,25.0,0.0,0.0,0,0.0,0.0
034779,京元電元大59購01,TW,0.0,-9.0,0.0,0.0,0,0.0,0.0
034783,漢翔元大58購01,TW,0.0,15.0,0.0,0.0,0,0.0,0.0
034788,貿聯元大59購02,TW,0.0,6.0,0.0,0.0,0,0.0,0.0
034790,神達元大58購01,TW,0.0,-40.0,0.0,0.0,0,0.0,0.0
034791,神達元大59購01,TW,0.0,-821.0,0.0,0.0,0,0.0,0.0
034794,臻鼎元大57購01,TW,0.0,18.0,0.0,0.0,0,0.0,0.0
034795,臻鼎元大58購02,TW,0.0,9.0,0.0,0.0,0,0.0,0.0
034796,臻鼎元大59購02,TW,0.0,8.0,0.0,0.0,0,0.0,0.0
034800,達興元大57購01,TW,0.0,-206.0,0.0,0.0,0,0.0,0.0
034827,滬深2X凱基57購04,TW,0.0,6.0,0.0,0.0,0,0.0,0.0
034857,光寶科元大59購01,TW,0.0,3.0,0.0,0.0,0,0.0,0.0
034859,智邦元大58購01,TW,0.0,20.0,0.0,0.0,0,0.0,0.0
034865,毅嘉元大57購01,TW,0.0,13.0,0.0,0.0,0,0.0,0.0
034870,京元電元大59購02,TW,0.0,5.0,0.0,0.0,0,0.0,0.0
034880,緯創元大59購01,TW,0.0,-244.0,0.0,0.0,0,0.0,0.0
034882,辛耘元大57購02,TW,0.0,22.0,0.0,0.0,0,0.0,0.0
034884,臻鼎元大57購02,TW,0.0,19.0,0.0,0.0,0,0.0,0.0
034888,精成科元大59購01,TW,0.0,-224.0,0.0,0.0,0,0.0,0.0
034897,AES元大58購03,TW,0.0,-483.0,0.0,0.0,0,0.0,0.0
034901,昇陽半元大59購01,TW,0.0,409.0,0.0,0.0,0,0.0,0.0
034916,滬深2X國票65購01,TW,0.0,-379.0,0.0,0.0,0,0.0,0.0
034924,漢唐國票59購01,TW,0.0,40.0,0.0,0.0,0,0.0,0.0
035005,臻鼎富邦56購01,TW,0.0,4.0,0.0,0.0,0,0.0,0.0
035013,鴻海永豐56購02,TW,0.0,8.0,0.0,0.0,0,0.0,0.0
035045,滬深2X統一57購01,TW,0.0,-142.0,0.0,0.0,0,0.0,0.0
035046,中興電統一59購01,TW,0.0,-70.0,0.0,0.0,0,0.0,0.0
035047,中砂統一59購02,TW,0.0,4.0,0.0,0.0,0,0.0,0.0
035048,上銀統一57購04,TW,0.0,48.0,0.0,0.0,0,0.0,0.0
035051,台達電統一59購01,TW,0.0,-14.0,0.0,0.0,0,0.0,0.0
035052,華通統一59購01,TW,0.0,2.0,0.0,0.0,0,0.0,0.0
035053,國巨統一59購02,TW,0.0,15.0,0.0,0.0,0,0.0,0.0
035054,華邦電統一59購03,TW,0.0,-41.0,0.0,0.0,0,0.0,0.0
035055,智邦統一59購01,TW,0.0,-3.0,0.0,0.0,0,0.0,0.0
035056,佳能統一59購01,TW,0.0,0.0,0.0,0.0,0,0.0,0.0
035057,台光電統一59購02,TW,0.0,1.0,0.0,0.0,0,0.0,0.0
035058,漢唐統一57購04,TW,0.0,2279.0,0.0,0.0,0,0.0,0.0
035059,漢唐統一59購01,TW,0.0,130.0,0.0,0.0,0,0.0,0.0
035060,建準統一59購02,TW,0.0,3.0,0.0,0.0,0,0.0,0.0
035062,京元電統一59購02,TW,0.0,-29.0,0.0,0.0,0,0.0,0.0
035064,盟立統一57購01,TW,0.0,417.0,0.0,0.0,0,0.0,0.0
035066,鉅祥統一57購01,TW,0.0,285.0,0.0,0.0,0,0.0,0.0
035067,強茂統一57購01,TW,0.0,2.0,0.0,0.0,0,0.0,0.0
035068,強茂統一58購04,TW,0.0,-40.0,0.0,0.0,0,0.0,0.0
035069,強茂統一59購01,TW,0.0,92.0,0.0,0.0,0,0.0,0.0
035075,奇鋐統一59購01,TW,0.0,-13.0,0.0,0.0,0,0.0,0.0
035077,德律統一58購02,TW,0.0,-3.0,0.0,0.0,0,0.0,0.0
035080,創意統一59購02,TW,0.0,8.0,0.0,0.0,0,0.0,0.0
035081,世芯統一5B購03,TW,0.0,-582.0,0.0,0.0,0,0.0,0.0
035082,神達統一58購07,TW,0.0,-163.0,0.0,0.0,0,0.0,0.0
035083,神達統一59購02,TW,0.0,705.0,0.0,0.0,0,0.0,0.0
035084,智伸科統一57購03,TW,0.0,-282.0,0.0,0.0,0,0.0,0.0
035086,臻鼎統一57購04,TW,0.0,51.0,0.0,0.0,0,0.0,0.0
035088,瀚宇博統一58購01,TW,0.0,-97.0,8.0,0.0,0,0.0,0.0
035089,亞翔統一59購01,TW,0.0,10.0,0.0,0.0,0,0.0,0.0
035090,帆宣統一57購01,TW,0.0,6.0,0.0,0.0,0,0.0,0.0
035091,帆宣統一57購02,TW,0.0,-6.0,0.0,0.0,0,0.0,0.0
035092,AES統一59購03,TW,0.0,2.0,0.0,0.0,0,0.0,0.0
035093,昇陽半統一57購01,TW,0.0,26.0,0.0,0.0,0,0.0,0.0
035098,聯發科元富61購01,TW,0.0,-2.0,0.0,0.0,0,0.0,0.0
035104,昇陽半元富56購02,TW,0.0,388.0,-4.0,0.0,0,0.0,0.0
035107,中502X國票59購01,TW,0.0,-379.0,0.0,0.0,0,0.0,0.0
035131,鴻海國泰57購01,TW,0.0,0.0,0.0,0.0,0,0.0,0.0
035132,鴻海國泰57購02,TW,0.0,10.0,0.0,0.0,0,0.0,0.0
035148,華新元大58購01,TW,0.0,-19.0,0.0,0.0,0,0.0,0.0
035152,佳能元大59購01,TW,0.0,327.0,0.0,0.0,0,0.0,0.0
035167,晟銘電元大59購01,TW,0.0,128.0,0.0,0.0,0,0.0,0.0
035170,亞光元大59購01,TW,0.0,-1150.0,-15.0,0.0,0,0.0,0.0
035172,緯創元大59購02,TW,0.0,-803.0,0.0,0.0,0,0.0,0.0
035177,南寶元大59購01,TW,0.0,-113.0,0.0,0.0,0,0.0,0.0
035185,AES元大58購04,TW,0.0,126.0,0.0,0.0,0,0.0,0.0
035187,采鈺元大58購01,TW,0.0,1.0,0.0,0.0,0,0.0,0.0
035188,昇陽半元大59購02,TW,0.0,148.0,0.0,0.0,0,0.0,0.0
035214,神達中信59購01,TW,0.0,130.0,0.0,0.0,0,0.0,0.0
035217,廣宇永豐56購01,TW,0.0,80.0,0.0,0.0,0,0.0,0.0
035231,強茂富邦57購01,TW,0.0,4.0,0.0,0.0,0,0.0,0.0
035236,佳必琪富邦57購01,TW,0.0,1.0,0.0,0.0,0,0.0,0.0
035244,強茂元富56購01,TW,0.0,257.0,0.0,0.0,0,0.0,0.0
035245,大立光元富59購01,TW,0.0,322.0,0.0,0.0,0,0.0,0.0
035251,佳必琪元富57購01,TW,0.0,40.0,0.0,0.0,0,0.0,0.0
035306,緯創凱基59購01,TW,0.0,-20.0,0.0,0.0,0,0.0,0.0
035323,和大統一59購01,TW,0.0,-80.0,0.0,0.0,0,0.0,0.0
035325,美時統一69購01,TW,0.0,-574.0,0.0,0.0,0,0.0,0.0
035327,華通統一59購02,TW,0.0,19.0,0.0,0.0,0,0.0,0.0
035328,華通統一59購03,TW,0.0,-1.0,0.0,0.0,0,0.0,0.0
035329,鴻海統一59購03,TW,0.0,-35.0,0.0,0.0,0,0.0,0.0
035333,漢唐統一59購02,TW,0.0,20.0,0.0,0.0,0,0.0,0.0
035335,京元電統一65購01,TW,0.0,16.0,0.0,0.0,0,0.0,0.0
035336,義隆統一57購01,TW,0.0,156.0,0.0,0.0,0,0.0,0.0
035337,義隆統一58購01,TW,0.0,-75.0,0.0,0.0,0,0.0,0.0
035338,義隆統一5C購01,TW,0.0,14.0,0.0,0.0,0,0.0,0.0
035339,盟立統一57購02,TW,0.0,-397.0,0.0,0.0,0,0.0,0.0
035340,盟立統一57購03,TW,0.0,-21.0,0.0,0.0,0,0.0,0.0
035341,盟立統一59購01,TW,0.0,-450.0,0.0,0.0,0,0.0,0.0
035343,志聖統一59購02,TW,0.0,20.0,0.0,0.0,0,0.0,0.0
035344,志聖統一5B購01,TW,0.0,-6.0,0.0,0.0,0,0.0,0.0
035346,鉅祥統一58購02,TW,0.0,-110.0,0.0,0.0,0,0.0,0.0
035347,鉅祥統一5C購01,TW,0.0,-30.0,0.0,0.0,0,0.0,0.0
035349,強茂統一59購03,TW,0.0,81.0,0.0,0.0,0,0.0,0.0
035350,皇昌統一59購01,TW,0.0,-40.0,0.0,0.0,0,0.0,0.0
035355,健鼎統一59購02,TW,0.0,-28.0,0.0,0.0,0,0.0,0.0
035356,辛耘統一59購02,TW,0.0,30.0,0.0,0.0,0,0.0,0.0
035357,貿聯統一65購01,TW,0.0,-41.0,0.0,0.0,0,0.0,0.0
035359,TPK統一5C購01,TW,0.0,417.0,0.0,0.0,0,0.0,0.0
035361,日月光統一59購01,TW,0.0,4.0,0.0,0.0,0,0.0,0.0
035363,智伸科統一59購02,TW,0.0,-11.0,0.0,0.0,0,0.0,0.0
035366,南寶統一59購03,TW,0.0,-1219.0,0.0,0.0,0,0.0,0.0
035368,上品統一5C購01,TW,0.0,-2.0,0.0,0.0,0,0.0,0.0
035369,臻鼎統一59購01,TW,0.0,80.0,-3.0,0.0,0,0.0,0.0
035371,達興統一58購03,TW,0.0,-137.0,0.0,0.0,0,0.0,0.0
035375,瀚宇博統一5C購01,TW,0.0,13.0,0.0,0.0,0,0.0,0.0
035380,AES統一59購04,TW,0.0,0.0,0.0,0.0,0,0.0,0.0
035381,泓德統一59購01,TW,0.0,-309.0,0.0,0.0,0,0.0,0.0
035382,昇陽半統一5C購01,TW,0.0,999.0,0.0,0.0,0,0.0,0.0
035386,台虹統一59購02,TW,0.0,10.0,0.0,0.0,0,0.0,0.0
035390,中砂元大57購01,TW,0.0,27.0,0.0,0.0,0,0.0,0.0
035393,華新元大58購02,TW,0.0,-4.0,0.0,0.0,0,0.0,0.0
035408,漢唐元大57購01,TW,0.0,1428.0,0.0,0.0,0,0.0,0.0
035409,漢唐元大59購01,TW,0.0,568.0,0.0,0.0,0,0.0,0.0
035422,緯創元大59購03,TW,0.0,46.0,0.0,0.0,0,0.0,0.0
035426,南寶元大59購02,TW,0.0,-202.0,0.0,0.0,0,0.0,0.0
035457,亞光統一59購02,TW,0.0,112.0,0.0,0.0,0,0.0,0.0
035460,佳必琪統一58購02,TW,0.0,30.0,0.0,0.0,0,0.0,0.0
035461,佳必琪統一59購01,TW,0.0,10.0,0.0,0.0,0,0.0,0.0
035462,鈺邦統一59購01,TW,0.0,988.0,0.0,0.0,0,0.0,0.0
035464,昇陽半統一59購02,TW,0.0,15.0,0.0,0.0,0,0.0,0.0
035472,神達永豐59購01,TW,0.0,15.0,0.0,0.0,0,0.0,0.0
035475,AES永豐56購02,TW,0.0,38.0,0.0,0.0,0,0.0,0.0
035477,滬深反中信57購01,TW,0.0,150.0,0.0,0.0,0,0.0,0.0
035480,創意中信59購01,TW,0.0,-59.0,0.0,0.0,0,0.0,0.0
035484,臺股指中信56購03,TW,0.0,-3.0,0.0,0.0,0,0.0,0.0
035489,元債2X富邦59購01,TW,0.0,300.0,0.0,0.0,0,0.0,0.0
035495,佳必琪第一56購01,TW,0.0,-10.0,0.0,0.0,0,0.0,0.0
035497,滬深2X凱基57購05,TW,0.0,-100.0,0.0,0.0,0,0.0,0.0
035511,大立光凱基56購02,TW,0.0,295.0,0.0,0.0,0,0.0,0.0
035522,富世達凱基57購01,TW,0.0,-10.0,0.0,0.0,0,0.0,0.0
035532,奇鋐元富59購02,TW,0.0,2.0,0.0,0.0,0,0.0,0.0
035539,昇陽半元富59購01,TW,0.0,2.0,0.0,0.0,0,0.0,0.0
035543,為升國票59購01,TW,0.0,-50.0,0.0,0.0,0,0.0,0.0
035555,貿聯國票59購01,TW,0.0,-2.0,0.0,0.0,0,0.0,0.0
035585,漢唐元大57購02,TW,0.0,521.0,0.0,0.0,0,0.0,0.0
035586,漢唐元大59購02,TW,0.0,4031.0,0.0,0.0,0,0.0,0.0
035600,德律元大59購01,TW,0.0,1.0,0.0,0.0,0,0.0,0.0
035602,華晶科元大58購01,TW,0.0,-2247.0,0.0,0.0,0,0.0,0.0
035604,創意元大57購01,TW,0.0,9.0,0.0,0.0,0,0.0,0.0
035610,南寶元大57購01,TW,0.0,31.0,0.0,0.0,0,0.0,0.0
035611,南寶元大58購01,TW,0.0,-510.0,0.0,0.0,0,0.0,0.0
035616,佳必琪元大59購01,TW,0.0,167.0,0.0,0.0,0,0.0,0.0
035629,元石油群益58購01,TW,0.0,23.0,0.0,0.0,0,0.0,0.0
035636,鴻海群益59購02,TW,0.0,-33.0,0.0,0.0,0,0.0,0.0
035652,萬海群益58購01,TW,0.0,-1.0,0.0,0.0,0,0.0,0.0
035662,世芯群益57購02,TW,0.0,703.0,0.0,0.0,0,0.0,0.0
035679,臺指反富邦69購01,TW,0.0,-180.0,0.0,0.0,0,0.0,0.0
035682,所羅門富邦59購01,TW,0.0,-3666.0,0.0,0.0,0,0.0,0.0
035718,光寶科凱基58購02,TW,0.0,10.0,0.0,0.0,0,0.0,0.0
035737,士電統一59購02,TW,0.0,182.0,0.0,0.0,0,0.0,0.0
035738,中砂統一5B購03,TW,0.0,72.0,0.0,0.0,0,0.0,0.0
035739,川湖統一58購05,TW,0.0,-6.0,0.0,0.0,0,0.0,0.0
035740,川湖統一59購01,TW,0.0,79.0,0.0,0.0,0,0.0,0.0
035741,川湖統一5C購01,TW,0.0,-4.0,0.0,0.0,0,0.0,0.0
035742,光寶科統一5C購01,TW,0.0,29.0,0.0,0.0,0,0.0,0.0
035745,所羅門統一59購04,TW,0.0,6.0,0.0,0.0,0,0.0,0.0
035747,鉅祥統一5C購02,TW,0.0,65.0,0.0,0.0,0,0.0,0.0
035748,強茂統一5C購01,TW,0.0,439.0,0.0,0.0,0,0.0,0.0
035751,神基統一61購01,TW,0.0,338.0,0.0,0.0,0,0.0,0.0
035752,晟銘電統一61購01,TW,0.0,-250.0,0.0,0.0,0,0.0,0.0
035753,緯創統一59購02,TW,0.0,-66.0,0.0,0.0,0,0.0,0.0
035754,玉晶光統一59購03,TW,0.0,873.0,0.0,0.0,0,0.0,0.0
035755,聯鈞統一58購01,TW,0.0,-1.0,0.0,0.0,0,0.0,0.0
035756,貿聯統一59購01,TW,0.0,-20.0,0.0,0.0,0,0.0,0.0
035759,達興統一5B購02,TW,0.0,-120.0,0.0,0.0,0,0.0,0.0
035762,達麗統一5C購01,TW,0.0,1.0,0.0,0.0,0,0.0,0.0
035763,佳必琪統一5C購01,TW,0.0,-67.0,0.0,0.0,0,0.0,0.0
035765,鈺邦統一58購03,TW,0.0,508.0,0.0,0.0,0,0.0,0.0
035766,AES統一5B購01,TW,0.0,-371.0,0.0,0.0,0,0.0,0.0
035767,采鈺統一5B購01,TW,0.0,-67.0,0.0,0.0,0,0.0,0.0
035768,采鈺統一5C購01,TW,0.0,24.0,0.0,0.0,0,0.0,0.0
035769,采鈺統一5C購02,TW,0.0,48.0,0.0,0.0,0,0.0,0.0
035775,中502X元富59購01,TW,0.0,-400.0,0.0,0.0,0,0.0,0.0
035797,滬深2X國票62購02,TW,0.0,0.0,0.0,0.0,0,0.0,0.0
035818,廣宇元大58購01,TW,0.0,-201.0,0.0,0.0,0,0.0,0.0
035828,長榮太元大59購01,TW,0.0,-122.0,0.0,0.0,0,0.0,0.0
035839,宏致元大58購01,TW,0.0,1376.0,0.0,0.0,0,0.0,0.0
035846,達興元大58購01,TW,0.0,-250.0,0.0,0.0,0,0.0,0.0
035852,緯穎元大59購01,TW,0.0,-167.0,0.0,0.0,0,0.0,0.0
035853,采鈺元大59購01,TW,0.0,134.0,0.0,0.0,0,0.0,0.0
035863,川湖群益57購03,TW,0.0,-200.0,0.0,0.0,0,0.0,0.0
035891,元債2X中信59購01,TW,0.0,0.0,0.0,0.0,0,0.0,0.0
035897,玉晶光中信59購01,TW,0.0,814.0,0.0,0.0,0,0.0,0.0
035927,楠梓電元富59購01,TW,0.0,226.0,0.0,0.0,0,0.0,0.0
035934,宏致元富56購01,TW,0.0,26.0,0.0,0.0,0,0.0,0.0
035938,緯穎元富59購02,TW,0.0,29.0,0.0,0.0,0,0.0,0.0
035944,華新凱基58購01,TW,0.0,-17.0,0.0,0.0,0,0.0,0.0
035997,南亞元大59購01,TW,0.0,15.0,0.0,0.0,0,0.0,0.0
035998,台達電元大58購03,TW,0.0,4.0,0.0,0.0,0,0.0,0.0
036005,廣宇元大57購01,TW,0.0,56.0,0.0,0.0,0,0.0,0.0
036009,京元電元大58購02,TW,0.0,8.0,2.0,0.0,0,0.0,0.0
036012,長榮太元大57購01,TW,0.0,7.0,0.0,0.0,0,0.0,0.0
036022,牧德元大59購01,TW,0.0,7.0,0.0,0.0,0,0.0,0.0
036026,jpp元大56購01,TW,0.0,16.0,0.0,0.0,0,0.0,0.0
036027,佳必琪元大57購01,TW,0.0,10.0,0.0,0.0,0,0.0,0.0
036028,佳必琪元大58購01,TW,0.0,-10.0,0.0,0.0,0,0.0,0.0
036038,光寶科富邦59購01,TW,0.0,-22.0,0.0,0.0,0,0.0,0.0
036045,亞光富邦59購01,TW,0.0,285.0,0.0,0.0,0,0.0,0.0
036076,聯鈞群益57購01,TW,0.0,5.0,0.0,0.0,0,0.0,0.0
036094,技嘉永豐56購01,TW,0.0,-30.0,0.0,0.0,0,0.0,0.0
036097,聯發科永豐5B購01,TW,0.0,5.0,0.0,0.0,0,0.0,0.0
036119,華通富邦56購01,TW,0.0,0.0,0.0,0.0,0,0.0,0.0
036124,漢翔富邦59購01,TW,0.0,-31.0,0.0,0.0,0,0.0,0.0
036128,緯穎富邦59購01,TW,0.0,20.0,0.0,0.0,0,0.0,0.0
036129,昇陽半富邦59購01,TW,0.0,203.0,0.0,0.0,0,0.0,0.0
036131,金像電中信59購01,TW,0.0,-4.0,0.0,0.0,0,0.0,0.0
036133,京元電中信59購02,TW,0.0,0.0,0.0,0.0,0,0.0,0.0
036139,緯穎中信59購03,TW,0.0,1.0,0.0,0.0,0,0.0,0.0
036172,緯創國票58購01,TW,0.0,-10.0,0.0,0.0,0,0.0,0.0
036184,香港2X凱基57購01,TW,0.0,84.0,0.0,0.0,0,0.0,0.0
036215,昇陽半凱基59購01,TW,0.0,200.0,0.0,0.0,0,0.0,0.0
036253,廣宇元大57購02,TW,0.0,-499.0,0.0,0.0,0,0.0,0.0
036274,達興元大59購01,TW,0.0,-3400.0,0.0,0.0,0,0.0,0.0
036280,采鈺元大57購01,TW,0.0,297.0,0.0,0.0,0,0.0,0.0
036282,富世達元大59購01,TW,0.0,-269.0,0.0,0.0,0,0.0,0.0
036287,緯穎兆豐59購01,TW,0.0,33.0,0.0,0.0,0,0.0,0.0
036295,台達電中信59購02,TW,0.0,48.0,0.0,0.0,0,0.0,0.0
036299,聯發科中信59購01,TW,0.0,-17.0,8.0,0.0,0,0.0,0.0
036303,神達中信59購02,TW,0.0,29.0,0.0,0.0,0,0.0,0.0
036304,定穎控中信56購01,TW,0.0,135.0,0.0,0.0,0,0.0,0.0
036306,緯穎中信59購04,TW,0.0,-290.0,0.0,0.0,0,0.0,0.0
036310,南亞科永豐56購02,TW,0.0,2.0,0.0,0.0,0,0.0,0.0
036324,楠梓電元富56購01,TW,0.0,35.0,0.0,0.0,0,0.0,0.0
036346,嘉澤國票5A購01,TW,0.0,-99.0,0.0,0.0,0,0.0,0.0
036385,定穎控元大58購01,TW,0.0,179.0,0.0,0.0,0,0.0,0.0
036391,采鈺元大57購02,TW,0.0,5.0,0.0,0.0,0,0.0,0.0
036393,富世達元大57購01,TW,0.0,-168.0,0.0,0.0,0,0.0,0.0
036398,A50正2凱基57購01,TW,0.0,43.0,0.0,0.0,0,0.0,0.0
036438,定穎控群益57購01,TW,0.0,10.0,0.0,0.0,0,0.0,0.0
036443,昇陽半群益57購01,TW,0.0,123.0,0.0,0.0,0,0.0,0.0
036449,鴻海中信59購01,TW,0.0,9.0,0.0,0.0,0,0.0,0.0
036450,台積電中信59購02,TW,0.0,-140.0,0.0,0.0,0,0.0,0.0
036454,漢翔中信56購01,TW,0.0,-30.0,0.0,0.0,0,0.0,0.0
036456,緯穎中信59購05,TW,0.0,380.0,0.0,0.0,0,0.0,0.0
036465,漢唐永豐56購01,TW,0.0,900.0,0.0,0.0,0,0.0,0.0
036479,貿聯兆豐59購01,TW,0.0,6.0,0.0,0.0,0,0.0,0.0
036485,毅嘉富邦56購01,TW,0.0,20.0,0.0,0.0,0,0.0,0.0
036490,臺股指富邦5C購02,TW,0.0,1.0,0.0,0.0,0,0.0,0.0
036498,光寶科凱基59購01,TW,0.0,2.0,0.0,0.0,0,0.0,0.0
036505,宏達電凱基59購01,TW,0.0,-118.0,0.0,0.0,0,0.0,0.0
036507,亞光凱基59購01,TW,0.0,-121.0,0.0,0.0,0,0.0,0.0
036520,光寶科群益57購01,TW,0.0,4.0,0.0,0.0,0,0.0,0.0
036545,光寶科元大57購03,TW,0.0,59.0,0.0,0.0,0,0.0,0.0
036557,京元電元大57購02,TW,0.0,-111.0,0.0,0.0,0,0.0,0.0
036572,牧德元大57購01,TW,0.0,22.0,0.0,0.0,0,0.0,0.0
036574,達邁元大58購01,TW,0.0,-15.0,0.0,0.0,0,0.0,0.0
036582,迅得元大57購01,TW,0.0,510.0,0.0,0.0,0,0.0,0.0
036583,緯穎元大59購02,TW,0.0,-9.0,0.0,0.0,0,0.0,0.0
036599,貿聯元富56購01,TW,0.0,0.0,0.0,0.0,0,0.0,0.0
036604,亞翔元富56購01,TW,0.0,5.0,0.0,0.0,0,0.0,0.0
036605,AES元富59購02,TW,0.0,-210.0,0.0,0.0,0,0.0,0.0
036627,國巨中信59購01,TW,0.0,1.0,0.0,0.0,0,0.0,0.0
036629,華邦電中信56購01,TW,0.0,-10.0,0.0,0.0,0,0.0,0.0
036636,滬深2X永豐58購01,TW,0.0,0.0,0.0,0.0,0,0.0,0.0
036646,英業達永豐56購01,TW,0.0,-55.0,0.0,0.0,0,0.0,0.0
036651,亞光永豐56購01,TW,0.0,-21.0,0.0,0.0,0,0.0,0.0
036655,精成科永豐56購01,TW,0.0,-20.0,0.0,0.0,0,0.0,0.0
036681,精成科凱基59購01,TW,0.0,-35.0,0.0,0.0,0,0.0,0.0
036701,宏達電元富59購01,TW,0.0,-1756.0,0.0,0.0,0,0.0,0.0
036705,玉晶光元富56購01,TW,0.0,-193.0,0.0,0.0,0,0.0,0.0
036708,光寶科國票5A購01,TW,0.0,7.0,0.0,0.0,0,0.0,0.0
036720,力成國票57購01,TW,0.0,-4.0,0.0,0.0,0,0.0,0.0
036721,同欣電國票56購01,TW,0.0,-15.0,0.0,0.0,0,0.0,0.0
036785,佳能元大58購01,TW,0.0,-703.0,0.0,0.0,0,0.0,0.0
036792,奇鋐元大59購02,TW,0.0,-6.0,0.0,0.0,0,0.0,0.0
036805,緯穎元大59購03,TW,0.0,24.0,0.0,0.0,0,0.0,0.0
036808,昇陽半元大58購01,TW,0.0,193.0,0.0,0.0,0,0.0,0.0
036813,亞光中信56購01,TW,0.0,12.0,0.0,0.0,0,0.0,0.0
036841,光寶科統一57購05,TW,0.0,120.0,0.0,0.0,0,0.0,0.0
036842,光寶科統一58購03,TW,0.0,49.0,0.0,0.0,0,0.0,0.0
036843,光寶科統一5C購02,TW,0.0,-37.0,0.0,0.0,0,0.0,0.0
036844,台達電統一58購03,TW,0.0,43.0,0.0,0.0,0,0.0,0.0
036845,台達電統一5C購01,TW,0.0,-47.0,0.0,0.0,0,0.0,0.0
036846,華通統一64購01,TW,0.0,41.0,0.0,0.0,0,0.0,0.0
036847,國巨統一58購03,TW,0.0,1.0,0.0,0.0,0,0.0,0.0
036848,國巨統一5B購02,TW,0.0,38.0,0.0,0.0,0,0.0,0.0
036851,華邦電統一58購01,TW,0.0,2.0,0.0,0.0,0,0.0,0.0
036852,華邦電統一5C購01,TW,0.0,-73.0,-23.0,0.0,0,0.0,0.0
036853,順德統一5C購01,TW,0.0,4.0,0.0,0.0,0,0.0,0.0
036854,南亞科統一57購01,TW,0.0,-3.0,0.0,0.0,0,0.0,0.0
036856,義隆統一57購02,TW,0.0,141.0,0.0,0.0,0,0.0,0.0
036857,強茂統一5B購01,TW,0.0,20.0,0.0,0.0,0,0.0,0.0
036861,偉訓統一5C購01,TW,0.0,-52.0,0.0,0.0,0,0.0,0.0
036864,聯鈞統一58購02,TW,0.0,-18.0,0.0,0.0,0,0.0,0.0
036865,牧德統一61購01,TW,0.0,-275.0,0.0,0.0,0,0.0,0.0
036866,辛耘統一5C購01,TW,0.0,-10.0,0.0,0.0,0,0.0,0.0
036867,日月光統一57購03,TW,0.0,5.0,0.0,0.0,0,0.0,0.0
036868,日月光統一5C購01,TW,0.0,-72.0,0.0,0.0,0,0.0,0.0
036871,精成科統一64購01,TW,0.0,-114.0,0.0,0.0,0,0.0,0.0
036872,帆宣統一5C購02,TW,0.0,133.0,0.0,0.0,0,0.0,0.0
036873,力成統一57購01,TW,0.0,13.0,0.0,0.0,0,0.0,0.0
036874,力成統一5C購01,TW,0.0,19.0,0.0,0.0,0,0.0,0.0
036875,力成統一5C購02,TW,0.0,950.0,0.0,0.0,0,0.0,0.0
036876,矽格統一59購02,TW,0.0,37.0,0.0,0.0,0,0.0,0.0
036877,矽格統一5C購01,TW,0.0,101.0,0.0,0.0,0,0.0,0.0
036878,同欣電統一5C購01,TW,0.0,456.0,0.0,0.0,0,0.0,0.0
036879,同欣電統一5C購02,TW,0.0,-880.0,0.0,0.0,0,0.0,0.0
036880,天虹統一5B購01,TW,0.0,434.0,0.0,0.0,0,0.0,0.0
036881,矽創統一57購01,TW,0.0,11.0,0.0,0.0,0,0.0,0.0
036904,京元電富邦56購02,TW,0.0,-3.0,0.0,0.0,0,0.0,0.0
036940,力成永豐56購02,TW,0.0,3.0,0.0,0.0,0,0.0,0.0
037012,昇陽半元大58購02,TW,0.0,339.0,0.0,0.0,0,0.0,0.0
037022,光寶科統一5B購01,TW,0.0,-61.0,0.0,0.0,0,0.0,0.0
037023,台達電統一57購09,TW,0.0,10.0,0.0,0.0,0,0.0,0.0
037024,台達電統一59購02,TW,0.0,65.0,0.0,0.0,0,0.0,0.0
037025,鴻海統一59購04,TW,0.0,-22.0,0.0,0.0,0,0.0,0.0
037026,仁寶統一59購01,TW,0.0,-68.0,0.0,0.0,0,0.0,0.0
037027,國巨統一59購03,TW,0.0,17.0,0.0,0.0,0,0.0,0.0
037028,台積電統一59購03,TW,0.0,-5.0,0.0,0.0,0,0.0,0.0
037031,華邦電統一59購04,TW,0.0,-1.0,0.0,0.0,0,0.0,0.0
037033,宏碁統一59購01,TW,0.0,-50.0,0.0,0.0,0,0.0,0.0
037035,台光電統一59購03,TW,0.0,55.0,0.0,0.0,0,0.0,0.0
037036,南亞科統一57購02,TW,0.0,-1.0,0.0,0.0,0,0.0,0.0
037037,南亞科統一58購03,TW,0.0,-7.0,0.0,0.0,0,0.0,0.0
037038,南亞科統一59購03,TW,0.0,-6.0,0.0,0.0,0,0.0,0.0
037039,南亞科統一59購04,TW,0.0,2.0,0.0,0.0,0,0.0,0.0
037040,南亞科統一5B購01,TW,0.0,24.0,0.0,0.0,0,0.0,0.0
037041,南亞科統一5C購03,TW,0.0,34.0,0.0,0.0,0,0.0,0.0
037044,南亞科統一64購01,TW,0.0,-114.0,0.0,0.0,0,0.0,0.0
037045,創見統一59購01,TW,0.0,-7.0,0.0,0.0,0,0.0,0.0
037046,聯發科統一59購02,TW,0.0,35.0,0.0,0.0,0,0.0,0.0
037047,宏達電統一5C購01,TW,0.0,37.0,0.0,0.0,0,0.0,0.0
037050,晶豪科統一59購01,TW,0.0,4.0,0.0,0.0,0,0.0,0.0
037052,欣興統一5C購01,TW,0.0,-1.0,0.0,0.0,0,0.0,0.0
037055,力成統一57購02,TW,0.0,184.0,0.0,0.0,0,0.0,0.0
037056,力成統一59購01,TW,0.0,20.0,0.0,0.0,0,0.0,0.0
037059,鈺邦統一5B購02,TW,0.0,-804.0,0.0,0.0,0,0.0,0.0
037060,鈺邦統一64購01,TW,0.0,-654.0,0.0,0.0,0,0.0,0.0
037061,采鈺統一59購01,TW,0.0,577.0,0.0,0.0,0,0.0,0.0
037062,天虹統一59購02,TW,0.0,-364.0,0.0,0.0,0,0.0,0.0
037063,昇陽半統一5B購02,TW,0.0,84.0,0.0,0.0,0,0.0,0.0
037064,台虹統一5B購01,TW,0.0,-70.0,0.0,0.0,0,0.0,0.0
037066,南電統一5C購01,TW,0.0,-48.0,0.0,0.0,0,0.0,0.0
037090,南亞科元富59購01,TW,0.0,1.0,0.0,0.0,0,0.0,0.0
037091,宏達電元富5C購01,TW,0.0,1303.0,0.0,0.0,0,0.0,0.0
037098,神達元富59購01,TW,0.0,-85.0,0.0,0.0,0,0.0,0.0
037104,台積電凱基59購02,TW,0.0,46.0,0.0,0.0,0,0.0,0.0
037120,AES凱基58購02,TW,0.0,100.0,0.0,0.0,0,0.0,0.0
037132,南亞科永豐5A購01,TW,0.0,49.0,0.0,0.0,0,0.0,0.0
037133,南亞科永豐5B購01,TW,0.0,-1.0,0.0,0.0,0,0.0,0.0
037145,廣宇元大57購03,TW,0.0,40.0,0.0,0.0,0,0.0,0.0
037151,毅嘉元大57購03,TW,0.0,162.0,0.0,0.0,0,0.0,0.0
037203,力成國票5A購01,TW,0.0,3.0,0.0,0.0,0,0.0,0.0
037219,友達群益56購01,TW,0.0,-36.0,0.0,0.0,0,0.0,0.0
03721U,臺股指群益5B售02,TW,0.0,92.0,0.0,0.0,0,0.0,0.0
03723B,臺股指富邦64熊11,TW,0.0,-167.0,0.0,0.0,0,0.0,0.0
037242,國巨中信59購02,TW,0.0,2.0,0.0,0.0,0,0.0,0.0
037247,國巨統一5B購03,TW,0.0,37.0,0.0,0.0,0,0.0,0.0
037248,華泰統一5C購02,TW,0.0,6.0,0.0,0.0,0,0.0,0.0
03724B,臺股指元大64熊16,TW,0.0,-954.0,0.0,0.0,0,0.0,0.0
037251,牧德統一5C購01,TW,0.0,-30.0,0.0,0.0,0,0.0,0.0
037252,jpp統一5C購01,TW,0.0,-862.0,0.0,0.0,0,0.0,0.0
037254,力積電統一5C購01,TW,0.0,-241.0,0.0,0.0,0,0.0,0.0
03725B,臺股指凱基63熊10,TW,0.0,4827.0,0.0,0.0,0,0.0,0.0
037268,友達凱基56購01,TW,0.0,93.0,0.0,0.0,0,0.0,0.0
03726B,台積電富邦64熊01,TW,0.0,-30.0,0.0,0.0,0,0.0,0.0
03727B,臺股指富邦65熊02,TW,0.0,251.0,0.0,0.0,0,0.0,0.0
037280,昇陽半凱基57購01,TW,0.0,54.0,0.0,0.0,0,0.0,0.0
03728B,臺股指凱基63熊11,TW,0.0,-205.0,0.0,0.0,0,0.0,0.0
03729B,臺股指元大65熊11,TW,0.0,-793.0,0.0,0.0,0,0.0,0.0
03730B,臺股指富邦65熊05,TW,0.0,-483.0,0.0,0.0,0,0.0,0.0
03731B,臺股指凱基5B熊14,TW,0.0,-370.0,0.0,0.0,0,0.0,0.0
037333,國巨兆豐56購01,TW,0.0,4.0,0.0,0.0,0,0.0,0.0
037359,嘉澤永豐55購02,TW,0.0,3.0,0.0,0.0,0,0.0,0.0
037375,嘉澤元富56購01,TW,0.0,-402.0,0.0,0.0,0,0.0,0.0
037386,國企2X國票59購01,TW,0.0,-213.0,0.0,0.0,0,0.0,0.0
037387,中502X國票5A購01,TW,0.0,-277.0,0.0,0.0,0,0.0,0.0
037391,國巨國票55購01,TW,0.0,0.0,0.0,0.0,0,0.0,0.0
037423,欣興群益57購01,TW,0.0,3.0,0.0,0.0,0,0.0,0.0
037437,神達富邦57購01,TW,0.0,28.0,0.0,0.0,0,0.0,0.0
037442,台積電永豐69購02,TW,0.0,-10.0,0.0,0.0,0,0.0,0.0
037450,鴻海統一56購01,TW,0.0,107.0,0.0,0.0,0,0.0,0.0
037457,聯發科統一56購01,TW,0.0,202.0,0.0,0.0,0,0.0,0.0
037465,至上永豐55購01,TW,0.0,100.0,0.0,0.0,0,0.0,0.0
03746U,臺股指群益58售03,TW,0.0,-1.0,0.0,0.0,0,0.0,0.0
037489,聯鈞元富59購01,TW,0.0,10.0,0.0,0.0,0,0.0,0.0
037493,旺宏統一5C購02,TW,0.0,15.0,0.0,0.0,0,0.0,0.0
037494,華邦電統一5C購02,TW,0.0,-36.0,0.0,0.0,0,0.0,0.0
037495,晶豪科統一5C購02,TW,0.0,-264.0,0.0,0.0,0,0.0,0.0
037496,嘉澤統一64購02,TW,0.0,-313.0,0.0,0.0,0,0.0,0.0
037497,愛普統一64購01,TW,0.0,1958.0,0.0,0.0,0,0.0,0.0
037498,台積電中信59購03,TW,0.0,4.0,0.0,0.0,0,0.0,0.0
037503,聯詠中信59購01,TW,0.0,34.0,0.0,0.0,0,0.0,0.0
037519,奇鋐凱基59購02,TW,0.0,1.0,0.0,0.0,0,0.0,0.0
037520,亞光凱基59購02,TW,0.0,-355.0,0.0,0.0,0,0.0,0.0
037543,鉅祥國票56購01,TW,0.0,495.0,0.0,0.0,0,0.0,0.0
037589,群創元大57購03,TW,0.0,19.0,0.0,0.0,0,0.0,0.0
037633,富世達群益56購02,TW,0.0,-10.0,0.0,0.0,0,0.0,0.0
037638,臺股指群益55購12,TW,0.0,1.0,0.0,0.0,0,0.0,0.0
037643,台積電中信59購05,TW,0.0,4.0,0.0,0.0,0,0.0,0.0
037645,智原中信59購01,TW,0.0,1.0,0.0,0.0,0,0.0,0.0
037647,力積電中信57購01,TW,0.0,1.0,0.0,0.0,0,0.0,0.0
037648,國巨統一5C購01,TW,0.0,517.0,0.0,0.0,0,0.0,0.0
037649,智原統一64購01,TW,0.0,20.0,0.0,0.0,0,0.0,0.0
037650,定穎控統一5C購01,TW,0.0,-132.0,0.0,0.0,0,0.0,0.0
037651,瀚宇博統一5C購02,TW,0.0,-161.0,0.0,0.0,0,0.0,0.0
037659,國巨凱基55購01,TW,0.0,2.0,0.0,0.0,0,0.0,0.0
037660,國巨凱基59購01,TW,0.0,3.0,0.0,0.0,0,0.0,0.0
037668,晶技凱基55購01,TW,0.0,5.0,0.0,0.0,0,0.0,0.0
037682,聯發科富邦57購01,TW,0.0,1.0,0.0,0.0,0,0.0,0.0
037688,國巨永豐56購01,TW,0.0,2.0,0.0,0.0,0,0.0,0.0
037702,富世達永豐56購04,TW,0.0,238.0,0.0,0.0,0,0.0,0.0
037721,聯詠元富57購01,TW,0.0,20.0,0.0,0.0,0,0.0,0.0
037731,S&P反1國票55購02,TW,0.0,2449.0,0.0,0.0,0,0.0,0.0
037755,SP黃豆元大59購01,TW,0.0,48.0,0.0,0.0,0,0.0,0.0
037827,南電群益55購03,TW,0.0,1.0,0.0,0.0,0,0.0,0.0
037828,可寧衛群益55購01,TW,0.0,6.0,0.0,0.0,0,0.0,0.0
037838,國巨凱基56購01,TW,0.0,1.0,0.0,0.0,0,0.0,0.0
037840,國巨凱基59購02,TW,0.0,8.0,0.0,0.0,0,0.0,0.0
037847,京元電凱基57購05,TW,0.0,-6.0,0.0,0.0,0,0.0,0.0
037877,台達電元大56購01,TW,0.0,74.0,0.0,0.0,0,0.0,0.0
037902,臻鼎元大56購01,TW,0.0,1.0,0.0,0.0,0,0.0,0.0
037922,矽創富邦56購01,TW,0.0,986.0,0.0,0.0,0,0.0,0.0
037954,為升國票58購01,TW,0.0,-170.0,0.0,0.0,0,0.0,0.0
037955,光寶科國票55購02,TW,0.0,50.0,0.0,0.0,0,0.0,0.0
037958,微星國票57購01,TW,0.0,-776.0,0.0,0.0,0,0.0,0.0
037986,華邦電中信55購02,TW,0.0,12.0,0.0,0.0,0,0.0,0.0
037987,華邦電中信58購01,TW,0.0,1.0,0.0,0.0,0,0.0,0.0
037988,光寶科兆豐59購01,TW,0.0,-10.0,0.0,0.0,0,0.0,0.0
037997,長榮富邦55購01,TW,0.0,3.0,0.0,0.0,0,0.0,0.0
038001,精成科富邦55購02,TW,0.0,678.0,0.0,0.0,0,0.0,0.0
038002,精成科富邦56購02,TW,0.0,-47.0,0.0,0.0,0,0.0,0.0
038031,聯鈞國票55購01,TW,0.0,4.0,0.0,0.0,0,0.0,0.0
038043,鴻海永豐57購01,TW,0.0,38.0,0.0,0.0,0,0.0,0.0
038045,台積電永豐55購07,TW,0.0,10.0,0.0,0.0,0,0.0,0.0
038046,台積電永豐56購07,TW,0.0,-2.0,0.0,0.0,0,0.0,0.0
038047,台積電永豐59購03,TW,0.0,-15.0,0.0,0.0,0,0.0,0.0
038050,鈺邦永豐55購01,TW,0.0,-206.0,0.0,0.0,0,0.0,0.0
038104,聯鈞元大56購02,TW,0.0,170.0,0.0,0.0,0,0.0,0.0
038116,昇陽半元大55購02,TW,0.0,-6.0,0.0,0.0,0,0.0,0.0
038130,國巨群益55購02,TW,0.0,81.0,0.0,0.0,0,0.0,0.0
038145,欣興中信55購01,TW,0.0,60.0,0.0,0.0,0,0.0,0.0
038147,鴻海兆豐59購01,TW,0.0,72.0,0.0,0.0,0,0.0,0.0
038148,台塑富邦55購01,TW,0.0,0.0,0.0,0.0,0,0.0,0.0
038155,鈺邦元富56購01,TW,0.0,-1041.0,0.0,0.0,0,0.0,0.0
038162,文曄永豐56購01,TW,0.0,1.0,0.0,0.0,0,0.0,0.0
038175,楠梓電國票59購01,TW,0.0,6.0,0.0,0.0,0,0.0,0.0
038196,SP黃豆凱基59購01,TW,0.0,10.0,0.0,0.0,0,0.0,0.0
038203,鴻海凱基57購03,TW,0.0,210.0,0.0,0.0,0,0.0,0.0
038204,鴻海凱基59購01,TW,0.0,99.0,0.0,0.0,0,0.0,0.0
038207,廣宇凱基58購01,TW,0.0,-4.0,0.0,0.0,0,0.0,0.0
038209,台積電凱基5C購06,TW,0.0,20.0,0.0,0.0,0,0.0,0.0
038223,力成凱基56購01,TW,0.0,10.0,0.0,0.0,0,0.0,0.0
038240,滬深2X元大58購03,TW,0.0,-61.0,0.0,0.0,0,0.0,0.0
038260,京元電元大56購01,TW,0.0,-9.0,0.0,0.0,0,0.0,0.0
038263,亞光元大56購02,TW,0.0,-492.0,0.0,0.0,0,0.0,0.0
038292,佳能群益58購01,TW,0.0,-238.0,0.0,0.0,0,0.0,0.0
038293,佳能群益58購02,TW,0.0,-7.0,0.0,0.0,0,0.0,0.0
038311,美時統一5C購02,TW,0.0,-200.0,0.0,0.0,0,0.0,0.0
038312,第一銅統一5C購01,TW,0.0,84.0,0.0,0.0,0,0.0,0.0
038314,仁寶統一5C購01,TW,0.0,0.0,0.0,0.0,0,0.0,0.0
038315,國巨統一59購04,TW,0.0,45.0,0.0,0.0,0,0.0,0.0
038316,國巨統一59購05,TW,0.0,1.0,0.0,0.0,0,0.0,0.0
038317,國巨統一69購01,TW,0.0,109.0,0.0,0.0,0,0.0,0.0
038318,台積電統一69購01,TW,0.0,-1959.0,0.0,0.0,0,0.0,0.0
038320,毅嘉統一59購04,TW,0.0,-100.0,6.0,0.0,0,0.0,0.0
038322,立隆電統一59購01,TW,0.0,44.0,0.0,0.0,0,0.0,0.0
038323,強茂統一5C購02,TW,0.0,-387.0,0.0,0.0,0,0.0,0.0
038324,文曄統一5B購01,TW,0.0,4.0,0.0,0.0,0,0.0,0.0
038325,辛耘統一5B購01,TW,0.0,110.0,0.0,0.0,0,0.0,0.0
038326,南電統一5C購02,TW,0.0,20.0,0.0,0.0,0,0.0,0.0
038327,南電統一5C購03,TW,0.0,-45.0,0.0,0.0,0,0.0,0.0
038331,廣宇中信57購01,TW,0.0,320.0,0.0,0.0,0,0.0,0.0
038336,南電中信59購01,TW,0.0,1.0,0.0,0.0,0,0.0,0.0
038356,友達凱基57購01,TW,0.0,-4.0,0.0,0.0,0,0.0,0.0
038360,群創凱基57購02,TW,0.0,0.0,0.0,0.0,0,0.0,0.0
038363,達興凱基58購01,TW,0.0,-207.0,0.0,0.0,0,0.0,0.0
038370,鴻海富邦57購01,TW,0.0,48.0,0.0,0.0,0,0.0,0.0
038400,美時永豐59購01,TW,0.0,-5.0,0.0,0.0,0,0.0,0.0
038403,鴻海永豐59購01,TW,0.0,220.0,0.0,0.0,0,0.0,0.0
038404,鴻海永豐5C購01,TW,0.0,15.0,0.0,0.0,0,0.0,0.0
038406,英業達永豐56購02,TW,0.0,10.0,0.0,0.0,0,0.0,0.0
038407,英業達永豐56購03,TW,0.0,-13.0,0.0,0.0,0,0.0,0.0
038408,技嘉永豐56購02,TW,0.0,19.0,0.0,0.0,0,0.0,0.0
038410,友達永豐56購01,TW,0.0,190.0,0.0,0.0,0,0.0,0.0
038412,亞光永豐56購02,TW,0.0,87.0,0.0,0.0,0,0.0,0.0
038413,緯創永豐56購02,TW,0.0,6.0,0.0,0.0,0,0.0,0.0
038423,友達國票56購01,TW,0.0,-15.0,0.0,0.0,0,0.0,0.0
038424,友達國票56購02,TW,0.0,-361.0,0.0,0.0,0,0.0,0.0
038431,聯詠國票56購02,TW,0.0,12.0,0.0,0.0,0,0.0,0.0
038449,鴻海群益56購03,TW,0.0,-20.0,0.0,0.0,0,0.0,0.0
038450,鴻海群益59購03,TW,0.0,6.0,0.0,0.0,0,0.0,0.0
038479,上証2X元大56購01,TW,0.0,-147.0,0.0,0.0,0,0.0,0.0
038493,光寶科元大56購02,TW,0.0,80.0,0.0,0.0,0,0.0,0.0
038496,台達電元大56購04,TW,0.0,4.0,0.0,0.0,0,0.0,0.0
038504,友達元大56購01,TW,0.0,129.0,0.0,0.0,0,0.0,0.0
038513,亞光元大56購03,TW,0.0,89.0,0.0,0.0,0,0.0,0.0
038525,美時統一6A購01,TW,0.0,-20.0,0.0,0.0,0,0.0,0.0
038526,第一銅統一6A購01,TW,0.0,-27.0,0.0,0.0,0,0.0,0.0
038529,聯發科統一5A購02,TW,0.0,1.0,0.0,0.0,0,0.0,0.0
038530,聯發科統一5A購03,TW,0.0,-23.0,0.0,0.0,0,0.0,0.0
038531,全新統一5A購01,TW,0.0,101.0,0.0,0.0,0,0.0,0.0
038533,jpp統一61購01,TW,0.0,5.0,0.0,0.0,0,0.0,0.0
038538,美時中信5A購01,TW,0.0,-695.0,-5.0,0.0,0,0.0,0.0
038539,鴻海中信61購01,TW,0.0,20.0,0.0,0.0,0,0.0,0.0
038540,國巨中信5A購01,TW,0.0,26.0,0.0,0.0,0,0.0,0.0
038542,世芯中信5A購01,TW,0.0,201.0,0.0,0.0,0,0.0,0.0
038543,台達電兆豐56購01,TW,0.0,6.0,0.0,0.0,0,0.0,0.0
03854U,元黃金永豐56售01,TW,0.0,70.0,0.0,0.0,0,0.0,0.0
038558,台積電元富5A購04,TW,0.0,2.0,0.0,0.0,0,0.0,0.0
038562,正新永豐5A購01,TW,0.0,227.0,0.0,0.0,0,0.0,0.0
038564,富華新永豐5A購01,TW,0.0,57.0,0.0,0.0,0,0.0,0.0
038567,神達永豐5A購01,TW,0.0,-198.0,0.0,0.0,0,0.0,0.0
038571,FB越南國票5A購01,TW,0.0,-5.0,0.0,0.0,0,0.0,0.0
038572,億泰國票56購02,TW,0.0,364.0,0.0,0.0,0,0.0,0.0
038581,緯創國票5C購01,TW,0.0,-204.0,0.0,0.0,0,0.0,0.0
038588,精誠國票57購01,TW,0.0,-80.0,0.0,0.0,0,0.0,0.0
038623,長榮統一56購02,TW,0.0,473.0,0.0,0.0,0,0.0,0.0
038630,世芯統一56購02,TW,0.0,104.0,0.0,0.0,0,0.0,0.0
038659,光寶科元大57購04,TW,0.0,5.0,0.0,0.0,0,0.0,0.0
038660,光寶科元大5A購01,TW,0.0,-80.0,3.0,0.0,0,0.0,0.0
038681,漢翔元大57購01,TW,0.0,-20.0,0.0,0.0,0,0.0,0.0
038683,亞光元大5A購01,TW,0.0,-420.0,0.0,0.0,0,0.0,0.0
038686,華晶科元大58購02,TW,0.0,399.0,0.0,0.0,0,0.0,0.0
038699,昇陽半元大57購02,TW,0.0,2.0,0.0,0.0,0,0.0,0.0
038736,菱光元富57購01,TW,0.0,-20.0,0.0,0.0,0,0.0,0.0
038739,英業達中信57購01,TW,0.0,636.0,0.0,0.0,0,0.0,0.0
038744,世芯中信58購01,TW,0.0,51.0,0.0,0.0,0,0.0,0.0
038745,T50正2永豐5A購01,TW,0.0,-4.0,0.0,0.0,0,0.0,0.0
038748,美時永豐58購01,TW,0.0,-20.0,0.0,0.0,0,0.0,0.0
038762,永道永豐57購01,TW,0.0,13.0,0.0,0.0,0,0.0,0.0
038763,羅昇永豐56購01,TW,0.0,20.0,0.0,0.0,0,0.0,0.0
038767,宏達電富邦58購01,TW,0.0,-1467.0,0.0,0.0,0,0.0,0.0
038771,緯創富邦5A購01,TW,0.0,-682.0,0.0,0.0,0,0.0,0.0
038774,緯穎富邦56購01,TW,0.0,76.0,0.0,0.0,0,0.0,0.0
038781,緯穎國泰57購03,TW,0.0,1.0,0.0,0.0,0,0.0,0.0
038782,SP黃豆國票5A購01,TW,0.0,4.0,0.0,0.0,0,0.0,0.0
038783,道瓊銀國票58購03,TW,0.0,13.0,0.0,0.0,0,0.0,0.0
038786,美時國票56購01,TW,0.0,1400.0,0.0,0.0,0,0.0,0.0
038790,允強國票57購01,TW,0.0,-169.0,0.0,0.0,0,0.0,0.0
038795,緯創國票62購01,TW,0.0,-351.0,0.0,0.0,0,0.0,0.0
038801,迅得國票57購01,TW,0.0,-107.0,0.0,0.0,0,0.0,0.0
038808,美時統一6A購03,TW,0.0,1.0,0.0,0.0,0,0.0,0.0
038811,第一銅統一5C購02,TW,0.0,22.0,0.0,0.0,0,0.0,0.0
038812,光寶科統一59購01,TW,0.0,-201.0,0.0,0.0,0,0.0,0.0
038813,光寶科統一5A購01,TW,0.0,-122.0,0.0,0.0,0,0.0,0.0
038814,聯電統一56購02,TW,0.0,10.0,0.0,0.0,0,0.0,0.0
038815,聯電統一5A購02,TW,0.0,32.0,0.0,0.0,0,0.0,0.0
038816,聯電統一5A購03,TW,0.0,24.0,0.0,0.0,0,0.0,0.0
038817,台達電統一6A購01,TW,0.0,-37.0,0.0,0.0,0,0.0,0.0
038818,鴻海統一58購05,TW,0.0,281.0,0.0,0.0,0,0.0,0.0
038819,鴻海統一5A購03,TW,0.0,-70.0,0.0,0.0,0,0.0,0.0
038821,台積電統一58購05,TW,0.0,-4.0,0.0,0.0,0,0.0,0.0
038822,台積電統一61購02,TW,0.0,-7.0,0.0,0.0,0,0.0,0.0
038824,旺宏統一6A購01,TW,0.0,-14.0,0.0,0.0,0,0.0,0.0
038825,智邦統一6A購01,TW,0.0,48.0,0.0,0.0,0,0.0,0.0
038826,宏碁統一5A購01,TW,0.0,5.0,0.0,0.0,0,0.0,0.0
038827,鴻準統一5A購01,TW,0.0,-13.0,0.0,0.0,0,0.0,0.0
038828,金像電統一6A購01,TW,0.0,-118.0,0.0,0.0,0,0.0,0.0
038829,技嘉統一5A購01,TW,0.0,101.0,4.0,0.0,0,0.0,0.0
038830,技嘉統一61購01,TW,0.0,-402.0,0.0,0.0,0,0.0,0.0
038831,友達統一5A購01,TW,0.0,256.0,0.0,0.0,0,0.0,0.0
038834,宏達電統一59購03,TW,0.0,-1808.0,0.0,0.0,0,0.0,0.0
038836,宏達電統一5A購02,TW,0.0,230.0,0.0,0.0,0,0.0,0.0
038840,全漢統一61購01,TW,0.0,-4.0,0.0,0.0,0,0.0,0.0
038841,聯詠統一5A購01,TW,0.0,-113.0,0.0,0.0,0,0.0,0.0
038842,華晶科統一61購01,TW,0.0,-368.0,0.0,0.0,0,0.0,0.0
038844,緯創統一5A購02,TW,0.0,-40.0,0.0,0.0,0,0.0,0.0
038845,緯創統一5A購03,TW,0.0,-1.0,0.0,0.0,0,0.0,0.0
038846,緯創統一5A購04,TW,0.0,-30.0,0.0,0.0,0,0.0,0.0
038847,緯創統一5C購02,TW,0.0,-2.0,0.0,0.0,0,0.0,0.0
038848,緯創統一6A購01,TW,0.0,-117.0,0.0,0.0,0,0.0,0.0
038849,群創統一5A購01,TW,0.0,81.0,0.0,0.0,0,0.0,0.0
038850,群創統一5A購02,TW,0.0,182.0,0.0,0.0,0,0.0,0.0
038851,群創統一6A購01,TW,0.0,310.0,0.0,0.0,0,0.0,0.0
038854,定穎控統一59購01,TW,0.0,11.0,0.0,0.0,0,0.0,0.0
038855,瑞智統一5A購01,TW,0.0,-5.0,0.0,0.0,0,0.0,0.0
038856,jpp統一5A購01,TW,0.0,8.0,0.0,0.0,0,0.0,0.0
038858,台郡統一61購01,TW,0.0,-20.0,0.0,0.0,0,0.0,0.0
038859,群電統一5A購01,TW,0.0,10.0,0.0,0.0,0,0.0,0.0
038860,帝寶統一5A購01,TW,0.0,270.0,0.0,0.0,0,0.0,0.0
038861,緯穎統一5A購01,TW,0.0,8.0,0.0,0.0,0,0.0,0.0
038862,緯穎統一6A購01,TW,0.0,-1089.0,0.0,0.0,0,0.0,0.0
038864,羅昇統一5A購01,TW,0.0,25.0,0.0,0.0,0,0.0,0.0
038865,羅昇統一61購01,TW,0.0,-629.0,0.0,0.0,0,0.0,0.0
038866,東哥統一6A購01,TW,0.0,-101.0,0.0,0.0,0,0.0,0.0
038876,光寶科元大57購05,TW,0.0,68.0,0.0,0.0,0,0.0,0.0
038877,光寶科元大5A購02,TW,0.0,154.0,0.0,0.0,0,0.0,0.0
038880,聯電元大56購01,TW,0.0,80.0,0.0,0.0,0,0.0,0.0
038899,昇陽半元大57購03,TW,0.0,18.0,0.0,0.0,0,0.0,0.0
038900,南電元大57購04,TW,0.0,3.0,0.0,0.0,0,0.0,0.0
038921,群電群益57購01,TW,0.0,-19.0,0.0,0.0,0,0.0,0.0
038942,世芯凱基58購01,TW,0.0,20.0,0.0,0.0,0,0.0,0.0
038954,聯電兆豐56購01,TW,0.0,12.0,0.0,0.0,0,0.0,0.0
038957,世芯元富56購01,TW,0.0,476.0,0.0,0.0,0,0.0,0.0
038960,東元富邦5A購01,TW,0.0,-20.0,0.0,0.0,0,0.0,0.0
038972,昇貿富邦56購01,TW,0.0,283.0,0.0,0.0,0,0.0,0.0
038973,昇貿富邦57購01,TW,0.0,1269.0,0.0,0.0,0,0.0,0.0
038979,AES富邦56購01,TW,0.0,30.0,0.0,0.0,0,0.0,0.0
038981,東元統一58購01,TW,0.0,26.0,0.0,0.0,0,0.0,0.0
038982,東元統一58購02,TW,0.0,-50.0,0.0,0.0,0,0.0,0.0
038983,東元統一59購01,TW,0.0,-12.0,0.0,0.0,0,0.0,0.0
038984,東元統一5A購01,TW,0.0,-1.0,0.0,0.0,0,0.0,0.0
038986,東元統一6A購01,TW,0.0,203.0,0.0,0.0,0,0.0,0.0
038987,光寶科統一6A購01,TW,0.0,-1339.0,0.0,0.0,0,0.0,0.0
038988,楠梓電統一5C購01,TW,0.0,89.0,0.0,0.0,0,0.0,0.0
038989,仁寶統一58購02,TW,0.0,14.0,0.0,0.0,0,0.0,0.0
038991,華泰統一56購03,TW,0.0,12.0,0.0,0.0,0,0.0,0.0
038992,華泰統一6A購01,TW,0.0,-756.0,0.0,0.0,0,0.0,0.0
038993,光罩統一5A購01,TW,0.0,133.0,0.0,0.0,0,0.0,0.0
038996,華邦電統一5A購01,TW,0.0,18.0,0.0,0.0,0,0.0,0.0
038997,華邦電統一6A購01,TW,0.0,-368.0,0.0,0.0,0,0.0,0.0
039000,興勤統一5A購01,TW,0.0,623.0,0.0,0.0,0,0.0,0.0
039001,興勤統一6A購01,TW,0.0,-168.0,0.0,0.0,0,0.0,0.0
039002,宏達電統一58購01,TW,0.0,-4.0,0.0,0.0,0,0.0,0.0
039003,宏達電統一5A購04,TW,0.0,-8.0,0.0,0.0,0,0.0,0.0
039004,宏達電統一6A購01,TW,0.0,-1114.0,0.0,0.0,0,0.0,0.0
039007,嘉晶統一61購01,TW,0.0,92.0,0.0,0.0,0,0.0,0.0
039009,奇鋐統一6A購01,TW,0.0,-6.0,0.0,0.0,0,0.0,0.0
039010,欣興統一59購02,TW,0.0,9.0,0.0,0.0,0,0.0,0.0
039012,欣興統一6A購01,TW,0.0,3.0,0.0,0.0,0,0.0,0.0
039015,緯創統一6A購02,TW,0.0,-219.0,0.0,0.0,0,0.0,0.0
039016,昇貿統一59購01,TW,0.0,432.0,0.0,0.0,0,0.0,0.0
039017,昇貿統一59購02,TW,0.0,20.0,0.0,0.0,0,0.0,0.0
039018,昇貿統一5A購01,TW,0.0,-929.0,0.0,0.0,0,0.0,0.0
039019,昇貿統一5C購01,TW,0.0,-826.0,0.0,0.0,0,0.0,0.0
039020,昇貿統一5C購02,TW,0.0,-251.0,0.0,0.0,0,0.0,0.0
039021,昇貿統一6A購01,TW,0.0,459.0,0.0,0.0,0,0.0,0.0
039022,創意統一5A購02,TW,0.0,27.0,0.0,0.0,0,0.0,0.0
039023,辛耘統一6A購01,TW,0.0,28.0,0.0,0.0,0,0.0,0.0
039025,宏致統一6A購01,TW,0.0,-256.0,0.0,0.0,0,0.0,0.0
039026,世芯統一58購04,TW,0.0,-288.0,0.0,0.0,0,0.0,0.0
039027,精成科統一6A購01,TW,0.0,-215.0,0.0,0.0,0,0.0,0.0
039028,緯穎統一5A購02,TW,0.0,-293.0,0.0,0.0,0,0.0,0.0
039032,兆聯統一6A購01,TW,0.0,115.0,0.0,0.0,0,0.0,0.0
039033,意騰統一5A購01,TW,0.0,1505.0,0.0,0.0,0,0.0,0.0
039034,意騰統一6A購01,TW,0.0,465.0,0.0,0.0,0,0.0,0.0
039035,昇陽半統一6A購01,TW,0.0,229.0,0.0,0.0,0,0.0,0.0
039036,南電統一6A購01,TW,0.0,-15.0,0.0,0.0,0,0.0,0.0
039037,富鼎統一5A購01,TW,0.0,-208.0,0.0,0.0,0,0.0,0.0
039038,富鼎統一6A購01,TW,0.0,258.0,0.0,0.0,0,0.0,0.0
039040,華邦電中信5A購01,TW,0.0,-16.0,0.0,0.0,0,0.0,0.0
039041,技嘉中信57購01,TW,0.0,-7.0,0.0,0.0,0,0.0,0.0
039042,聯發科中信5A購01,TW,0.0,1.0,0.0,0.0,0,0.0,0.0
039050,東元永豐5A購01,TW,0.0,-79.0,0.0,0.0,0,0.0,0.0
039071,緯創永豐56購04,TW,0.0,1.0,0.0,0.0,0,0.0,0.0
039082,彩晶永豐56購01,TW,0.0,40.0,0.0,0.0,0,0.0,0.0
039089,意騰永豐57購01,TW,0.0,575.0,0.0,0.0,0,0.0,0.0
039090,意騰永豐57購02,TW,0.0,603.0,0.0,0.0,0,0.0,0.0
039120,惠特元富5A購01,TW,0.0,3.0,0.0,0.0,0,0.0,0.0
039164,鴻海元大5A購01,TW,0.0,-233.0,0.0,0.0,0,0.0,0.0
039165,仁寶元大57購01,TW,0.0,4.0,0.0,0.0,0,0.0,0.0
039176,宏達電元大57購05,TW,0.0,-737.0,0.0,0.0,0,0.0,0.0
039177,宏達電元大59購01,TW,0.0,-1843.0,0.0,0.0,0,0.0,0.0
039187,新日興元大5A購01,TW,0.0,1829.0,0.0,0.0,0,0.0,0.0
039195,jpp元大5A購01,TW,0.0,24.0,0.0,0.0,0,0.0,0.0
039207,滬深2X凱基57購06,TW,0.0,54.0,0.0,0.0,0,0.0,0.0
039224,楠梓電凱基5A購01,TW,0.0,433.0,0.0,0.0,0,0.0,0.0
039282,鴻海群益58購02,TW,0.0,10.0,0.0,0.0,0,0.0,0.0
039297,玉山金群益56購01,TW,0.0,2.0,0.0,0.0,0,0.0,0.0
039310,事欣科群益56購01,TW,0.0,521.0,0.0,0.0,0,0.0,0.0
039328,滬深2X國票67購01,TW,0.0,38.0,0.0,0.0,0,0.0,0.0
039355,台積電中信5A購01,TW,0.0,10.0,0.0,0.0,0,0.0,0.0
039368,台積電永豐57購02,TW,0.0,174.0,0.0,0.0,0,0.0,0.0
039385,台灣50富邦64購02,TW,0.0,2.0,0.0,0.0,0,0.0,0.0
039390,晶豪科富邦56購01,TW,0.0,1032.0,0.0,0.0,0,0.0,0.0
039394,T50反1凱基5A購01,TW,0.0,-4.0,0.0,0.0,0,0.0,0.0
039438,東元統一6A購02,TW,0.0,-81.0,0.0,0.0,0,0.0,0.0
039439,中興電統一5A購01,TW,0.0,-50.0,0.0,0.0,0,0.0,0.0
039440,上銀統一5A購01,TW,0.0,4.0,0.0,0.0,0,0.0,0.0
039441,楠梓電統一59購01,TW,0.0,295.0,0.0,0.0,0,0.0,0.0
039442,楠梓電統一5A購01,TW,0.0,30.0,0.0,0.0,0,0.0,0.0
039443,楠梓電統一6A購01,TW,0.0,-124.0,0.0,0.0,0,0.0,0.0
039444,楠梓電統一6A購02,TW,0.0,-129.0,0.0,0.0,0,0.0,0.0
039445,鴻海統一6A購01,TW,0.0,-470.0,0.0,0.0,0,0.0,0.0
039446,台積電統一64購01,TW,0.0,128.0,0.0,0.0,0,0.0,0.0
039448,旺宏統一6A購02,TW,0.0,7.0,0.0,0.0,0,0.0,0.0
039449,台亞統一6A購01,TW,0.0,-421.0,0.0,0.0,0,0.0,0.0
039450,華邦電統一6A購02,TW,0.0,162.0,0.0,0.0,0,0.0,0.0
039451,敬鵬統一5A購01,TW,0.0,121.0,0.0,0.0,0,0.0,0.0
039452,技嘉統一6A購01,TW,0.0,305.0,0.0,0.0,0,0.0,0.0
039453,瑞昱統一5A購01,TW,0.0,269.0,0.0,0.0,0,0.0,0.0
039454,台光電統一6A購01,TW,0.0,-11.0,0.0,0.0,0,0.0,0.0
039455,興勤統一6A購02,TW,0.0,-364.0,0.0,0.0,0,0.0,0.0
039457,宏達電統一6A購02,TW,0.0,-181.0,0.0,0.0,0,0.0,0.0
039459,嘉晶統一6A購02,TW,0.0,95.0,0.0,0.0,0,0.0,0.0
039462,昇貿統一6A購02,TW,0.0,38.0,0.0,0.0,0,0.0,0.0
039463,新日興統一5C購01,TW,0.0,-2.0,0.0,0.0,0,0.0,0.0
039464,融程電統一6A購01,TW,0.0,-65.0,0.0,0.0,0,0.0,0.0
039465,融程電統一6A購02,TW,0.0,-177.0,0.0,0.0,0,0.0,0.0
039466,群創統一58購02,TW,0.0,-28.0,0.0,0.0,0,0.0,0.0
039468,辛耘統一6A購02,TW,0.0,-1.0,0.0,0.0,0,0.0,0.0
039469,宏致統一5A購02,TW,0.0,-711.0,0.0,0.0,0,0.0,0.0
039470,宏致統一6A購02,TW,0.0,3.0,0.0,0.0,0,0.0,0.0
039471,定穎控統一58購02,TW,0.0,-40.0,0.0,0.0,0,0.0,0.0
039472,材料統一6A購01,TW,0.0,-1998.0,0.0,0.0,0,0.0,0.0
039474,全訊統一6A購01,TW,0.0,65.0,0.0,0.0,0,0.0,0.0
039475,祥碩統一6A購01,TW,0.0,-1029.0,0.0,0.0,0,0.0,0.0
039477,康舒統一5A購01,TW,0.0,66.0,0.0,0.0,0,0.0,0.0
039478,康舒統一6A購01,TW,0.0,311.0,0.0,0.0,0,0.0,0.0
039479,兆聯統一6A購02,TW,0.0,-118.0,0.0,0.0,0,0.0,0.0
039480,南電統一5A購03,TW,0.0,4.0,0.0,0.0,0,0.0,0.0
039481,富鼎統一5C購01,TW,0.0,61.0,0.0,0.0,0,0.0,0.0
039482,富鼎統一6A購02,TW,0.0,-369.0,0.0,0.0,0,0.0,0.0
039495,鴻海元大5A購02,TW,0.0,442.0,0.0,0.0,0,0.0,0.0
039504,技嘉元大57購01,TW,0.0,75.0,0.0,0.0,0,0.0,0.0
039505,技嘉元大58購01,TW,0.0,-295.0,0.0,0.0,0,0.0,0.0
039507,友達元大5A購01,TW,0.0,12.0,0.0,0.0,0,0.0,0.0
039514,奇鋐元大5A購04,TW,0.0,3.0,0.0,0.0,0,0.0,0.0
039517,群創元大56購03,TW,0.0,2.0,0.0,0.0,0,0.0,0.0
039525,緯穎元大57購01,TW,0.0,-123.0,0.0,0.0,0,0.0,0.0
039526,采鈺元大57購03,TW,0.0,2.0,0.0,0.0,0,0.0,0.0
039577,友達中信56購01,TW,0.0,71.0,0.0,0.0,0,0.0,0.0
039585,技嘉永豐56購03,TW,0.0,84.0,0.0,0.0,0,0.0,0.0
039586,華新科永豐56購01,TW,0.0,11.0,0.0,0.0,0,0.0,0.0
039587,華新科永豐57購01,TW,0.0,7.0,0.0,0.0,0,0.0,0.0
039597,愛普永豐56購01,TW,0.0,2.0,0.0,0.0,0,0.0,0.0
039603,中砂統一6A購01,TW,0.0,350.0,0.0,0.0,0,0.0,0.0
039605,光罩統一6A購01,TW,0.0,78.0,0.0,0.0,0,0.0,0.0
039606,台亞統一6A購02,TW,0.0,-47.0,0.0,0.0,0,0.0,0.0
039607,華邦電統一5A購02,TW,0.0,-11.0,0.0,0.0,0,0.0,0.0
039608,台光電統一56購08,TW,0.0,6.0,0.0,0.0,0,0.0,0.0
039609,毅嘉統一5C購01,TW,0.0,-52.0,0.0,0.0,0,0.0,0.0
039610,華新科統一58購01,TW,0.0,25.0,0.0,0.0,0,0.0,0.0
039611,華新科統一59購01,TW,0.0,10.0,0.0,0.0,0,0.0,0.0
039612,華新科統一61購01,TW,0.0,112.0,0.0,0.0,0,0.0,0.0
039613,華新科統一6A購01,TW,0.0,33.0,0.0,0.0,0,0.0,0.0
039616,台勝科統一6A購02,TW,0.0,5.0,0.0,0.0,0,0.0,0.0
039617,材料統一6A購02,TW,0.0,30.0,0.0,0.0,0,0.0,0.0
039618,祥碩統一6A購02,TW,0.0,-578.0,0.0,0.0,0,0.0,0.0
039623,鈺邦統一5C購02,TW,0.0,-606.0,0.0,0.0,0,0.0,0.0
039624,台虹統一6A購01,TW,0.0,-5.0,0.0,0.0,0,0.0,0.0
039625,台灣50兆豐57購01,TW,0.0,0.0,0.0,0.0,0,0.0,0.0
039626,台積電兆豐56購01,TW,0.0,0.0,0.0,0.0,0,0.0,0.0
039645,台積電凱基56購14,TW,0.0,2.0,0.0,0.0,0,0.0,0.0
039665,鈺邦凱基57購01,TW,0.0,-348.0,0.0,0.0,0,0.0,0.0
039670,滬深2X元大57購06,TW,0.0,-99.0,0.0,0.0,0,0.0,0.0
039675,華新元大57購01,TW,0.0,-16.0,0.0,0.0,0,0.0,0.0
039688,技嘉元大57購02,TW,0.0,71.0,0.0,0.0,0,0.0,0.0
039689,技嘉元大58購02,TW,0.0,411.0,0.0,0.0,0,0.0,0.0
039691,京元電元大57購05,TW,0.0,-1.0,0.0,0.0,0,0.0,0.0
039702,晶豪科元大58購01,TW,0.0,9.0,0.0,0.0,0,0.0,0.0
039706,昇貿元大57購02,TW,0.0,-468.0,0.0,0.0,0,0.0,0.0
03972C,元債2X凱基58牛01,TW,0.0,-2448.0,0.0,0.0,0,0.0,0.0
039738,華新科元富57購02,TW,0.0,3.0,0.0,0.0,0,0.0,0.0
039739,華新科元富57購03,TW,0.0,71.0,0.0,0.0,0,0.0,0.0
039747,台積電群益58購04,TW,0.0,-6.0,0.0,0.0,0,0.0,0.0
039748,台積電群益5A購01,TW,0.0,-20.0,0.0,0.0,0,0.0,0.0
039767,富世達群益58購02,TW,0.0,0.0,0.0,0.0,0,0.0,0.0
039768,上証2X國票5B購01,TW,0.0,-1.0,0.0,0.0,0,0.0,0.0
039770,香港反國票56購01,TW,0.0,2.0,0.0,0.0,0,0.0,0.0
039772,SGBR2X國票56購01,TW,0.0,0.0,0.0,0.0,0,0.0,0.0
039776,華新國票56購01,TW,0.0,10.0,0.0,0.0,0,0.0,0.0
039780,華邦電國票59購01,TW,0.0,7.0,0.0,0.0,0,0.0,0.0
039782,技嘉國票56購01,TW,0.0,-244.0,0.0,0.0,0,0.0,0.0
039784,華新科國票58購01,TW,0.0,3.0,0.0,0.0,0,0.0,0.0
039785,奇鋐國票5C購01,TW,0.0,0.0,0.0,0.0,0,0.0,0.0
039800,台達電永豐56購02,TW,0.0,8.0,0.0,0.0,0,0.0,0.0
039801,楠梓電永豐56購01,TW,0.0,6.0,0.0,0.0,0,0.0,0.0
039805,佳世達永豐56購01,TW,0.0,90.0,0.0,0.0,0,0.0,0.0
039822,華邦電富邦58購01,TW,0.0,2.0,0.0,0.0,0,0.0,0.0
039833,富世達富邦56購01,TW,0.0,3.0,0.0,0.0,0,0.0,0.0
039842,亞光元富57購01,TW,0.0,-290.0,0.0,0.0,0,0.0,0.0
03985C,A50凱基57牛01,TW,0.0,-3.0,0.0,0.0,0,0.0,0.0
039871,元金反凱基6A購01,TW,0.0,88.0,0.0,0.0,0,0.0,0.0
039872,道瓊銀凱基5A購01,TW,0.0,0.0,0.0,0.0,0,0.0,0.0
039880,國巨凱基58購01,TW,0.0,6.0,0.0,0.0,0,0.0,0.0
039881,台積電凱基5A購03,TW,0.0,-10.0,0.0,0.0,0,0.0,0.0
039890,神達凱基58購01,TW,0.0,40.0,0.0,0.0,0,0.0,0.0
039904,A50正2元大56購02,TW,0.0,178.0,0.0,0.0,0,0.0,0.0
039914,旺宏元大56購01,TW,0.0,10.0,0.0,0.0,0,0.0,0.0
039920,佳能元大57購01,TW,0.0,158.0,0.0,0.0,0,0.0,0.0
039921,技嘉元大57購03,TW,0.0,-6.0,0.0,0.0,0,0.0,0.0
039922,技嘉元大59購01,TW,0.0,-593.0,0.0,0.0,0,0.0,0.0
039926,宏達電元大59購02,TW,0.0,-27.0,0.0,0.0,0,0.0,0.0
039934,群創元大56購05,TW,0.0,296.0,0.0,0.0,0,0.0,0.0
039938,力成元大57購01,TW,0.0,17.0,0.0,0.0,0,0.0,0.0
039946,力積電元大5A購01,TW,0.0,-48.0,0.0,0.0,0,0.0,0.0
039948,昇陽半元大56購03,TW,0.0,195.0,0.0,0.0,0,0.0,0.0
03995C,臺股指凱基5A牛08,TW,0.0,55.0,0.0,0.0,0,0.0,0.0
039969,微星群益59購01,TW,0.0,51.0,0.0,0.0,0,0.0,0.0
03996C,臺股指元大5A牛05,TW,0.0,-470.0,0.0,0.0,0,0.0,0.0
039970,毅嘉群益56購01,TW,0.0,1.0,0.0,0.0,0,0.0,0.0
039980,定穎控群益56購03,TW,0.0,12.0,0.0,0.0,0,0.0,0.0
039989,臺股指群益64購01,TW,0.0,4.0,0.0,0.0,0,0.0,0.0
03998C,元債2X富邦5C牛01,TW,0.0,3913.0,0.0,0.0,0,0.0,0.0
039999,聯鈞富邦56購01,TW,0.0,1.0,0.0,0.0,0,0.0,0.0
03999C,臺股指元大5C牛03,TW,0.0,-10.0,0.0,0.0,0,0.0,0.0
040002,緯穎富邦5A購01,TW,0.0,123.0,0.0,0.0,0,0.0,0.0
040007,台達電元富57購05,TW,0.0,100.0,0.0,0.0,0,0.0,0.0
040012,定穎控元富57購01,TW,0.0,23.0,0.0,0.0,0,0.0,0.0
040014,十銓元富56購01,TW,0.0,5.0,0.0,0.0,0,0.0,0.0
04001C,臺股指凱基5B牛08,TW,0.0,631.0,0.0,0.0,0,0.0,0.0
040024,十銓國票5A購01,TW,0.0,76.0,0.0,0.0,0,0.0,0.0
040027,華東國票56購02,TW,0.0,1.0,0.0,0.0,0,0.0,0.0
04003C,臺股指元大61牛14,TW,0.0,-60.0,0.0,0.0,0,0.0,0.0
040041,元金2X永豐5A購01,TW,0.0,-138.0,0.0,0.0,0,0.0,0.0
040046,台積電永豐5A購03,TW,0.0,-182.0,0.0,0.0,0,0.0,0.0
04004C,臺股指凱基5A牛17,TW,0.0,159.0,0.0,0.0,0,0.0,0.0
04005C,臺股指元大5B牛12,TW,0.0,35.0,0.0,0.0,0,0.0,0.0
04006C,臺股指凱基5B牛10,TW,0.0,-155.0,0.0,0.0,0,0.0,0.0
040072,英業達元大5A購01,TW,0.0,-146.0,0.0,0.0,0,0.0,0.0
040075,技嘉元大59購02,TW,0.0,12.0,0.0,0.0,0,0.0,0.0
040077,京元電元大57購06,TW,0.0,12.0,0.0,0.0,0,0.0,0.0
04008C,臺股指凱基64牛01,TW,0.0,-465.0,1.0,0.0,0,0.0,0.0
040094,聯鈞元大58購01,TW,0.0,131.0,0.0,0.0,0,0.0,0.0
040097,定穎控元大57購02,TW,0.0,-160.0,0.0,0.0,0,0.0,0.0
040099,jpp元大58購01,TW,0.0,227.0,0.0,0.0,0,0.0,0.0
04009C,臺股指元大64牛11,TW,0.0,-4574.0,0.0,0.0,0,0.0,0.0
040108,愛普元大56購01,TW,0.0,2.0,0.0,0.0,0,0.0,0.0
04010C,臺股指元大63牛21,TW,0.0,110.0,0.0,0.0,0,0.0,0.0
040113,富世達元大57購02,TW,0.0,12.0,0.0,0.0,0,0.0,0.0
04011C,臺股指富邦64牛08,TW,0.0,-4.0,0.0,0.0,0,0.0,0.0
040126,聯鈞群益56購01,TW,0.0,0.0,0.0,0.0,0,0.0,0.0
04012C,臺股指元大64牛12,TW,0.0,-2437.0,0.0,0.0,0,0.0,0.0
040133,富世達群益5A購01,TW,0.0,-9.0,0.0,0.0,0,0.0,0.0
040138,華新凱基57購01,TW,0.0,124.0,0.0,0.0,0,0.0,0.0
04013C,臺股指富邦64牛10,TW,0.0,-1.0,0.0,0.0,0,0.0,0.0
040145,佳能凱基58購01,TW,0.0,-28.0,0.0,0.0,0,0.0,0.0
04014C,臺股指凱基5C牛14,TW,0.0,466.0,0.0,0.0,0,0.0,0.0
040153,世芯凱基58購02,TW,0.0,10.0,0.0,0.0,0,0.0,0.0
040158,力成凱基57購01,TW,0.0,23.0,0.0,0.0,0,0.0,0.0
04015C,臺股指元大64牛15,TW,0.0,-1713.0,0.0,0.0,0,0.0,0.0
040161,昇陽半凱基57購02,TW,0.0,1.0,0.0,0.0,0,0.0,0.0
04016C,臺股指凱基63牛09,TW,0.0,-2068.0,0.0,0.0,0,0.0,0.0
040171,滬深2X永豐58購02,TW,0.0,246.0,0.0,0.0,0,0.0,0.0
040177,台積電永豐57購03,TW,0.0,20.0,0.0,0.0,0,0.0,0.0
04017C,臺股指富邦65牛04,TW,0.0,-274.0,0.0,0.0,0,0.0,0.0
040186,智伸科永豐56購01,TW,0.0,340.0,0.0,0.0,0,0.0,0.0
04018C,臺股指凱基5B牛13,TW,0.0,-78.0,0.0,0.0,0,0.0,0.0
04019C,臺股指元大65牛13,TW,0.0,-3971.0,0.0,0.0,0,0.0,0.0
040200,SP黃豆凱基5C購01,TW,0.0,-342.0,0.0,0.0,0,0.0,0.0
040203,華新凱基56購01,TW,0.0,0.0,0.0,0.0,0,0.0,0.0
040213,京元電凱基57購06,TW,0.0,-3.0,0.0,0.0,0,0.0,0.0
040233,道瓊銀富邦57購01,TW,0.0,0.0,0.0,0.0,0,0.0,0.0
040234,上銀富邦56購01,TW,0.0,170.0,0.0,0.0,0,0.0,0.0
040236,楠梓電富邦56購02,TW,0.0,3.0,0.0,0.0,0,0.0,0.0
040239,仁寶富邦56購03,TW,0.0,69.0,0.0,0.0,0,0.0,0.0
040246,台積電凱基56購03,TW,0.0,4.0,0.0,0.0,0,0.0,0.0
040249,長榮富邦56購02,TW,0.0,100.0,0.0,0.0,0,0.0,0.0
040251,大立光富邦56購01,TW,0.0,35.0,0.0,0.0,0,0.0,0.0
040255,世芯富邦56購01,TW,0.0,17.0,0.0,0.0,0,0.0,0.0
040256,達興富邦56購02,TW,0.0,-145.0,0.0,0.0,0,0.0,0.0
040257,祥碩富邦56購01,TW,0.0,30.0,0.0,0.0,0,0.0,0.0
040261,昇陽半富邦57購01,TW,0.0,65.0,0.0,0.0,0,0.0,0.0
040291,聯鈞元大5A購01,TW,0.0,30.0,0.0,0.0,0,0.0,0.0
040292,群創元大56購06,TW,0.0,145.0,0.0,0.0,0,0.0,0.0
040293,定穎控元大58購03,TW,0.0,-225.0,0.0,0.0,0,0.0,0.0
040294,jpp元大58購02,TW,0.0,296.0,0.0,0.0,0,0.0,0.0
040296,力成元大5A購01,TW,0.0,91.0,0.0,0.0,0,0.0,0.0
040304,力積電元大59購01,TW,0.0,4.0,0.0,0.0,0,0.0,0.0
040305,昇陽半元大57購04,TW,0.0,4.0,0.0,0.0,0,0.0,0.0
040334,臺股指中信59購04,TW,0.0,1.0,0.0,0.0,0,0.0,0.0
040339,昇貿永豐56購02,TW,0.0,-7.0,0.0,0.0,0,0.0,0.0
040351,香港2X凱基56購01,TW,0.0,97.0,0.0,0.0,0,0.0,0.0
040353,道瓊銅凱基56購02,TW,0.0,0.0,0.0,0.0,0,0.0,0.0
040354,上銀凱基56購01,TW,0.0,20.0,0.0,0.0,0,0.0,0.0
040369,台積電統一56購02,TW,0.0,1.0,0.0,0.0,0,0.0,0.0
040393,台積電元富6A購01,TW,0.0,18.0,0.0,0.0,0,0.0,0.0
040405,香港2X國票57購01,TW,0.0,-902.0,0.0,0.0,0,0.0,0.0
040408,科妍國票59購01,TW,0.0,0.0,0.0,0.0,0,0.0,0.0
040410,台達電國票57購01,TW,0.0,12.0,0.0,0.0,0,0.0,0.0
040414,台達電國票62購01,TW,0.0,-17.0,0.0,0.0,0,0.0,0.0
040415,台達電國票64購01,TW,0.0,-7.0,0.0,0.0,0,0.0,0.0
040420,微星國票5A購01,TW,0.0,425.0,0.0,0.0,0,0.0,0.0
040426,全訊國票59購01,TW,0.0,-5.0,0.0,0.0,0,0.0,0.0
040434,台積電凱基56購05,TW,0.0,18.0,0.0,0.0,0,0.0,0.0
040461,大立光元大57購01,TW,0.0,126.0,0.0,0.0,0,0.0,0.0
040468,昇貿元大5A購01,TW,0.0,-1025.0,0.0,0.0,0,0.0,0.0
040470,聯鈞元大5A購02,TW,0.0,1.0,0.0,0.0,0,0.0,0.0
040472,神達元大57購01,TW,0.0,40.0,0.0,0.0,0,0.0,0.0
040474,jpp元大59購01,TW,0.0,-379.0,0.0,0.0,0,0.0,0.0
040476,力成元大5A購02,TW,0.0,23.0,0.0,0.0,0,0.0,0.0
040480,愛普元大57購01,TW,0.0,3.0,0.0,0.0,0,0.0,0.0
040484,富世達元大57購03,TW,0.0,-171.0,0.0,0.0,0,0.0,0.0
040504,昇貿群益58購02,TW,0.0,5.0,0.0,0.0,0,0.0,0.0
040513,宇瞻群益56購01,TW,0.0,5.0,0.0,0.0,0,0.0,0.0
040517,台積電中信5A購03,TW,0.0,14.0,0.0,0.0,0,0.0,0.0
040519,亞翔中信57購01,TW,0.0,33.0,0.0,0.0,0,0.0,0.0
040520,力積電中信5A購01,TW,0.0,88.0,0.0,0.0,0,0.0,0.0
040521,力積電中信5A購02,TW,0.0,3.0,0.0,0.0,0,0.0,0.0
040523,金寶永豐56購01,TW,0.0,-7.0,0.0,0.0,0,0.0,0.0
040528,世芯永豐58購01,TW,0.0,-3.0,0.0,0.0,0,0.0,0.0
040542,華碩兆豐56購01,TW,0.0,5.0,0.0,0.0,0,0.0,0.0
040544,元金2X富邦57購01,TW,0.0,32.0,0.0,0.0,0,0.0,0.0
040545,FB越南富邦5A購01,TW,0.0,53.0,0.0,0.0,0,0.0,0.0
040552,臺股指富邦5A購03,TW,0.0,-43.0,0.0,0.0,0,0.0,0.0
040553,臺股指富邦5A購04,TW,0.0,1.0,0.0,0.0,0,0.0,0.0
040576,鴻海統一56購02,TW,0.0,433.0,0.0,0.0,0,0.0,0.0
040605,南亞統一58購03,TW,0.0,-20.0,0.0,0.0,0,0.0,0.0
040606,東元統一5A購02,TW,0.0,5.0,0.0,0.0,0,0.0,0.0
040607,華新統一58購06,TW,0.0,574.0,0.0,0.0,0,0.0,0.0
040608,川湖統一58購06,TW,0.0,160.0,0.0,0.0,0,0.0,0.0
040609,川湖統一6A購01,TW,0.0,37.0,0.0,0.0,0,0.0,0.0
040610,華通統一6A購01,TW,0.0,20.0,4.0,0.0,0,0.0,0.0
040611,楠梓電統一58購01,TW,0.0,39.0,0.0,0.0,0,0.0,0.0
040612,華泰統一5A購02,TW,0.0,45.0,0.0,0.0,0,0.0,0.0
040613,正崴統一6A購01,TW,0.0,-98.0,0.0,0.0,0,0.0,0.0
040615,一詮統一6A購01,TW,0.0,40.0,0.0,0.0,0,0.0,0.0
040616,華新科統一5A購01,TW,0.0,4.0,0.0,0.0,0,0.0,0.0
040617,華新科統一6A購02,TW,0.0,130.0,0.0,0.0,0,0.0,0.0
040618,長榮統一5C購02,TW,0.0,-28.0,0.0,0.0,0,0.0,0.0
040619,長榮統一6A購01,TW,0.0,-196.0,0.0,0.0,0,0.0,0.0
040621,裕民統一5A購01,TW,0.0,-62.0,0.0,0.0,0,0.0,0.0
040622,陽明統一5A購01,TW,0.0,-387.0,0.0,0.0,0,0.0,0.0
040623,陽明統一6A購01,TW,0.0,-70.0,0.0,0.0,0,0.0,0.0
040624,慧洋統一5A購01,TW,0.0,-210.0,0.0,0.0,0,0.0,0.0
040625,景碩統一57購06,TW,0.0,21.0,0.0,0.0,0,0.0,0.0
040626,景碩統一5A購01,TW,0.0,9.0,0.0,0.0,0,0.0,0.0
040627,景碩統一6A購01,TW,0.0,41.0,0.0,0.0,0,0.0,0.0
040628,京鼎統一6A購01,TW,0.0,-292.0,0.0,0.0,0,0.0,0.0
040629,創意統一5A購03,TW,0.0,34.0,0.0,0.0,0,0.0,0.0
040630,創意統一6A購01,TW,0.0,2743.0,0.0,0.0,0,0.0,0.0
040631,jpp統一6A購01,TW,0.0,1012.0,0.0,0.0,0,0.0,0.0
040632,亞翔統一6A購01,TW,0.0,711.0,0.0,0.0,0,0.0,0.0
040633,帆宣統一6A購01,TW,0.0,59.0,0.0,0.0,0,0.0,0.0
040637,康舒統一6A購02,TW,0.0,-1378.0,0.0,0.0,0,0.0,0.0
040638,鈺邦統一58購04,TW,0.0,-1272.0,0.0,0.0,0,0.0,0.0
040639,緯穎統一6A購02,TW,0.0,43.0,0.0,0.0,0,0.0,0.0
040640,龍德船統一61購01,TW,0.0,-360.0,0.0,0.0,0,0.0,0.0
040641,龍德船統一6A購01,TW,0.0,-38.0,0.0,0.0,0,0.0,0.0
040642,力積電統一58購02,TW,0.0,2.0,0.0,0.0,0,0.0,0.0
040644,力積電統一59購02,TW,0.0,5.0,0.0,0.0,0,0.0,0.0
040645,力積電統一5A購01,TW,0.0,-10.0,0.0,0.0,0,0.0,0.0
040646,力積電統一5C購02,TW,0.0,18.0,0.0,0.0,0,0.0,0.0
040647,力積電統一6A購01,TW,0.0,-14.0,0.0,0.0,0,0.0,0.0
040648,力積電統一6A購02,TW,0.0,16.0,0.0,0.0,0,0.0,0.0
040650,天虹統一6A購01,TW,0.0,-244.0,0.0,0.0,0,0.0,0.0
040651,台虹統一6A購02,TW,0.0,40.0,0.0,0.0,0,0.0,0.0
040652,南電統一58購02,TW,0.0,-58.0,0.0,0.0,0,0.0,0.0
040653,南電統一6A購02,TW,0.0,-30.0,0.0,0.0,0,0.0,0.0
040656,道瓊銀元大56購01,TW,0.0,10.0,0.0,0.0,0,0.0,0.0
040685,昇貿元大5A購02,TW,0.0,635.0,0.0,0.0,0,0.0,0.0
040687,聯鈞元大58購02,TW,0.0,3.0,0.0,0.0,0,0.0,0.0
040691,定穎控元大5A購01,TW,0.0,7.0,0.0,0.0,0,0.0,0.0
040699,富世達元大57購04,TW,0.0,-1061.0,0.0,0.0,0,0.0,0.0
040750,金寶群益5A購01,TW,0.0,20.0,0.0,0.0,0,0.0,0.0
040764,龍德船群益5A購02,TW,0.0,151.0,0.0,0.0,0,0.0,0.0
040766,寶成群益58購01,TW,0.0,11.0,0.0,0.0,0,0.0,0.0
040772,緯穎中信5A購01,TW,0.0,9.0,0.0,0.0,0,0.0,0.0
040773,南電中信5A購01,TW,0.0,7.0,0.0,0.0,0,0.0,0.0
040774,T50正2永豐57購01,TW,0.0,4.0,0.0,0.0,0,0.0,0.0
040775,元金2X永豐5A購02,TW,0.0,-10.0,0.0,0.0,0,0.0,0.0
040791,康舒統一5A購02,TW,0.0,-239.0,0.0,0.0,0,0.0,0.0
040792,龍德船統一5C購01,TW,0.0,-299.0,0.0,0.0,0,0.0,0.0
040795,香港2X國票5A購01,TW,0.0,-98.0,0.0,0.0,0,0.0,0.0
040799,建準國票5B購01,TW,0.0,106.0,0.0,0.0,0,0.0,0.0
040800,強茂國票56購01,TW,0.0,512.0,0.0,0.0,0,0.0,0.0
040807,旭隼國票5A購01,TW,0.0,-1454.0,0.0,0.0,0,0.0,0.0
040810,富世達國票5C購01,TW,0.0,12.0,0.0,0.0,0,0.0,0.0
040812,東元兆豐5A購01,TW,0.0,12.0,0.0,0.0,0,0.0,0.0
040826,華新元大5A購01,TW,0.0,-764.0,0.0,0.0,0,0.0,0.0
040828,光寶科元大58購03,TW,0.0,22.0,0.0,0.0,0,0.0,0.0
040854,聯鈞元大57購03,TW,0.0,350.0,0.0,0.0,0,0.0,0.0
040857,神達元大57購03,TW,0.0,143.0,0.0,0.0,0,0.0,0.0
040866,富世達元大57購05,TW,0.0,-188.0,0.0,0.0,0,0.0,0.0
040870,臺股指元大56購20,TW,0.0,9.0,0.0,0.0,0,0.0,0.0
040875,滬深2X凱基63購01,TW,0.0,0.0,0.0,0.0,0,0.0,0.0
040884,台積電凱基56購15,TW,0.0,-59.0,0.0,0.0,0,0.0,0.0
040908,臺股指凱基5A購06,TW,0.0,-3.0,0.0,0.0,0,0.0,0.0
040939,鴻海群益5A購03,TW,0.0,351.0,0.0,0.0,0,0.0,0.0
040969,大成鋼統一5C購01,TW,0.0,456.0,0.0,0.0,0,0.0,0.0
040970,川湖統一58購07,TW,0.0,60.0,0.0,0.0,0,0.0,0.0
040971,宇隆統一6A購01,TW,0.0,-84.0,0.0,0.0,0,0.0,0.0
040973,致茂統一6A購01,TW,0.0,2.0,0.0,0.0,0,0.0,0.0
040974,佳能統一5C購01,TW,0.0,-7.0,0.0,0.0,0,0.0,0.0
040975,毅嘉統一6A購01,TW,0.0,1.0,0.0,0.0,0,0.0,0.0
040976,世芯統一57購04,TW,0.0,461.0,0.0,0.0,0,0.0,0.0
040978,創見統一5C購02,TW,0.0,254.0,0.0,0.0,0,0.0,0.0
040979,強茂統一6A購01,TW,0.0,-1279.0,0.0,0.0,0,0.0,0.0
040980,景碩統一6A購02,TW,0.0,26.0,0.0,0.0,0,0.0,0.0
040981,世芯統一5A購01,TW,0.0,297.0,0.0,0.0,0,0.0,0.0
040982,南電統一64購01,TW,0.0,1478.0,0.0,0.0,0,0.0,0.0
040983,台灣50中信5A購01,TW,0.0,105.0,0.0,0.0,0,0.0,0.0
040984,T50正2中信5A購02,TW,0.0,30.0,0.0,0.0,0,0.0,0.0
040985,T50反1中信64購02,TW,0.0,42.0,0.0,0.0,0,0.0,0.0
040989,鴻海永豐56購04,TW,0.0,5.0,0.0,0.0,0,0.0,0.0
040991,台積電永豐5A購06,TW,0.0,-37.0,0.0,0.0,0,0.0,0.0
040992,順德永豐55購01,TW,0.0,10.0,0.0,0.0,0,0.0,0.0
040994,長榮永豐58購01,TW,0.0,10.0,0.0,0.0,0,0.0,0.0
040997,貿聯永豐55購02,TW,0.0,90.0,0.0,0.0,0,0.0,0.0
041003,上証2X凱基56購01,TW,0.0,98.0,0.0,0.0,0,0.0,0.0
041017,聯發科凱基56購05,TW,0.0,4.0,0.0,0.0,0,0.0,0.0
041018,強茂凱基55購01,TW,0.0,4.0,0.0,0.0,0,0.0,0.0
041043,華新元大5A購02,TW,0.0,-146.0,0.0,0.0,0,0.0,0.0
041046,光寶科元大58購04,TW,0.0,17.0,0.0,0.0,0,0.0,0.0
041059,漢翔元大5A購01,TW,0.0,440.0,0.0,0.0,0,0.0,0.0
041061,大立光元大58購01,TW,0.0,30.0,0.0,0.0,0,0.0,0.0
041068,聯發科元富57購01,TW,0.0,1.0,0.0,0.0,0,0.0,0.0
041075,康舒元大5A購01,TW,0.0,326.0,0.0,0.0,0,0.0,0.0
041089,強茂兆豐55購01,TW,0.0,8.0,0.0,0.0,0,0.0,0.0
041090,慧洋兆豐56購01,TW,0.0,80.0,0.0,0.0,0,0.0,0.0
041092,奇鋐兆豐56購01,TW,0.0,3.0,0.0,0.0,0,0.0,0.0
041093,聯詠兆豐5A購01,TW,0.0,104.0,0.0,0.0,0,0.0,0.0
041096,亞翔兆豐56購02,TW,0.0,20.0,0.0,0.0,0,0.0,0.0
041109,元金2X國票5A購01,TW,0.0,-1603.0,0.0,0.0,0,0.0,0.0
041110,道瓊銀國票5A購01,TW,0.0,20.0,0.0,0.0,0,0.0,0.0
041115,菱生國票55購02,TW,0.0,130.0,0.0,0.0,0,0.0,0.0
041116,漢唐國票55購01,TW,0.0,700.0,0.0,0.0,0,0.0,0.0
041126,台積電統一57購01,TW,0.0,24.0,0.0,0.0,0,0.0,0.0
041138,華城國泰55購02,TW,0.0,0.0,0.0,0.0,0,0.0,0.0
041153,光寶科群益55購02,TW,0.0,60.0,0.0,0.0,0,0.0,0.0
041158,台積電群益58購05,TW,0.0,4.0,0.0,0.0,0,0.0,0.0
041162,飛宏群益5A購01,TW,0.0,53.0,0.0,0.0,0,0.0,0.0
041165,富邦金群益5A購01,TW,0.0,1.0,0.0,0.0,0,0.0,0.0
041184,川湖富邦57購01,TW,0.0,-392.0,0.0,0.0,0,0.0,0.0
041190,強茂富邦57購02,TW,0.0,192.0,0.0,0.0,0,0.0,0.0
041192,定穎控富邦57購01,TW,0.0,10.0,0.0,0.0,0,0.0,0.0
041193,亞翔富邦58購01,TW,0.0,60.0,0.0,0.0,0,0.0,0.0
041207,飛宏統一5C購01,TW,0.0,-367.0,0.0,0.0,0,0.0,0.0
041208,晶豪科統一6A購01,TW,0.0,24.0,0.0,0.0,0,0.0,0.0
041209,至上統一5C購01,TW,0.0,-39.0,0.0,0.0,0,0.0,0.0
041210,元黃金中信5A購01,TW,0.0,-8.0,0.0,0.0,0,0.0,0.0
041212,元金2X中信5A購03,TW,0.0,-1.0,0.0,0.0,0,0.0,0.0
041216,昇陽半中信5A購01,TW,0.0,-35.0,0.0,0.0,0,0.0,0.0
041225,光寶科永豐57購01,TW,0.0,8.0,0.0,0.0,0,0.0,0.0
041227,鴻海永豐5A購01,TW,0.0,-292.0,0.0,0.0,0,0.0,0.0
041248,金寶群益55購01,TW,0.0,25.0,0.0,0.0,0,0.0,0.0
041252,強茂群益56購01,TW,0.0,-20.0,0.0,0.0,0,0.0,0.0
041263,T50反1元大5B購03,TW,0.0,-20.0,0.0,0.0,0,0.0,0.0
041265,中高息元大55購01,TW,0.0,312.0,0.0,0.0,0,0.0,0.0
041283,強茂元大56購01,TW,0.0,7.0,0.0,0.0,0,0.0,0.0
041284,強茂元大5A購01,TW,0.0,114.0,0.0,0.0,0,0.0,0.0
041297,日月光元大56購01,TW,0.0,230.0,0.0,0.0,0,0.0,0.0
041302,力成元大56購01,TW,0.0,-150.0,0.0,0.0,0,0.0,0.0
041320,台積電元富5A購06,TW,0.0,5.0,0.0,0.0,0,0.0,0.0
041334,順德國票55購01,TW,0.0,30.0,0.0,0.0,0,0.0,0.0
041336,凱美國票55購01,TW,0.0,800.0,0.0,0.0,0,0.0,0.0
041338,華新科國票55購02,TW,0.0,7.0,0.0,0.0,0,0.0,0.0
041340,大立光國票55購01,TW,0.0,15.0,0.0,0.0,0,0.0,0.0
041344,創意國票5C購01,TW,0.0,15.0,0.0,0.0,0,0.0,0.0
041345,貿聯國票58購01,TW,0.0,-46.0,0.0,0.0,0,0.0,0.0
041350,康舒國票57購01,TW,0.0,107.0,0.0,0.0,0,0.0,0.0
041365,漢唐凱基55購02,TW,0.0,20.0,0.0,0.0,0,0.0,0.0
041376,緯創凱基56購02,TW,0.0,-2.0,0.0,0.0,0,0.0,0.0
041379,牧德凱基55購01,TW,0.0,2.0,0.0,0.0,0,0.0,0.0
041392,上証2X凱基58購01,TW,0.0,-90.0,0.0,0.0,0,0.0,0.0
041393,元黃金凱基5A購01,TW,0.0,3.0,0.0,0.0,0,0.0,0.0
041423,力成凱基55購01,TW,0.0,41.0,0.0,0.0,0,0.0,0.0
041432,鴻海統一5B購02,TW,0.0,361.0,0.0,0.0,0,0.0,0.0
041434,聯鈞統一5C購01,TW,0.0,-351.0,0.0,0.0,0,0.0,0.0
041435,至上統一5C購02,TW,0.0,92.0,0.0,0.0,0,0.0,0.0
041436,可寧衛統一5C購01,TW,0.0,40.0,0.0,0.0,0,0.0,0.0
041437,可寧衛統一5C購02,TW,0.0,230.0,0.0,0.0,0,0.0,0.0
041438,鴻海中信5A購01,TW,0.0,448.0,0.0,0.0,0,0.0,0.0
041439,台積電中信5A購06,TW,0.0,-8.0,0.0,0.0,0,0.0,0.0
041448,鴻海永豐5B購01,TW,0.0,-305.0,0.0,0.0,0,0.0,0.0
041449,台積電永豐5A購07,TW,0.0,-70.0,0.0,0.0,0,0.0,0.0
041451,台積電永豐5A購09,TW,0.0,229.0,0.0,0.0,0,0.0,0.0
041454,華新科永豐56購02,TW,0.0,21.0,0.0,0.0,0,0.0,0.0
041455,富邦金永豐55購01,TW,0.0,388.0,0.0,0.0,0,0.0,0.0
041458,禾伸堂永豐56購01,TW,0.0,2.0,0.0,0.0,0,0.0,0.0
041459,康舒永豐56購01,TW,0.0,63.0,0.0,0.0,0,0.0,0.0
041477,康舒元富5A購01,TW,0.0,-220.0,0.0,0.0,0,0.0,0.0
041478,緯穎元富55購07,TW,0.0,109.0,0.0,0.0,0,0.0,0.0
041484,元金反國票57購02,TW,0.0,10.0,0.0,0.0,0,0.0,0.0
041485,元金反國票5A購01,TW,0.0,-20.0,0.0,0.0,0,0.0,0.0
041488,華新國票56購02,TW,0.0,-88.0,0.0,0.0,0,0.0,0.0
041490,華泰國票55購01,TW,0.0,4.0,0.0,0.0,0,0.0,0.0
041494,華新科國票5C購01,TW,0.0,13.0,0.0,0.0,0,0.0,0.0
041497,禾伸堂國票58購01,TW,0.0,1.0,0.0,0.0,0,0.0,0.0
041498,緯穎國票58購01,TW,0.0,-1727.0,0.0,0.0,0,0.0,0.0
041499,富世達國票55購04,TW,0.0,-138.0,0.0,0.0,0,0.0,0.0
041507,鴻海元大5A購03,TW,0.0,184.0,0.0,0.0,0,0.0,0.0
041511,台積電元大5A購01,TW,0.0,-396.0,0.0,0.0,0,0.0,0.0
041540,康舒元大56購01,TW,0.0,-117.0,0.0,0.0,0,0.0,0.0
041546,富世達元大59購02,TW,0.0,-428.0,0.0,0.0,0,0.0,0.0
041552,至上元大5A購01,TW,0.0,-362.0,0.0,0.0,0,0.0,0.0
041558,聯電富邦55購01,TW,0.0,0.0,0.0,0.0,0,0.0,0.0
041559,漢唐富邦56購03,TW,0.0,-50.0,0.0,0.0,0,0.0,0.0
041560,全新富邦56購01,TW,0.0,2.0,0.0,0.0,0,0.0,0.0
041563,長榮富邦56購03,TW,0.0,9.0,0.0,0.0,0,0.0,0.0
041572,祥碩富邦56購02,TW,0.0,12.0,0.0,0.0,0,0.0,0.0
041574,矽力富邦56購01,TW,0.0,0.0,0.0,0.0,0,0.0,0.0
041575,矽力富邦56購02,TW,0.0,2.0,0.0,0.0,0,0.0,0.0
041583,華城群益57購01,TW,0.0,-41.0,0.0,0.0,0,0.0,0.0
041588,台積電群益56購06,TW,0.0,-39.0,0.0,0.0,0,0.0,0.0
041589,台積電群益5A購02,TW,0.0,-15.0,0.0,0.0,0,0.0,0.0
041594,華新科群益55購02,TW,0.0,20.0,0.0,0.0,0,0.0,0.0
041598,日電貿群益55購01,TW,0.0,34.0,0.0,0.0,0,0.0,0.0
041605,國巨統一5C購02,TW,0.0,345.0,-2.0,0.0,0,0.0,0.0
041606,京元電統一5C購01,TW,0.0,-9.0,0.0,0.0,0,0.0,0.0
041607,華新科統一5C購01,TW,0.0,369.0,0.0,0.0,0,0.0,0.0
041609,禾伸堂統一5C購01,TW,0.0,2.0,0.0,0.0,0,0.0,0.0
041611,聯鈞統一6A購01,TW,0.0,140.0,0.0,0.0,0,0.0,0.0
041612,台勝科統一5C購01,TW,0.0,2.0,0.0,0.0,0,0.0,0.0
041613,富世達統一6A購01,TW,0.0,-70.0,0.0,0.0,0,0.0,0.0
041614,元黃金永豐5A購01,TW,0.0,-300.0,0.0,0.0,0,0.0,0.0
041615,深100永豐55購01,TW,0.0,-2.0,0.0,0.0,0,0.0,0.0
041632,華新兆豐55購01,TW,0.0,27.0,0.0,0.0,0,0.0,0.0
041633,鴻海兆豐5A購01,TW,0.0,20.0,0.0,0.0,0,0.0,0.0
041635,國巨兆豐56購02,TW,0.0,11.0,0.0,0.0,0,0.0,0.0
041636,旺宏兆豐5A購01,TW,0.0,12.0,0.0,0.0,0,0.0,0.0
041638,長榮太兆豐56購01,TW,0.0,-10.0,0.0,0.0,0,0.0,0.0
041639,大立光兆豐56購01,TW,0.0,11.0,0.0,0.0,0,0.0,0.0
041643,和碩兆豐5A購01,TW,0.0,-114.0,0.0,0.0,0,0.0,0.0
041645,道瓊銀富邦57購02,TW,0.0,106.0,0.0,0.0,0,0.0,0.0
041647,鴻海富邦56購01,TW,0.0,253.0,0.0,0.0,0,0.0,0.0
041658,元金2X中信5A購04,TW,0.0,-1.0,0.0,0.0,0,0.0,0.0
041660,鴻海中信5A購04,TW,0.0,542.0,0.0,0.0,0,0.0,0.0
041661,國巨中信5A購02,TW,0.0,58.0,0.0,0.0,0,0.0,0.0
041662,京元電中信5A購01,TW,0.0,-10.0,0.0,0.0,0,0.0,0.0
041667,創意中信5A購01,TW,0.0,12.0,0.0,0.0,0,0.0,0.0
041669,緯穎中信5A購02,TW,0.0,-40.0,0.0,0.0,0,0.0,0.0
041678,國巨凱基56購02,TW,0.0,157.0,0.0,0.0,0,0.0,0.0
041682,毅嘉凱基55購01,TW,0.0,0.0,0.0,0.0,0,0.0,0.0
041689,大立光凱基55購02,TW,0.0,62.0,0.0,0.0,0,0.0,0.0
041696,世芯凱基56購02,TW,0.0,1.0,0.0,0.0,0,0.0,0.0
041706,臺股指凱基56購21,TW,0.0,1.0,0.0,0.0,0,0.0,0.0
041722,昇貿元富55購01,TW,0.0,1356.0,0.0,0.0,0,0.0,0.0
041725,緯穎元富57購01,TW,0.0,-365.0,0.0,0.0,0,0.0,0.0
041733,凱美國票56購01,TW,0.0,-2816.0,0.0,0.0,0,0.0,0.0
041737,創意國票62購01,TW,0.0,26.0,0.0,0.0,0,0.0,0.0
041738,康舒國票55購03,TW,0.0,-12.0,0.0,0.0,0,0.0,0.0
041739,啟碁國票56購02,TW,0.0,0.0,0.0,0.0,0,0.0,0.0
041740,富世達國票62購01,TW,0.0,-325.0,0.0,0.0,0,0.0,0.0
041742,富鼎國票58購01,TW,0.0,-886.0,0.0,0.0,0,0.0,0.0
041760,金寶元大56購01,TW,0.0,9.0,0.0,0.0,0,0.0,0.0
041780,華新科元大5A購01,TW,0.0,39.0,0.0,0.0,0,0.0,0.0
041789,緯創元大57購01,TW,0.0,-688.0,0.0,0.0,0,0.0,0.0
041790,昇貿元大59購01,TW,0.0,-579.0,0.0,0.0,0,0.0,0.0
041803,元黃金群益5C購01,TW,0.0,-366.0,0.0,0.0,0,0.0,0.0
041806,道瓊銀群益57購01,TW,0.0,57.0,0.0,0.0,0,0.0,0.0
041809,鴻海群益56購07,TW,0.0,20.0,0.0,0.0,0,0.0,0.0
041828,創意群益55購05,TW,0.0,1.0,0.0,0.0,0,0.0,0.0
041836,可寧衛群益5A購01,TW,0.0,-142.0,0.0,0.0,0,0.0,0.0
041841,緯創中信57購02,TW,0.0,2.0,0.0,0.0,0,0.0,0.0
041846,金寶永豐55購01,TW,0.0,6.0,0.0,0.0,0,0.0,0.0
041852,禾伸堂永豐56購02,TW,0.0,5.0,0.0,0.0,0,0.0,0.0
041855,緯穎永豐56購03,TW,0.0,-2.0,0.0,0.0,0,0.0,0.0
041856,緯穎永豐58購01,TW,0.0,397.0,0.0,0.0,0,0.0,0.0
041859,晶豪科兆豐5A購01,TW,0.0,-3.0,0.0,0.0,0,0.0,0.0
041860,智原兆豐56購01,TW,0.0,115.0,0.0,0.0,0,0.0,0.0
041861,緯穎兆豐5A購01,TW,0.0,4.0,0.0,0.0,0,0.0,0.0
041863,國巨富邦55購02,TW,0.0,39.0,0.0,0.0,0,0.0,0.0
041865,晶豪科富邦57購01,TW,0.0,0.0,0.0,0.0,0,0.0,0.0
041887,元黃金凱基5A購02,TW,0.0,12.0,0.0,0.0,0,0.0,0.0
041889,道瓊2X凱基58購01,TW,0.0,-38.0,0.0,0.0,0,0.0,0.0
041897,華泰凱基55購02,TW,0.0,0.0,0.0,0.0,0,0.0,0.0
041900,技嘉凱基56購01,TW,0.0,-97.0,0.0,0.0,0,0.0,0.0
041911,日電貿凱基55購01,TW,0.0,283.0,0.0,0.0,0,0.0,0.0
041914,世芯凱基55購06,TW,0.0,0.0,0.0,0.0,0,0.0,0.0
041920,啟碁凱基56購01,TW,0.0,10.0,0.0,0.0,0,0.0,0.0
041922,緯穎凱基56購01,TW,0.0,15.0,0.0,0.0,0,0.0,0.0
041925,富鼎凱基55購01,TW,0.0,75.0,0.0,0.0,0,0.0,0.0
041926,道瓊銀元富5A購01,TW,0.0,0.0,0.0,0.0,0,0.0,0.0
041939,祥碩元富55購01,TW,0.0,40.0,0.0,0.0,0,0.0,0.0
041941,元黃金國票5A購01,TW,0.0,476.0,0.0,0.0,0,0.0,0.0
041944,宇隆國票55購02,TW,0.0,-4.0,0.0,0.0,0,0.0,0.0
041945,光寶科國票55購03,TW,0.0,-4.0,0.0,0.0,0,0.0,0.0
041946,金寶國票56購01,TW,0.0,-29.0,0.0,0.0,0,0.0,0.0
041950,立隆電國票58購01,TW,0.0,5.0,0.0,0.0,0,0.0,0.0
041957,世芯國票55購01,TW,0.0,-75.0,0.0,0.0,0,0.0,0.0
041959,新唐國票55購01,TW,0.0,46.0,0.0,0.0,0,0.0,0.0
041960,乙盛國票55購02,TW,0.0,2.0,0.0,0.0,0,0.0,0.0
041961,康舒國票56購01,TW,0.0,-227.0,0.0,0.0,0,0.0,0.0
041972,金寶國泰55購02,TW,0.0,0.0,0.0,0.0,0,0.0,0.0
041973,華通國泰55購01,TW,0.0,0.0,0.0,0.0,0,0.0,0.0
041975,世芯國泰55購04,TW,0.0,76.0,0.0,0.0,0,0.0,0.0
041990,鴻海元大57購01,TW,0.0,1005.0,0.0,0.0,0,0.0,0.0
041992,仁寶元大58購01,TW,0.0,-1.0,0.0,0.0,0,0.0,0.0
042004,萬海元大5A購01,TW,0.0,1558.0,0.0,0.0,0,0.0,0.0
042011,昇貿元大59購02,TW,0.0,-761.0,0.0,0.0,0,0.0,0.0
042026,元黃金中信5A購03,TW,0.0,-13.0,0.0,0.0,0,0.0,0.0
042031,國巨中信59購04,TW,0.0,474.0,0.0,0.0,0,0.0,0.0
042032,國巨中信5A購03,TW,0.0,148.0,0.0,0.0,0,0.0,0.0
042034,華新科中信57購01,TW,0.0,1.0,0.0,0.0,0,0.0,0.0
042038,康舒中信5A購01,TW,0.0,-501.0,0.0,0.0,0,0.0,0.0
042043,國巨永豐55購04,TW,0.0,49.0,0.0,0.0,0,0.0,0.0
042051,元日2X元富5A購01,TW,0.0,-130.0,0.0,0.0,0,0.0,0.0
042065,大毅元富57購01,TW,0.0,2085.0,0.0,0.0,0,0.0,0.0
042068,大立光元富5A購01,TW,0.0,40.0,0.0,0.0,0,0.0,0.0
042078,國巨國泰55購02,TW,0.0,0.0,0.0,0.0,0,0.0,0.0
042083,立隆電國泰55購02,TW,0.0,2.0,0.0,0.0,0,0.0,0.0
042089,緯穎國泰55購05,TW,0.0,10.0,0.0,0.0,0,0.0,0.0
042090,金寶兆豐56購01,TW,0.0,-4.0,0.0,0.0,0,0.0,0.0
042092,台積電兆豐56購02,TW,0.0,10.0,0.0,0.0,0,0.0,0.0
042093,世芯兆豐56購01,TW,0.0,6.0,0.0,0.0,0,0.0,0.0
042096,T50反1富邦61購01,TW,0.0,300.0,0.0,0.0,0,0.0,0.0
042097,元黃金富邦57購01,TW,0.0,-20.0,0.0,0.0,0,0.0,0.0
042098,華新富邦55購02,TW,0.0,50.0,0.0,0.0,0,0.0,0.0
042102,宏達電富邦56購02,TW,0.0,-500.0,0.0,0.0,0,0.0,0.0
042108,鴻海國票55購06,TW,0.0,5.0,0.0,0.0,0,0.0,0.0
042116,興勤國票56購01,TW,0.0,583.0,0.0,0.0,0,0.0,0.0
042122,大毅國票55購02,TW,0.0,150.0,0.0,0.0,0,0.0,0.0
042123,華新科國票59購01,TW,0.0,47.0,0.0,0.0,0,0.0,0.0
042125,聯詠國票55購02,TW,0.0,19.0,0.0,0.0,0,0.0,0.0
042128,日電貿國票55購01,TW,0.0,60.0,0.0,0.0,0,0.0,0.0
042129,聯鈞國票55購04,TW,0.0,-16.0,0.0,0.0,0,0.0,0.0
042136,崇越國票56購02,TW,0.0,12.0,0.0,0.0,0,0.0,0.0
042137,同欣電國票59購01,TW,0.0,114.0,0.0,0.0,0,0.0,0.0
042138,台表科國票5A購01,TW,0.0,103.0,0.0,0.0,0,0.0,0.0
042139,矽力國票55購02,TW,0.0,1.0,0.0,0.0,0,0.0,0.0
042141,三集瑞國票56購01,TW,0.0,-1909.0,0.0,0.0,0,0.0,0.0
042142,至上國票56購01,TW,0.0,11.0,0.0,0.0,0,0.0,0.0
042143,香港2X凱基58購01,TW,0.0,-100.0,0.0,0.0,0,0.0,0.0
042149,金寶凱基56購01,TW,0.0,-2.0,0.0,0.0,0,0.0,0.0
042161,立隆電凱基56購01,TW,0.0,-4.0,0.0,0.0,0,0.0,0.0
042170,康舒凱基56購01,TW,0.0,281.0,0.0,0.0,0,0.0,0.0
042172,至上凱基56購01,TW,0.0,-32.0,0.0,0.0,0,0.0,0.0
042175,元黃金元大55購03,TW,0.0,4.0,0.0,0.0,0,0.0,0.0
042195,佳能元大5A購01,TW,0.0,-842.0,0.0,0.0,0,0.0,0.0
042204,華新科元大56購01,TW,0.0,16.0,0.0,0.0,0,0.0,0.0
042207,萬海元大5A購02,TW,0.0,663.0,0.0,0.0,0,0.0,0.0
042217,聯鈞元大59購01,TW,0.0,18.0,0.0,0.0,0,0.0,0.0
042239,國巨群益56購02,TW,0.0,47.0,0.0,0.0,0,0.0,0.0
042254,元金2X永豐57購02,TW,0.0,156.0,0.0,0.0,0,0.0,0.0
042255,光寶科永豐58購01,TW,0.0,-36.0,0.0,0.0,0,0.0,0.0
042257,鴻海永豐58購02,TW,0.0,633.0,0.0,0.0,0,0.0,0.0
042258,國巨永豐57購01,TW,0.0,59.0,-5.0,0.0,0,0.0,0.0
042259,國巨永豐57購02,TW,0.0,19.0,0.0,0.0,0,0.0,0.0
042262,矽統永豐57購01,TW,0.0,4.0,0.0,0.0,0,0.0,0.0
042264,華新科永豐55購01,TW,0.0,13.0,0.0,0.0,0,0.0,0.0
042277,國巨富邦57購02,TW,0.0,390.0,0.0,0.0,0,0.0,0.0
042283,臺股指富邦61購02,TW,0.0,5.0,0.0,0.0,0,0.0,0.0
042296,台積電凱基56購17,TW,0.0,25.0,0.0,0.0,0,0.0,0.0
042313,康舒凱基56購02,TW,0.0,39.0,0.0,0.0,0,0.0,0.0
042326,道瓊銅元富55購02,TW,0.0,1.0,0.0,0.0,0,0.0,0.0
042331,華新科元富57購04,TW,0.0,399.0,0.0,0.0,0,0.0,0.0
042332,晶豪科元富55購01,TW,0.0,149.0,0.0,0.0,0,0.0,0.0
042334,愛普元富55購01,TW,0.0,0.0,0.0,0.0,0,0.0,0.0
042339,華新科國票57購01,TW,0.0,9.0,0.0,0.0,0,0.0,0.0
042341,楠梓電國泰55購02,TW,0.0,130.0,0.0,0.0,0,0.0,0.0
042343,台積電國泰55購06,TW,0.0,0.0,0.0,0.0,0,0.0,0.0
042347,華新科國泰55購05,TW,0.0,10.0,0.0,0.0,0,0.0,0.0
042372,華新科元大56購02,TW,0.0,21.0,0.0,0.0,0,0.0,0.0
042373,華新科元大58購01,TW,0.0,71.0,0.0,0.0,0,0.0,0.0
042374,華新科元大59購01,TW,0.0,99.0,0.0,0.0,0,0.0,0.0
042381,欣興元大55購01,TW,0.0,3.0,0.0,0.0,0,0.0,0.0
042387,力成元大58購01,TW,0.0,-119.0,0.0,0.0,0,0.0,0.0
042389,康舒元大55購01,TW,0.0,470.0,0.0,0.0,0,0.0,0.0
042405,鴻海群益57購03,TW,0.0,270.0,0.0,0.0,0,0.0,0.0
042406,鴻海群益6A購01,TW,0.0,31.0,0.0,0.0,0,0.0,0.0
042420,晶豪科群益5A購01,TW,0.0,54.0,0.0,0.0,0,0.0,0.0
042424,日電貿群益56購01,TW,0.0,510.0,0.0,0.0,0,0.0,0.0
042434,神達兆豐57購01,TW,0.0,-8.0,0.0,0.0,0,0.0,0.0
042437,楠梓電富邦56購03,TW,0.0,-8.0,0.0,0.0,0,0.0,0.0
042439,國巨富邦5A購01,TW,0.0,43.0,0.0,0.0,0,0.0,0.0
042443,富鼎富邦56購01,TW,0.0,76.0,0.0,0.0,0,0.0,0.0
042445,光寶科永豐56購02,TW,0.0,5.0,0.0,0.0,0,0.0,0.0
042447,台積電永豐5A購10,TW,0.0,1495.0,0.0,0.0,0,0.0,0.0
042453,日電貿永豐56購01,TW,0.0,374.0,0.0,0.0,0,0.0,0.0
042455,力成永豐56購03,TW,0.0,54.0,0.0,0.0,0,0.0,0.0
042473,康舒元富56購01,TW,0.0,80.0,0.0,0.0,0,0.0,0.0
042481,南茂國泰56購01,TW,0.0,0.0,0.0,0.0,0,0.0,0.0
042482,富鼎國泰56購01,TW,0.0,9.0,0.0,0.0,0,0.0,0.0
042483,T50正2凱基56購03,TW,0.0,28.0,0.0,0.0,0,0.0,0.0
042495,佳能凱基56購04,TW,0.0,-94.0,0.0,0.0,0,0.0,0.0
042501,昇貿凱基56購02,TW,0.0,178.0,0.0,0.0,0,0.0,0.0
042518,華新元大58購03,TW,0.0,250.0,0.0,0.0,0,0.0,0.0
042532,技嘉元大56購01,TW,0.0,19.0,0.0,0.0,0,0.0,0.0
042551,力成元大58購02,TW,0.0,180.0,0.0,0.0,0,0.0,0.0
042552,力成元大59購01,TW,0.0,-69.0,0.0,0.0,0,0.0,0.0
042554,康舒元大56購02,TW,0.0,250.0,0.0,0.0,0,0.0,0.0
042555,康舒元大58購01,TW,0.0,396.0,0.0,0.0,0,0.0,0.0
042558,緯穎元大57購02,TW,0.0,70.0,0.0,0.0,0,0.0,0.0
042562,南電元大59購02,TW,0.0,1.0,0.0,0.0,0,0.0,0.0
042566,旺宏群益56購01,TW,0.0,1.0,0.0,0.0,0,0.0,0.0
042572,奇鋐群益59購04,TW,0.0,-29.0,0.0,0.0,0,0.0,0.0
042581,緯穎群益59購01,TW,0.0,48.0,0.0,0.0,0,0.0,0.0
042608,奇鋐凱基56購10,TW,0.0,3.0,0.0,0.0,0,0.0,0.0
042614,世芯凱基57購02,TW,0.0,7.0,0.0,0.0,0,0.0,0.0
042616,乙盛凱基56購01,TW,0.0,1.0,0.0,0.0,0,0.0,0.0
042618,力成凱基56購02,TW,0.0,24.0,0.0,0.0,0,0.0,0.0
042619,康舒凱基57購01,TW,0.0,-310.0,0.0,0.0,0,0.0,0.0
042622,光寶科兆豐5B購01,TW,0.0,384.0,0.0,0.0,0,0.0,0.0
042623,鴻海兆豐5B購01,TW,0.0,4.0,0.0,0.0,0,0.0,0.0
042626,緯創兆豐5B購01,TW,0.0,-317.0,0.0,0.0,0,0.0,0.0
042633,楠梓電永豐5B購01,TW,0.0,271.0,0.0,0.0,0,0.0,0.0
042636,台積電永豐6B購01,TW,0.0,-29.0,0.0,0.0,0,0.0,0.0
042641,聯發科永豐56購03,TW,0.0,1.0,0.0,0.0,0,0.0,0.0
042645,世芯永豐58購02,TW,0.0,54.0,0.0,0.0,0,0.0,0.0
042649,乙盛永豐57購01,TW,0.0,-501.0,0.0,0.0,0,0.0,0.0
042664,楠梓電國票59購02,TW,0.0,-140.0,0.0,0.0,0,0.0,0.0
042665,鴻海國票57購01,TW,0.0,-106.0,0.0,0.0,0,0.0,0.0
042666,國巨國票57購01,TW,0.0,83.0,0.0,0.0,0,0.0,0.0
042675,奇鋐國票5B購01,TW,0.0,-4.0,0.0,0.0,0,0.0,0.0
042676,建漢國票56購01,TW,0.0,540.0,0.0,0.0,0,0.0,0.0
042677,緯創國票59購01,TW,0.0,17.0,0.0,0.0,0,0.0,0.0
042678,貿聯國票5A購01,TW,0.0,-212.0,0.0,0.0,0,0.0,0.0
042681,乙盛國票56購01,TW,0.0,-152.0,0.0,0.0,0,0.0,0.0
042682,力成國票56購01,TW,0.0,1.0,0.0,0.0,0,0.0,0.0
042683,康舒國票56購02,TW,0.0,226.0,0.0,0.0,0,0.0,0.0
042686,SP黃豆群益59購01,TW,0.0,88.0,0.0,0.0,0,0.0,0.0
042688,楠梓電群益56購01,TW,0.0,10.0,0.0,0.0,0,0.0,0.0
042693,國巨群益57購04,TW,0.0,30.0,0.0,0.0,0,0.0,0.0
042698,京元電群益57購02,TW,0.0,-3.0,0.0,0.0,0,0.0,0.0
042699,奇鋐群益5A購03,TW,0.0,2.0,0.0,0.0,0,0.0,0.0
042700,日月光群益57購01,TW,0.0,3.0,0.0,0.0,0,0.0,0.0
042701,乙盛群益57購01,TW,0.0,256.0,0.0,0.0,0,0.0,0.0
042705,力成群益56購01,TW,0.0,90.0,0.0,0.0,0,0.0,0.0
042710,元債2X元大6B購01,TW,0.0,-114.0,0.0,0.0,0,0.0,0.0
042715,金寶元大56購02,TW,0.0,-5.0,0.0,0.0,0,0.0,0.0
042717,金寶元大59購01,TW,0.0,19.0,0.0,0.0,0,0.0,0.0
042721,鴻海元大58購01,TW,0.0,431.0,0.0,0.0,0,0.0,0.0
042737,大立光元大58購02,TW,0.0,35.0,0.0,0.0,0,0.0,0.0
042747,定穎控元大5B購01,TW,0.0,90.0,0.0,0.0,0,0.0,0.0
042750,jpp元大58購03,TW,0.0,-688.0,0.0,0.0,0,0.0,0.0
042754,康舒元大59購01,TW,0.0,-710.0,0.0,0.0,0,0.0,0.0
042762,金寶凱基57購01,TW,0.0,16.0,0.0,0.0,0,0.0,0.0
042763,楠梓電凱基56購01,TW,0.0,20.0,0.0,0.0,0,0.0,0.0
042765,國巨凱基57購02,TW,0.0,2.0,0.0,0.0,0,0.0,0.0
042766,台積電凱基56購18,TW,0.0,13.0,0.0,0.0,0,0.0,0.0
042768,建準凱基56購01,TW,0.0,10.0,0.0,0.0,0,0.0,0.0
042771,長榮凱基57購01,TW,0.0,28.0,0.0,0.0,0,0.0,0.0
042775,奇鋐凱基57購02,TW,0.0,-210.0,0.0,0.0,0,0.0,0.0
042806,華城國票56購01,TW,0.0,7.0,0.0,0.0,0,0.0,0.0
042810,致茂國票56購02,TW,0.0,10.0,0.0,0.0,0,0.0,0.0
042811,佳能國票56購01,TW,0.0,-302.0,0.0,0.0,0,0.0,0.0
042813,宏達電國票57購01,TW,0.0,24.0,0.0,0.0,0,0.0,0.0
042815,中工國票56購01,TW,0.0,-2.0,0.0,0.0,0,0.0,0.0
042816,長榮國票57購01,TW,0.0,-4915.0,0.0,0.0,0,0.0,0.0
042824,日電貿國票57購01,TW,0.0,377.0,0.0,0.0,0,0.0,0.0
042826,旭隼國票59購01,TW,0.0,664.0,0.0,0.0,0,0.0,0.0
042828,緯穎國票56購02,TW,0.0,-130.0,0.0,0.0,0,0.0,0.0
042835,華城永豐56購01,TW,0.0,8.0,0.0,0.0,0,0.0,0.0
042837,台積電永豐5B購02,TW,0.0,2176.0,0.0,0.0,0,0.0,0.0
042842,奇鋐永豐56購11,TW,0.0,2.0,0.0,0.0,0,0.0,0.0
042845,康舒永豐57購01,TW,0.0,20.0,0.0,0.0,0,0.0,0.0
042847,緯穎永豐57購01,TW,0.0,96.0,0.0,0.0,0,0.0,0.0
042850,國巨兆豐57購01,TW,0.0,30.0,0.0,0.0,0,0.0,0.0
042852,京元電兆豐5B購01,TW,0.0,-2.0,0.0,0.0,0,0.0,0.0
042858,國巨中信5B購01,TW,0.0,42.0,0.0,0.0,0,0.0,0.0
042869,鴻海統一57購01,TW,0.0,-50.0,0.0,0.0,0,0.0,0.0
04286U,鴻準凱基57售01,TW,0.0,160.0,0.0,0.0,0,0.0,0.0
042873,台積電統一57購03,TW,0.0,77.0,0.0,0.0,0,0.0,0.0
042874,亞翔中信5B購01,TW,0.0,-1.0,0.0,0.0,0,0.0,0.0
042878,聯發科統一57購01,TW,0.0,24.0,0.0,0.0,0,0.0,0.0
042882,大立光統一57購01,TW,0.0,941.0,0.0,0.0,0,0.0,0.0
042886,鴻海富邦58購01,TW,0.0,-270.0,0.0,0.0,0,0.0,0.0
042889,世芯統一57購01,TW,0.0,36.0,0.0,0.0,0,0.0,0.0
042890,仁寶富邦57購01,TW,0.0,399.0,0.0,0.0,0,0.0,0.0
042894,鴻準富邦57購01,TW,0.0,400.0,0.0,0.0,0,0.0,0.0
042901,建準富邦57購01,TW,0.0,-513.0,20.0,0.0,0,0.0,0.0
042907,晶豪科富邦57購02,TW,0.0,0.0,0.0,0.0,0,0.0,0.0
042911,新日興富邦57購01,TW,0.0,-1.0,0.0,0.0,0,0.0,0.0
042912,新日興富邦57購02,TW,0.0,1150.0,0.0,0.0,0,0.0,0.0
042915,貿聯富邦58購01,TW,0.0,-2.0,0.0,0.0,0,0.0,0.0
042922,AES富邦57購01,TW,0.0,-148.0,0.0,0.0,0,0.0,0.0
042925,臺股指富邦62購02,TW,0.0,-37.0,0.0,0.0,0,0.0,0.0
042929,T50反1元大5C購03,TW,0.0,-41.0,0.0,0.0,0,0.0,0.0
042930,臺指反元大5B購01,TW,0.0,-30.0,0.0,0.0,0,0.0,0.0
042954,晶豪科元大5A購03,TW,0.0,1.0,0.0,0.0,0,0.0,0.0
042958,智原元大59購01,TW,0.0,157.0,0.0,0.0,0,0.0,0.0
042970,康舒元大58購02,TW,0.0,-1887.0,0.0,0.0,0,0.0,0.0
042973,力積電元大58購03,TW,0.0,-17.0,0.0,0.0,0,0.0,0.0
042975,SP黃豆群益61購01,TW,0.0,-9.0,0.0,0.0,0,0.0,0.0
042976,元金2X群益5B購01,TW,0.0,-90.0,0.0,0.0,0,0.0,0.0
043006,啟碁群益57購01,TW,0.0,60.0,0.0,0.0,0,0.0,0.0
043010,元黃金永豐5B購01,TW,0.0,-112.0,0.0,0.0,0,0.0,0.0
043011,統一永豐56購01,TW,0.0,-2.0,0.0,0.0,0,0.0,0.0
043012,士電永豐56購01,TW,0.0,25.0,0.0,0.0,0,0.0,0.0
043014,華城永豐57購01,TW,0.0,-131.0,0.0,0.0,0,0.0,0.0
043030,華通富邦58購01,TW,0.0,1.0,0.0,0.0,0,0.0,0.0
043032,佳能富邦58購01,TW,0.0,-20.0,0.0,0.0,0,0.0,0.0
043035,強茂富邦56購01,TW,0.0,74.0,0.0,0.0,0,0.0,0.0
043036,萬海富邦58購01,TW,0.0,-371.0,0.0,0.0,0,0.0,0.0
043041,台光電元富58購01,TW,0.0,2.0,0.0,0.0,0,0.0,0.0
043045,華新元大58購04,TW,0.0,71.0,0.0,0.0,0,0.0,0.0
043060,金像電元大58購02,TW,0.0,1.0,0.0,0.0,0,0.0,0.0
043067,慧洋元大5A購01,TW,0.0,414.0,0.0,0.0,0,0.0,0.0
043072,大立光元大59購01,TW,0.0,359.0,0.0,0.0,0,0.0,0.0
043080,神達元大59購02,TW,0.0,374.0,0.0,0.0,0,0.0,0.0
043082,日月光元大59購01,TW,0.0,-7.0,0.0,0.0,0,0.0,0.0
043084,台積電凱基57購01,TW,0.0,11.0,0.0,0.0,0,0.0,0.0
043091,滬深2X國票5A購03,TW,0.0,-241.0,0.0,0.0,0,0.0,0.0
043097,毅嘉國票56購01,TW,0.0,10.0,0.0,0.0,0,0.0,0.0
043101,明泰國票56購01,TW,0.0,10.0,0.0,0.0,0,0.0,0.0
043104,矽格國票5B購01,TW,0.0,56.0,0.0,0.0,0,0.0,0.0
043105,台表科國票57購01,TW,0.0,10.0,0.0,0.0,0,0.0,0.0
043113,華城中信57購01,TW,0.0,35.0,0.0,0.0,0,0.0,0.0
043114,京元電中信5B購01,TW,0.0,-51.0,0.0,0.0,0,0.0,0.0
043117,京鼎中信58購01,TW,0.0,77.0,0.0,0.0,0,0.0,0.0
043124,楠梓電群益57購01,TW,0.0,13.0,0.0,0.0,0,0.0,0.0
043125,鴻海群益62購02,TW,0.0,-32.0,0.0,0.0,0,0.0,0.0
043139,日月光群益56購02,TW,0.0,1.0,0.0,0.0,0,0.0,0.0
043144,矽力群益57購01,TW,0.0,1.0,0.0,0.0,0,0.0,0.0
043151,光寶科凱基58購03,TW,0.0,-82.0,0.0,0.0,0,0.0,0.0
043152,楠梓電凱基58購01,TW,0.0,-45.0,0.0,0.0,0,0.0,0.0
043153,仁寶凱基59購01,TW,0.0,-40.0,0.0,0.0,0,0.0,0.0
043154,台積電凱基56購19,TW,0.0,19.0,0.0,0.0,0,0.0,0.0
043161,京元電凱基57購07,TW,0.0,-327.0,0.0,0.0,0,0.0,0.0
043162,強茂凱基57購01,TW,0.0,36.0,0.0,0.0,0,0.0,0.0
043163,宏達電凱基57購03,TW,0.0,-319.0,0.0,0.0,0,0.0,0.0
043167,健鼎凱基57購01,TW,0.0,127.0,0.0,0.0,0,0.0,0.0
043169,昇貿凱基5A購01,TW,0.0,355.0,0.0,0.0,0,0.0,0.0
043171,世芯凱基58購03,TW,0.0,1.0,0.0,0.0,0,0.0,0.0
043172,日月光凱基57購02,TW,0.0,14.0,0.0,0.0,0,0.0,0.0
043176,康舒凱基57購02,TW,0.0,-62.0,0.0,0.0,0,0.0,0.0
043179,南電凱基56購05,TW,0.0,7.0,0.0,0.0,0,0.0,0.0
043182,晶豪科中信56購01,TW,0.0,12.0,0.0,0.0,0,0.0,0.0
043192,華城元富57購01,TW,0.0,862.0,-2.0,0.0,0,0.0,0.0
043193,科妍元富5B購01,TW,0.0,265.0,0.0,0.0,0,0.0,0.0
043194,光寶科元富56購02,TW,0.0,109.0,0.0,0.0,0,0.0,0.0
043199,奇鋐元富57購04,TW,0.0,2.0,0.0,0.0,0,0.0,0.0
043211,亞力國票57購01,TW,0.0,332.0,0.0,0.0,0,0.0,0.0
043212,華城國票56購03,TW,0.0,80.0,0.0,0.0,0,0.0,0.0
043218,奇鋐國票62購01,TW,0.0,9.0,0.0,0.0,0,0.0,0.0
043224,矽格國票61購01,TW,0.0,15.0,0.0,0.0,0,0.0,0.0
043228,華城國泰56購02,TW,0.0,104.0,0.0,0.0,0,0.0,0.0
043237,楠梓電永豐58購01,TW,0.0,38.0,0.0,0.0,0,0.0,0.0
043248,上緯控永豐56購01,TW,0.0,14.0,0.0,0.0,0,0.0,0.0
043256,華城兆豐57購01,TW,0.0,259.0,0.0,0.0,0,0.0,0.0
043258,康舒兆豐5B購01,TW,0.0,-8.0,0.0,0.0,0,0.0,0.0
043259,旭隼兆豐5B購01,TW,0.0,-9.0,0.0,0.0,0,0.0,0.0
043260,鈺邦兆豐57購01,TW,0.0,127.0,0.0,0.0,0,0.0,0.0
043263,光寶科富邦56購02,TW,0.0,50.0,0.0,0.0,0,0.0,0.0
043271,昇貿富邦57購02,TW,0.0,202.0,0.0,0.0,0,0.0,0.0
043272,上緯控富邦57購01,TW,0.0,764.0,0.0,0.0,0,0.0,0.0
043280,華城凱基56購02,TW,0.0,0.0,0.0,0.0,0,0.0,0.0
043287,佳能凱基5B購01,TW,0.0,-40.0,0.0,0.0,0,0.0,0.0
043289,台光電凱基5B購01,TW,0.0,-1.0,0.0,0.0,0,0.0,0.0
043291,宏達電凱基5B購01,TW,0.0,299.0,0.0,0.0,0,0.0,0.0
043294,奇鋐凱基59購03,TW,0.0,-93.0,0.0,0.0,0,0.0,0.0
043297,神達凱基59購01,TW,0.0,100.0,0.0,0.0,0,0.0,0.0
043300,上緯控凱基58購01,TW,0.0,-1883.0,0.0,0.0,0,0.0,0.0
043305,矽格凱基57購01,TW,0.0,34.0,0.0,0.0,0,0.0,0.0
043306,同欣電凱基56購01,TW,0.0,20.0,0.0,0.0,0,0.0,0.0
043314,亞力群益58購01,TW,0.0,8.0,0.0,0.0,0,0.0,0.0
043320,金像電群益56購01,TW,0.0,1.0,0.0,0.0,0,0.0,0.0
043330,奇鋐群益56購10,TW,0.0,75.0,0.0,0.0,0,0.0,0.0
043344,日月光群益59購01,TW,0.0,-26.0,0.0,0.0,0,0.0,0.0
043355,華城元大5B購01,TW,0.0,-10981.0,0.0,0.0,0,0.0,0.0
043367,漢唐元大58購01,TW,0.0,77.0,0.0,0.0,0,0.0,0.0
043374,大立光元大59購02,TW,0.0,132.0,-20.0,0.0,0,0.0,0.0
043383,日月光元大57購01,TW,0.0,2.0,0.0,0.0,0,0.0,0.0
043384,日月光元大59購02,TW,0.0,5.0,0.0,0.0,0,0.0,0.0
043387,祥碩元大58購03,TW,0.0,-2912.0,0.0,0.0,0,0.0,0.0
043392,康舒元大58購03,TW,0.0,-144.0,0.0,0.0,0,0.0,0.0
043394,AES元大58購05,TW,0.0,649.0,0.0,0.0,0,0.0,0.0
043408,光寶科凱基58購04,TW,0.0,-35.0,0.0,0.0,0,0.0,0.0
043417,萬海凱基57購01,TW,0.0,-118.0,0.0,0.0,0,0.0,0.0
043420,大立光凱基56購04,TW,0.0,675.0,0.0,0.0,0,0.0,0.0
043423,緯創凱基56購04,TW,0.0,45.0,0.0,0.0,0,0.0,0.0
043431,至上凱基5B購01,TW,0.0,-56.0,0.0,0.0,0,0.0,0.0
043442,至上元富58購01,TW,0.0,-32.0,0.0,0.0,0,0.0,0.0
043450,中興電兆豐5B購01,TW,0.0,-41.0,0.0,0.0,0,0.0,0.0
043461,立隆電富邦57購01,TW,0.0,10.0,0.0,0.0,0,0.0,0.0
043466,至上富邦59購01,TW,0.0,-244.0,0.0,0.0,0,0.0,0.0
043474,大立光國票56購02,TW,0.0,40.0,0.0,0.0,0,0.0,0.0
043483,亞力國泰56購01,TW,0.0,12.0,0.0,0.0,0,0.0,0.0
043492,香港2X元大56購01,TW,0.0,190.0,0.0,0.0,0,0.0,0.0
043493,SP黃豆元大57購01,TW,0.0,130.0,0.0,0.0,0,0.0,0.0
043513,台光電元大5B購01,TW,0.0,8.0,0.0,0.0,0,0.0,0.0
043514,漢唐元大58購02,TW,0.0,92.0,0.0,0.0,0,0.0,0.0
043518,萬海元大58購01,TW,0.0,269.0,0.0,0.0,0,0.0,0.0
043521,貿聯元大58購01,TW,0.0,-2305.0,0.0,0.0,0,0.0,0.0
043522,神達元大5B購01,TW,0.0,-64.0,0.0,0.0,0,0.0,0.0
043525,祥碩元大58購04,TW,0.0,16.0,0.0,0.0,0,0.0,0.0
043530,愛普元大56購03,TW,0.0,1063.0,0.0,0.0,0,0.0,0.0
043533,南電元大58購04,TW,0.0,2.0,0.0,0.0,0,0.0,0.0
043534,至上元大57購01,TW,0.0,-646.0,0.0,0.0,0,0.0,0.0
043535,至上元大58購01,TW,0.0,-207.0,0.0,0.0,0,0.0,0.0
043536,至上元大59購01,TW,0.0,-219.0,0.0,0.0,0,0.0,0.0
043549,大立光統一57購02,TW,0.0,50.0,0.0,0.0,0,0.0,0.0
043558,神達群益5A購01,TW,0.0,-150.0,0.0,0.0,0,0.0,0.0
043566,國巨國泰56購03,TW,0.0,2.0,0.0,0.0,0,0.0,0.0
043579,士電國票56購03,TW,0.0,-36.0,0.0,0.0,0,0.0,0.0
043583,台積電國票56購04,TW,0.0,15.0,0.0,0.0,0,0.0,0.0
043585,微星國票56購01,TW,0.0,549.0,0.0,0.0,0,0.0,0.0
043589,美律國票5B購01,TW,0.0,-475.0,0.0,0.0,0,0.0,0.0
043591,長榮國票57購02,TW,0.0,-56.0,0.0,0.0,0,0.0,0.0
043592,國泰金國票56購01,TW,0.0,110.0,0.0,0.0,0,0.0,0.0
043595,新唐國票56購01,TW,0.0,1.0,0.0,0.0,0,0.0,0.0
043596,祥碩國票56購01,TW,0.0,120.0,0.0,0.0,0,0.0,0.0
043597,jpp國票56購01,TW,0.0,30.0,0.0,0.0,0,0.0,0.0
043598,帆宣國票56購01,TW,0.0,2.0,0.0,0.0,0,0.0,0.0
043599,飛捷國票57購01,TW,0.0,-1313.0,0.0,0.0,0,0.0,0.0
043602,道瓊銅永豐58購01,TW,0.0,9.0,0.0,0.0,0,0.0,0.0
043610,華新科兆豐57購01,TW,0.0,21.0,0.0,0.0,0,0.0,0.0
043611,日月光兆豐56購02,TW,0.0,21.0,0.0,0.0,0,0.0,0.0
043614,祥碩兆豐5B購01,TW,0.0,-49.0,0.0,0.0,0,0.0,0.0
043625,S&P正2凱基58購01,TW,0.0,-26.0,0.0,0.0,0,0.0,0.0
043627,大亞凱基56購01,TW,0.0,50.0,0.0,0.0,0,0.0,0.0
043634,漢唐凱基58購01,TW,0.0,201.0,0.0,0.0,0,0.0,0.0
043635,建準凱基56購03,TW,0.0,120.0,0.0,0.0,0,0.0,0.0
043642,京鼎凱基57購01,TW,0.0,567.0,0.0,0.0,0,0.0,0.0
043644,神達凱基58購02,TW,0.0,-50.0,0.0,0.0,0,0.0,0.0
043646,祥碩凱基58購01,TW,0.0,385.0,0.0,0.0,0,0.0,0.0
043648,力成凱基56購03,TW,0.0,90.0,0.0,0.0,0,0.0,0.0
043651,愛普凱基59購01,TW,0.0,10.0,0.0,0.0,0,0.0,0.0
043656,亞力統一5B購01,TW,0.0,-77.0,0.0,0.0,0,0.0,0.0
043657,國巨統一58購06,TW,0.0,0.0,0.0,0.0,0,0.0,0.0
043658,國巨統一59購06,TW,0.0,-8.0,0.0,0.0,0,0.0,0.0
043659,國巨統一5B購04,TW,0.0,126.0,0.0,0.0,0,0.0,0.0
043660,國巨統一5C購05,TW,0.0,40.0,0.0,0.0,0,0.0,0.0
043664,京元電統一5A購01,TW,0.0,36.0,0.0,0.0,0,0.0,0.0
043665,晶豪科統一6B購01,TW,0.0,51.0,0.0,0.0,0,0.0,0.0
043666,貿聯統一59購02,TW,0.0,-7.0,0.0,0.0,0,0.0,0.0
043667,上緯控統一5B購01,TW,0.0,-23.0,0.0,0.0,0,0.0,0.0
043668,上緯控統一6B購01,TW,0.0,-313.0,0.0,0.0,0,0.0,0.0
043669,日月光統一5B購01,TW,0.0,-10.0,0.0,0.0,0,0.0,0.0
043670,崇越統一5B購01,TW,0.0,34.0,0.0,0.0,0,0.0,0.0
043671,精成科統一59購01,TW,0.0,-50.0,0.0,0.0,0,0.0,0.0
043672,力成統一59購02,TW,0.0,5.0,0.0,0.0,0,0.0,0.0
043674,長華統一5B購01,TW,0.0,-30.0,0.0,0.0,0,0.0,0.0
043675,至上統一59購01,TW,0.0,-41.0,0.0,0.0,0,0.0,0.0
043678,SP黃豆元大56購01,TW,0.0,110.0,0.0,0.0,0,0.0,0.0
043681,光寶科元大58購05,TW,0.0,7.0,0.0,0.0,0,0.0,0.0
043682,鴻海元大58購03,TW,0.0,84.0,0.0,0.0,0,0.0,0.0
043696,建準元大59購01,TW,0.0,-78.0,0.0,0.0,0,0.0,0.0
043697,建準元大5B購01,TW,0.0,1950.0,0.0,0.0,0,0.0,0.0
043704,萬海元大58購02,TW,0.0,302.0,0.0,0.0,0,0.0,0.0
043714,神達元大5B購02,TW,0.0,-184.0,0.0,0.0,0,0.0,0.0
043715,上緯控元大58購01,TW,0.0,-4.0,0.0,0.0,0,0.0,0.0
043720,jpp元大5B購01,TW,0.0,-783.0,0.0,0.0,0,0.0,0.0
043728,至上元大58購02,TW,0.0,0.0,0.0,0.0,0,0.0,0.0
043730,亞德客群益56購01,TW,0.0,19.0,0.0,0.0,0,0.0,0.0
043759,群創國泰56購01,TW,0.0,10.0,0.0,0.0,0,0.0,0.0
043761,宏致國泰56購01,TW,0.0,32.0,0.0,0.0,0,0.0,0.0
043764,光寶科元富56購03,TW,0.0,-1.0,0.0,0.0,0,0.0,0.0
043785,勤誠元富58購01,TW,0.0,-112.0,0.0,0.0,0,0.0,0.0
043792,光罩國票56購01,TW,0.0,19.0,0.0,0.0,0,0.0,0.0
043796,事欣科國票56購01,TW,0.0,99.0,0.0,0.0,0,0.0,0.0
043797,祥碩國票56購02,TW,0.0,1.0,0.0,0.0,0,0.0,0.0
043798,佳必琪國票57購01,TW,0.0,1.0,0.0,0.0,0,0.0,0.0
043801,至上國票56購03,TW,0.0,379.0,0.0,0.0,0,0.0,0.0
043805,勤誠國票57購01,TW,0.0,-144.0,0.0,0.0,0,0.0,0.0
043813,世芯永豐57購01,TW,0.0,177.0,0.0,0.0,0,0.0,0.0
043815,世芯永豐59購01,TW,0.0,166.0,0.0,0.0,0,0.0,0.0
043819,勤誠永豐57購01,TW,0.0,-8.0,0.0,0.0,0,0.0,0.0
043820,勤誠永豐58購01,TW,0.0,63.0,0.0,0.0,0,0.0,0.0
043821,士電兆豐57購01,TW,0.0,30.0,0.0,0.0,0,0.0,0.0
043827,勤誠兆豐57購01,TW,0.0,118.0,0.0,0.0,0,0.0,0.0
043829,勤誠兆豐58購01,TW,0.0,14.0,0.0,0.0,0,0.0,0.0
043838,元大金富邦56購01,TW,0.0,0.0,0.0,0.0,0,0.0,0.0
043841,定穎控富邦58購01,TW,0.0,3.0,0.0,0.0,0,0.0,0.0
043842,力成富邦56購01,TW,0.0,34.0,0.0,0.0,0,0.0,0.0
043845,T50正2中信5B購02,TW,0.0,3.0,0.0,0.0,0,0.0,0.0
043851,世芯中信5B購01,TW,0.0,6.0,0.0,0.0,0,0.0,0.0
043853,勤誠中信58購01,TW,0.0,25.0,0.0,0.0,0,0.0,0.0
043858,亞德客凱基56購01,TW,0.0,-10.0,0.0,0.0,0,0.0,0.0
043869,立隆電凱基56購02,TW,0.0,-4.0,0.0,0.0,0,0.0,0.0
043871,宏達電凱基5B購02,TW,0.0,37.0,0.0,0.0,0,0.0,0.0
043872,萬海凱基58購01,TW,0.0,-36.0,0.0,0.0,0,0.0,0.0
043874,緯創凱基58購01,TW,0.0,10.0,0.0,0.0,0,0.0,0.0
043876,聯鈞凱基56購03,TW,0.0,1.0,0.0,0.0,0,0.0,0.0
043887,華新統一57購02,TW,0.0,129.0,0.0,0.0,0,0.0,0.0
043888,國巨統一62購01,TW,0.0,144.0,0.0,0.0,0,0.0,0.0
043889,國巨統一6B購01,TW,0.0,321.0,3.0,0.0,0,0.0,0.0
043891,旺宏統一65購01,TW,0.0,-281.0,0.0,0.0,0,0.0,0.0
043892,旺宏統一6B購01,TW,0.0,-23.0,0.0,0.0,0,0.0,0.0
043893,京元電統一65購02,TW,0.0,-2907.0,499.0,0.0,0,0.0,0.0
043894,晶豪科統一5C購03,TW,0.0,-39.0,0.0,0.0,0,0.0,0.0
043895,奇鋐統一57購04,TW,0.0,18.0,0.0,0.0,0,0.0,0.0
043896,奇鋐統一5B購03,TW,0.0,267.0,0.0,0.0,0,0.0,0.0
043897,奇鋐統一5C購03,TW,0.0,6.0,0.0,0.0,0,0.0,0.0
043898,奇鋐統一65購01,TW,0.0,-728.0,0.0,0.0,0,0.0,0.0
043899,聯鈞統一62購01,TW,0.0,-6.0,0.0,0.0,0,0.0,0.0
043901,日月光統一6B購01,TW,0.0,289.0,0.0,0.0,0,0.0,0.0
043902,勤誠統一65購01,TW,0.0,1937.0,0.0,0.0,0,0.0,0.0
043903,勤誠統一65購02,TW,0.0,-364.0,0.0,0.0,0,0.0,0.0
043904,勤誠統一6B購01,TW,0.0,249.0,0.0,0.0,0,0.0,0.0
043910,漢唐群益56購01,TW,0.0,9.0,0.0,0.0,0,0.0,0.0
043918,至上群益56購01,TW,0.0,5.0,0.0,0.0,0,0.0,0.0
043924,鴻海元大58購04,TW,0.0,5.0,0.0,0.0,0,0.0,0.0
043937,建準元大5B購02,TW,0.0,-2234.0,0.0,0.0,0,0.0,0.0
043938,京元電元大5A購01,TW,0.0,-1053.0,0.0,0.0,0,0.0,0.0
043947,京鼎元大58購01,TW,0.0,300.0,0.0,0.0,0,0.0,0.0
043953,貿聯元大58購03,TW,0.0,215.0,0.0,0.0,0,0.0,0.0
043954,jpp元大5B購02,TW,0.0,470.0,0.0,0.0,0,0.0,0.0
043957,康舒元大5A購02,TW,0.0,-78.0,0.0,0.0,0,0.0,0.0
043964,至上元大58購03,TW,0.0,-297.0,0.0,0.0,0,0.0,0.0
043965,至上元大5A購02,TW,0.0,-204.0,0.0,0.0,0,0.0,0.0
043970,華新永豐56購03,TW,0.0,1.0,0.0,0.0,0,0.0,0.0
043972,台積電永豐5B購04,TW,0.0,-63.0,0.0,0.0,0,0.0,0.0
043977,大立光永豐56購01,TW,0.0,32.0,0.0,0.0,0,0.0,0.0
043981,大立光兆豐56購02,TW,0.0,-5.0,0.0,0.0,0,0.0,0.0
043985,世芯中信5B購02,TW,0.0,148.0,0.0,0.0,0,0.0,0.0
043989,元金2X元富5B購01,TW,0.0,66.0,0.0,0.0,0,0.0,0.0
043991,楠梓電元富58購01,TW,0.0,33.0,0.0,0.0,0,0.0,0.0
043992,台積電元富6B購01,TW,0.0,-1.0,0.0,0.0,0,0.0,0.0
044009,元金2X國票57購03,TW,0.0,20.0,0.0,0.0,0,0.0,0.0
044012,中興電國票56購01,TW,0.0,1.0,0.0,0.0,0,0.0,0.0
044020,宏達電國票57購02,TW,0.0,2.0,0.0,0.0,0,0.0,0.0
044022,中信金國票56購01,TW,0.0,20.0,0.0,0.0,0,0.0,0.0
044027,亞翔國票57購01,TW,0.0,60.0,0.0,0.0,0,0.0,0.0
044043,技嘉富邦56購01,TW,0.0,127.0,0.0,0.0,0,0.0,0.0
044053,臺股指富邦65購01,TW,0.0,4.0,0.0,0.0,0,0.0,0.0
044056,漢唐國泰56購01,TW,0.0,-14.0,0.0,0.0,0,0.0,0.0
044064,昇陽半國泰56購01,TW,0.0,0.0,0.0,0.0,0,0.0,0.0
044074,友達群益59購01,TW,0.0,-20.0,0.0,0.0,0,0.0,0.0
044089,鴻準凱基5A購01,TW,0.0,24.0,0.0,0.0,0,0.0,0.0
044091,微星凱基59購01,TW,0.0,31.0,0.0,0.0,0,0.0,0.0
044094,建準凱基5B購01,TW,0.0,-64.0,0.0,0.0,0,0.0,0.0
044095,建準凱基5B購02,TW,0.0,-388.0,0.0,0.0,0,0.0,0.0
044098,長榮凱基5B購01,TW,0.0,-48.0,0.0,0.0,0,0.0,0.0
044104,祥碩凱基58購02,TW,0.0,-5.0,0.0,0.0,0,0.0,0.0
044105,jpp凱基58購01,TW,0.0,-176.0,0.0,0.0,0,0.0,0.0
044108,力成凱基56購04,TW,0.0,-10.0,-5.0,0.0,0,0.0,0.0
044109,康舒凱基58購01,TW,0.0,25.0,0.0,0.0,0,0.0,0.0
044122,鴻海元大5B購01,TW,0.0,212.0,0.0,0.0,0,0.0,0.0
044129,金像電元大5A購04,TW,0.0,7.0,0.0,0.0,0,0.0,0.0
044130,漢唐元大58購03,TW,0.0,586.0,0.0,0.0,0,0.0,0.0
044131,友達元大59購01,TW,0.0,9.0,0.0,0.0,0,0.0,0.0
044134,建準元大5A購01,TW,0.0,-502.0,0.0,0.0,0,0.0,0.0
044138,萬海元大59購01,TW,0.0,1239.0,0.0,0.0,0,0.0,0.0
044142,智原元大59購02,TW,0.0,60.0,0.0,0.0,0,0.0,0.0
044143,緯創元大58購03,TW,0.0,223.0,0.0,0.0,0,0.0,0.0
044144,昇貿元大57購03,TW,0.0,880.0,0.0,0.0,0,0.0,0.0
044145,昇貿元大5B購01,TW,0.0,-1308.0,10.0,0.0,0,0.0,0.0
044147,聯鈞元大58購04,TW,0.0,15.0,0.0,0.0,0,0.0,0.0
044155,jpp元大5B購03,TW,0.0,439.0,0.0,0.0,0,0.0,0.0
044157,康舒元大5A購03,TW,0.0,-868.0,0.0,0.0,0,0.0,0.0
044169,至上元大5A購03,TW,0.0,-175.0,0.0,0.0,0,0.0,0.0
044170,旺宏統一58購02,TW,0.0,-2.0,0.0,0.0,0,0.0,0.0
044171,旺宏統一6B購02,TW,0.0,-56.0,0.0,0.0,0,0.0,0.0
044174,建準統一6B購01,TW,0.0,-22.0,0.0,0.0,0,0.0,0.0
044175,創見統一65購01,TW,0.0,30.0,0.0,0.0,0,0.0,0.0
044178,奇鋐統一5B購04,TW,0.0,40.0,0.0,0.0,0,0.0,0.0
044179,力積電統一5C購03,TW,0.0,-294.0,0.0,0.0,0,0.0,0.0
044180,勤誠統一5B購01,TW,0.0,66.0,0.0,0.0,0,0.0,0.0
044181,勤誠統一6B購02,TW,0.0,97.0,0.0,0.0,0,0.0,0.0
044182,旺宏中信5B購01,TW,0.0,3.0,0.0,0.0,0,0.0,0.0
044185,京元電中信5B購02,TW,0.0,-728.0,0.0,0.0,0,0.0,0.0
044187,南電中信5B購01,TW,0.0,-59.0,0.0,0.0,0,0.0,0.0
044195,世芯永豐56購04,TW,0.0,7.0,0.0,0.0,0,0.0,0.0
044196,世芯永豐57購03,TW,0.0,-28.0,0.0,0.0,0,0.0,0.0
044197,貿聯永豐56購02,TW,0.0,-145.0,0.0,0.0,0,0.0,0.0
044201,奇鋐兆豐57購01,TW,0.0,8.0,0.0,0.0,0,0.0,0.0
044204,奇鋐國泰56購04,TW,0.0,-3.0,0.0,0.0,0,0.0,0.0
044206,TPK國泰56購01,TW,0.0,5.0,0.0,0.0,0,0.0,0.0
044232,至上元富58購02,TW,0.0,-105.0,0.0,0.0,0,0.0,0.0
044233,至上元富58購03,TW,0.0,433.0,0.0,0.0,0,0.0,0.0
044238,華新凱基58購02,TW,0.0,-27.0,0.0,0.0,0,0.0,0.0
044246,佳能凱基59購01,TW,0.0,0.0,0.0,0.0,0,0.0,0.0
044250,萬海凱基58購02,TW,0.0,10.0,0.0,0.0,0,0.0,0.0
044253,智原凱基56購01,TW,0.0,1293.0,0.0,0.0,0,0.0,0.0
044259,精成科凱基59購02,TW,0.0,432.0,0.0,0.0,0,0.0,0.0
044260,康舒凱基5A購01,TW,0.0,-71.0,0.0,0.0,0,0.0,0.0
044266,至上凱基58購01,TW,0.0,60.0,0.0,0.0,0,0.0,0.0
044267,至上凱基59購01,TW,0.0,668.0,0.0,0.0,0,0.0,0.0
044268,至上凱基5A購01,TW,0.0,-87.0,0.0,0.0,0,0.0,0.0
044270,臺股指凱基63購02,TW,0.0,0.0,0.0,0.0,0,0.0,0.0
044272,上証2X國票56購02,TW,0.0,-10.0,0.0,0.0,0,0.0,0.0
044274,元金2X國票59購01,TW,0.0,-227.0,0.0,0.0,0,0.0,0.0
044277,創見國票59購03,TW,0.0,285.0,0.0,0.0,0,0.0,0.0
044279,聯發科國票57購01,TW,0.0,1.0,0.0,0.0,0,0.0,0.0
044280,強茂國票57購01,TW,0.0,150.0,0.0,0.0,0,0.0,0.0
044281,宏達電國票56購05,TW,0.0,-271.0,0.0,0.0,0,0.0,0.0
044282,華立國票56購01,TW,0.0,9.0,0.0,0.0,0,0.0,0.0
044283,奇鋐國票56購03,TW,0.0,-564.0,0.0,0.0,0,0.0,0.0
044284,貿聯國票56購02,TW,0.0,-20.0,0.0,0.0,0,0.0,0.0
044285,TPK國票56購01,TW,0.0,-140.0,0.0,0.0,0,0.0,0.0
044292,華東國票59購02,TW,0.0,40.0,0.0,0.0,0,0.0,0.0
044309,力成群益56購02,TW,0.0,27.0,0.0,0.0,0,0.0,0.0
044318,台積電富邦57購01,TW,0.0,49.0,0.0,0.0,0,0.0,0.0
044320,創見富邦5B購01,TW,0.0,-5.0,0.0,0.0,0,0.0,0.0
044340,漢唐元大58購04,TW,0.0,-25.0,0.0,0.0,0,0.0,0.0
044349,智原元大59購03,TW,0.0,8.0,0.0,0.0,0,0.0,0.0
044350,緯創元大58購04,TW,0.0,-1358.0,0.0,0.0,0,0.0,0.0
044354,貿聯元大58購05,TW,0.0,1.0,0.0,0.0,0,0.0,0.0
044355,定穎控元大5B購02,TW,0.0,-258.0,0.0,0.0,0,0.0,0.0
044358,jpp元大57購01,TW,0.0,-546.0,0.0,0.0,0,0.0,0.0
044364,愛普元大59購02,TW,0.0,10.0,0.0,0.0,0,0.0,0.0
044376,漢唐中信57購01,TW,0.0,4.0,0.0,0.0,0,0.0,0.0
044378,創見中信59購01,TW,0.0,-28.0,0.0,0.0,0,0.0,0.0
044379,世芯中信5B購03,TW,0.0,1.0,0.0,0.0,0,0.0,0.0
044380,貿聯中信56購01,TW,0.0,8.0,0.0,0.0,0,0.0,0.0
044383,緯穎中信5B購01,TW,0.0,-161.0,0.0,0.0,0,0.0,0.0
044387,鴻海永豐58購03,TW,0.0,-1.0,0.0,0.0,0,0.0,0.0
044393,奇鋐永豐57購07,TW,0.0,10.0,0.0,0.0,0,0.0,0.0
044396,緯穎永豐57購02,TW,0.0,1.0,0.0,0.0,0,0.0,0.0
044397,緯穎永豐58購02,TW,0.0,-1089.0,0.0,0.0,0,0.0,0.0
044398,南亞統一5B購01,TW,0.0,-50.0,0.0,0.0,0,0.0,0.0
044400,創見統一5C購03,TW,0.0,-14.0,0.0,0.0,0,0.0,0.0
044401,創見統一65購02,TW,0.0,-35.0,0.0,0.0,0,0.0,0.0
044402,緯穎統一6B購01,TW,0.0,-884.0,0.0,0.0,0,0.0,0.0
044403,力積電統一65購01,TW,0.0,1.0,0.0,0.0,0,0.0,0.0
044404,力積電統一6B購01,TW,0.0,165.0,0.0,0.0,0,0.0,0.0
044405,至上統一6B購01,TW,0.0,-497.0,0.0,0.0,0,0.0,0.0
044406,南亞兆豐5B購01,TW,0.0,0.0,0.0,0.0,0,0.0,0.0
044407,旺宏兆豐5B購01,TW,0.0,-10.0,0.0,0.0,0,0.0,0.0
044408,上緯控兆豐57購01,TW,0.0,-42.0,0.0,0.0,0,0.0,0.0
044410,鴻海國泰56購03,TW,0.0,516.0,0.0,0.0,0,0.0,0.0
044413,緯穎國泰56購04,TW,0.0,5.0,0.0,0.0,0,0.0,0.0
044417,台塑富邦56購01,TW,0.0,0.0,0.0,0.0,0,0.0,0.0
044418,緯穎富邦57購02,TW,0.0,1.0,0.0,0.0,0,0.0,0.0
044421,勤誠富邦59購01,TW,0.0,86.0,0.0,0.0,0,0.0,0.0
044423,元日2X元大57購02,TW,0.0,-58.0,0.0,0.0,0,0.0,0.0
044424,元日2X元大59購01,TW,0.0,-410.0,0.0,0.0,0,0.0,0.0
044425,道瓊銅元大57購01,TW,0.0,-2.0,0.0,0.0,0,0.0,0.0
044437,智邦元大5B購01,TW,0.0,26.0,0.0,0.0,0,0.0,0.0
044438,鴻準元大58購01,TW,0.0,-82.0,0.0,0.0,0,0.0,0.0
044441,漢唐元大58購05,TW,0.0,289.0,0.0,0.0,0,0.0,0.0
044442,建準元大58購01,TW,0.0,-40.0,0.0,0.0,0,0.0,0.0
044443,建準元大59購02,TW,0.0,-41.0,0.0,0.0,0,0.0,0.0
044450,強茂元大58購01,TW,0.0,-97.0,0.0,0.0,0,0.0,0.0
044455,智原元大56購02,TW,0.0,20.0,0.0,0.0,0,0.0,0.0
044467,力成元大58購03,TW,0.0,-30.0,0.0,0.0,0,0.0,0.0
044491,緯穎元富58購04,TW,0.0,5.0,0.0,0.0,0,0.0,0.0
044499,東鹼國票56購01,TW,0.0,-60.0,0.0,0.0,0,0.0,0.0
044503,佳能國票56購02,TW,0.0,-40.0,0.0,0.0,0,0.0,0.0
044504,創見國票57購01,TW,0.0,15.0,0.0,0.0,0,0.0,0.0
044505,興富發國票56購01,TW,0.0,10.0,0.0,0.0,0,0.0,0.0
044506,緯穎國票56購03,TW,0.0,1.0,0.0,0.0,0,0.0,0.0
044522,創見凱基56購02,TW,0.0,4.0,0.0,0.0,0,0.0,0.0
044527,華新科凱基56購02,TW,0.0,8.0,0.0,0.0,0,0.0,0.0
044533,神達凱基5B購01,TW,0.0,-10.0,0.0,0.0,0,0.0,0.0
044548,南電凱基59購01,TW,0.0,-1.0,0.0,0.0,0,0.0,0.0
044559,鴻海群益56購10,TW,0.0,40.0,0.0,0.0,0,0.0,0.0
044561,鴻海群益58購04,TW,0.0,-44.0,0.0,0.0,0,0.0,0.0
044568,晶豪科群益5A購02,TW,0.0,25.0,0.0,0.0,0,0.0,0.0
044573,定穎控群益56購05,TW,0.0,-15.0,0.0,0.0,0,0.0,0.0
044574,緯穎群益57購02,TW,0.0,1260.0,0.0,0.0,0,0.0,0.0
044575,緯穎群益5B購01,TW,0.0,11.0,0.0,0.0,0,0.0,0.0
044578,勤誠群益57購01,TW,0.0,1030.0,0.0,0.0,0,0.0,0.0
044579,勤誠群益57購02,TW,0.0,50.0,0.0,0.0,0,0.0,0.0
044582,亞力凱基57購02,TW,0.0,-25.0,0.0,0.0,0,0.0,0.0
044591,創見凱基57購03,TW,0.0,-202.0,0.0,0.0,0,0.0,0.0
044593,創見凱基59購02,TW,0.0,-110.0,0.0,0.0,0,0.0,0.0
044595,興富發凱基56購01,TW,0.0,8.0,0.0,0.0,0,0.0,0.0
044603,上品凱基56購01,TW,0.0,10.0,0.0,0.0,0,0.0,0.0
044608,南亞統一6B購01,TW,0.0,250.0,0.0,0.0,0,0.0,0.0
044609,金像電統一6B購01,TW,0.0,-11.0,0.0,0.0,0,0.0,0.0
044610,台光電統一6B購01,TW,0.0,-110.0,0.0,0.0,0,0.0,0.0
044611,建準統一6B購02,TW,0.0,-200.0,0.0,0.0,0,0.0,0.0
044612,創見統一59購02,TW,0.0,268.0,0.0,0.0,0,0.0,0.0
044613,創見統一6B購01,TW,0.0,445.0,0.0,0.0,0,0.0,0.0
044615,緯穎統一5B購02,TW,0.0,38.0,0.0,0.0,0,0.0,0.0
044617,南茂統一5C購01,TW,0.0,-13.0,0.0,0.0,0,0.0,0.0
044618,南茂統一5C購02,TW,0.0,92.0,0.0,0.0,0,0.0,0.0
044619,金像電中信5B購04,TW,0.0,4.0,0.0,0.0,0,0.0,0.0
044624,鴻海永豐57購03,TW,0.0,6.0,0.0,0.0,0,0.0,0.0
044629,創見永豐56購01,TW,0.0,-4.0,0.0,0.0,0,0.0,0.0
044635,上緯控永豐57購02,TW,0.0,-72.0,0.0,0.0,0,0.0,0.0
044638,力積電永豐56購03,TW,0.0,204.0,0.0,0.0,0,0.0,0.0
044640,定穎控兆豐57購01,TW,0.0,3.0,0.0,0.0,0,0.0,0.0
044644,創見富邦5B購02,TW,0.0,-1.0,0.0,0.0,0,0.0,0.0
044646,奇鋐富邦58購03,TW,0.0,-4.0,0.0,0.0,0,0.0,0.0
044647,奇鋐富邦58購04,TW,0.0,161.0,0.0,0.0,0,0.0,0.0
044648,禾伸堂富邦57購01,TW,0.0,0.0,0.0,0.0,0,0.0,0.0
044650,力積電富邦59購01,TW,0.0,0.0,0.0,0.0,0,0.0,0.0
044662,智原群益56購02,TW,0.0,10.0,0.0,0.0,0,0.0,0.0
044667,jpp群益56購02,TW,0.0,-96.0,0.0,0.0,0,0.0,0.0
044674,南茂群益56購02,TW,0.0,20.0,0.0,0.0,0,0.0,0.0
044698,至上元富58購04,TW,0.0,380.0,0.0,0.0,0,0.0,0.0
044700,聯強國票56購01,TW,0.0,514.0,0.0,0.0,0,0.0,0.0
044702,菱生國票56購01,TW,0.0,-3.0,0.0,0.0,0,0.0,0.0
044705,大聯大國票56購01,TW,0.0,0.0,0.0,0.0,0,0.0,0.0
044707,定穎控國票59購01,TW,0.0,-1.0,0.0,0.0,0,0.0,0.0
044708,康普國票56購01,TW,0.0,-5.0,0.0,0.0,0,0.0,0.0
044712,力積電國票5B購01,TW,0.0,-83.0,0.0,0.0,0,0.0,0.0
044713,AMAX國票56購01,TW,0.0,106.0,0.0,0.0,0,0.0,0.0
044722,上緯控國泰56購01,TW,0.0,75.0,0.0,0.0,0,0.0,0.0
044723,乙盛國泰56購01,TW,0.0,-4.0,0.0,0.0,0,0.0,0.0
044737,建準元大58購02,TW,0.0,-103.0,0.0,0.0,0,0.0,0.0
044751,強茂元大58購02,TW,0.0,-5.0,0.0,0.0,0,0.0,0.0
044754,陽明元大58購01,TW,0.0,615.0,0.0,0.0,0,0.0,0.0
044760,台積電統一57購06,TW,0.0,28.0,0.0,0.0,0,0.0,0.0
044762,聯發科統一57購02,TW,0.0,-10.0,0.0,0.0,0,0.0,0.0
044766,聯鈞元大59購02,TW,0.0,26.0,0.0,0.0,0,0.0,0.0
044770,神達元大59購03,TW,0.0,-318.0,0.0,0.0,0,0.0,0.0
044773,台塑化元大58購01,TW,0.0,-78.0,0.0,0.0,0,0.0,0.0
044775,欣興統一57購01,TW,0.0,329.0,0.0,0.0,0,0.0,0.0
044778,群創統一57購01,TW,0.0,821.0,0.0,0.0,0,0.0,0.0
044788,南亞統一6B購02,TW,0.0,-404.0,0.0,0.0,0,0.0,0.0
044789,華新統一6B購01,TW,0.0,155.0,0.0,0.0,0,0.0,0.0
044790,華新統一6B購02,TW,0.0,-325.0,0.0,0.0,0,0.0,0.0
044791,鴻海統一6B購01,TW,0.0,-750.0,0.0,0.0,0,0.0,0.0
044792,國巨統一5B購05,TW,0.0,822.0,0.0,0.0,0,0.0,0.0
044793,國巨統一6B購02,TW,0.0,134.0,0.0,0.0,0,0.0,0.0
044795,國巨統一6B購03,TW,0.0,71.0,0.0,0.0,0,0.0,0.0
044796,台積電統一6B購01,TW,0.0,-1837.0,0.0,0.0,0,0.0,0.0
044797,金像電統一5C購01,TW,0.0,-34.0,0.0,0.0,0,0.0,0.0
044798,金像電統一6B購02,TW,0.0,-30.0,0.0,0.0,0,0.0,0.0
044799,華新科統一6B購01,TW,0.0,90.0,0.0,0.0,0,0.0,0.0
044800,日電貿統一65購01,TW,0.0,-1068.0,0.0,0.0,0,0.0,0.0
044802,台塑化統一6B購01,TW,0.0,-92.0,0.0,0.0,0,0.0,0.0
044803,愛普統一6B購01,TW,0.0,2280.0,0.0,0.0,0,0.0,0.0
044814,至上永豐56購01,TW,0.0,130.0,0.0,0.0,0,0.0,0.0
044816,元黃金中信5B購01,TW,0.0,-24.0,0.0,0.0,0,0.0,0.0
044821,台化中信5B購01,TW,0.0,-840.0,0.0,0.0,0,0.0,0.0
044830,華新富邦59購01,TW,0.0,-8.0,0.0,0.0,0,0.0,0.0
044831,光寶科富邦57購01,TW,0.0,20.0,0.0,0.0,0,0.0,0.0
044835,台新金富邦56購01,TW,0.0,368.0,0.0,0.0,0,0.0,0.0
044837,同欣電富邦57購01,TW,0.0,110.0,0.0,0.0,0,0.0,0.0
044840,台灣50凱基63購01,TW,0.0,0.0,0.0,0.0,0,0.0,0.0
044842,上証2X凱基59購01,TW,0.0,-166.0,0.0,0.0,0,0.0,0.0
044850,台積電凱基63購01,TW,0.0,-3.0,0.0,0.0,0,0.0,0.0
044853,漢唐凱基56購01,TW,0.0,64.0,0.0,0.0,0,0.0,0.0
044858,強茂凱基58購01,TW,0.0,9.0,0.0,0.0,0,0.0,0.0
044861,宏達電凱基57購04,TW,0.0,-381.0,0.0,0.0,0,0.0,0.0
044864,日電貿凱基57購01,TW,0.0,271.0,0.0,0.0,0,0.0,0.0
044870,台塑化凱基58購01,TW,0.0,-105.0,0.0,0.0,0,0.0,0.0
044876,南亞國票56購03,TW,0.0,-9.0,0.0,0.0,0,0.0,0.0
044877,國巨國票58購01,TW,0.0,85.0,0.0,0.0,0,0.0,0.0
044881,至上國票56購05,TW,0.0,800.0,0.0,0.0,0,0.0,0.0
044882,華新國泰56購01,TW,0.0,5.0,0.0,0.0,0,0.0,0.0
044885,TPK國泰56購02,TW,0.0,-2.0,0.0,0.0,0,0.0,0.0
044886,瀚宇博國泰56購01,TW,0.0,40.0,0.0,0.0,0,0.0,0.0
044887,愛普國泰56購01,TW,0.0,0.0,0.0,0.0,0,0.0,0.0
044905,鴻海統一57購03,TW,0.0,672.0,0.0,0.0,0,0.0,0.0
044906,緯創元富5B購01,TW,0.0,-70.0,0.0,0.0,0,0.0,0.0
044913,元金反元大57購01,TW,0.0,0.0,0.0,0.0,0,0.0,0.0
044914,南亞元大58購02,TW,0.0,4.0,0.0,0.0,0,0.0,0.0
044915,聯發科統一57購03,TW,0.0,-9.0,0.0,0.0,0,0.0,0.0
044916,南亞元大59購02,TW,0.0,-92.0,0.0,0.0,0,0.0,0.0
044917,南亞元大5A購01,TW,0.0,-74.0,0.0,0.0,0,0.0,0.0
044920,大立光統一57購03,TW,0.0,894.0,0.0,0.0,0,0.0,0.0
044921,亞光統一57購01,TW,0.0,160.0,0.0,0.0,0,0.0,0.0
044926,佳能元大58購02,TW,0.0,519.0,0.0,0.0,0,0.0,0.0
044930,辛耘統一57購01,TW,0.0,22.0,0.0,0.0,0,0.0,0.0
044931,台光電元大5B購03,TW,0.0,9.0,0.0,0.0,0,0.0,0.0
044935,建準元大58購03,TW,0.0,-10.0,0.0,0.0,0,0.0,0.0
044937,立隆電元大58購02,TW,0.0,1.0,0.0,0.0,0,0.0,0.0
044939,強茂元大58購03,TW,0.0,313.0,0.0,0.0,0,0.0,0.0
044942,萬海元大5A購03,TW,0.0,179.0,0.0,0.0,0,0.0,0.0
044944,晟銘電元大59購02,TW,0.0,410.0,0.0,0.0,0,0.0,0.0
044960,康舒元大5B購01,TW,0.0,-1069.0,0.0,0.0,0,0.0,0.0
044968,至上元大57購02,TW,0.0,-70.0,0.0,0.0,0,0.0,0.0
044969,至上元大5B購01,TW,0.0,-477.0,0.0,0.0,0,0.0,0.0
044971,台塑群益56購01,TW,0.0,1.0,0.0,0.0,0,0.0,0.0
044990,元石油中信5B購01,TW,0.0,1.0,0.0,0.0,0,0.0,0.0
044993,聯鈞中信56購01,TW,0.0,88.0,0.0,0.0,0,0.0,0.0
045001,南茂永豐57購01,TW,0.0,3.0,0.0,0.0,0,0.0,0.0
045002,美費半富邦57購01,TW,0.0,21.0,0.0,0.0,0,0.0,0.0
045003,南亞富邦57購01,TW,0.0,0.0,0.0,0.0,0,0.0,0.0
045005,台化富邦57購01,TW,0.0,-159.0,0.0,0.0,0,0.0,0.0
045007,大成鋼富邦57購01,TW,0.0,231.0,0.0,0.0,0,0.0,0.0
045012,建準富邦57購02,TW,0.0,-300.0,0.0,0.0,0,0.0,0.0
045013,建準富邦58購01,TW,0.0,10.0,0.0,0.0,0,0.0,0.0
045016,全新富邦58購01,TW,0.0,8.0,0.0,0.0,0,0.0,0.0
045018,長榮富邦57購01,TW,0.0,-2.0,0.0,0.0,0,0.0,0.0
045020,國泰金富邦56購01,TW,0.0,244.0,0.0,0.0,0,0.0,0.0
045021,智原富邦56購01,TW,0.0,1.0,0.0,0.0,0,0.0,0.0
045023,世芯富邦58購01,TW,0.0,-404.0,0.0,0.0,0,0.0,0.0
045025,貿聯富邦5B購01,TW,0.0,37.0,0.0,0.0,0,0.0,0.0
045028,康舒富邦58購01,TW,0.0,-90.0,0.0,0.0,0,0.0,0.0
045029,旭隼富邦58購01,TW,0.0,-162.0,0.0,0.0,0,0.0,0.0
045038,凱美元富58購01,TW,0.0,50.0,0.0,0.0,0,0.0,0.0
045047,新纖國票57購01,TW,0.0,0.0,0.0,0.0,0,0.0,0.0
045049,凱美國票59購01,TW,0.0,318.0,0.0,0.0,0,0.0,0.0
045058,南茂國票56購04,TW,0.0,-16.0,0.0,0.0,0,0.0,0.0
045061,南亞國泰56購03,TW,0.0,-5.0,0.0,0.0,0,0.0,0.0
045064,華新國泰56購02,TW,0.0,-9.0,0.0,0.0,0,0.0,0.0
045069,漢唐國泰56購02,TW,0.0,25.0,0.0,0.0,0,0.0,0.0
045070,興勤國泰56購01,TW,0.0,46.0,0.0,0.0,0,0.0,0.0
045076,光寶科凱基57購05,TW,0.0,40.0,0.0,0.0,0,0.0,0.0
045077,金寶凱基57購02,TW,0.0,-66.0,0.0,0.0,0,0.0,0.0
045083,建準凱基58購01,TW,0.0,-235.0,0.0,0.0,0,0.0,0.0
045087,萬海凱基59購01,TW,0.0,-26.0,0.0,0.0,0,0.0,0.0
045089,晟銘電凱基57購01,TW,0.0,600.0,0.0,0.0,0,0.0,0.0
045104,東元元大5B購01,TW,0.0,-529.0,0.0,0.0,0,0.0,0.0
045105,光寶科元大5A購03,TW,0.0,20.0,0.0,0.0,0,0.0,0.0
045117,立隆電元大5B購01,TW,0.0,32.0,0.0,0.0,0,0.0,0.0
045119,華新科元大58購02,TW,0.0,33.0,0.0,0.0,0,0.0,0.0
045120,華新科元大5B購01,TW,0.0,84.0,0.0,0.0,0,0.0,0.0
045122,萬海元大5A購04,TW,0.0,-77.0,0.0,0.0,0,0.0,0.0
045123,晟銘電元大58購01,TW,0.0,3.0,0.0,0.0,0,0.0,0.0
045124,晟銘電元大59購03,TW,0.0,10.0,0.0,0.0,0,0.0,0.0
045132,貿聯元大5B購01,TW,0.0,-366.0,0.0,0.0,0,0.0,0.0
045137,祥碩元大5A購03,TW,0.0,61.0,0.0,0.0,0,0.0,0.0
045146,南亞群益57購01,TW,0.0,-9.0,0.0,0.0,0,0.0,0.0
045151,凱美群益57購01,TW,0.0,1487.0,0.0,0.0,0,0.0,0.0
045165,昇貿元富56購02,TW,0.0,110.0,0.0,0.0,0,0.0,0.0
045166,貿聯元富56購02,TW,0.0,-1196.0,0.0,0.0,0,0.0,0.0
045167,緯穎元富56購04,TW,0.0,7.0,0.0,0.0,0,0.0,0.0
045168,華泰國票56購01,TW,0.0,4.0,0.0,0.0,0,0.0,0.0
045172,台塑化國票56購01,TW,0.0,5.0,0.0,0.0,0,0.0,0.0
045177,強茂國泰56購01,TW,0.0,0.0,0.0,0.0,0,0.0,0.0
045179,智原國泰56購02,TW,0.0,13.0,0.0,0.0,0,0.0,0.0
045182,臺指反中信5B購01,TW,0.0,3320.0,0.0,0.0,0,0.0,0.0
045188,華新科統一6B購02,TW,0.0,18.0,0.0,0.0,0,0.0,0.0
045190,乙盛統一5C購02,TW,0.0,519.0,0.0,0.0,0,0.0,0.0
045191,滬深2X凱基61購01,TW,0.0,-1754.0,0.0,0.0,0,0.0,0.0
045194,南亞凱基57購01,TW,0.0,-29.0,0.0,0.0,0,0.0,0.0
045197,東元凱基5B購01,TW,0.0,0.0,0.0,0.0,0,0.0,0.0
045204,漢唐凱基56購02,TW,0.0,-60.0,0.0,0.0,0,0.0,0.0
045212,昇貿凱基56購03,TW,0.0,540.0,0.0,0.0,0,0.0,0.0
045225,技嘉兆豐56購01,TW,0.0,14.0,0.0,0.0,0,0.0,0.0
045231,台積電富邦57購02,TW,0.0,-5.0,0.0,0.0,0,0.0,0.0
045234,緯穎富邦56購02,TW,0.0,2.0,0.0,0.0,0,0.0,0.0
045239,鴻海群益57購04,TW,0.0,180.0,0.0,0.0,0,0.0,0.0
045252,愛普群益57購01,TW,0.0,3.0,0.0,0.0,0,0.0,0.0
045254,美指2X元大58購01,TW,0.0,0.0,0.0,0.0,0,0.0,0.0
045258,光寶科元大5A購04,TW,0.0,-54.0,0.0,0.0,0,0.0,0.0
045269,台光電元大5B購04,TW,0.0,1.0,0.0,0.0,0,0.0,0.0
045278,萬海元大5A購05,TW,0.0,184.0,0.0,0.0,0,0.0,0.0
045280,鴻海統一56購03,TW,0.0,71.0,0.0,0.0,0,0.0,0.0
045292,聯發科統一57購04,TW,0.0,5.0,0.0,0.0,0,0.0,0.0
045306,愛普元大56購04,TW,0.0,0.0,0.0,0.0,0,0.0,0.0
045307,愛普元大5B購01,TW,0.0,39.0,0.0,0.0,0,0.0,0.0
045317,至上台新55購01,TW,0.0,26.0,0.0,0.0,0,0.0,0.0
045326,鴻海元富55購04,TW,0.0,-300.0,0.0,0.0,0,0.0,0.0
045333,世芯元富55購07,TW,0.0,48.0,0.0,0.0,0,0.0,0.0
045335,AES元富58購01,TW,0.0,-475.0,0.0,0.0,0,0.0,0.0
045338,南亞凱基59購01,TW,0.0,0.0,0.0,0.0,0,0.0,0.0
045341,國巨凱基56購03,TW,0.0,6.0,0.0,0.0,0,0.0,0.0
045349,強茂凱基58購02,TW,0.0,85.0,0.0,0.0,0,0.0,0.0
045356,昇貿凱基59購01,TW,0.0,-228.0,0.0,0.0,0,0.0,0.0
045360,神達凱基59購02,TW,0.0,105.0,0.0,0.0,0,0.0,0.0
045363,祥碩凱基56購02,TW,0.0,153.0,0.0,0.0,0,0.0,0.0
045365,愛普凱基56購04,TW,0.0,0.0,0.0,0.0,0,0.0,0.0
045378,電子類國票55購04,TW,0.0,2.0,0.0,0.0,0,0.0,0.0
045381,技嘉國泰56購01,TW,0.0,143.0,0.0,0.0,0,0.0,0.0
045386,力成國泰56購02,TW,0.0,60.0,0.0,0.0,0,0.0,0.0
045389,鴻海富邦56購04,TW,0.0,-21.0,0.0,0.0,0,0.0,0.0
045393,力成富邦58購01,TW,0.0,105.0,0.0,0.0,0,0.0,0.0
045414,T50反1元大62購03,TW,0.0,-29.0,0.0,0.0,0,0.0,0.0
045415,南亞元大55購01,TW,0.0,104.0,0.0,0.0,0,0.0,0.0
045425,華碩元大55購02,TW,0.0,10.0,0.0,0.0,0,0.0,0.0
045431,台光電元大5B購05,TW,0.0,58.0,0.0,0.0,0,0.0,0.0
045432,建準元大5A購02,TW,0.0,-12.0,0.0,0.0,0,0.0,0.0
045433,京元電元大55購11,TW,0.0,4.0,0.0,0.0,0,0.0,0.0
045437,長榮元大55購21,TW,0.0,536.0,0.0,0.0,0,0.0,0.0
045439,萬海元大5B購01,TW,0.0,1663.0,0.0,0.0,0,0.0,0.0
045440,慧洋元大57購01,TW,0.0,-250.0,0.0,0.0,0,0.0,0.0
045443,奇鋐元大55購18,TW,0.0,70.0,0.0,0.0,0,0.0,0.0
045450,世芯元大5B購01,TW,0.0,-8.0,0.0,0.0,0,0.0,0.0
045456,同欣電元大55購04,TW,0.0,800.0,0.0,0.0,0,0.0,0.0
045457,康舒元大57購01,TW,0.0,1.0,0.0,0.0,0,0.0,0.0
045458,旭隼元大5B購01,TW,0.0,-2017.0,0.0,0.0,0,0.0,0.0
045460,愛普元大5B購02,TW,0.0,4.0,0.0,0.0,0,0.0,0.0
045463,至上元大59購02,TW,0.0,-24.0,0.0,0.0,0,0.0,0.0
045471,大立光永豐55購03,TW,0.0,3.0,0.0,0.0,0,0.0,0.0
045482,台積電元富5B購03,TW,0.0,4.0,0.0,0.0,0,0.0,0.0
045486,國喬國票58購01,TW,0.0,-5.0,0.0,0.0,0,0.0,0.0
045487,新纖國票56購01,TW,0.0,-571.0,0.0,0.0,0,0.0,0.0
045489,華新國票57購01,TW,0.0,60.0,0.0,0.0,0,0.0,0.0
045490,大成鋼國票56購01,TW,0.0,-81.0,0.0,0.0,0,0.0,0.0
045494,華碩國票56購01,TW,0.0,327.0,0.0,0.0,0,0.0,0.0
045495,正崴國票56購01,TW,0.0,642.0,0.0,0.0,0,0.0,0.0
045496,漢唐國票56購02,TW,0.0,-370.0,0.0,0.0,0,0.0,0.0
045499,長榮國票56購03,TW,0.0,-4.0,0.0,0.0,0,0.0,0.0
045500,晟銘電國票55購02,TW,0.0,20.0,0.0,0.0,0,0.0,0.0
045505,玉晶光國票56購01,TW,0.0,74.0,0.0,0.0,0,0.0,0.0
045512,精成科國票56購03,TW,0.0,-5.0,0.0,0.0,0,0.0,0.0
045513,旭隼國票58購01,TW,0.0,-15.0,0.0,0.0,0,0.0,0.0
045518,鴻海國泰56購06,TW,0.0,30.0,0.0,0.0,0,0.0,0.0
045519,毅嘉國泰56購01,TW,0.0,-4.0,0.0,0.0,0,0.0,0.0
045523,精成科國泰56購01,TW,0.0,-64.0,0.0,0.0,0,0.0,0.0
045524,勤誠國泰56購01,TW,0.0,6.0,0.0,0.0,0,0.0,0.0
045525,勤誠國泰56購02,TW,0.0,34.0,0.0,0.0,0,0.0,0.0
045529,強茂富邦56購02,TW,0.0,0.0,0.0,0.0,0,0.0,0.0
045532,愛普富邦56購01,TW,0.0,85.0,0.0,0.0,0,0.0,0.0
045535,FBNQ2X群益57購01,TW,0.0,3.0,0.0,0.0,0,0.0,0.0
045537,國巨群益55購08,TW,0.0,51.0,0.0,0.0,0,0.0,0.0
045544,長榮航群益57購01,TW,0.0,100.0,0.0,0.0,0,0.0,0.0
045554,華新凱基57購02,TW,0.0,13.0,0.0,0.0,0,0.0,0.0
045555,上銀凱基56購02,TW,0.0,91.0,0.0,0.0,0,0.0,0.0
045559,微星凱基56購02,TW,0.0,10.0,0.0,0.0,0,0.0,0.0
045561,漢唐凱基55購03,TW,0.0,70.0,0.0,0.0,0,0.0,0.0
045564,慧洋凱基57購01,TW,0.0,1.0,0.0,0.0,0,0.0,0.0
045565,晟銘電凱基59購01,TW,0.0,140.0,0.0,0.0,0,0.0,0.0
045569,亞翔凱基55購07,TW,0.0,3.0,0.0,0.0,0,0.0,0.0
045572,同欣電凱基55購02,TW,0.0,-10.0,0.0,0.0,0,0.0,0.0
045573,旭隼凱基5A購01,TW,0.0,-2000.0,0.0,0.0,0,0.0,0.0
045584,南亞元大55購02,TW,0.0,6.0,0.0,0.0,0,0.0,0.0
045585,新纖元大55購02,TW,0.0,50.0,0.0,0.0,0,0.0,0.0
045587,台積電統一57購09,TW,0.0,2.0,0.0,0.0,0,0.0,0.0
045590,鴻海元大55購33,TW,0.0,1000.0,0.0,0.0,0,0.0,0.0
045591,鴻海元大55購34,TW,0.0,109.0,0.0,0.0,0,0.0,0.0
045594,台積電元大55購34,TW,0.0,80.0,0.0,0.0,0,0.0,0.0
045604,漢唐元大57購03,TW,0.0,206.0,0.0,0.0,0,0.0,0.0
045614,京元電元大55購12,TW,0.0,51.0,0.0,0.0,0,0.0,0.0
045619,強茂元大55購02,TW,0.0,566.0,0.0,0.0,0,0.0,0.0
045620,強茂元大59購01,TW,0.0,4.0,0.0,0.0,0,0.0,0.0
045621,強茂元大5B購01,TW,0.0,25.0,0.0,0.0,0,0.0,0.0
045622,長榮航元大55購01,TW,0.0,249.0,0.0,0.0,0,0.0,0.0
045626,玉晶光元大55購01,TW,0.0,-180.0,0.0,0.0,0,0.0,0.0
045629,世芯元大55購14,TW,0.0,45.0,0.0,0.0,0,0.0,0.0
045630,世芯元大55購15,TW,0.0,-60.0,0.0,0.0,0,0.0,0.0
045631,世芯元大5B購02,TW,0.0,-1385.0,0.0,0.0,0,0.0,0.0
045632,祥碩元大55購06,TW,0.0,35.0,0.0,0.0,0,0.0,0.0
045633,祥碩元大5B購02,TW,0.0,566.0,0.0,0.0,0,0.0,0.0
045634,jpp元大58購04,TW,0.0,-480.0,0.0,0.0,0,0.0,0.0
045635,亞翔元大55購11,TW,0.0,-10.0,0.0,0.0,0,0.0,0.0
045639,三集瑞元大55購02,TW,0.0,-2.0,0.0,0.0,0,0.0,0.0
045643,亞翔中信5B購02,TW,0.0,-4.0,0.0,0.0,0,0.0,0.0
045644,精成科中信5B購01,TW,0.0,11.0,0.0,0.0,0,0.0,0.0
045645,技嘉兆豐55購02,TW,0.0,9.0,0.0,0.0,0,0.0,0.0
045647,大立光兆豐55購02,TW,0.0,52.0,0.0,0.0,0,0.0,0.0
045663,世芯元富55購08,TW,0.0,224.0,0.0,0.0,0,0.0,0.0
045668,敬鵬國票56購01,TW,0.0,46.0,0.0,0.0,0,0.0,0.0
045671,可成國票56購01,TW,0.0,-5.0,0.0,0.0,0,0.0,0.0
045672,晟銘電國票57購01,TW,0.0,25.0,0.0,0.0,0,0.0,0.0
045673,京鼎國票56購03,TW,0.0,101.0,0.0,0.0,0,0.0,0.0
045674,世芯國票56購02,TW,0.0,1.0,0.0,0.0,0,0.0,0.0
045675,貿聯國票56購03,TW,0.0,4.0,0.0,0.0,0,0.0,0.0
045676,上緯控國票55購03,TW,0.0,0.0,0.0,0.0,0,0.0,0.0
045679,至上國票58購01,TW,0.0,30.0,0.0,0.0,0,0.0,0.0
045680,T50正2國泰56購03,TW,0.0,15.0,0.0,0.0,0,0.0,0.0
045681,T50正2國泰56購04,TW,0.0,48.0,0.0,0.0,0,0.0,0.0
045684,仁寶國泰56購01,TW,0.0,-1.0,0.0,0.0,0,0.0,0.0
045685,興勤國泰56購02,TW,0.0,-113.0,0.0,0.0,0,0.0,0.0
045689,保瑞國泰56購02,TW,0.0,40.0,0.0,0.0,0,0.0,0.0
045691,漢唐永豐55購01,TW,0.0,1.0,0.0,0.0,0,0.0,0.0
045695,神達永豐55購06,TW,0.0,-13.0,0.0,0.0,0,0.0,0.0
045698,緯穎永豐55購06,TW,0.0,150.0,0.0,0.0,0,0.0,0.0
045700,美費半凱基55購02,TW,0.0,2.0,0.0,0.0,0,0.0,0.0
045705,新纖凱基55購02,TW,0.0,40.0,0.0,0.0,0,0.0,0.0
045706,光寶科凱基57購06,TW,0.0,4.0,0.0,0.0,0,0.0,0.0
045709,金寶凱基58購01,TW,0.0,52.0,0.0,0.0,0,0.0,0.0
045711,鴻海凱基56購09,TW,0.0,-60.0,0.0,0.0,0,0.0,0.0
045712,鴻海凱基56購10,TW,0.0,762.0,0.0,0.0,0,0.0,0.0
045716,矽統統一58購01,TW,0.0,268.0,0.0,0.0,0,0.0,0.0
045731,立隆電凱基58購02,TW,0.0,20.0,0.0,0.0,0,0.0,0.0
045744,貿聯凱基55購08,TW,0.0,15.0,0.0,0.0,0,0.0,0.0
045746,祥碩凱基5B購01,TW,0.0,10.0,0.0,0.0,0,0.0,0.0
045750,南亞元大55購03,TW,0.0,1.0,0.0,0.0,0,0.0,0.0
045751,南亞元大5B購01,TW,0.0,1.0,0.0,0.0,0,0.0,0.0
045752,士電元大55購06,TW,0.0,3.0,0.0,0.0,0,0.0,0.0
045754,鴻海元大55購35,TW,0.0,30.0,0.0,0.0,0,0.0,0.0
045756,鴻海元大55購37,TW,0.0,420.0,0.0,0.0,0,0.0,0.0
045757,台積電元大55購36,TW,0.0,5.0,0.0,0.0,0,0.0,0.0
045758,台積電元大55購37,TW,0.0,140.0,0.0,0.0,0,0.0,0.0
045776,台積電凱基58購01,TW,0.0,15.0,0.0,0.0,0,0.0,0.0
045779,台積電凱基58購04,TW,0.0,3.0,0.0,0.0,0,0.0,0.0
045781,智原元大55購09,TW,0.0,12.0,0.0,0.0,0,0.0,0.0
045782,健鼎元大55購05,TW,0.0,1.0,0.0,0.0,0,0.0,0.0
045790,亞翔元大55購12,TW,0.0,0.0,0.0,0.0,0,0.0,0.0
045797,愛普元大59購03,TW,0.0,1.0,0.0,0.0,0,0.0,0.0
045802,至上元大55購08,TW,0.0,-5.0,0.0,0.0,0,0.0,0.0
045805,上銀群益57購01,TW,0.0,3.0,-2.0,0.0,0,0.0,0.0
045812,興勤群益56購01,TW,0.0,-82.0,0.0,0.0,0,0.0,0.0
045827,兆聯群益59購01,TW,0.0,-26.0,2.0,0.0,0,0.0,0.0
045840,鴻海凱基56購11,TW,0.0,-210.0,0.0,0.0,0,0.0,0.0
045855,奇鋐凱基5B購01,TW,0.0,-1.0,0.0,0.0,0,0.0,0.0
045859,京鼎凱基55購07,TW,0.0,20.0,0.0,0.0,0,0.0,0.0
045866,富世達凱基57購04,TW,0.0,-94.0,0.0,0.0,0,0.0,0.0
045867,富世達凱基57購05,TW,0.0,-12.0,0.0,0.0,0,0.0,0.0
045878,道瓊反國票58購01,TW,0.0,-88.0,0.0,0.0,0,0.0,0.0
045881,牧德國票56購01,TW,0.0,8.0,0.0,0.0,0,0.0,0.0
045884,矽格國票56購01,TW,0.0,16.0,0.0,0.0,0,0.0,0.0
045885,富世達國票58購02,TW,0.0,-11.0,0.0,0.0,0,0.0,0.0
045897,鴻海富邦59購01,TW,0.0,4.0,0.0,0.0,0,0.0,0.0
045909,世芯群益55購10,TW,0.0,33.0,0.0,0.0,0,0.0,0.0
045914,來億群益56購01,TW,0.0,1.0,0.0,0.0,0,0.0,0.0
045916,日本2X元大55購01,TW,0.0,2.0,0.0,0.0,0,0.0,0.0
045920,鴻海元大55購38,TW,0.0,10.0,0.0,0.0,0,0.0,0.0
045921,鴻海元大55購39,TW,0.0,-340.0,0.0,0.0,0,0.0,0.0
045923,台積電元大55購39,TW,0.0,88.0,0.0,0.0,0,0.0,0.0
045931,鴻準元大55購02,TW,0.0,54.0,0.0,0.0,0,0.0,0.0
045933,漢唐元大55購05,TW,0.0,343.0,0.0,0.0,0,0.0,0.0
045935,京元電元大55購14,TW,0.0,50.0,0.0,0.0,0,0.0,0.0
045942,萬海元大57購02,TW,0.0,-574.0,0.0,0.0,0,0.0,0.0
045946,世芯元大55購19,TW,0.0,0.0,0.0,0.0,0,0.0,0.0
045951,乙盛元大55購02,TW,0.0,127.0,0.0,0.0,0,0.0,0.0
045957,緯穎元大55購24,TW,0.0,5.0,0.0,0.0,0,0.0,0.0
045961,至上元大55購09,TW,0.0,140.0,0.0,0.0,0,0.0,0.0
045964,臺指2X中信5B購02,TW,0.0,10.0,0.0,0.0,0,0.0,0.0
045967,興勤中信58購01,TW,0.0,403.0,0.0,0.0,0,0.0,0.0
045970,世芯中信5B購04,TW,0.0,6.0,0.0,0.0,0,0.0,0.0
045976,宏碁永豐55購02,TW,0.0,10.0,0.0,0.0,0,0.0,0.0
045977,國泰金永豐56購01,TW,0.0,420.0,0.0,0.0,0,0.0,0.0
045978,奇鋐永豐58購02,TW,0.0,-2.0,0.0,0.0,0,0.0,0.0
045984,鴻海元富55購05,TW,0.0,0.0,0.0,0.0,0,0.0,0.0
045990,鴻準元富55購02,TW,0.0,5.0,0.0,0.0,0,0.0,0.0
045995,元日2X國票55購05,TW,0.0,1274.0,0.0,0.0,0,0.0,0.0
046000,萬海國票56購04,TW,0.0,-133.0,0.0,0.0,0,0.0,0.0
046001,玉山金國票58購01,TW,0.0,1.0,0.0,0.0,0,0.0,0.0
046005,同欣電國票56購02,TW,0.0,2.0,0.0,0.0,0,0.0,0.0
046006,華新國泰56購03,TW,0.0,51.0,0.0,0.0,0,0.0,0.0
046010,佳能國泰56購01,TW,0.0,10.0,0.0,0.0,0,0.0,0.0
046019,鈺邦國泰56購01,TW,0.0,4.0,0.0,0.0,0,0.0,0.0
046024,臺指反富邦6B購01,TW,0.0,-797.0,0.0,0.0,0,0.0,0.0
046028,仁寶富邦57購02,TW,0.0,-794.0,0.0,0.0,0,0.0,0.0
046038,世芯富邦57購03,TW,0.0,-2.0,0.0,0.0,0,0.0,0.0
046040,日月光富邦56購01,TW,0.0,20.0,0.0,0.0,0,0.0,0.0
046041,臻鼎富邦57購01,TW,0.0,1.0,0.0,0.0,0,0.0,0.0
046043,亞翔富邦55購04,TW,0.0,0.0,0.0,0.0,0,0.0,0.0
046048,保瑞富邦57購01,TW,0.0,40.0,0.0,0.0,0,0.0,0.0
046049,緯穎富邦57購03,TW,0.0,118.0,0.0,0.0,0,0.0,0.0
046050,AES富邦57購02,TW,0.0,2015.0,0.0,0.0,0,0.0,0.0
046054,南亞凱基55購08,TW,0.0,0.0,0.0,0.0,0,0.0,0.0
046069,長榮凱基55購10,TW,0.0,2.0,0.0,0.0,0,0.0,0.0
046072,緯創凱基58購02,TW,0.0,7.0,0.0,0.0,0,0.0,0.0
046073,牧德凱基56購01,TW,0.0,5.0,0.0,0.0,0,0.0,0.0
046077,乙盛凱基55購03,TW,0.0,-4.0,0.0,0.0,0,0.0,0.0
046108,美費半元大56購01,TW,0.0,1.0,0.0,0.0,0,0.0,0.0
046109,南亞元大55購05,TW,0.0,40.0,0.0,0.0,0,0.0,0.0
046111,東元元大57購01,TW,0.0,78.0,0.0,0.0,0,0.0,0.0
046115,台積電元大55購42,TW,0.0,0.0,0.0,0.0,0,0.0,0.0
046136,奇鋐元大55購19,TW,0.0,20.0,0.0,0.0,0,0.0,0.0
046138,奇鋐元大55購21,TW,0.0,60.0,0.0,0.0,0,0.0,0.0
046142,聯鈞元大58購05,TW,0.0,35.0,0.0,0.0,0,0.0,0.0
046145,世芯元大55購24,TW,0.0,100.0,0.0,0.0,0,0.0,0.0
046149,世芯元大55購27,TW,0.0,392.0,0.0,0.0,0,0.0,0.0
046152,康舒元大55購02,TW,0.0,6.0,0.0,0.0,0,0.0,0.0
046153,旭隼元大59購01,TW,0.0,-3394.0,0.0,0.0,0,0.0,0.0
046163,振樺電元大55購01,TW,0.0,20.0,0.0,0.0,0,0.0,0.0
046169,世芯統一58購01,TW,0.0,-207.0,0.0,0.0,0,0.0,0.0
046172,力積電中信58購01,TW,0.0,-7.0,0.0,0.0,0,0.0,0.0
046188,緯穎永豐58購03,TW,0.0,2.0,0.0,0.0,0,0.0,0.0
046190,世紀鋼永豐56購04,TW,0.0,0.0,0.0,0.0,0,0.0,0.0
046192,台泥兆豐5B購01,TW,0.0,390.0,0.0,0.0,0,0.0,0.0
046193,台積電兆豐57購01,TW,0.0,-1.0,0.0,0.0,0,0.0,0.0
046197,緯創富邦57購02,TW,0.0,30.0,0.0,0.0,0,0.0,0.0
046198,京鼎富邦57購01,TW,0.0,49.0,0.0,0.0,0,0.0,0.0
046202,至上富邦56購01,TW,0.0,47.0,0.0,0.0,0,0.0,0.0
046212,萬海元富55購05,TW,0.0,-10.0,0.0,0.0,0,0.0,0.0
046214,兆聯元富57購01,TW,0.0,1.0,0.0,0.0,0,0.0,0.0
046217,FBNQ2X國票55購02,TW,0.0,118.0,0.0,0.0,0,0.0,0.0
046218,台泥國票56購01,TW,0.0,-27.0,0.0,0.0,0,0.0,0.0
046219,大成鋼國票56購02,TW,0.0,-543.0,0.0,0.0,0,0.0,0.0
046220,矽統國票56購01,TW,0.0,52.0,0.0,0.0,0,0.0,0.0
046225,慧洋國票56購01,TW,0.0,16.0,0.0,0.0,0,0.0,0.0
046226,國泰金國票56購02,TW,0.0,0.0,0.0,0.0,0,0.0,0.0
046232,瀚宇博國票55購01,TW,0.0,400.0,0.0,0.0,0,0.0,0.0
046236,虎航國票55購01,TW,0.0,30.0,0.0,0.0,0,0.0,0.0
046239,中興電國泰56購02,TW,0.0,-20.0,0.0,0.0,0,0.0,0.0
046241,大立光國泰56購02,TW,0.0,20.0,0.0,0.0,0,0.0,0.0
046253,華碩群益55購01,TW,0.0,3.0,0.0,0.0,0,0.0,0.0
046259,鉅祥群益57購01,TW,0.0,5.0,0.0,0.0,0,0.0,0.0
046266,祥碩群益59購01,TW,0.0,1.0,0.0,0.0,0,0.0,0.0
046270,元金反元大59購01,TW,0.0,0.0,0.0,0.0,0,0.0,0.0
046274,台積電元大55購44,TW,0.0,-191.0,0.0,0.0,0,0.0,0.0
046276,台積電元大55購46,TW,0.0,-180.0,0.0,0.0,0,0.0,0.0
046296,玉晶光元大55購02,TW,0.0,17.0,0.0,0.0,0,0.0,0.0
046297,京鼎元大55購06,TW,0.0,10.0,0.0,0.0,0,0.0,0.0
046298,聯鈞元大55購09,TW,0.0,3.0,0.0,0.0,0,0.0,0.0
046300,世芯元大55購28,TW,0.0,337.0,0.0,0.0,0,0.0,0.0
046305,亞翔元大55購14,TW,0.0,0.0,0.0,0.0,0,0.0,0.0
046317,上証2X凱基57購01,TW,0.0,1.0,0.0,0.0,0,0.0,0.0
046330,立隆電凱基5B購01,TW,0.0,3.0,0.0,0.0,0,0.0,0.0
046331,華新科凱基5B購01,TW,0.0,56.0,0.0,0.0,0,0.0,0.0
046334,長榮航凱基55購02,TW,0.0,200.0,0.0,0.0,0,0.0,0.0
046338,大立光凱基58購01,TW,0.0,151.0,0.0,0.0,0,0.0,0.0
046345,緯穎凱基56購02,TW,0.0,40.0,0.0,0.0,0,0.0,0.0
046349,富世達凱基57購09,TW,0.0,33.0,0.0,0.0,0,0.0,0.0
046350,至上凱基56購02,TW,0.0,670.0,0.0,0.0,0,0.0,0.0
046351,寶成凱基58購01,TW,0.0,-11.0,0.0,0.0,0,0.0,0.0
046352,中502X永豐56購01,TW,0.0,48.0,0.0,0.0,0,0.0,0.0
046353,大成鋼永豐56購01,TW,0.0,5.0,0.0,0.0,0,0.0,0.0
046359,華新科永豐58購01,TW,0.0,51.0,0.0,0.0,0,0.0,0.0
046360,新興永豐57購01,TW,0.0,-67.0,0.0,0.0,0,0.0,0.0
046370,緯穎永豐5C購01,TW,0.0,-85.0,0.0,0.0,0,0.0,0.0
046371,龍德船永豐56購02,TW,0.0,-66.0,0.0,0.0,0,0.0,0.0
046375,聯發科中信5B購03,TW,0.0,2.0,0.0,0.0,0,0.0,0.0
046376,聯發科中信5B購04,TW,0.0,4.0,0.0,0.0,0,0.0,0.0
046378,貿聯中信58購01,TW,0.0,2.0,0.0,0.0,0,0.0,0.0
046379,緯穎中信5B購02,TW,0.0,33.0,0.0,0.0,0,0.0,0.0
046381,貿聯兆豐5B購02,TW,0.0,96.0,0.0,0.0,0,0.0,0.0
046382,瀚宇博兆豐5B購01,TW,0.0,-242.0,0.0,0.0,0,0.0,0.0
046385,金像電富邦58購01,TW,0.0,1.0,0.0,0.0,0,0.0,0.0
046390,台積電凱基56購27,TW,0.0,5.0,0.0,0.0,0,0.0,0.0
046412,統一元富56購01,TW,0.0,-6.0,0.0,0.0,0,0.0,0.0
046417,智原元富58購01,TW,0.0,-351.0,0.0,0.0,0,0.0,0.0
046418,智原元富58購02,TW,0.0,15.0,0.0,0.0,0,0.0,0.0
046422,緯創元富5B購02,TW,0.0,-30.0,0.0,0.0,0,0.0,0.0
046424,群創元富56購02,TW,0.0,10.0,0.0,0.0,0,0.0,0.0
046430,事欣科元富56購01,TW,0.0,105.0,0.0,0.0,0,0.0,0.0
046436,精成科元富5B購01,TW,0.0,-75.0,0.0,0.0,0,0.0,0.0
046441,緯穎元富56購05,TW,0.0,-113.0,0.0,0.0,0,0.0,0.0
046446,富世達元富56購02,TW,0.0,-50.0,0.0,0.0,0,0.0,0.0
046447,S&P反1國票57購01,TW,0.0,122.0,0.0,0.0,0,0.0,0.0
046448,S&P反1國票58購01,TW,0.0,28.0,0.0,0.0,0,0.0,0.0
046455,上銀國票56購02,TW,0.0,4.0,0.0,0.0,0,0.0,0.0
046456,鴻海國票57購02,TW,0.0,1274.0,0.0,0.0,0,0.0,0.0
046457,仁寶國票56購02,TW,0.0,197.0,0.0,0.0,0,0.0,0.0
046459,英業達國票56購01,TW,0.0,270.0,0.0,0.0,0,0.0,0.0
046461,新興國票56購01,TW,0.0,0.0,0.0,0.0,0,0.0,0.0
046463,裕民國票56購01,TW,0.0,499.0,0.0,0.0,0,0.0,0.0
046466,祥碩國票56購04,TW,0.0,-16.0,0.0,0.0,0,0.0,0.0
046469,台郡國票56購01,TW,0.0,-14.0,0.0,0.0,0,0.0,0.0
046473,富世達國票56購02,TW,0.0,410.0,0.0,0.0,0,0.0,0.0
046479,裕民國泰56購01,TW,0.0,144.0,0.0,0.0,0,0.0,0.0
046484,南茂國泰56購04,TW,0.0,4.0,0.0,0.0,0,0.0,0.0
046485,奇鋐台新56購01,TW,0.0,2.0,0.0,0.0,0,0.0,0.0
046486,大成鋼群益57購01,TW,0.0,-17.0,0.0,0.0,0,0.0,0.0
046488,致茂群益56購01,TW,0.0,1.0,0.0,0.0,0,0.0,0.0
046494,大立光群益56購01,TW,0.0,1.0,0.0,0.0,0,0.0,0.0
046499,事欣科群益56購02,TW,0.0,140.0,0.0,0.0,0,0.0,0.0
046507,富世達群益57購01,TW,0.0,-22.0,0.0,0.0,0,0.0,0.0
046520,華碩元大56購01,TW,0.0,9.0,0.0,0.0,0,0.0,0.0
046522,矽統元大56購01,TW,0.0,-2.0,0.0,0.0,0,0.0,0.0
046524,台光電元大56購01,TW,0.0,52.0,0.0,0.0,0,0.0,0.0
046525,漢唐元大57購04,TW,0.0,410.0,0.0,0.0,0,0.0,0.0
046532,玉晶光元大56購01,TW,0.0,-282.0,0.0,0.0,0,0.0,0.0
046534,世芯元大56購01,TW,0.0,-10.0,0.0,0.0,0,0.0,0.0
046537,TPK元大56購01,TW,0.0,58.0,0.0,0.0,0,0.0,0.0
046539,祥碩元大56購01,TW,0.0,-60.0,0.0,0.0,0,0.0,0.0
046540,亞翔元大56購01,TW,0.0,-20.0,0.0,0.0,0,0.0,0.0
046546,迅得元大56購02,TW,0.0,178.0,0.0,0.0,0,0.0,0.0
046551,AES元大56購06,TW,0.0,3.0,0.0,0.0,0,0.0,0.0
046555,勤誠元大56購01,TW,0.0,2.0,0.0,0.0,0,0.0,0.0
046560,鴻海永豐5B購02,TW,0.0,166.0,0.0,0.0,0,0.0,0.0
046561,鴻海永豐5C購02,TW,0.0,-214.0,0.0,0.0,0,0.0,0.0
046564,佳能永豐59購01,TW,0.0,-136.0,0.0,0.0,0,0.0,0.0
046565,聯發科永豐58購02,TW,0.0,1.0,0.0,0.0,0,0.0,0.0
046566,強茂永豐56購01,TW,0.0,-18.0,0.0,0.0,0,0.0,0.0
046571,世芯永豐59購02,TW,0.0,1.0,0.0,0.0,0,0.0,0.0
046572,世芯永豐59購03,TW,0.0,-76.0,0.0,0.0,0,0.0,0.0
046573,世芯永豐5A購02,TW,0.0,-97.0,0.0,0.0,0,0.0,0.0
046575,鈺邦永豐57購01,TW,0.0,271.0,0.0,0.0,0,0.0,0.0
046576,富世達永豐57購01,TW,0.0,-5.0,0.0,0.0,0,0.0,0.0
046579,旺宏中信5A購01,TW,0.0,0.0,0.0,0.0,0,0.0,0.0
046580,金像電中信5C購01,TW,0.0,31.0,0.0,0.0,0,0.0,0.0
046582,欣興中信59購03,TW,0.0,26.0,0.0,0.0,0,0.0,0.0
046584,FB科技凱基57購01,TW,0.0,1.0,0.0,0.0,0,0.0,0.0
046588,矽統凱基56購01,TW,0.0,1.0,0.0,0.0,0,0.0,0.0
046592,京元電凱基5A購01,TW,0.0,-62.0,0.0,0.0,0,0.0,0.0
046596,強茂凱基58購03,TW,0.0,12.0,0.0,0.0,0,0.0,0.0
046599,長榮航凱基57購01,TW,0.0,24.0,0.0,0.0,0,0.0,0.0
046611,世芯凱基56購03,TW,0.0,3.0,0.0,0.0,0,0.0,0.0
046612,世芯凱基5C購01,TW,0.0,-25.0,0.0,0.0,0,0.0,0.0
046614,祥碩凱基5A購01,TW,0.0,-25.0,0.0,0.0,0,0.0,0.0
046619,洋基凱基57購01,TW,0.0,-130.0,0.0,0.0,0,0.0,0.0
046621,勤誠凱基57購02,TW,0.0,-57.0,0.0,0.0,0,0.0,0.0
046626,可成兆豐58購01,TW,0.0,-35.0,0.0,0.0,0,0.0,0.0
046627,一詮兆豐58購01,TW,0.0,13.0,0.0,0.0,0,0.0,0.0
046629,世芯兆豐58購01,TW,0.0,-247.0,0.0,0.0,0,0.0,0.0
046630,緯穎兆豐5C購01,TW,0.0,4.0,0.0,0.0,0,0.0,0.0
046631,新興富邦58購01,TW,0.0,-10.0,0.0,0.0,0,0.0,0.0
046634,可寧衛富邦56購01,TW,0.0,20.0,0.0,0.0,0,0.0,0.0
046635,百和富邦58購01,TW,0.0,998.0,0.0,0.0,0,0.0,0.0
046637,鴻海群益57購06,TW,0.0,-50.0,0.0,0.0,0,0.0,0.0
046638,鴻海群益58購05,TW,0.0,389.0,0.0,0.0,0,0.0,0.0
046658,東元元大57購02,TW,0.0,60.0,0.0,0.0,0,0.0,0.0
046659,中興電元大56購01,TW,0.0,6.0,0.0,0.0,0,0.0,0.0
046660,亞力元大56購01,TW,0.0,95.0,0.0,0.0,0,0.0,0.0
046661,楠梓電元大56購02,TW,0.0,8.0,0.0,0.0,0,0.0,0.0
046662,楠梓電元大5A購01,TW,0.0,-2366.0,0.0,0.0,0,0.0,0.0
046669,鴻準元大56購04,TW,0.0,50.0,0.0,0.0,0,0.0,0.0
046672,金像電元大56購03,TW,0.0,1.0,0.0,0.0,0,0.0,0.0
046674,台光電元大56購02,TW,0.0,10.0,0.0,0.0,0,0.0,0.0
046680,萬海元大56購01,TW,0.0,174.0,0.0,0.0,0,0.0,0.0
046687,新日興元大56購02,TW,0.0,29.0,0.0,0.0,0,0.0,0.0
046688,玉晶光元大56購02,TW,0.0,66.0,0.0,0.0,0,0.0,0.0
046694,愛普元大56購06,TW,0.0,0.0,0.0,0.0,0,0.0,0.0
046702,勤誠元大56購02,TW,0.0,151.0,0.0,0.0,0,0.0,0.0
046703,勤誠元大56購03,TW,0.0,5.0,0.0,0.0,0,0.0,0.0
046707,金像電國票57購01,TW,0.0,0.0,0.0,0.0,0,0.0,0.0
046708,京元電國票57購01,TW,0.0,70.0,0.0,0.0,0,0.0,0.0
046709,京元電國票58購01,TW,0.0,-46.0,0.0,0.0,0,0.0,0.0
046713,世芯國票58購01,TW,0.0,-620.0,0.0,0.0,0,0.0,0.0
046714,世芯國票59購01,TW,0.0,-100.0,0.0,0.0,0,0.0,0.0
046715,大聯大國票57購01,TW,0.0,-22.0,0.0,0.0,0,0.0,0.0
046717,緯穎國票57購01,TW,0.0,-84.0,0.0,0.0,0,0.0,0.0
046718,富世達國票57購01,TW,0.0,7.0,0.0,0.0,0,0.0,0.0
046720,台積電統一58購01,TW,0.0,3.0,0.0,0.0,0,0.0,0.0
046722,意騰國票57購01,TW,0.0,-4275.0,0.0,0.0,0,0.0,0.0
046725,台虹國票57購01,TW,0.0,6.0,0.0,0.0,0,0.0,0.0
046729,英業達國泰57購01,TW,0.0,50.0,0.0,0.0,0,0.0,0.0
046731,京元電國泰57購02,TW,0.0,-16.0,0.0,0.0,0,0.0,0.0
046733,jpp國泰57購01,TW,0.0,5.0,0.0,0.0,0,0.0,0.0
046734,富世達國泰57購01,TW,0.0,-20.0,0.0,0.0,0,0.0,0.0
046741,中鋼元富56購01,TW,0.0,80.0,0.0,0.0,0,0.0,0.0
046742,第一銅元富56購01,TW,0.0,0.0,0.0,0.0,0,0.0,0.0
046745,金像電元富56購01,TW,0.0,1.0,0.0,0.0,0,0.0,0.0
046747,金像電元富56購03,TW,0.0,0.0,0.0,0.0,0,0.0,0.0
046749,長榮元富56購05,TW,0.0,-50.0,0.0,0.0,0,0.0,0.0
046752,慧洋元富56購01,TW,0.0,16.0,0.0,0.0,0,0.0,0.0
046753,嘉晶元富56購01,TW,0.0,15.0,0.0,0.0,0,0.0,0.0
046755,晶技元富56購01,TW,0.0,5.0,0.0,0.0,0,0.0,0.0
046756,華晶科元富56購01,TW,0.0,90.0,0.0,0.0,0,0.0,0.0
046762,精銳元富56購01,TW,0.0,-10.0,0.0,0.0,0,0.0,0.0
046763,南寶元富56購01,TW,0.0,-20.0,0.0,0.0,0,0.0,0.0
046764,全訊元富56購01,TW,0.0,129.0,0.0,0.0,0,0.0,0.0
046765,中磊元富56購01,TW,0.0,22.0,0.0,0.0,0,0.0,0.0
046769,緯穎元富57購03,TW,0.0,-11.0,0.0,0.0,0,0.0,0.0
046775,意騰元富56購01,TW,0.0,25.0,0.0,0.0,0,0.0,0.0
046777,勤誠元富56購01,TW,0.0,10.0,0.0,0.0,0,0.0,0.0
046778,勤誠元富59購01,TW,0.0,6.0,0.0,0.0,0,0.0,0.0
046779,泰金寶元富56購01,TW,0.0,292.0,0.0,0.0,0,0.0,0.0
046784,AES中信5B購02,TW,0.0,-405.0,0.0,0.0,0,0.0,0.0
046790,國巨永豐58購01,TW,0.0,20.0,0.0,0.0,0,0.0,0.0
046795,奇鋐永豐58購05,TW,0.0,1.0,0.0,0.0,0,0.0,0.0
046797,緯創永豐57購01,TW,0.0,14.0,0.0,0.0,0,0.0,0.0
046801,緯穎永豐59購01,TW,0.0,-378.0,0.0,0.0,0,0.0,0.0
046802,緯穎永豐5A購01,TW,0.0,43.0,0.0,0.0,0,0.0,0.0
046803,昇陽半永豐57購01,TW,0.0,11.0,0.0,0.0,0,0.0,0.0
046805,南亞兆豐5C購01,TW,0.0,150.0,0.0,0.0,0,0.0,0.0
046806,國巨兆豐58購01,TW,0.0,17.0,0.0,0.0,0,0.0,0.0
046807,國巨兆豐58購02,TW,0.0,30.0,0.0,0.0,0,0.0,0.0
046808,京元電兆豐56購01,TW,0.0,2.0,0.0,0.0,0,0.0,0.0
046809,奇鋐兆豐58購01,TW,0.0,2.0,0.0,0.0,0,0.0,0.0
046811,統一富邦58購01,TW,0.0,258.0,0.0,0.0,0,0.0,0.0
046813,鴻海富邦5C購01,TW,0.0,0.0,0.0,0.0,0,0.0,0.0
046814,台積電富邦5C購01,TW,0.0,-28.0,0.0,0.0,0,0.0,0.0
046815,台積電富邦5C購02,TW,0.0,-4.0,0.0,0.0,0,0.0,0.0
046816,聯發科富邦5C購01,TW,0.0,5.0,0.0,0.0,0,0.0,0.0
046817,慧洋富邦56購01,TW,0.0,5.0,0.0,0.0,0,0.0,0.0
046824,台達電凱基5A購01,TW,0.0,-3.0,0.0,0.0,0,0.0,0.0
046833,新日興凱基58購01,TW,0.0,42.0,0.0,0.0,0,0.0,0.0
046834,牧德凱基58購01,TW,0.0,4.0,0.0,0.0,0,0.0,0.0
046835,世芯凱基57購03,TW,0.0,5.0,0.0,0.0,0,0.0,0.0
046839,矽力凱基56購01,TW,0.0,20.0,0.0,0.0,0,0.0,0.0
046851,南亞元富59購01,TW,0.0,5.0,0.0,0.0,0,0.0,0.0
046852,楠梓電元富56購02,TW,0.0,502.0,0.0,0.0,0,0.0,0.0
046853,楠梓電元富59購02,TW,0.0,4.0,0.0,0.0,0,0.0,0.0
046855,鴻海元富5C購01,TW,0.0,971.0,0.0,0.0,0,0.0,0.0
046857,宏達電元富56購02,TW,0.0,-80.0,0.0,0.0,0,0.0,0.0
046858,新興元富56購01,TW,0.0,47.0,0.0,0.0,0,0.0,0.0
046868,新興國泰57購01,TW,0.0,-5.0,0.0,0.0,0,0.0,0.0
046870,貿聯國泰57購02,TW,0.0,7.0,0.0,0.0,0,0.0,0.0
046874,鴻海群益57購07,TW,0.0,6.0,0.0,0.0,0,0.0,0.0
046877,漢唐群益57購01,TW,0.0,0.0,0.0,0.0,0,0.0,0.0
046878,偉詮電群益56購01,TW,0.0,6.0,0.0,0.0,0,0.0,0.0
046881,聯發科群益58購01,TW,0.0,3.0,0.0,0.0,0,0.0,0.0
046882,一詮群益57購03,TW,0.0,1.0,0.0,0.0,0,0.0,0.0
046883,新興群益56購01,TW,0.0,95.0,0.0,0.0,0,0.0,0.0
046884,長榮航群益58購01,TW,0.0,50.0,0.0,0.0,0,0.0,0.0
046885,大立光群益56購02,TW,0.0,2.0,0.0,0.0,0,0.0,0.0
046889,聯鈞群益58購01,TW,0.0,1.0,0.0,0.0,0,0.0,0.0
046893,祥碩群益58購01,TW,0.0,-20.0,0.0,0.0,0,0.0,0.0
046901,洋基群益58購01,TW,0.0,-12.0,0.0,0.0,0,0.0,0.0
046910,國企2X元大58購01,TW,0.0,-867.0,0.0,0.0,0,0.0,0.0
046913,鴻海元大59購01,TW,0.0,-4.0,0.0,0.0,0,0.0,0.0
046914,鴻海元大5C購01,TW,0.0,115.0,0.0,0.0,0,0.0,0.0
046921,智邦元大5A購04,TW,0.0,1.0,0.0,0.0,0,0.0,0.0
046924,金像電元大56購07,TW,0.0,330.0,0.0,0.0,0,0.0,0.0
046928,漢唐元大56購01,TW,0.0,160.0,0.0,0.0,0,0.0,0.0
046932,奇鋐元大56購03,TW,0.0,-40.0,0.0,0.0,0,0.0,0.0
046935,聯鈞元大58購06,TW,0.0,28.0,0.0,0.0,0,0.0,0.0
046936,世芯元大56購07,TW,0.0,-13.0,0.0,0.0,0,0.0,0.0
046937,世芯元大56購08,TW,0.0,25.0,0.0,0.0,0,0.0,0.0
046939,世芯元大59購01,TW,0.0,157.0,0.0,0.0,0,0.0,0.0
046940,貿聯元大5C購01,TW,0.0,-61.0,0.0,0.0,0,0.0,0.0
046941,大聯大元大56購01,TW,0.0,324.0,0.0,0.0,0,0.0,0.0
046943,瀚宇博元大58購01,TW,0.0,-50.0,0.0,0.0,0,0.0,0.0
046944,瀚宇博元大5C購01,TW,0.0,163.0,0.0,0.0,0,0.0,0.0
046949,力積電元大59購03,TW,0.0,-98.0,0.0,0.0,0,0.0,0.0
046950,力積電元大5A購03,TW,0.0,-4.0,0.0,0.0,0,0.0,0.0
046952,AES元大57購03,TW,0.0,-1.0,0.0,0.0,0,0.0,0.0
046957,勤誠元大56購04,TW,0.0,5.0,0.0,0.0,0,0.0,0.0
046958,台灣50中信66購01,TW,0.0,78.0,0.0,0.0,0,0.0,0.0
046961,南亞中信5C購01,TW,0.0,-144.0,0.0,0.0,0,0.0,0.0
046962,川湖中信5B購01,TW,0.0,9.0,0.0,0.0,0,0.0,0.0
046964,聯發科中信66購01,TW,0.0,-1.0,0.0,0.0,0,0.0,0.0
046971,緯穎中信5C購01,TW,0.0,-140.0,0.0,0.0,0,0.0,0.0
046983,富世達兆豐58購01,TW,0.0,-885.0,0.0,0.0,0,0.0,0.0
046989,日電貿富邦56購01,TW,0.0,20.0,0.0,0.0,0,0.0,0.0
046991,日月光富邦57購01,TW,0.0,20.0,0.0,0.0,0,0.0,0.0
046992,矽格富邦56購01,TW,0.0,0.0,0.0,0.0,0,0.0,0.0
046993,台虹富邦57購01,TW,0.0,-10.0,0.0,0.0,0,0.0,0.0
046994,國企2X凱基59購01,TW,0.0,0.0,0.0,0.0,0,0.0,0.0
046996,川湖凱基56購04,TW,0.0,6.0,0.0,0.0,0,0.0,0.0
047001,英業達凱基57購01,TW,0.0,-22.0,0.0,0.0,0,0.0,0.0
047002,金像電凱基58購02,TW,0.0,329.0,0.0,0.0,0,0.0,0.0
047005,漢唐凱基58購02,TW,0.0,11.0,0.0,0.0,0,0.0,0.0
047008,聯發科凱基57購05,TW,0.0,3.0,0.0,0.0,0,0.0,0.0
047009,全新凱基56購01,TW,0.0,2.0,0.0,0.0,0,0.0,0.0
047010,長榮凱基57購03,TW,0.0,-7.0,0.0,0.0,0,0.0,0.0
047011,新興凱基56購01,TW,0.0,70.0,0.0,0.0,0,0.0,0.0
047015,祥碩凱基5A購02,TW,0.0,-23.0,0.0,0.0,0,0.0,0.0
047016,精成科凱基58購01,TW,0.0,0.0,0.0,0.0,0,0.0,0.0
047018,和椿凱基56購01,TW,0.0,3.0,0.0,0.0,0,0.0,0.0
047020,愛普凱基59購02,TW,0.0,-10.0,0.0,0.0,0,0.0,0.0
047024,東元元富56購01,TW,0.0,9.0,0.0,0.0,0,0.0,0.0
047031,台積電元富56購17,TW,0.0,-2.0,0.0,0.0,0,0.0,0.0
047037,揚博元富56購01,TW,0.0,10.0,0.0,0.0,0,0.0,0.0
047041,AES元富59購03,TW,0.0,-43.0,0.0,0.0,0,0.0,0.0
047044,台泥元大58購01,TW,0.0,-141.0,0.0,0.0,0,0.0,0.0
047045,川湖元大59購01,TW,0.0,2.0,0.0,0.0,0,0.0,0.0
047046,川湖元大5B購01,TW,0.0,592.0,0.0,0.0,0,0.0,0.0
047049,鴻海元大59購02,TW,0.0,-26.0,0.0,0.0,0,0.0,0.0
047050,鴻海元大5C購02,TW,0.0,132.0,0.0,0.0,0,0.0,0.0
047058,漢唐元大56購02,TW,0.0,180.0,0.0,0.0,0,0.0,0.0
047059,一詮元大56購01,TW,0.0,6.0,0.0,0.0,0,0.0,0.0
047069,欣興元大5C購02,TW,0.0,1.0,0.0,0.0,0,0.0,0.0
047072,世芯元大59購02,TW,0.0,29.0,0.0,0.0,0,0.0,0.0
047075,惠特元大56購01,TW,0.0,-15.0,0.0,0.0,0,0.0,0.0
047076,力積電元大59購04,TW,0.0,-342.0,0.0,0.0,0,0.0,0.0
047079,至上元大56購02,TW,0.0,10.0,0.0,0.0,0,0.0,0.0
047081,勤誠元大56購05,TW,0.0,8.0,0.0,0.0,0,0.0,0.0
047083,中航國泰57購01,TW,0.0,179.0,0.0,0.0,0,0.0,0.0
047087,南亞國票57購01,TW,0.0,-31.0,0.0,0.0,0,0.0,0.0
047088,新纖國票57購02,TW,0.0,-2.0,0.0,0.0,0,0.0,0.0
047092,台達電國票58購02,TW,0.0,-1.0,0.0,0.0,0,0.0,0.0
047099,矽力國票57購01,TW,0.0,6.0,0.0,0.0,0,0.0,0.0
047100,惠特國票57購01,TW,0.0,-8.0,0.0,0.0,0,0.0,0.0
047101,川湖統一58購01,TW,0.0,-1.0,0.0,0.0,0,0.0,0.0
047102,鴻海統一58購02,TW,0.0,323.0,0.0,0.0,0,0.0,0.0
047103,台虹國票57購02,TW,0.0,-1.0,0.0,0.0,0,0.0,0.0
047110,亞光統一58購01,TW,0.0,-26.0,0.0,0.0,0,0.0,0.0
047112,南亞群益57購02,TW,0.0,11.0,0.0,0.0,0,0.0,0.0
047117,川湖群益58購02,TW,0.0,2.0,0.0,0.0,0,0.0,0.0
047137,眾達群益56購01,TW,0.0,12.0,0.0,0.0,0,0.0,0.0
047141,台虹群益57購01,TW,0.0,1.0,0.0,0.0,0,0.0,0.0
047142,南亞永豐57購02,TW,0.0,-44.0,0.0,0.0,0,0.0,0.0
047145,台達電永豐57購02,TW,0.0,-51.0,0.0,0.0,0,0.0,0.0
047147,仁寶永豐57購01,TW,0.0,-2.0,0.0,0.0,0,0.0,0.0
047158,南亞元富56購03,TW,0.0,0.0,0.0,0.0,0,0.0,0.0
047159,南亞元富56購04,TW,0.0,140.0,0.0,0.0,0,0.0,0.0
047163,鴻海元富56購03,TW,0.0,-202.0,0.0,0.0,0,0.0,0.0
047164,鴻海元富56購04,TW,0.0,21.0,0.0,0.0,0,0.0,0.0
047171,新興元富56購02,TW,0.0,-998.0,0.0,0.0,0,0.0,0.0
047176,富世達元富56購05,TW,0.0,11.0,0.0,0.0,0,0.0,0.0
047179,國喬國票58購02,TW,0.0,-100.0,0.0,0.0,0,0.0,0.0
047180,長興國票56購01,TW,0.0,139.0,0.0,0.0,0,0.0,0.0
047181,大成鋼國票57購01,TW,0.0,-606.0,0.0,0.0,0,0.0,0.0
047188,新興國票57購01,TW,0.0,-360.0,0.0,0.0,0,0.0,0.0
047193,世芯國票56購05,TW,0.0,1.0,0.0,0.0,0,0.0,0.0
047198,台達電兆豐57購01,TW,0.0,20.0,0.0,0.0,0,0.0,0.0
047199,台達電兆豐58購01,TW,0.0,1.0,0.0,0.0,0,0.0,0.0
047202,南亞中信58購02,TW,0.0,22.0,0.0,0.0,0,0.0,0.0
047205,鴻海中信5C購01,TW,0.0,2.0,0.0,0.0,0,0.0,0.0
047208,京元電中信5C購01,TW,0.0,30.0,0.0,0.0,0,0.0,0.0
047209,京元電中信5C購02,TW,0.0,-23.0,0.0,0.0,0,0.0,0.0
047212,亞翔中信5C購01,TW,0.0,-25.0,0.0,0.0,0,0.0,0.0
047215,南亞富邦58購02,TW,0.0,0.0,0.0,0.0,0,0.0,0.0
047219,鴻海富邦5C購02,TW,0.0,214.0,0.0,0.0,0,0.0,0.0
047220,漢唐富邦58購01,TW,0.0,-159.0,0.0,0.0,0,0.0,0.0
047222,京元電富邦59購01,TW,0.0,-14.0,0.0,0.0,0,0.0,0.0
047223,全新富邦59購01,TW,0.0,10.0,0.0,0.0,0,0.0,0.0
047225,裕民富邦58購01,TW,0.0,569.0,0.0,0.0,0,0.0,0.0
047231,世芯富邦58購02,TW,0.0,-10.0,0.0,0.0,0,0.0,0.0
047235,保瑞富邦58購02,TW,0.0,90.0,0.0,0.0,0,0.0,0.0
047236,愛普富邦58購01,TW,0.0,37.0,0.0,0.0,0,0.0,0.0
047238,勤誠富邦58購01,TW,0.0,2.0,0.0,0.0,0,0.0,0.0
047239,南亞凱基57購02,TW,0.0,171.0,0.0,0.0,0,0.0,0.0
047242,大成鋼凱基57購01,TW,0.0,-1033.0,0.0,0.0,0,0.0,0.0
047277,奇鋐凱基5A購02,TW,0.0,2.0,0.0,0.0,0,0.0,0.0
047278,世芯凱基57購04,TW,0.0,-40.0,0.0,0.0,0,0.0,0.0
047279,貿聯凱基5A購01,TW,0.0,-376.0,0.0,0.0,0,0.0,0.0
047281,緯穎凱基59購04,TW,0.0,-2.0,0.0,0.0,0,0.0,0.0
047292,南亞元大59購03,TW,0.0,-114.0,0.0,0.0,0,0.0,0.0
047293,東元元大5A購01,TW,0.0,-4.0,0.0,0.0,0,0.0,0.0
047294,華新元大59購01,TW,0.0,-107.0,0.0,0.0,0,0.0,0.0
047301,鴻海元大56購08,TW,0.0,-30.0,0.0,0.0,0,0.0,0.0
047302,鴻海元大56購09,TW,0.0,-200.0,0.0,0.0,0,0.0,0.0
047303,台積電元大56購13,TW,0.0,-100.0,0.0,0.0,0,0.0,0.0
047311,金像電元大56購15,TW,0.0,0.0,0.0,0.0,0,0.0,0.0
047312,京元電元大59購04,TW,0.0,329.0,0.0,0.0,0,0.0,0.0
047314,新興元大56購03,TW,0.0,150.0,0.0,0.0,0,0.0,0.0
047316,裕民元大58購01,TW,0.0,-95.0,0.0,0.0,0,0.0,0.0
047322,緯創元大5C購01,TW,0.0,-975.0,0.0,0.0,0,0.0,0.0
047323,玉晶光元大56購03,TW,0.0,4.0,0.0,0.0,0,0.0,0.0
047324,世芯元大56購12,TW,0.0,-41.0,0.0,0.0,0,0.0,0.0
047326,世芯元大59購03,TW,0.0,-672.0,0.0,0.0,0,0.0,0.0
047330,日月光元大5B購01,TW,0.0,3.0,0.0,0.0,0,0.0,0.0
047331,緯穎元大59購04,TW,0.0,-998.0,0.0,0.0,0,0.0,0.0
047333,AES元大59購01,TW,0.0,-781.0,0.0,0.0,0,0.0,0.0
047334,富世達元大56購09,TW,0.0,-20.0,0.0,0.0,0,0.0,0.0
047337,國企2X群益5A購01,TW,0.0,-840.0,0.0,0.0,0,0.0,0.0
047341,南亞群益59購01,TW,0.0,33.0,0.0,0.0,0,0.0,0.0
047342,國喬群益57購01,TW,0.0,-10.0,0.0,0.0,0,0.0,0.0
047343,川湖群益56購05,TW,0.0,33.0,0.0,0.0,0,0.0,0.0
047344,川湖群益56購06,TW,0.0,20.0,0.0,0.0,0,0.0,0.0
047346,金像電群益57購02,TW,0.0,-69.0,0.0,0.0,0,0.0,0.0
047349,漢唐群益58購01,TW,0.0,-5.0,0.0,0.0,0,0.0,0.0
047352,長榮群益57購01,TW,0.0,2.0,0.0,0.0,0,0.0,0.0
047358,台積電永豐6C購01,TW,0.0,25.0,0.0,0.0,0,0.0,0.0
047360,新興永豐56購01,TW,0.0,14.0,0.0,0.0,0,0.0,0.0
047361,萬海永豐56購02,TW,0.0,40.0,0.0,0.0,0,0.0,0.0
047362,亞航永豐57購01,TW,0.0,123.0,0.0,0.0,0,0.0,0.0
047363,緯創永豐57購02,TW,0.0,-93.0,0.0,0.0,0,0.0,0.0
047366,采鈺永豐56購02,TW,0.0,10.0,0.0,0.0,0,0.0,0.0
047367,台積電凱基58購05,TW,0.0,3.0,0.0,0.0,0,0.0,0.0
047370,南亞中信56購08,TW,0.0,1667.0,0.0,0.0,0,0.0,0.0
047371,鴻海中信5C購02,TW,0.0,143.0,0.0,0.0,0,0.0,0.0
047375,貿聯中信56購03,TW,0.0,5.0,0.0,0.0,0,0.0,0.0
047376,亞翔中信5C購02,TW,0.0,2.0,0.0,0.0,0,0.0,0.0
047382,聯電元富57購01,TW,0.0,2.0,0.0,0.0,0,0.0,0.0
047383,聯電元富57購02,TW,0.0,0.0,0.0,0.0,0,0.0,0.0
047385,國巨元富5C購01,TW,0.0,3.0,0.0,0.0,0,0.0,0.0
047390,緯穎元富57購04,TW,0.0,20.0,0.0,0.0,0,0.0,0.0
047392,T50正2國票58購01,TW,0.0,0.0,0.0,0.0,0,0.0,0.0
047393,臺指反國票5C購01,TW,0.0,-20.0,0.0,0.0,0,0.0,0.0
047394,南亞國票57購02,TW,0.0,1404.0,0.0,0.0,0,0.0,0.0
047395,中砂國票57購01,TW,0.0,6.0,0.0,0.0,0,0.0,0.0
047397,仁寶國票57購01,TW,0.0,-61.0,0.0,0.0,0,0.0,0.0
047398,漢唐國票57購02,TW,0.0,11.0,0.0,0.0,0,0.0,0.0
047401,國泰金國票57購01,TW,0.0,-151.0,0.0,0.0,0,0.0,0.0
047402,華立國票58購01,TW,0.0,351.0,0.0,0.0,0,0.0,0.0
047403,世芯國票58購02,TW,0.0,30.0,0.0,0.0,0,0.0,0.0
047405,台郡國票57購01,TW,0.0,-50.0,0.0,0.0,0,0.0,0.0
047406,惠特國票58購01,TW,0.0,20.0,0.0,0.0,0,0.0,0.0
047413,神達國泰57購01,TW,0.0,130.0,0.0,0.0,0,0.0,0.0
047415,虎航國泰57購01,TW,0.0,-89.0,0.0,0.0,0,0.0,0.0
047417,南亞台新56購01,TW,0.0,-39.0,0.0,0.0,0,0.0,0.0
047418,鴻海台新56購01,TW,0.0,300.0,0.0,0.0,0,0.0,0.0
047421,T50正2富邦66購01,TW,0.0,161.0,0.0,0.0,0,0.0,0.0
047422,臺指2X富邦5C購01,TW,0.0,28.0,0.0,0.0,0,0.0,0.0
047425,台達電富邦5C購03,TW,0.0,8.0,0.0,0.0,0,0.0,0.0
047426,華通富邦56購02,TW,0.0,0.0,0.0,0.0,0,0.0,0.0
047431,台積電富邦5C購04,TW,0.0,-511.0,0.0,0.0,0,0.0,0.0
047432,金像電富邦56購02,TW,0.0,22.0,0.0,0.0,0,0.0,0.0
047434,富世達富邦58購01,TW,0.0,-1292.0,0.0,0.0,0,0.0,0.0
047437,南亞群益59購02,TW,0.0,-2.0,0.0,0.0,0,0.0,0.0
047439,台積電凱基58購07,TW,0.0,4.0,0.0,0.0,0,0.0,0.0
047445,國巨群益56購04,TW,0.0,17.0,0.0,0.0,0,0.0,0.0
047449,聯發科群益56購08,TW,0.0,1.0,0.0,0.0,0,0.0,0.0
047451,新興群益57購01,TW,0.0,-160.0,0.0,0.0,0,0.0,0.0
047456,海華群益56購01,TW,0.0,36.0,0.0,0.0,0,0.0,0.0
047457,海華群益56購02,TW,0.0,10.0,0.0,0.0,0,0.0,0.0
047458,緯穎群益56購10,TW,0.0,7.0,0.0,0.0,0,0.0,0.0
047461,富世達群益57購02,TW,0.0,-65.0,0.0,0.0,0,0.0,0.0
047462,ITH群益57購01,TW,0.0,-27.0,0.0,0.0,0,0.0,0.0
047464,南亞元大59購04,TW,0.0,280.0,0.0,0.0,0,0.0,0.0
047465,南亞元大5A購02,TW,0.0,431.0,0.0,0.0,0,0.0,0.0
047466,南亞元大5B購02,TW,0.0,-114.0,0.0,0.0,0,0.0,0.0
047467,台化元大56購01,TW,0.0,32.0,0.0,0.0,0,0.0,0.0
047469,川湖元大59購03,TW,0.0,41.0,0.0,0.0,0,0.0,0.0
047470,台達電元大56購16,TW,0.0,20.0,0.0,0.0,0,0.0,0.0
047471,台達電元大56購17,TW,0.0,10.0,0.0,0.0,0,0.0,0.0
047476,鴻海元大56購13,TW,0.0,35.0,0.0,0.0,0,0.0,0.0
047477,台積電元大56購16,TW,0.0,-53.0,0.0,0.0,0,0.0,0.0
047478,台積電元大56購18,TW,0.0,-70.0,0.0,0.0,0,0.0,0.0
047482,京元電元大59購05,TW,0.0,-188.0,0.0,0.0,0,0.0,0.0
047485,裕民元大56購04,TW,0.0,139.0,0.0,0.0,0,0.0,0.0
047486,奇鋐元大56購05,TW,0.0,-10.0,0.0,0.0,0,0.0,0.0
047490,緯創元大56購04,TW,0.0,100.0,0.0,0.0,0,0.0,0.0
047491,緯創元大5A購01,TW,0.0,278.0,0.0,0.0,0,0.0,0.0
047501,貿聯元大56購05,TW,0.0,-280.0,0.0,0.0,0,0.0,0.0
047502,亞翔元大59購01,TW,0.0,-142.0,0.0,0.0,0,0.0,0.0
047504,緯穎元大59購05,TW,0.0,-443.0,0.0,0.0,0,0.0,0.0
047505,惠特元大56購02,TW,0.0,1.0,0.0,0.0,0,0.0,0.0
047507,AES元大59購02,TW,0.0,-640.0,0.0,0.0,0,0.0,0.0
047512,臺股指元大56購30,TW,0.0,-25.0,0.0,0.0,0,0.0,0.0
047518,南亞凱基59購03,TW,0.0,232.0,0.0,0.0,0,0.0,0.0
047519,華新凱基5A購01,TW,0.0,-54.0,0.0,0.0,0,0.0,0.0
047520,川湖凱基5B購01,TW,0.0,-2.0,0.0,0.0,0,0.0,0.0
047521,光寶科凱基59購02,TW,0.0,12.0,0.0,0.0,0,0.0,0.0
047523,大同凱基57購01,TW,0.0,-36.0,0.0,0.0,0,0.0,0.0
047527,長榮凱基57購04,TW,0.0,6.0,0.0,0.0,0,0.0,0.0
047531,長榮航凱基5A購01,TW,0.0,-4.0,0.0,0.0,0,0.0,0.0
047536,欣興凱基56購07,TW,0.0,4.0,0.0,0.0,0,0.0,0.0
047539,玉晶光凱基56購01,TW,0.0,8.0,0.0,0.0,0,0.0,0.0
047545,亞翔凱基56購03,TW,0.0,6.0,0.0,0.0,0,0.0,0.0
047549,富世達凱基58購04,TW,0.0,-23.0,0.0,0.0,0,0.0,0.0
047551,至上凱基57購02,TW,0.0,-43.0,0.0,0.0,0,0.0,0.0
047553,台塑中信5C購01,TW,0.0,7.0,0.0,0.0,0,0.0,0.0
047554,南亞中信59購01,TW,0.0,36.0,0.0,0.0,0,0.0,0.0
047556,世芯中信56購01,TW,0.0,18.0,0.0,0.0,0,0.0,0.0
047560,華新永豐57購01,TW,0.0,-22.0,0.0,0.0,0,0.0,0.0
047561,所羅門永豐56購01,TW,0.0,2.0,0.0,0.0,0,0.0,0.0
047563,裕民永豐56購02,TW,0.0,10.0,0.0,0.0,0,0.0,0.0
047564,京鼎永豐57購01,TW,0.0,401.0,0.0,0.0,0,0.0,0.0
047567,亞翔永豐58購01,TW,0.0,54.0,0.0,0.0,0,0.0,0.0
047572,ITH永豐57購01,TW,0.0,167.0,0.0,0.0,0,0.0,0.0
047577,亞光統一58購02,TW,0.0,-1.0,0.0,0.0,0,0.0,0.0
047578,台灣50富邦56購10,TW,0.0,2.0,0.0,0.0,0,0.0,0.0
047585,滬深2X元富5C購01,TW,0.0,-88.0,0.0,0.0,0,0.0,0.0
047587,所羅門元富56購01,TW,0.0,-2687.0,0.0,0.0,0,0.0,0.0
047588,昆盈元富56購01,TW,0.0,163.0,0.0,0.0,0,0.0,0.0
047593,惠特元富57購02,TW,0.0,10.0,0.0,0.0,0,0.0,0.0
047594,羅昇元富56購01,TW,0.0,-70.0,0.0,0.0,0,0.0,0.0
047596,台塑國票57購01,TW,0.0,-103.0,0.0,0.0,0,0.0,0.0
047597,華新國票57購02,TW,0.0,88.0,0.0,0.0,0,0.0,0.0
047598,華新國票58購01,TW,0.0,-24.0,0.0,0.0,0,0.0,0.0
047600,川湖國票57購02,TW,0.0,110.0,0.0,0.0,0,0.0,0.0
047601,國巨國票56購04,TW,0.0,2.0,0.0,0.0,0,0.0,0.0
047603,英業達國票57購01,TW,0.0,-101.0,0.0,0.0,0,0.0,0.0
047606,亞航國票56購01,TW,0.0,10.0,0.0,0.0,0,0.0,0.0
047608,慧洋國票58購01,TW,0.0,6.0,0.0,0.0,0,0.0,0.0
047611,惠特國票5A購01,TW,0.0,437.0,0.0,0.0,0,0.0,0.0
047614,華新國泰57購01,TW,0.0,-40.0,0.0,0.0,0,0.0,0.0
047615,慧洋國泰57購01,TW,0.0,-9.0,0.0,0.0,0,0.0,0.0
047616,富世達國泰57購02,TW,0.0,-50.0,0.0,0.0,0,0.0,0.0
047617,台灣50凱基5C購01,TW,0.0,7.0,0.0,0.0,0,0.0,0.0
047618,FB科技凱基58購01,TW,0.0,16.0,0.0,0.0,0,0.0,0.0
047623,台達電凱基58購03,TW,0.0,4.0,0.0,0.0,0,0.0,0.0
047624,仁寶凱基57購02,TW,0.0,-60.0,0.0,0.0,0,0.0,0.0
047625,國巨凱基58購02,TW,0.0,4.0,0.0,0.0,0,0.0,0.0
047631,慧洋凱基57購02,TW,0.0,200.0,0.0,0.0,0,0.0,0.0
047632,國泰金凱基57購01,TW,0.0,0.0,0.0,0.0,0,0.0,0.0
047636,世芯凱基59購01,TW,0.0,-71.0,0.0,0.0,0,0.0,0.0
047643,台郡凱基57購01,TW,0.0,18.0,0.0,0.0,0,0.0,0.0
047645,緯穎凱基57購01,TW,0.0,-9.0,0.0,0.0,0,0.0,0.0
047648,富世達凱基58購05,TW,0.0,-6.0,0.0,0.0,0,0.0,0.0
047651,羅昇凱基56購01,TW,0.0,60.0,0.0,0.0,0,0.0,0.0
047654,台化群益57購02,TW,0.0,-1.0,0.0,0.0,0,0.0,0.0
047657,華新群益58購01,TW,0.0,449.0,0.0,0.0,0,0.0,0.0
047658,東鹼群益56購01,TW,0.0,14.0,0.0,0.0,0,0.0,0.0
047659,川湖群益56購09,TW,0.0,-2.0,0.0,0.0,0,0.0,0.0
047666,長榮群益56購02,TW,0.0,3.0,0.0,0.0,0,0.0,0.0
047678,同欣電群益56購02,TW,0.0,4.0,0.0,0.0,0,0.0,0.0
047681,惠特群益58購02,TW,0.0,5.0,0.0,0.0,0,0.0,0.0
047684,南亞元大59購05,TW,0.0,-35.0,0.0,0.0,0,0.0,0.0
047685,南亞元大5A購03,TW,0.0,-342.0,0.0,0.0,0,0.0,0.0
047686,南亞元大5B購03,TW,0.0,-64.0,0.0,0.0,0,0.0,0.0
047690,川湖元大59購04,TW,0.0,51.0,0.0,0.0,0,0.0,0.0
047698,佳能元大56購04,TW,0.0,180.0,0.0,0.0,0,0.0,0.0
047699,漢唐元大58購06,TW,0.0,463.0,0.0,0.0,0,0.0,0.0
047700,漢唐元大5C購01,TW,0.0,193.0,0.0,0.0,0,0.0,0.0
047701,建準元大59購04,TW,0.0,-1453.0,0.0,0.0,0,0.0,0.0
047702,京元電元大5A購02,TW,0.0,244.0,0.0,0.0,0,0.0,0.0
047703,新興元大59購01,TW,0.0,594.0,0.0,0.0,0,0.0,0.0
047709,奇鋐元大56購07,TW,0.0,0.0,0.0,0.0,0,0.0,0.0
047710,奇鋐元大56購08,TW,0.0,-10.0,0.0,0.0,0,0.0,0.0
047714,緯創元大5A購02,TW,0.0,269.0,0.0,0.0,0,0.0,0.0
047716,世芯元大5C購01,TW,0.0,2.0,0.0,0.0,0,0.0,0.0
047718,亞翔元大59購02,TW,0.0,-30.0,0.0,0.0,0,0.0,0.0
047721,惠特元大56購03,TW,0.0,104.0,0.0,0.0,0,0.0,0.0
047723,AES元大59購03,TW,0.0,-2996.0,0.0,0.0,0,0.0,0.0
047727,至上元大56購03,TW,0.0,4.0,0.0,0.0,0,0.0,0.0
047729,勤誠元大56購06,TW,0.0,11.0,0.0,0.0,0,0.0,0.0
047732,光寶科永豐57購02,TW,0.0,-20.0,0.0,0.0,0,0.0,0.0
047735,英業達永豐56購04,TW,0.0,31.0,0.0,0.0,0,0.0,0.0
047739,大銀永豐57購01,TW,0.0,167.0,0.0,0.0,0,0.0,0.0
047742,緯創台新56購01,TW,0.0,2629.0,0.0,0.0,0,0.0,0.0
047743,緯穎台新56購01,TW,0.0,-27.0,0.0,0.0,0,0.0,0.0
047754,緯穎中信5C購02,TW,0.0,-17.0,0.0,0.0,0,0.0,0.0
047755,兆聯中信5C購01,TW,0.0,58.0,0.0,0.0,0,0.0,0.0
047756,南電中信5C購01,TW,0.0,9.0,0.0,0.0,0,0.0,0.0
047758,至上中信5A購01,TW,0.0,-40.0,0.0,0.0,0,0.0,0.0
047760,第一銅元富59購01,TW,0.0,-15.0,0.0,0.0,0,0.0,0.0
047771,華航元富59購01,TW,0.0,-47.0,0.0,0.0,0,0.0,0.0
047772,中信金元富57購01,TW,0.0,2.0,0.0,0.0,0,0.0,0.0
047774,上品元富56購01,TW,0.0,95.0,0.0,0.0,0,0.0,0.0
047779,鴻海國泰57購05,TW,0.0,884.0,0.0,0.0,0,0.0,0.0
047783,強茂國泰57購01,TW,0.0,1.0,0.0,0.0,0,0.0,0.0
047785,聯詠國泰57購01,TW,0.0,0.0,0.0,0.0,0,0.0,0.0
047788,緯穎國泰57購05,TW,0.0,-10.0,0.0,0.0,0,0.0,0.0
047789,龍德船國泰57購01,TW,0.0,0.0,0.0,0.0,0,0.0,0.0
047792,聯發科富邦5C購02,TW,0.0,-2.0,0.0,0.0,0,0.0,0.0
047794,慧洋富邦58購01,TW,0.0,-95.0,0.0,0.0,0,0.0,0.0
047797,台泥凱基57購01,TW,0.0,6.0,0.0,0.0,0,0.0,0.0
047802,華新凱基58購03,TW,0.0,38.0,0.0,0.0,0,0.0,0.0
047806,漢唐凱基57購02,TW,0.0,9.0,0.0,0.0,0,0.0,0.0
047815,緯創凱基59購03,TW,0.0,-4.0,0.0,0.0,0,0.0,0.0
047817,貿聯凱基58購04,TW,0.0,-35.0,0.0,0.0,0,0.0,0.0
047818,神達凱基57購01,TW,0.0,40.0,0.0,0.0,0,0.0,0.0
047823,緯穎凱基57購02,TW,0.0,-5.0,0.0,0.0,0,0.0,0.0
047824,富世達凱基56購07,TW,0.0,0.0,0.0,0.0,0,0.0,0.0
047825,昇陽半凱基56購03,TW,0.0,2.0,0.0,0.0,0,0.0,0.0
047830,光寶科國票58購02,TW,0.0,1.0,0.0,0.0,0,0.0,0.0
047832,國巨國票57購03,TW,0.0,158.0,0.0,0.0,0,0.0,0.0
047833,所羅門國票56購01,TW,0.0,-220.0,0.0,0.0,0,0.0,0.0
047834,所羅門國票57購01,TW,0.0,-710.0,0.0,0.0,0,0.0,0.0
047835,揚博國票56購02,TW,0.0,-415.0,0.0,0.0,0,0.0,0.0
047837,奇鋐國票57購02,TW,0.0,0.0,0.0,0.0,0,0.0,0.0
047841,新日興國票56購01,TW,0.0,-60.0,0.0,0.0,0,0.0,0.0
047842,新日興國票57購01,TW,0.0,6.0,0.0,0.0,0,0.0,0.0
047843,精銳國票57購01,TW,0.0,92.0,0.0,0.0,0,0.0,0.0
047844,jpp國票58購01,TW,0.0,-42.0,0.0,0.0,0,0.0,0.0
047847,和椿國票56購01,TW,0.0,110.0,0.0,0.0,0,0.0,0.0
047855,南亞元大5C購01,TW,0.0,-231.0,0.0,0.0,0,0.0,0.0
047857,華新元大58購05,TW,0.0,53.0,0.0,0.0,0,0.0,0.0
047864,台積電元大56購22,TW,0.0,-30.0,0.0,0.0,0,0.0,0.0
047865,台積電元大56購23,TW,0.0,-60.0,0.0,0.0,0,0.0,0.0
047868,所羅門元大56購01,TW,0.0,-106.0,0.0,0.0,0,0.0,0.0
047872,京元電元大5A購03,TW,0.0,390.0,0.0,0.0,0,0.0,0.0
047873,強茂元大5B購02,TW,0.0,117.0,0.0,0.0,0,0.0,0.0
047874,萬海元大56購02,TW,0.0,3.0,0.0,0.0,0,0.0,0.0
047875,慧洋元大56購07,TW,0.0,200.0,0.0,0.0,0,0.0,0.0
047876,奇鋐元大56購09,TW,0.0,-10.0,0.0,0.0,0,0.0,0.0
047879,欣興元大5C購04,TW,0.0,1.0,0.0,0.0,0,0.0,0.0
047881,緯創元大5B購01,TW,0.0,-128.0,0.0,0.0,0,0.0,0.0
047884,世芯元大5C購02,TW,0.0,76.0,0.0,0.0,0,0.0,0.0
047886,日月光元大59購03,TW,0.0,1.0,0.0,0.0,0,0.0,0.0
047887,jpp元大5A購02,TW,0.0,-495.0,0.0,0.0,0,0.0,0.0
047888,瀚宇博元大59購01,TW,0.0,-201.0,0.0,0.0,0,0.0,0.0
047889,和椿元大56購01,TW,0.0,102.0,0.0,0.0,0,0.0,0.0
047895,富世達元大56購13,TW,0.0,80.0,0.0,0.0,0,0.0,0.0
047898,台塑群益56購04,TW,0.0,-10.0,0.0,0.0,0,0.0,0.0
047900,仁寶群益56購01,TW,0.0,6.0,0.0,0.0,0,0.0,0.0
047903,英業達群益56購02,TW,0.0,15.0,0.0,0.0,0,0.0,0.0
047908,國泰金群益5A購01,TW,0.0,20.0,0.0,0.0,0,0.0,0.0
047910,景碩群益56購06,TW,0.0,10.0,0.0,0.0,0,0.0,0.0
047911,世芯群益56購14,TW,0.0,10.0,0.0,0.0,0,0.0,0.0
047912,精銳群益57購01,TW,0.0,-10.0,0.0,0.0,0,0.0,0.0
047916,矽力群益56購04,TW,0.0,1.0,0.0,0.0,0,0.0,0.0
047920,羅昇群益57購01,TW,0.0,714.0,0.0,0.0,0,0.0,0.0
047924,裕民中信5A購01,TW,0.0,8.0,0.0,0.0,0,0.0,0.0
047928,緯穎中信56購01,TW,0.0,200.0,0.0,0.0,0,0.0,0.0
047938,AES永豐5C購01,TW,0.0,136.0,0.0,0.0,0,0.0,0.0
047939,昇陽半永豐58購01,TW,0.0,2.0,0.0,0.0,0,0.0,0.0
047941,勤誠永豐57購03,TW,0.0,-198.0,0.0,0.0,0,0.0,0.0
047942,鼎炫永豐58購01,TW,0.0,124.0,0.0,0.0,0,0.0,0.0
047943,A50正2元富5C購01,TW,0.0,-11.0,0.0,0.0,0,0.0,0.0
047947,華擎元富56購01,TW,0.0,5.0,0.0,0.0,0,0.0,0.0
047950,上品元富57購01,TW,0.0,35.0,0.0,0.0,0,0.0,0.0
047953,國巨國票59購01,TW,0.0,5.0,0.0,0.0,0,0.0,0.0
047954,矽統國票57購01,TW,0.0,-291.0,0.0,0.0,0,0.0,0.0
047955,凌陽國票57購01,TW,0.0,-2229.0,0.0,0.0,0,0.0,0.0
047957,TPK國票57購01,TW,0.0,1190.0,0.0,0.0,0,0.0,0.0
047958,凌華國票56購01,TW,0.0,50.0,0.0,0.0,0,0.0,0.0
047960,鼎炫國票57購02,TW,0.0,-10.0,0.0,0.0,0,0.0,0.0
047964,所羅門國泰57購01,TW,0.0,-1836.0,0.0,0.0,0,0.0,0.0
047972,台塑凱基59購01,TW,0.0,0.0,0.0,0.0,0,0.0,0.0
047973,南亞凱基5A購01,TW,0.0,-489.0,0.0,0.0,0,0.0,0.0
047977,英業達凱基57購02,TW,0.0,1768.0,0.0,0.0,0,0.0,0.0
047978,所羅門凱基56購02,TW,0.0,129.0,0.0,0.0,0,0.0,0.0
047982,威盛凱基56購01,TW,0.0,51.0,0.0,0.0,0,0.0,0.0
047986,新興凱基57購01,TW,0.0,25.0,0.0,0.0,0,0.0,0.0
047988,慧洋凱基5A購01,TW,0.0,-884.0,0.0,0.0,0,0.0,0.0
047990,新日興凱基56購02,TW,0.0,20.0,0.0,0.0,0,0.0,0.0
047997,富世達凱基56購08,TW,0.0,-50.0,0.0,0.0,0,0.0,0.0
048001,南亞元大56購10,TW,0.0,70.0,0.0,0.0,0,0.0,0.0
048002,南亞元大5C購02,TW,0.0,-42.0,0.0,0.0,0,0.0,0.0
048004,中砂元大59購03,TW,0.0,-40.0,0.0,0.0,0,0.0,0.0
048005,華新元大58購06,TW,0.0,1123.0,0.0,0.0,0,0.0,0.0
048007,川湖元大5B購02,TW,0.0,26.0,0.0,0.0,0,0.0,0.0
048008,川湖元大5C購01,TW,0.0,20.0,0.0,0.0,0,0.0,0.0
048012,台積電元大56購24,TW,0.0,-12.0,0.0,0.0,0,0.0,0.0
048021,台光電元大56購05,TW,0.0,1.0,0.0,0.0,0,0.0,0.0
048022,強茂元大58購04,TW,0.0,196.0,0.0,0.0,0,0.0,0.0
048023,揚博元大56購01,TW,0.0,200.0,0.0,0.0,0,0.0,0.0
048026,奇鋐元大56購11,TW,0.0,1.0,0.0,0.0,0,0.0,0.0
048030,緯創元大5B購02,TW,0.0,-722.0,0.0,0.0,0,0.0,0.0
048031,世芯元大56購21,TW,0.0,0.0,0.0,0.0,0,0.0,0.0
048034,貿聯元大59購03,TW,0.0,-1.0,0.0,0.0,0,0.0,0.0
048037,亞翔元大59購03,TW,0.0,69.0,0.0,0.0,0,0.0,0.0
048038,愛普元大57購03,TW,0.0,1.0,0.0,0.0,0,0.0,0.0
048039,緯穎元大5C購01,TW,0.0,528.0,0.0,0.0,0,0.0,0.0
048043,AES元大59購04,TW,0.0,393.0,0.0,0.0,0,0.0,0.0
048045,至上元大56購05,TW,0.0,-144.0,0.0,0.0,0,0.0,0.0
048047,勤誠元大56購07,TW,0.0,148.0,0.0,0.0,0,0.0,0.0
048049,宏達電富邦57購01,TW,0.0,-632.0,0.0,0.0,0,0.0,0.0
048051,緯創富邦5C購01,TW,0.0,-319.0,0.0,0.0,0,0.0,0.0
048055,川湖群益56購10,TW,0.0,0.0,0.0,0.0,0,0.0,0.0
048056,菱生群益57購01,TW,0.0,40.0,0.0,0.0,0,0.0,0.0
048062,奇鋐群益56購16,TW,0.0,100.0,0.0,0.0,0,0.0,0.0
048076,辛耘統一58購01,TW,0.0,50.0,0.0,0.0,0,0.0,0.0
048082,超眾統一58購01,TW,0.0,9.0,0.0,0.0,0,0.0,0.0
048086,和椿群益58購01,TW,0.0,15.0,0.0,0.0,0,0.0,0.0
048089,力積電群益58購01,TW,0.0,128.0,0.0,0.0,0,0.0,0.0
048094,鼎炫統一5C購01,TW,0.0,-1118.0,0.0,0.0,0,0.0,0.0
048095,鼎炫統一6C購01,TW,0.0,-6.0,0.0,0.0,0,0.0,0.0
048096,T50反1中信5C購02,TW,0.0,-15.0,0.0,0.0,0,0.0,0.0
048097,道瓊反中信5C購01,TW,0.0,-20.0,0.0,0.0,0,0.0,0.0
048099,鴻海中信5C購03,TW,0.0,385.0,0.0,0.0,0,0.0,0.0
048102,京元電中信59購03,TW,0.0,117.0,0.0,0.0,0,0.0,0.0
048104,日電貿中信56購01,TW,0.0,46.0,-10.0,0.0,0,0.0,0.0
048107,亞翔中信5C購03,TW,0.0,-39.0,0.0,0.0,0,0.0,0.0
048115,威盛永豐56購01,TW,0.0,93.0,0.0,0.0,0,0.0,0.0
048116,漢唐永豐56購02,TW,0.0,21.0,0.0,0.0,0,0.0,0.0
048120,智原永豐56購01,TW,0.0,22.0,0.0,0.0,0,0.0,0.0
048122,定穎控永豐57購01,TW,0.0,-15.0,0.0,0.0,0,0.0,0.0
048129,漢唐元富56購03,TW,0.0,126.0,0.0,0.0,0,0.0,0.0
048133,康普元富56購01,TW,0.0,-1857.0,0.0,0.0,0,0.0,0.0
048134,材料元富59購02,TW,0.0,3.0,0.0,0.0,0,0.0,0.0
048137,至上元富56購01,TW,0.0,17.0,0.0,0.0,0,0.0,0.0
048141,康普國票57購01,TW,0.0,701.0,0.0,0.0,0,0.0,0.0
048142,訊芯國票57購01,TW,0.0,5.0,0.0,0.0,0,0.0,0.0
048146,jpp兆豐58購01,TW,0.0,9.0,0.0,0.0,0,0.0,0.0
048147,國巨富邦56購02,TW,0.0,14.0,0.0,0.0,0,0.0,0.0
048150,威盛富邦58購01,TW,0.0,-693.0,0.0,0.0,0,0.0,0.0
048151,立隆電富邦58購01,TW,0.0,1.0,0.0,0.0,0,0.0,0.0
048152,中信金富邦57購01,TW,0.0,2694.0,0.0,0.0,0,0.0,0.0
048153,日電貿富邦57購01,TW,0.0,817.0,0.0,0.0,0,0.0,0.0
048159,楠梓電凱基56購03,TW,0.0,101.0,0.0,0.0,0,0.0,0.0
048160,鴻海凱基57購04,TW,0.0,328.0,0.0,0.0,0,0.0,0.0
048161,鴻海凱基57購05,TW,0.0,601.0,0.0,0.0,0,0.0,0.0
048170,臺企銀凱基56購01,TW,0.0,370.0,0.0,0.0,0,0.0,0.0
048172,華立凱基58購01,TW,0.0,-137.0,0.0,0.0,0,0.0,0.0
048173,晟銘電凱基59購02,TW,0.0,-16.0,0.0,0.0,0,0.0,0.0
048177,緯創凱基5C購02,TW,0.0,-823.0,0.0,0.0,0,0.0,0.0
048178,世芯凱基56購07,TW,0.0,0.0,0.0,0.0,0,0.0,0.0
048180,定穎控凱基59購01,TW,0.0,-10.0,0.0,0.0,0,0.0,0.0
048181,亞翔凱基57購03,TW,0.0,-218.0,0.0,0.0,0,0.0,0.0
048185,緯穎凱基59購06,TW,0.0,71.0,0.0,0.0,0,0.0,0.0
048188,勤誠凱基56購03,TW,0.0,-4.0,0.0,0.0,0,0.0,0.0
048193,所羅門群益56購02,TW,0.0,10.0,0.0,0.0,0,0.0,0.0
048199,京元電群益57購03,TW,0.0,-30.0,0.0,0.0,0,0.0,0.0
048200,華立群益56購01,TW,0.0,5.0,0.0,0.0,0,0.0,0.0
048202,康普群益58購01,TW,0.0,-209.0,0.0,0.0,0,0.0,0.0
048210,T50反1元大58購02,TW,0.0,-11.0,0.0,0.0,0,0.0,0.0
048212,元石油元大57購01,TW,0.0,0.0,0.0,0.0,0,0.0,0.0
048214,台塑元大57購01,TW,0.0,0.0,0.0,0.0,0,0.0,0.0
048218,川湖元大5B購03,TW,0.0,20.0,0.0,0.0,0,0.0,0.0
048219,川湖元大5C購02,TW,0.0,21.0,0.0,0.0,0,0.0,0.0
048221,楠梓電元大57購01,TW,0.0,-2488.0,0.0,0.0,0,0.0,0.0
048223,鴻海元大56購22,TW,0.0,1.0,0.0,0.0,0,0.0,0.0
048231,京元電元大5C購01,TW,0.0,47.0,0.0,0.0,0,0.0,0.0
048235,奇鋐元大56購12,TW,0.0,-10.0,0.0,0.0,0,0.0,0.0
048236,欣興元大56購18,TW,0.0,17.0,0.0,0.0,0,0.0,0.0
048238,日電貿元大56購01,TW,0.0,28.0,0.0,0.0,0,0.0,0.0
048239,日電貿元大59購01,TW,0.0,409.0,0.0,0.0,0,0.0,0.0
048245,日月光元大5C購02,TW,0.0,10.0,0.0,0.0,0,0.0,0.0
048248,瀚宇博元大5A購01,TW,0.0,-249.0,0.0,0.0,0,0.0,0.0
048249,瀚宇博元大5B購01,TW,0.0,-1.0,0.0,0.0,0,0.0,0.0
048255,力積電元大56購16,TW,0.0,6.0,0.0,0.0,0,0.0,0.0
048257,AES元大59購05,TW,0.0,-541.0,0.0,0.0,0,0.0,0.0
048261,南茂元大5C購01,TW,0.0,50.0,0.0,0.0,0,0.0,0.0
048262,勤誠元大56購08,TW,0.0,-10.0,0.0,0.0,0,0.0,0.0
048263,勤誠元大56購09,TW,0.0,19.0,0.0,0.0,0,0.0,0.0
048268,威盛中信5C購01,TW,0.0,8.0,0.0,0.0,0,0.0,0.0
048269,漢唐中信56購01,TW,0.0,301.0,0.0,0.0,0,0.0,0.0
048270,華新科中信5C購01,TW,0.0,1.0,0.0,0.0,0,0.0,0.0
048271,凱基金中信5A購01,TW,0.0,7.0,0.0,0.0,0,0.0,0.0
048273,台虹中信59購02,TW,0.0,1187.0,0.0,0.0,0,0.0,0.0
048285,漢唐永豐57購01,TW,0.0,31.0,0.0,0.0,0,0.0,0.0
048286,漢唐永豐58購01,TW,0.0,-218.0,0.0,0.0,0,0.0,0.0
048288,強茂永豐57購01,TW,0.0,-16.0,0.0,0.0,0,0.0,0.0
048290,緯創永豐58購01,TW,0.0,362.0,0.0,0.0,0,0.0,0.0
048292,日月光永豐57購02,TW,0.0,0.0,0.0,0.0,0,0.0,0.0
048293,GIS永豐56購01,TW,0.0,-20.0,0.0,0.0,0,0.0,0.0
048295,台虹永豐56購02,TW,0.0,10.0,0.0,0.0,0,0.0,0.0
048296,台虹永豐58購01,TW,0.0,129.0,0.0,0.0,0,0.0,0.0
048300,南亞凱基59購04,TW,0.0,0.0,0.0,0.0,0,0.0,0.0
048301,鴻海凱基57購06,TW,0.0,-65.0,0.0,0.0,0,0.0,0.0
048302,鴻海凱基63購02,TW,0.0,47.0,0.0,0.0,0,0.0,0.0
048306,佳能凱基56購06,TW,0.0,6.0,-6.0,0.0,0,0.0,0.0
048307,漢唐凱基56購04,TW,0.0,-10.0,0.0,0.0,0,0.0,0.0
048308,京元電凱基5C購01,TW,0.0,354.0,0.0,0.0,0,0.0,0.0
048309,聯發科凱基56購16,TW,0.0,3.0,0.0,0.0,0,0.0,0.0
048310,裕民凱基56購05,TW,0.0,0.0,0.0,0.0,0,0.0,0.0
048312,日電貿凱基57購02,TW,0.0,-16.0,0.0,0.0,0,0.0,0.0
048317,jpp凱基58購02,TW,0.0,-9.0,0.0,0.0,0,0.0,0.0
048318,瀚宇博凱基5A購01,TW,0.0,80.0,0.0,0.0,0,0.0,0.0
048322,洋基凱基57購02,TW,0.0,-50.0,0.0,0.0,0,0.0,0.0
048323,台虹凱基57購01,TW,0.0,52.0,0.0,0.0,0,0.0,0.0
048324,台虹凱基57購02,TW,0.0,-20.0,0.0,0.0,0,0.0,0.0
048326,南亞元大56購14,TW,0.0,0.0,0.0,0.0,0,0.0,0.0
048332,旺宏元大56購10,TW,0.0,2.0,0.0,0.0,0,0.0,0.0
048333,金像電元大5B購01,TW,0.0,-20.0,0.0,0.0,0,0.0,0.0
048334,漢唐元大56購05,TW,0.0,1285.0,0.0,0.0,0,0.0,0.0
048335,新興元大56購06,TW,0.0,230.0,0.0,0.0,0,0.0,0.0
048336,裕民元大56購08,TW,0.0,104.0,0.0,0.0,0,0.0,0.0
048338,慧洋元大5C購01,TW,0.0,-115.0,0.0,0.0,0,0.0,0.0
048340,奇鋐元大56購14,TW,0.0,0.0,0.0,0.0,0,0.0,0.0
048341,聯詠元大56購01,TW,0.0,90.0,0.0,0.0,0,0.0,0.0
048344,新日興元大56購04,TW,0.0,30.0,0.0,0.0,0,0.0,0.0
048345,玉晶光元大56購04,TW,0.0,451.0,-4.0,0.0,0,0.0,0.0
048346,世芯元大56購26,TW,0.0,4.0,0.0,0.0,0,0.0,0.0
048347,貿聯元大5A購01,TW,0.0,-34.0,0.0,0.0,0,0.0,0.0
048348,日月光元大58購04,TW,0.0,4.0,0.0,0.0,0,0.0,0.0
048349,定穎控元大5B購03,TW,0.0,112.0,0.0,0.0,0,0.0,0.0
048350,材料元大56購01,TW,0.0,-3.0,0.0,0.0,0,0.0,0.0
048351,事欣科元大56購01,TW,0.0,25.0,0.0,0.0,0,0.0,0.0
048355,保瑞元大56購02,TW,0.0,162.0,0.0,0.0,0,0.0,0.0
048356,緯穎元大5C購02,TW,0.0,-1139.0,0.0,0.0,0,0.0,0.0
048358,富世達元大56購16,TW,0.0,348.0,0.0,0.0,0,0.0,0.0
048360,兆聯元大5A購01,TW,0.0,-475.0,0.0,0.0,0,0.0,0.0
048362,台虹元大58購01,TW,0.0,22.0,0.0,0.0,0,0.0,0.0
048363,台虹元大5A購01,TW,0.0,120.0,0.0,0.0,0,0.0,0.0
048366,漢唐台新56購01,TW,0.0,-9.0,0.0,0.0,0,0.0,0.0
048370,中砂富邦59購01,TW,0.0,5.0,0.0,0.0,0,0.0,0.0
048371,鴻海富邦5C購03,TW,0.0,-17.0,0.0,0.0,0,0.0,0.0
048374,永豐金富邦56購02,TW,0.0,526.0,0.0,0.0,0,0.0,0.0
048378,大立光富邦59購01,TW,0.0,52.0,0.0,0.0,0,0.0,0.0
048382,材料富邦58購01,TW,0.0,85.0,0.0,0.0,0,0.0,0.0
048383,達興富邦59購01,TW,0.0,-275.0,0.0,0.0,0,0.0,0.0
048385,緯穎富邦56購03,TW,0.0,140.0,0.0,0.0,0,0.0,0.0
048386,AES富邦58購01,TW,0.0,-1.0,0.0,0.0,0,0.0,0.0
048387,AES富邦59購01,TW,0.0,-73.0,0.0,0.0,0,0.0,0.0
048388,富世達富邦58購02,TW,0.0,-168.0,0.0,0.0,0,0.0,0.0
048389,台虹富邦56購01,TW,0.0,35.0,0.0,0.0,0,0.0,0.0
048391,臺股指富邦5C購05,TW,0.0,2.0,0.0,0.0,0,0.0,0.0
048393,台達電元富56購09,TW,0.0,1.0,0.0,0.0,0,0.0,0.0
048395,楠梓電元富56購04,TW,0.0,34.0,0.0,0.0,0,0.0,0.0
048397,台光電元富56購06,TW,0.0,0.0,0.0,0.0,0,0.0,0.0
048400,景碩元富56購01,TW,0.0,0.0,0.0,0.0,0,0.0,0.0
048401,事欣科元富56購02,TW,0.0,467.0,0.0,0.0,0,0.0,0.0
048405,台虹元富56購03,TW,0.0,2.0,0.0,0.0,0,0.0,0.0
048408,台光電國票57購02,TW,0.0,15.0,0.0,0.0,0,0.0,0.0
048409,漢唐國票57購03,TW,0.0,168.0,0.0,0.0,0,0.0,0.0
048410,強茂國票59購01,TW,0.0,-1.0,0.0,0.0,0,0.0,0.0
048411,宏達電國票57購03,TW,0.0,639.0,0.0,0.0,0,0.0,0.0
048417,日電貿國泰57購01,TW,0.0,78.0,0.0,0.0,0,0.0,0.0
048418,康舒國泰57購01,TW,0.0,-259.0,0.0,0.0,0,0.0,0.0
048420,洋基國泰57購01,TW,0.0,-6.0,0.0,0.0,0,0.0,0.0
048430,毅嘉群益5A購01,TW,0.0,-90.0,0.0,0.0,0,0.0,0.0
048431,漢唐群益58購02,TW,0.0,-39.0,0.0,0.0,0,0.0,0.0
048433,長榮群益56購04,TW,0.0,138.0,0.0,0.0,0,0.0,0.0
048439,眾達群益56購02,TW,0.0,1.0,0.0,0.0,0,0.0,0.0
048441,亞翔群益56購06,TW,0.0,2.0,0.0,0.0,0,0.0,0.0
048447,富世達群益58購03,TW,0.0,-164.0,0.0,0.0,0,0.0,0.0
048449,台虹群益57購02,TW,0.0,6.0,0.0,0.0,0,0.0,0.0
048450,勤誠群益56購02,TW,0.0,230.0,0.0,0.0,0,0.0,0.0
048451,台虹統一6C購01,TW,0.0,-104.0,0.0,0.0,0,0.0,0.0
048455,亞翔中信5C購04,TW,0.0,0.0,0.0,0.0,0,0.0,0.0
048456,力積電中信56購03,TW,0.0,-30.0,0.0,0.0,0,0.0,0.0
048464,毅嘉永豐58購01,TW,0.0,13.0,0.0,0.0,0,0.0,0.0
048469,長榮永豐59購01,TW,0.0,-21.0,0.0,0.0,0,0.0,0.0
048470,聯詠永豐56購01,TW,0.0,2.0,0.0,0.0,0,0.0,0.0
048474,鴻海元富58購01,TW,0.0,-66.0,0.0,0.0,0,0.0,0.0
048476,日電貿永豐57購01,TW,0.0,-62.0,0.0,0.0,0,0.0,0.0
048477,昇貿永豐57購01,TW,0.0,10.0,0.0,0.0,0,0.0,0.0
048480,新日興永豐56購02,TW,0.0,-146.0,0.0,0.0,0,0.0,0.0
048484,材料永豐56購01,TW,0.0,-190.0,0.0,0.0,0,0.0,0.0
048487,瀚宇博永豐58購01,TW,0.0,624.0,0.0,0.0,0,0.0,0.0
048489,康舒永豐56購03,TW,0.0,-58.0,0.0,0.0,0,0.0,0.0
048491,昇陽半永豐57購02,TW,0.0,30.0,0.0,0.0,0,0.0,0.0
048493,鼎炫永豐5A購01,TW,0.0,-5.0,0.0,0.0,0,0.0,0.0
048494,道瓊銀富邦5C購01,TW,0.0,2.0,0.0,0.0,0,0.0,0.0
048495,台達電富邦58購02,TW,0.0,4.0,0.0,0.0,0,0.0,0.0
048496,台積電富邦56購05,TW,0.0,220.0,0.0,0.0,0,0.0,0.0
048497,威盛富邦56購01,TW,0.0,9.0,0.0,0.0,0,0.0,0.0
048505,元石油凱基56購01,TW,0.0,1.0,0.0,0.0,0,0.0,0.0
048506,FBNQ2X凱基56購01,TW,0.0,10.0,0.0,0.0,0,0.0,0.0
048508,中興電凱基56購01,TW,0.0,-3.0,0.0,0.0,0,0.0,0.0
048509,中砂凱基56購09,TW,0.0,-10.0,0.0,0.0,0,0.0,0.0
048511,台玻凱基56購02,TW,0.0,2.0,0.0,0.0,0,0.0,0.0
048512,台玻凱基56購03,TW,0.0,2.0,0.0,0.0,0,0.0,0.0
048516,台玻凱基56購05,TW,0.0,1.0,0.0,0.0,0,0.0,0.0
048517,川湖凱基57購02,TW,0.0,104.0,0.0,0.0,0,0.0,0.0
048519,鴻海凱基5C購03,TW,0.0,-428.0,0.0,0.0,0,0.0,0.0
048521,鴻海凱基61購02,TW,0.0,-1.0,0.0,0.0,0,0.0,0.0
048523,國巨凱基58購04,TW,0.0,14.0,0.0,0.0,0,0.0,0.0
048528,漢唐凱基57購03,TW,0.0,52.0,0.0,0.0,0,0.0,0.0
048530,中航凱基59購01,TW,0.0,-20.0,0.0,0.0,0,0.0,0.0
048532,聯詠凱基56購02,TW,0.0,1.0,0.0,0.0,0,0.0,0.0
048533,日電貿凱基56購01,TW,0.0,18.0,0.0,0.0,0,0.0,0.0
048535,新日興凱基59購01,TW,0.0,97.0,0.0,0.0,0,0.0,0.0
048536,定穎控凱基58購02,TW,0.0,-88.0,0.0,0.0,0,0.0,0.0
048537,亞翔凱基56購05,TW,0.0,102.0,0.0,0.0,0,0.0,0.0
048538,緯穎凱基56購11,TW,0.0,58.0,0.0,0.0,0,0.0,0.0
048539,富世達凱基57購10,TW,0.0,118.0,0.0,0.0,0,0.0,0.0
048540,兆聯凱基5A購01,TW,0.0,-88.0,0.0,0.0,0,0.0,0.0
048541,台虹凱基56購04,TW,0.0,0.0,0.0,0.0,0,0.0,0.0
048548,川湖元大56購05,TW,0.0,94.0,0.0,0.0,0,0.0,0.0
048549,川湖元大56購06,TW,0.0,20.0,0.0,0.0,0,0.0,0.0
048551,鴻海元大56購24,TW,0.0,1.0,0.0,0.0,0,0.0,0.0
048553,台積電元大56購29,TW,0.0,1.0,0.0,0.0,0,0.0,0.0
048558,大同元大56購03,TW,0.0,150.0,0.0,0.0,0,0.0,0.0
048559,凱美元大56購01,TW,0.0,1647.0,0.0,0.0,0,0.0,0.0
048560,毅嘉元大59購01,TW,0.0,-10.0,0.0,0.0,0,0.0,0.0
048563,裕民元大56購09,TW,0.0,504.0,0.0,0.0,0,0.0,0.0
048564,華航元大56購01,TW,0.0,250.0,0.0,0.0,0,0.0,0.0
048566,長榮航元大56購02,TW,0.0,-36.0,0.0,0.0,0,0.0,0.0
048569,緯創元大5A購03,TW,0.0,-1722.0,0.0,0.0,0,0.0,0.0
048572,嘉澤元大59購01,TW,0.0,-15.0,0.0,0.0,0,0.0,0.0
048574,貿聯元大5A購02,TW,0.0,0.0,0.0,0.0,0,0.0,0.0
048576,定穎控元大5B購04,TW,0.0,957.0,0.0,0.0,0,0.0,0.0
048577,亞翔元大56購04,TW,0.0,20.0,0.0,0.0,0,0.0,0.0
048579,保瑞元大56購03,TW,0.0,320.0,0.0,0.0,0,0.0,0.0
048581,緯穎元大5C購03,TW,0.0,-292.0,0.0,0.0,0,0.0,0.0
048582,力積電元大56購17,TW,0.0,-110.0,0.0,0.0,0,0.0,0.0
048583,AES元大56購12,TW,0.0,10.0,0.0,0.0,0,0.0,0.0
048585,台虹元大56購05,TW,0.0,138.0,0.0,0.0,0,0.0,0.0
048586,台虹元大58購02,TW,0.0,811.0,0.0,0.0,0,0.0,0.0
048587,台虹元大5A購02,TW,0.0,-60.0,0.0,0.0,0,0.0,0.0
048588,台虹元大5B購01,TW,0.0,721.0,0.0,0.0,0,0.0,0.0
048594,T50正2群益56購01,TW,0.0,-22.0,0.0,0.0,0,0.0,0.0
048601,致茂群益56購02,TW,0.0,1.0,0.0,0.0,0,0.0,0.0
048602,佳能群益56購01,TW,0.0,6.0,0.0,0.0,0,0.0,0.0
048603,漢唐群益57購02,TW,0.0,-132.0,0.0,0.0,0,0.0,0.0
048608,日電貿群益56購02,TW,0.0,20.0,0.0,0.0,0,0.0,0.0
048614,亞翔群益57購01,TW,0.0,-60.0,0.0,0.0,0,0.0,0.0
048626,台玻元富56購02,TW,0.0,3.0,0.0,0.0,0,0.0,0.0
048631,台玻元富5C購01,TW,0.0,-59.0,0.0,0.0,0,0.0,0.0
048633,國巨元富56購04,TW,0.0,0.0,0.0,0.0,0,0.0,0.0
048634,威盛元富56購01,TW,0.0,-15.0,0.0,0.0,0,0.0,0.0
048637,日電貿元富56購01,TW,0.0,50.0,0.0,0.0,0,0.0,0.0
048638,日電貿元富56購02,TW,0.0,-137.0,0.0,0.0,0,0.0,0.0
048641,上証2X國票57購02,TW,0.0,-846.0,0.0,0.0,0,0.0,0.0
048644,台玻國票57購01,TW,0.0,-11.0,0.0,0.0,0,0.0,0.0
048645,所羅門國票57購02,TW,0.0,-84.0,0.0,0.0,0,0.0,0.0
048646,威盛國票57購01,TW,0.0,4.0,0.0,0.0,0,0.0,0.0
048647,威盛國票57購04,TW,0.0,7.0,0.0,0.0,0,0.0,0.0
048653,志聖國票57購02,TW,0.0,2.0,0.0,0.0,0,0.0,0.0
048654,強茂國票57購02,TW,0.0,190.0,0.0,0.0,0,0.0,0.0
048656,聯詠國票56購03,TW,0.0,0.0,0.0,0.0,0,0.0,0.0
048657,日電貿國票56購01,TW,0.0,25.0,0.0,0.0,0,0.0,0.0
048658,日電貿國票57購02,TW,0.0,435.0,0.0,0.0,0,0.0,0.0
048659,新日興國票58購01,TW,0.0,-60.0,0.0,0.0,0,0.0,0.0
048660,神達國票56購02,TW,0.0,20.0,0.0,0.0,0,0.0,0.0
048661,定穎控國票57購04,TW,0.0,0.0,0.0,0.0,0,0.0,0.0
048665,楠梓電國泰57購01,TW,0.0,538.0,0.0,0.0,0,0.0,0.0
048667,威盛國泰57購01,TW,0.0,-740.0,0.0,0.0,0,0.0,0.0
048669,華新科國泰57購01,TW,0.0,25.0,0.0,0.0,0,0.0,0.0
048670,揚博國泰57購01,TW,0.0,-40.0,0.0,0.0,0,0.0,0.0
048673,T50正2中信5C購01,TW,0.0,10.0,0.0,0.0,0,0.0,0.0
048674,香港2X中信5C購01,TW,0.0,-9.0,0.0,0.0,0,0.0,0.0
048675,道瓊銀中信5C購01,TW,0.0,111.0,0.0,0.0,0,0.0,0.0
048678,金像電中信56購02,TW,0.0,20.0,0.0,0.0,0,0.0,0.0
048681,亞翔中信5C購05,TW,0.0,14.0,0.0,0.0,0,0.0,0.0
048685,金寶永豐57購01,TW,0.0,-57.0,0.0,0.0,0,0.0,0.0
048687,華泰永豐57購01,TW,0.0,1360.0,0.0,0.0,0,0.0,0.0
048689,鴻準永豐57購01,TW,0.0,121.0,0.0,0.0,0,0.0,0.0
048691,漢唐永豐57購02,TW,0.0,2.0,0.0,0.0,0,0.0,0.0
048692,長榮航永豐57購01,TW,0.0,-128.0,0.0,0.0,0,0.0,0.0
048693,世芯永豐56購07,TW,0.0,0.0,0.0,0.0,0,0.0,0.0
048694,亞翔永豐56購04,TW,0.0,24.0,0.0,0.0,0,0.0,0.0
048695,和椿永豐56購01,TW,0.0,0.0,0.0,0.0,0,0.0,0.0
048696,洋基永豐58購01,TW,0.0,-52.0,0.0,0.0,0,0.0,0.0
048697,AES永豐59購02,TW,0.0,-251.0,0.0,0.0,0,0.0,0.0
048701,國巨元富56購05,TW,0.0,2.0,0.0,0.0,0,0.0,0.0
048702,華泰元富56購01,TW,0.0,705.0,0.0,0.0,0,0.0,0.0
048708,強茂元富57購01,TW,0.0,31.0,0.0,0.0,0,0.0,0.0
048710,眾達元富56購03,TW,0.0,1.0,0.0,0.0,0,0.0,0.0
048711,亞翔元富56購02,TW,0.0,-28.0,0.0,0.0,0,0.0,0.0
048716,華新國票57購03,TW,0.0,-934.0,0.0,0.0,0,0.0,0.0
048718,長興國票57購01,TW,0.0,3.0,0.0,0.0,0,0.0,0.0
048720,強茂國票58購03,TW,0.0,41.0,0.0,0.0,0,0.0,0.0
048721,新日興國票56購02,TW,0.0,-130.0,0.0,0.0,0,0.0,0.0
048722,事欣科國票57購01,TW,0.0,255.0,0.0,0.0,0,0.0,0.0
048723,眾達國票56購01,TW,0.0,-14.0,0.0,0.0,0,0.0,0.0
048725,jpp國票57購01,TW,0.0,185.0,0.0,0.0,0,0.0,0.0
048726,AES國票56購02,TW,0.0,11.0,0.0,0.0,0,0.0,0.0
048728,AES國票57購01,TW,0.0,220.0,0.0,0.0,0,0.0,0.0
048732,亞翔國泰57購01,TW,0.0,28.0,0.0,0.0,0,0.0,0.0
048734,台灣50元大5C購01,TW,0.0,3.0,0.0,0.0,0,0.0,0.0
048735,FB科技元大56購01,TW,0.0,12.0,0.0,0.0,0,0.0,0.0
048737,上証2X元大58購01,TW,0.0,-39.0,0.0,0.0,0,0.0,0.0
048738,道瓊銅元大58購01,TW,0.0,-35.0,0.0,0.0,0,0.0,0.0
048740,東元元大5B購02,TW,0.0,-99.0,0.0,0.0,0,0.0,0.0
048742,中砂元大56購07,TW,0.0,-17.0,0.0,0.0,0,0.0,0.0
048743,中砂元大56購08,TW,0.0,-10.0,0.0,0.0,0,0.0,0.0
048746,川湖元大56購08,TW,0.0,-7.0,0.0,0.0,0,0.0,0.0
048749,鴻海元大56購27,TW,0.0,58.0,0.0,0.0,0,0.0,0.0
048750,台積電元大56購31,TW,0.0,0.0,0.0,0.0,0,0.0,0.0
048751,台積電元大56購32,TW,0.0,24.0,0.0,0.0,0,0.0,0.0
048755,漢唐元大56購06,TW,0.0,83.0,0.0,0.0,0,0.0,0.0
048756,漢唐元大56購07,TW,0.0,214.0,0.0,0.0,0,0.0,0.0
048759,志聖元大59購01,TW,0.0,4.0,0.0,0.0,0,0.0,0.0
048760,一詮元大58購02,TW,0.0,65.0,0.0,0.0,0,0.0,0.0
048763,長榮元富56購01,TW,0.0,0.0,0.0,0.0,0,0.0,0.0
048764,日電貿元大56購02,TW,0.0,-365.0,0.0,0.0,0,0.0,0.0
048768,世芯元大56購28,TW,0.0,-103.0,0.0,0.0,0,0.0,0.0
048770,世芯元大56購29,TW,0.0,-420.0,0.0,0.0,0,0.0,0.0
048773,貿聯元大56購08,TW,0.0,-282.0,0.0,0.0,0,0.0,0.0
048776,亞翔元大56購05,TW,0.0,1120.0,0.0,0.0,0,0.0,0.0
048777,聯茂元大59購02,TW,0.0,-20.0,0.0,0.0,0,0.0,0.0
048778,緯穎元大56購08,TW,0.0,-463.0,0.0,0.0,0,0.0,0.0
048781,AES元大56購14,TW,0.0,-24.0,0.0,0.0,0,0.0,0.0
048783,富世達元大56購18,TW,0.0,610.0,0.0,0.0,0,0.0,0.0
048796,洋基富邦56購01,TW,0.0,10.0,0.0,0.0,0,0.0,0.0
048797,道瓊銀群益5A購01,TW,0.0,-20.0,0.0,0.0,0,0.0,0.0
048800,國巨群益58購03,TW,0.0,15.0,0.0,0.0,0,0.0,0.0
048801,華泰群益56購01,TW,0.0,998.0,0.0,0.0,0,0.0,0.0
048802,台積電群益57購12,TW,0.0,-41.0,0.0,0.0,0,0.0,0.0
048803,台積電群益5C購05,TW,0.0,3557.0,0.0,0.0,0,0.0,0.0
048808,漢唐群益5A購01,TW,0.0,-96.0,0.0,0.0,0,0.0,0.0
048812,事欣科群益56購03,TW,0.0,2.0,0.0,0.0,0,0.0,0.0
048815,洋基群益59購01,TW,0.0,-20.0,0.0,0.0,0,0.0,0.0
048817,臺股指群益59購10,TW,0.0,1.0,0.0,0.0,0,0.0,0.0
048823,NASDAQ凱基56購01,TW,0.0,8.0,0.0,0.0,0,0.0,0.0
048825,美債2X凱基66購01,TW,0.0,-218.0,0.0,0.0,0,0.0,0.0
048826,元日2X凱基56購02,TW,0.0,80.0,0.0,0.0,0,0.0,0.0
048829,永續息凱基56購01,TW,0.0,3.0,0.0,0.0,0,0.0,0.0
048830,台灣5G凱基56購01,TW,0.0,3.0,0.0,0.0,0,0.0,0.0
048831,南亞凱基57購03,TW,0.0,-11.0,0.0,0.0,0,0.0,0.0
048834,華泰凱基56購01,TW,0.0,45.0,0.0,0.0,0,0.0,0.0
048837,漢唐凱基56購05,TW,0.0,20.0,0.0,0.0,0,0.0,0.0
048841,長榮凱基56購03,TW,0.0,3.0,0.0,0.0,0,0.0,0.0
048843,長榮航凱基56購01,TW,0.0,10.0,0.0,0.0,0,0.0,0.0
048846,緯創凱基5C購03,TW,0.0,5.0,0.0,0.0,0,0.0,0.0
048849,貿聯凱基5B購02,TW,0.0,-854.0,0.0,0.0,0,0.0,0.0
048852,旭隼凱基5B購01,TW,0.0,-10.0,0.0,0.0,0,0.0,0.0
048856,昇陽半凱基56購04,TW,0.0,0.0,0.0,0.0,0,0.0,0.0
048861,世芯中信5C購02,TW,0.0,11.0,0.0,0.0,0,0.0,0.0
048864,亞翔台新56購01,TW,0.0,30.0,0.0,0.0,0,0.0,0.0
048866,亞翔兆豐58購01,TW,0.0,3.0,0.0,0.0,0,0.0,0.0
048868,亞力富邦58購01,TW,0.0,-1684.0,4.0,0.0,0,0.0,0.0
048871,聯電富邦57購01,TW,0.0,2.0,0.0,0.0,0,0.0,0.0
048875,日電貿富邦56購02,TW,0.0,706.0,0.0,0.0,0,0.0,0.0
048877,南茂富邦58購01,TW,0.0,0.0,0.0,0.0,0,0.0,0.0
048878,亞力永豐57購01,TW,0.0,5.0,0.0,0.0,0,0.0,0.0
048879,大成鋼永豐57購01,TW,0.0,10.0,0.0,0.0,0,0.0,0.0
048883,漢唐永豐58購02,TW,0.0,-7.0,0.0,0.0,0,0.0,0.0
048884,立隆電永豐57購01,TW,0.0,2.0,0.0,0.0,0,0.0,0.0
048886,緯穎永豐56購07,TW,0.0,0.0,0.0,0.0,0,0.0,0.0
048889,富世達永豐57購03,TW,0.0,0.0,0.0,0.0,0,0.0,0.0
048891,道瓊銀元富5C購01,TW,0.0,20.0,0.0,0.0,0,0.0,0.0
048900,台積電元富6C購01,TW,0.0,-26.0,0.0,0.0,0,0.0,0.0
048901,漢唐元富56購05,TW,0.0,196.0,0.0,0.0,0,0.0,0.0
048902,益登元富56購01,TW,0.0,1195.0,0.0,0.0,0,0.0,0.0
048904,益登元富56購02,TW,0.0,772.0,0.0,0.0,0,0.0,0.0
048906,定穎控元富56購02,TW,0.0,30.0,0.0,0.0,0,0.0,0.0
048913,中航國泰57購03,TW,0.0,-20.0,0.0,0.0,0,0.0,0.0
048914,新日興國泰57購02,TW,0.0,-190.0,0.0,0.0,0,0.0,0.0
048919,南亞凱基56購06,TW,0.0,0.0,0.0,0.0,0,0.0,0.0
048920,台化凱基57購01,TW,0.0,2.0,0.0,0.0,0,0.0,0.0
048921,華新凱基57購03,TW,0.0,161.0,0.0,0.0,0,0.0,0.0
048927,華泰凱基56購02,TW,0.0,1.0,0.0,0.0,0,0.0,0.0
048930,智邦凱基58購03,TW,0.0,4.0,0.0,0.0,0,0.0,0.0
048931,大同凱基56購03,TW,0.0,100.0,0.0,0.0,0,0.0,0.0
048932,漢唐凱基59購01,TW,0.0,-201.0,0.0,0.0,0,0.0,0.0
048933,長榮太凱基56購03,TW,0.0,0.0,0.0,0.0,0,0.0,0.0
048935,益登凱基56購01,TW,0.0,152.0,0.0,0.0,0,0.0,0.0
048937,華擎凱基56購02,TW,0.0,90.0,0.0,0.0,0,0.0,0.0
048940,正文凱基56購01,TW,0.0,-302.0,0.0,0.0,0,0.0,0.0
048942,jpp凱基56購02,TW,0.0,17.0,0.0,0.0,0,0.0,0.0
048943,亞翔凱基56購06,TW,0.0,-9.0,0.0,0.0,0,0.0,0.0
048946,富世達凱基56購09,TW,0.0,164.0,0.0,0.0,0,0.0,0.0
048947,勤誠凱基56購05,TW,0.0,654.0,0.0,0.0,0,0.0,0.0
048948,台化國票57購01,TW,0.0,-5.0,0.0,0.0,0,0.0,0.0
048950,中信金國票57購01,TW,0.0,-16.0,0.0,0.0,0,0.0,0.0
048952,益登國票56購01,TW,0.0,3053.0,0.0,0.0,0,0.0,0.0
048953,神達國票56購03,TW,0.0,8.0,0.0,0.0,0,0.0,0.0
048954,神達國票58購01,TW,0.0,-399.0,0.0,0.0,0,0.0,0.0
048955,正文國票57購01,TW,0.0,-228.0,0.0,0.0,0,0.0,0.0
048962,金融類國票56購01,TW,0.0,4.0,0.0,0.0,0,0.0,0.0
048964,元金反元大56購01,TW,0.0,0.0,0.0,0.0,0,0.0,0.0
048965,台塑元大59購02,TW,0.0,-127.0,0.0,0.0,0,0.0,0.0
048966,南亞元大59購06,TW,0.0,-328.0,0.0,0.0,0,0.0,0.0
048967,台化元大59購01,TW,0.0,-1.0,0.0,0.0,0,0.0,0.0
048968,中砂元大5C購01,TW,0.0,113.0,0.0,0.0,0,0.0,0.0
048969,台玻元大56購01,TW,0.0,10.0,0.0,0.0,0,0.0,0.0
048970,中鋼元大56購01,TW,0.0,568.0,0.0,0.0,0,0.0,0.0
048971,川湖元大56購09,TW,0.0,-5.0,0.0,0.0,0,0.0,0.0
048978,華碩元大56購03,TW,0.0,-83.0,0.0,0.0,0,0.0,0.0
048979,漢唐元大56購08,TW,0.0,835.0,0.0,0.0,0,0.0,0.0
048980,漢唐元大56購09,TW,0.0,538.0,0.0,0.0,0,0.0,0.0
048983,聯發科元大56購06,TW,0.0,4.0,0.0,0.0,0,0.0,0.0
048985,聯發科元大59購02,TW,0.0,95.0,0.0,0.0,0,0.0,0.0
048987,華碩元富58購01,TW,0.0,-6.0,0.0,0.0,0,0.0,0.0
048991,宏達電元大56購03,TW,0.0,-1356.0,0.0,0.0,0,0.0,0.0
049001,世芯元大56購34,TW,0.0,0.0,0.0,0.0,0,0.0,0.0
049003,事欣科元大56購02,TW,0.0,1410.0,0.0,0.0,0,0.0,0.0
049004,亞翔元大56購06,TW,0.0,106.0,0.0,0.0,0,0.0,0.0
049010,力積電元大56購20,TW,0.0,5.0,0.0,0.0,0,0.0,0.0
049013,富世達元大56購19,TW,0.0,1191.0,0.0,0.0,0,0.0,0.0
049020,漢唐群益5A購02,TW,0.0,1358.0,0.0,0.0,0,0.0,0.0
049021,長榮航群益56購02,TW,0.0,-5.0,0.0,0.0,0,0.0,0.0
049025,益登群益56購01,TW,0.0,12.0,0.0,0.0,0,0.0,0.0
049029,正文群益57購01,TW,0.0,-267.0,0.0,0.0,0,0.0,0.0
049030,亞翔群益57購02,TW,0.0,-93.0,0.0,0.0,0,0.0,0.0
049040,臺股指群益62購01,TW,0.0,8.0,0.0,0.0,0,0.0,0.0
049052,智邦兆豐58購02,TW,0.0,1.0,0.0,0.0,0,0.0,0.0
049053,祥碩兆豐5C購01,TW,0.0,-46.0,0.0,0.0,0,0.0,0.0
049054,台塑富邦59購01,TW,0.0,-38.0,0.0,0.0,0,0.0,0.0
049055,台達電富邦5C購04,TW,0.0,15.0,0.0,0.0,0,0.0,0.0
049056,鴻海富邦5C購04,TW,0.0,80.0,0.0,0.0,0,0.0,0.0
049057,國巨富邦57購03,TW,0.0,18.0,0.0,0.0,0,0.0,0.0
049062,中興電永豐58購01,TW,0.0,-87.0,0.0,0.0,0,0.0,0.0
049065,鴻海永豐56購09,TW,0.0,2.0,0.0,0.0,0,0.0,0.0
049066,鴻海永豐56購10,TW,0.0,9.0,0.0,0.0,0,0.0,0.0
049068,漢唐永豐57購03,TW,0.0,-9.0,0.0,0.0,0,0.0,0.0
049069,全新永豐57購01,TW,0.0,32.0,0.0,0.0,0,0.0,0.0
049070,宏達電永豐57購03,TW,0.0,333.0,0.0,0.0,0,0.0,0.0
049073,世芯永豐56購08,TW,0.0,5.0,0.0,0.0,0,0.0,0.0
049075,緯穎永豐59購02,TW,0.0,-94.0,0.0,0.0,0,0.0,0.0
049076,力積電永豐5C購01,TW,0.0,-17.0,0.0,0.0,0,0.0,0.0
049079,裕民國泰57購01,TW,0.0,14.0,0.0,0.0,0,0.0,0.0
049080,大立光國泰57購01,TW,0.0,790.0,0.0,0.0,0,0.0,0.0
049090,事欣科元富56購03,TW,0.0,420.0,0.0,0.0,0,0.0,0.0
049091,亞翔元富56購03,TW,0.0,-10.0,0.0,0.0,0,0.0,0.0
049093,中502X國票57購02,TW,0.0,-13.0,0.0,0.0,0,0.0,0.0
049099,南亞元大59購07,TW,0.0,498.0,0.0,0.0,0,0.0,0.0
049101,東元元大56購01,TW,0.0,-297.0,0.0,0.0,0,0.0,0.0
049102,台玻元大59購01,TW,0.0,13.0,0.0,0.0,0,0.0,0.0
049103,川湖元大56購10,TW,0.0,20.0,0.0,0.0,0,0.0,0.0
049106,鴻海元大59購03,TW,0.0,-20.0,0.0,0.0,0,0.0,0.0
049108,台積電元大59購03,TW,0.0,1374.0,0.0,0.0,0,0.0,0.0
049112,智邦元大5C購01,TW,0.0,6.0,0.0,0.0,0,0.0,0.0
049114,漢唐元大56購10,TW,0.0,320.0,0.0,0.0,0,0.0,0.0
049115,漢唐元大56購11,TW,0.0,-416.0,0.0,0.0,0,0.0,0.0
049118,聯發科元大59購03,TW,0.0,21.0,0.0,0.0,0,0.0,0.0
049122,華航元大56購03,TW,0.0,625.0,0.0,0.0,0,0.0,0.0
049129,日電貿元大5C購01,TW,0.0,36.0,0.0,0.0,0,0.0,0.0
049130,緯創元大56購07,TW,0.0,-607.0,0.0,0.0,0,0.0,0.0
049131,玉晶光元大56購05,TW,0.0,-20.0,0.0,0.0,0,0.0,0.0
049133,世芯元大5C購03,TW,0.0,11.0,0.0,0.0,0,0.0,0.0
049134,貿聯元大56購09,TW,0.0,-380.0,0.0,0.0,0,0.0,0.0
049135,定穎控元大56購04,TW,0.0,0.0,0.0,0.0,0,0.0,0.0
049136,正文元大56購01,TW,0.0,36.0,0.0,0.0,0,0.0,0.0
049137,事欣科元大56購03,TW,0.0,146.0,0.0,0.0,0,0.0,0.0
049139,瀚宇博元大56購04,TW,0.0,-2.0,0.0,0.0,0,0.0,0.0
049140,亞翔元大56購07,TW,0.0,194.0,0.0,0.0,0,0.0,0.0
049141,帆宣元大56購04,TW,0.0,-12.0,0.0,0.0,0,0.0,0.0
049142,帆宣元大56購05,TW,0.0,130.0,0.0,0.0,0,0.0,0.0
049145,緯穎元大56購10,TW,0.0,-50.0,0.0,0.0,0,0.0,0.0
049146,洋基元大56購02,TW,0.0,5.0,0.0,0.0,0,0.0,0.0
049147,AES元大57購04,TW,0.0,-55.0,0.0,0.0,0,0.0,0.0
049148,富世達元大56購20,TW,0.0,1022.0,0.0,0.0,0,0.0,0.0
049149,兆聯元大5B購02,TW,0.0,-506.0,0.0,0.0,0,0.0,0.0
049151,臺股指元大5A購08,TW,0.0,6.0,0.0,0.0,0,0.0,0.0
049153,滬深2X群益58購02,TW,0.0,-40.0,0.0,0.0,0,0.0,0.0
049155,華新群益58購02,TW,0.0,-13.0,0.0,0.0,0,0.0,0.0
049162,台積電群益58購08,TW,0.0,93.0,0.0,0.0,0,0.0,0.0
049165,漢唐群益57購03,TW,0.0,253.0,0.0,0.0,0,0.0,0.0
049167,緯創群益56購05,TW,0.0,140.0,0.0,0.0,0,0.0,0.0
049169,世芯群益56購19,TW,0.0,12.0,0.0,0.0,0,0.0,0.0
049170,啟碁群益56購01,TW,0.0,10.0,0.0,0.0,0,0.0,0.0
049173,辛耘元富59購01,TW,0.0,32.0,0.0,0.0,0,0.0,0.0
049178,S&P正2凱基57購01,TW,0.0,-5.0,0.0,0.0,0,0.0,0.0
049180,台塑凱基57購02,TW,0.0,-10.0,0.0,0.0,0,0.0,0.0
049183,台積電凱基57購09,TW,0.0,35.0,0.0,0.0,0,0.0,0.0
049184,台積電凱基6C購02,TW,0.0,4.0,0.0,0.0,0,0.0,0.0
049189,裕民凱基58購01,TW,0.0,185.0,0.0,0.0,0,0.0,0.0
049190,華航凱基56購03,TW,0.0,37.0,0.0,0.0,0,0.0,0.0
049192,中信金凱基56購01,TW,0.0,-25.0,0.0,0.0,0,0.0,0.0
049199,崇越凱基56購01,TW,0.0,-1.0,0.0,0.0,0,0.0,0.0
049201,啟碁凱基56購02,TW,0.0,1.0,0.0,0.0,0,0.0,0.0
049204,洋基凱基59購01,TW,0.0,0.0,0.0,0.0,0,0.0,0.0
049210,臺股指凱基56購27,TW,0.0,-4.0,0.0,0.0,0,0.0,0.0
049213,臺股指凱基5A購12,TW,0.0,-1.0,0.0,0.0,0,0.0,0.0
049215,T50正2中信59購02,TW,0.0,-104.0,0.0,0.0,0,0.0,0.0
049216,SGBR2X中信5C購01,TW,0.0,2.0,0.0,0.0,0,0.0,0.0
049218,鴻海中信5A購05,TW,0.0,113.0,0.0,0.0,0,0.0,0.0
049219,台積電中信5C購04,TW,0.0,1.0,0.0,0.0,0,0.0,0.0
049220,漢唐中信56購03,TW,0.0,2.0,0.0,0.0,0,0.0,0.0
049221,國泰金中信56購02,TW,0.0,92.0,0.0,0.0,0,0.0,0.0
049223,台新金中信56購03,TW,0.0,435.0,0.0,0.0,0,0.0,0.0
049225,亞翔中信5C購06,TW,0.0,85.0,0.0,0.0,0,0.0,0.0
049227,兆聯中信59購01,TW,0.0,-22.0,0.0,0.0,0,0.0,0.0
049228,至上中信5A購02,TW,0.0,-1.0,0.0,0.0,0,0.0,0.0
049230,上証2X永豐5C購01,TW,0.0,-6.0,0.0,0.0,0,0.0,0.0
049231,東陽永豐57購01,TW,0.0,196.0,0.0,0.0,0,0.0,0.0
049235,台積電永豐6C購02,TW,0.0,13.0,0.0,0.0,0,0.0,0.0
049237,裕民永豐58購01,TW,0.0,0.0,0.0,0.0,0,0.0,0.0
049238,晶豪科永豐5C購01,TW,0.0,-10.0,0.0,0.0,0,0.0,0.0
049240,材料永豐57購01,TW,0.0,-11.0,0.0,0.0,0,0.0,0.0
049242,至上永豐57購01,TW,0.0,-61.0,0.0,0.0,0,0.0,0.0
049243,至上永豐58購01,TW,0.0,-5.0,0.0,0.0,0,0.0,0.0
049250,鴻海凱基58購05,TW,0.0,1.0,0.0,0.0,0,0.0,0.0
049251,鴻海凱基5C購04,TW,0.0,-7.0,0.0,0.0,0,0.0,0.0
049256,漢唐凱基5C購01,TW,0.0,-93.0,0.0,0.0,0,0.0,0.0
049264,緯創凱基5A購02,TW,0.0,-10.0,0.0,0.0,0,0.0,0.0
049265,昇貿凱基58購01,TW,0.0,72.0,0.0,0.0,0,0.0,0.0
049269,世芯凱基56購11,TW,0.0,6.0,0.0,0.0,0,0.0,0.0
049270,貿聯凱基5A購02,TW,0.0,-733.0,0.0,0.0,0,0.0,0.0
049271,亞翔凱基56購07,TW,0.0,-25.0,0.0,0.0,0,0.0,0.0
049272,帆宣凱基56購05,TW,0.0,-18.0,0.0,0.0,0,0.0,0.0
049273,緯穎凱基56購12,TW,0.0,-10.0,0.0,0.0,0,0.0,0.0
049274,緯穎凱基57購03,TW,0.0,26.0,0.0,0.0,0,0.0,0.0
049280,亞力富邦58購02,TW,0.0,-35.0,0.0,0.0,0,0.0,0.0
049282,華新富邦56購01,TW,0.0,505.0,0.0,0.0,0,0.0,0.0
049284,智邦富邦58購03,TW,0.0,1.0,0.0,0.0,0,0.0,0.0
049285,漢唐富邦58購03,TW,0.0,36.0,0.0,0.0,0,0.0,0.0
049286,漢唐富邦59購01,TW,0.0,857.0,0.0,0.0,0,0.0,0.0
049287,裕民富邦58購02,TW,0.0,464.0,0.0,0.0,0,0.0,0.0
049288,裕民富邦59購01,TW,0.0,77.0,0.0,0.0,0,0.0,0.0
049289,台新金富邦56購02,TW,0.0,-40.0,0.0,0.0,0,0.0,0.0
049290,大立光富邦58購01,TW,0.0,3.0,0.0,0.0,0,0.0,0.0
049295,新日興富邦58購01,TW,0.0,60.0,0.0,0.0,0,0.0,0.0
049301,精成科富邦59購01,TW,0.0,-360.0,0.0,0.0,0,0.0,0.0
049302,AES富邦59購02,TW,0.0,1229.0,0.0,0.0,0,0.0,0.0
049305,道瓊銀元富5C購02,TW,0.0,35.0,0.0,0.0,0,0.0,0.0
049306,楠梓電元富56購05,TW,0.0,-2.0,0.0,0.0,0,0.0,0.0
049309,華碩元富5C購01,TW,0.0,35.0,0.0,0.0,0,0.0,0.0
049310,大同元富56購01,TW,0.0,334.0,0.0,0.0,0,0.0,0.0
049311,凱美元富56購01,TW,0.0,35.0,0.0,0.0,0,0.0,0.0
049312,富邦金元富56購01,TW,0.0,50.0,0.0,0.0,0,0.0,0.0
049313,凱基金元富56購01,TW,0.0,-50.0,0.0,0.0,0,0.0,0.0
049315,中信金元富56購01,TW,0.0,17.0,0.0,0.0,0,0.0,0.0
049316,亞翔元富56購05,TW,0.0,-456.0,0.0,0.0,0,0.0,0.0
049319,亞翔元富56購06,TW,0.0,-31.0,0.0,0.0,0,0.0,0.0
04931U,健策群益56售01,TW,0.0,430.0,0.0,0.0,0,0.0,0.0
049322,康舒元富56購03,TW,0.0,260.0,0.0,0.0,0,0.0,0.0
049323,汎銓元富59購01,TW,0.0,56.0,0.0,0.0,0,0.0,0.0
049326,統一國票56購02,TW,0.0,-4.0,0.0,0.0,0,0.0,0.0
049327,中鋼國票57購01,TW,0.0,-535.0,0.0,0.0,0,0.0,0.0
049329,大同國票56購04,TW,0.0,228.0,0.0,0.0,0,0.0,0.0
049330,漢唐國票57購04,TW,0.0,-190.0,0.0,0.0,0,0.0,0.0
049332,台新金國票56購01,TW,0.0,-2.0,0.0,0.0,0,0.0,0.0
049333,台新金國票57購01,TW,0.0,0.0,0.0,0.0,0,0.0,0.0
049334,永豐金國票57購01,TW,0.0,-998.0,0.0,0.0,0,0.0,0.0
049335,聯鈞國票58購01,TW,0.0,7.0,0.0,0.0,0,0.0,0.0
049338,兆聯國票57購02,TW,0.0,-17.0,0.0,0.0,0,0.0,0.0
049345,同欣電國泰57購01,TW,0.0,0.0,0.0,0.0,0,0.0,0.0
049346,台玻群益56購06,TW,0.0,1.0,0.0,0.0,0,0.0,0.0
049347,華通群益58購04,TW,0.0,4.0,0.0,0.0,0,0.0,0.0
049351,華碩群益58購01,TW,0.0,4.0,0.0,0.0,0,0.0,0.0
049354,中信金群益5A購01,TW,0.0,19.0,0.0,0.0,0,0.0,0.0
049355,亞光群益56購02,TW,0.0,1.0,0.0,0.0,0,0.0,0.0
049356,聯鈞群益56購02,TW,0.0,18.0,0.0,0.0,0,0.0,0.0
049358,神達群益56購03,TW,0.0,-24.0,0.0,0.0,0,0.0,0.0
049360,天鈺群益56購01,TW,0.0,100.0,0.0,0.0,0,0.0,0.0
049361,崇越群益56購02,TW,0.0,1.0,0.0,0.0,0,0.0,0.0
049364,昇陽半群益56購03,TW,0.0,8.0,0.0,0.0,0,0.0,0.0
049365,潤泰新群益5A購01,TW,0.0,-24.0,0.0,0.0,0,0.0,0.0
049366,臺股指群益64購02,TW,0.0,3.0,0.0,0.0,0,0.0,0.0
049368,道瓊銀元大57購02,TW,0.0,10.0,0.0,0.0,0,0.0,0.0
049370,台塑元大56購02,TW,0.0,63.0,0.0,0.0,0,0.0,0.0
049379,鴻海元大59購04,TW,0.0,23.0,0.0,0.0,0,0.0,0.0
049380,台積電元大56購37,TW,0.0,-23.0,0.0,0.0,0,0.0,0.0
049381,台積電元大59購04,TW,0.0,122.0,0.0,0.0,0,0.0,0.0
049383,漢唐元大56購12,TW,0.0,97.0,0.0,0.0,0,0.0,0.0
049384,漢唐元大56購13,TW,0.0,369.0,0.0,0.0,0,0.0,0.0
049390,富邦金元大56購01,TW,0.0,152.0,0.0,0.0,0,0.0,0.0
049394,中信金元大56購01,TW,0.0,-20.0,0.0,0.0,0,0.0,0.0
049398,聯詠元大56購02,TW,0.0,1203.0,0.0,0.0,0,0.0,0.0
049400,日電貿元大5C購02,TW,0.0,414.0,0.0,0.0,0,0.0,0.0
049401,昇貿元大58購01,TW,0.0,812.0,40.0,0.0,0,0.0,0.0
049402,昇貿元大59購03,TW,0.0,-717.0,0.0,0.0,0,0.0,0.0
049404,聯鈞元大56購05,TW,0.0,11.0,0.0,0.0,0,0.0,0.0
049406,定穎控元大56購05,TW,0.0,-209.0,0.0,0.0,0,0.0,0.0
049407,材料元大56購03,TW,0.0,-48.0,0.0,0.0,0,0.0,0.0
049408,亞翔元大56購08,TW,0.0,-536.0,0.0,0.0,0,0.0,0.0
049411,緯穎元大56購11,TW,0.0,242.0,0.0,0.0,0,0.0,0.0
049413,兆聯元大56購01,TW,0.0,-1442.0,0.0,0.0,0,0.0,0.0
049414,兆聯元大5B購03,TW,0.0,-158.0,0.0,0.0,0,0.0,0.0
049415,勤誠元大56購11,TW,0.0,-40.0,0.0,0.0,0,0.0,0.0
049417,漢唐台新56購02,TW,0.0,-315.0,0.0,0.0,0,0.0,0.0
049425,華碩中信57購01,TW,0.0,60.0,0.0,0.0,0,0.0,0.0
049429,陽明元富59購02,TW,0.0,-123.0,0.0,0.0,0,0.0,0.0
049431,漢唐中信58購01,TW,0.0,70.0,0.0,0.0,0,0.0,0.0
049432,漢唐中信5A購01,TW,0.0,-132.0,0.0,0.0,0,0.0,0.0
049433,長榮中信57購01,TW,0.0,64.0,0.0,0.0,0,0.0,0.0
049434,台新金中信56購05,TW,0.0,-77.0,0.0,0.0,0,0.0,0.0
049436,緯穎中信57購02,TW,0.0,5.0,0.0,0.0,0,0.0,0.0
049437,南電中信57購02,TW,0.0,-5.0,0.0,0.0,0,0.0,0.0
049439,大成鋼永豐57購02,TW,0.0,19.0,0.0,0.0,0,0.0,0.0
049444,鴻準永豐57購02,TW,0.0,-124.0,0.0,0.0,0,0.0,0.0
049445,友達永豐57購01,TW,0.0,4.0,0.0,0.0,0,0.0,0.0
049448,冠德永豐58購01,TW,0.0,3.0,0.0,0.0,0,0.0,0.0
049449,晟銘電永豐58購01,TW,0.0,-17.0,0.0,0.0,0,0.0,0.0
049450,聯鈞永豐57購01,TW,0.0,1.0,0.0,0.0,0,0.0,0.0
049454,亞翔永豐58購02,TW,0.0,2.0,0.0,0.0,0,0.0,0.0
049455,瑞儀永豐57購01,TW,0.0,-277.0,0.0,0.0,0,0.0,0.0
049456,佳必琪永豐58購01,TW,0.0,14.0,0.0,0.0,0,0.0,0.0
049457,同欣電永豐57購01,TW,0.0,4.0,0.0,0.0,0,0.0,0.0
049459,力積電永豐5C購02,TW,0.0,7.0,0.0,0.0,0,0.0,0.0
049460,富世達永豐59購01,TW,0.0,0.0,0.0,0.0,0,0.0,0.0
049461,至上永豐56購02,TW,0.0,1008.0,0.0,0.0,0,0.0,0.0
049464,裕民兆豐5C購01,TW,0.0,324.0,0.0,0.0,0,0.0,0.0
049466,光寶科富邦5C購01,TW,0.0,20.0,0.0,0.0,0,0.0,0.0
049469,中信金富邦57購02,TW,0.0,-213.0,0.0,0.0,0,0.0,0.0
049470,亞翔富邦56購02,TW,0.0,20.0,0.0,0.0,0,0.0,0.0
049474,深中小凱基56購01,TW,0.0,131.0,0.0,0.0,0,0.0,0.0
049475,香港2X凱基57購02,TW,0.0,-26.0,0.0,0.0,0,0.0,0.0
049477,高息30凱基5C購01,TW,0.0,-20.0,0.0,0.0,0,0.0,0.0
049478,群高息凱基5C購01,TW,0.0,-5.0,0.0,0.0,0,0.0,0.0
049481,川湖凱基56購10,TW,0.0,-5.0,0.0,0.0,0,0.0,0.0
049483,鴻海凱基57購09,TW,0.0,-318.0,0.0,0.0,0,0.0,0.0
049484,國巨凱基5C購02,TW,0.0,99.0,0.0,0.0,0,0.0,0.0
049488,漢唐凱基57購04,TW,0.0,38.0,0.0,0.0,0,0.0,0.0
049495,華南金凱基56購01,TW,0.0,-5.0,0.0,0.0,0,0.0,0.0
049496,富邦金凱基56購01,TW,0.0,-67.0,0.0,0.0,0,0.0,0.0
049500,亞光凱基59購03,TW,0.0,-289.0,0.0,0.0,0,0.0,0.0
049502,聯詠凱基56購03,TW,0.0,-8.0,0.0,0.0,0,0.0,0.0
049504,日電貿凱基5C購01,TW,0.0,290.0,0.0,0.0,0,0.0,0.0
049505,聯鈞凱基58購03,TW,0.0,10.0,0.0,0.0,0,0.0,0.0
049507,神達凱基5A購01,TW,0.0,147.0,0.0,0.0,0,0.0,0.0
049509,天鈺凱基56購01,TW,0.0,-4.0,0.0,0.0,0,0.0,0.0
049510,崇越凱基56購02,TW,0.0,14.0,0.0,0.0,0,0.0,0.0
049518,楠梓電元富56購06,TW,0.0,8.0,0.0,0.0,0,0.0,0.0
049521,陽明元富56購02,TW,0.0,-12.0,0.0,0.0,0,0.0,0.0
049522,同欣電元富56購01,TW,0.0,83.0,0.0,0.0,0,0.0,0.0
049525,長華元富5C購01,TW,0.0,32.0,0.0,0.0,0,0.0,0.0
049533,國泰金國票57購02,TW,0.0,-135.0,0.0,0.0,0,0.0,0.0
049534,凱基金國票57購01,TW,0.0,-40.0,0.0,0.0,0,0.0,0.0
049536,天鈺國票56購01,TW,0.0,125.0,0.0,0.0,0,0.0,0.0
049537,AES國票58購01,TW,0.0,-74.0,0.0,0.0,0,0.0,0.0
049538,泓德國票56購01,TW,0.0,1109.0,0.0,0.0,0,0.0,0.0
049539,東元國泰57購01,TW,0.0,-100.0,0.0,0.0,0,0.0,0.0
049541,聯電國泰59購01,TW,0.0,0.0,0.0,0.0,0,0.0,0.0
049543,志聖國泰57購01,TW,0.0,2.0,0.0,0.0,0,0.0,0.0
049544,台表科國泰57購01,TW,0.0,10.0,0.0,0.0,0,0.0,0.0
049545,鈺邦國泰57購01,TW,0.0,735.0,0.0,0.0,0,0.0,0.0
049549,鴻海群益57購08,TW,0.0,-4.0,0.0,0.0,0,0.0,0.0
049552,台積電群益56購16,TW,0.0,1.0,0.0,0.0,0,0.0,0.0
049554,聯發科群益5A購01,TW,0.0,5.0,0.0,0.0,0,0.0,0.0
049568,統一元大56購01,TW,0.0,-6.0,0.0,0.0,0,0.0,0.0
049569,中砂元大59購04,TW,0.0,0.0,0.0,0.0,0,0.0,0.0
049577,鴻海元大56購31,TW,0.0,22.0,0.0,0.0,0,0.0,0.0
049578,鴻海元大56購32,TW,0.0,50.0,0.0,0.0,0,0.0,0.0
049580,台積電元大59購05,TW,0.0,6.0,0.0,0.0,0,0.0,0.0
049584,萬海元富59購01,TW,0.0,287.0,0.0,0.0,0,0.0,0.0
049588,漢唐元大56購14,TW,0.0,315.0,0.0,0.0,0,0.0,0.0
049589,漢唐元大56購15,TW,0.0,11.0,0.0,0.0,0,0.0,0.0
049595,宏達電元大5C購01,TW,0.0,-120.0,0.0,0.0,0,0.0,0.0
049596,國泰金元大56購02,TW,0.0,-7.0,0.0,0.0,0,0.0,0.0
049597,台新金元大56購01,TW,0.0,-225.0,0.0,0.0,0,0.0,0.0
049602,日電貿元大58購01,TW,0.0,340.0,0.0,0.0,0,0.0,0.0
049604,聯鈞元大56購06,TW,0.0,9.0,0.0,0.0,0,0.0,0.0
049607,嘉澤元大56購03,TW,0.0,6.0,0.0,0.0,0,0.0,0.0
049610,世芯元大56購36,TW,0.0,96.0,0.0,0.0,0,0.0,0.0
049611,世芯元大59購04,TW,0.0,21.0,0.0,0.0,0,0.0,0.0
049613,定穎控元大59購01,TW,0.0,-143.0,0.0,0.0,0,0.0,0.0
049614,事欣科元大56購04,TW,0.0,88.0,0.0,0.0,0,0.0,0.0
049615,亞翔元大56購09,TW,0.0,-8.0,0.0,0.0,0,0.0,0.0
049618,力積電元大56購22,TW,0.0,-2.0,0.0,0.0,0,0.0,0.0
049619,兆聯元大56購02,TW,0.0,-147.0,0.0,0.0,0,0.0,0.0
049621,川湖中信5A購01,TW,0.0,13.0,0.0,0.0,0,0.0,0.0
049623,鴻海中信5C購04,TW,0.0,-27.0,0.0,0.0,0,0.0,0.0
049625,宏達電中信56購01,TW,0.0,281.0,0.0,0.0,0,0.0,0.0
049626,國泰金中信56購04,TW,0.0,-340.0,0.0,0.0,0,0.0,0.0
049627,欣興中信5B購02,TW,0.0,12.0,0.0,0.0,0,0.0,0.0
049629,材料中信5C購01,TW,0.0,-281.0,0.0,0.0,0,0.0,0.0
049631,力積電中信56購07,TW,0.0,-14.0,0.0,0.0,0,0.0,0.0
049634,統一永豐57購01,TW,0.0,-9.0,0.0,0.0,0,0.0,0.0
049635,南亞永豐58購02,TW,0.0,10.0,0.0,0.0,0,0.0,0.0
049636,鴻海永豐64購01,TW,0.0,-10.0,0.0,0.0,0,0.0,0.0
049639,國巨永豐56購05,TW,0.0,2.0,0.0,0.0,0,0.0,0.0
049644,建準永豐57購01,TW,0.0,-14.0,0.0,0.0,0,0.0,0.0
049645,京元電永豐57購02,TW,0.0,-4.0,0.0,0.0,0,0.0,0.0
049646,華固永豐56購01,TW,0.0,-43.0,0.0,0.0,0,0.0,0.0
049647,長榮永豐57購02,TW,0.0,-389.0,0.0,0.0,0,0.0,0.0
049648,萬海永豐57購01,TW,0.0,902.0,0.0,0.0,0,0.0,0.0
049649,長榮太永豐5C購01,TW,0.0,-38.0,0.0,0.0,0,0.0,0.0
049650,晟銘電永豐5C購01,TW,0.0,-53.0,0.0,0.0,0,0.0,0.0
049652,世芯永豐64購01,TW,0.0,-2.0,0.0,0.0,0,0.0,0.0
049653,神達永豐59購02,TW,0.0,-104.0,0.0,0.0,0,0.0,0.0
049655,樺漢永豐57購01,TW,0.0,19.0,0.0,0.0,0,0.0,0.0
049656,富世達永豐58購01,TW,0.0,-26.0,0.0,0.0,0,0.0,0.0
049657,昇陽半永豐56購02,TW,0.0,15.0,0.0,0.0,0,0.0,0.0
049658,中鋼台新58購01,TW,0.0,152.0,0.0,0.0,0,0.0,0.0
049668,康舒富邦56購02,TW,0.0,0.0,0.0,0.0,0,0.0,0.0
049669,兆聯富邦57購01,TW,0.0,5.0,0.0,0.0,0,0.0,0.0
049671,高股息凱基56購01,TW,0.0,23.0,0.0,0.0,0,0.0,0.0
049673,南亞凱基5C購02,TW,0.0,-30.0,0.0,0.0,0,0.0,0.0
049676,光寶科凱基5A購01,TW,0.0,3.0,0.0,0.0,0,0.0,0.0
049679,鴻海凱基56購12,TW,0.0,-22.0,0.0,0.0,0,0.0,0.0
049680,鴻海凱基57購10,TW,0.0,12.0,0.0,0.0,0,0.0,0.0
049683,智邦凱基5C購01,TW,0.0,1.0,0.0,0.0,0,0.0,0.0
049684,華碩凱基56購03,TW,0.0,50.0,0.0,0.0,0,0.0,0.0
049685,威盛凱基56購02,TW,0.0,7.0,0.0,0.0,0,0.0,0.0
049686,毅嘉凱基56購02,TW,0.0,-1.0,0.0,0.0,0,0.0,0.0
049687,聯發科凱基59購05,TW,0.0,2.0,0.0,0.0,0,0.0,0.0
049688,長榮太凱基58購01,TW,0.0,-4.0,0.0,0.0,0,0.0,0.0
049691,奇鋐凱基56購18,TW,0.0,-30.0,0.0,0.0,0,0.0,0.0
049693,緯創凱基61購01,TW,0.0,15.0,0.0,0.0,0,0.0,0.0
049696,達興凱基56購02,TW,0.0,-11.0,0.0,0.0,0,0.0,0.0
049697,亞翔凱基56購08,TW,0.0,1.0,0.0,0.0,0,0.0,0.0
049700,緯穎凱基57購04,TW,0.0,-12.0,0.0,0.0,0,0.0,0.0
049702,泓德凱基56購01,TW,0.0,-4.0,0.0,0.0,0,0.0,0.0
049703,意騰凱基56購01,TW,0.0,10.0,0.0,0.0,0,0.0,0.0
049704,勤誠凱基56購06,TW,0.0,-10.0,0.0,0.0,0,0.0,0.0
049706,南亞元大56購18,TW,0.0,86.0,0.0,0.0,0,0.0,0.0
049707,南亞元大56購19,TW,0.0,-67.0,0.0,0.0,0,0.0,0.0
049713,台玻元大5C購02,TW,0.0,14.0,0.0,0.0,0,0.0,0.0
049714,川湖元大56購12,TW,0.0,20.0,0.0,0.0,0,0.0,0.0
049715,聯電元大5B購01,TW,0.0,1.0,0.0,0.0,0,0.0,0.0
049719,鴻海元大56購34,TW,0.0,4.0,0.0,0.0,0,0.0,0.0
049720,鴻海元大56購35,TW,0.0,26.0,0.0,0.0,0,0.0,0.0
049725,金像電元大56購18,TW,0.0,15.0,0.0,0.0,0,0.0,0.0
049727,威盛元大56購01,TW,0.0,12.0,0.0,0.0,0,0.0,0.0
049729,漢唐元大56購16,TW,0.0,100.0,0.0,0.0,0,0.0,0.0
049730,漢唐元大56購17,TW,0.0,100.0,0.0,0.0,0,0.0,0.0
049731,漢唐元大56購18,TW,0.0,-1020.0,0.0,0.0,0,0.0,0.0
049736,長榮太元大56購03,TW,0.0,-496.0,0.0,0.0,0,0.0,0.0
049737,台新金元大56購02,TW,0.0,-50.0,0.0,0.0,0,0.0,0.0
049738,奇鋐元大56購16,TW,0.0,-20.0,0.0,0.0,0,0.0,0.0
049742,日電貿元大58購02,TW,0.0,263.0,0.0,0.0,0,0.0,0.0
049743,緯創元大56購09,TW,0.0,-6.0,0.0,0.0,0,0.0,0.0
049744,緯創元大56購10,TW,0.0,25.0,0.0,0.0,0,0.0,0.0
049746,事欣科元大56購05,TW,0.0,38.0,0.0,0.0,0,0.0,0.0
049747,瀚宇博元大5C購02,TW,0.0,-174.0,0.0,0.0,0,0.0,0.0
049748,亞翔元大56購10,TW,0.0,690.0,0.0,0.0,0,0.0,0.0
049749,亞翔元大56購11,TW,0.0,486.0,0.0,0.0,0,0.0,0.0
049752,緯穎元大56購12,TW,0.0,-138.0,0.0,0.0,0,0.0,0.0
049753,緯穎元大56購13,TW,0.0,40.0,0.0,0.0,0,0.0,0.0
049754,力積電元大56購23,TW,0.0,-100.0,0.0,0.0,0,0.0,0.0
049755,富世達元大56購21,TW,0.0,-404.0,0.0,0.0,0,0.0,0.0
049756,富世達元大56購22,TW,0.0,-958.0,0.0,0.0,0,0.0,0.0
049759,兆聯元大59購01,TW,0.0,-287.0,0.0,0.0,0,0.0,0.0
049766,川湖群益5B購01,TW,0.0,-10.0,0.0,0.0,0,0.0,0.0
049770,華固群益57購01,TW,0.0,0.0,0.0,0.0,0,0.0,0.0
049772,長榮太群益57購02,TW,0.0,45.0,0.0,0.0,0,0.0,0.0
049777,達興群益56購02,TW,0.0,20.0,0.0,0.0,0,0.0,0.0
049778,瀚宇博群益57購01,TW,0.0,-400.0,0.0,0.0,0,0.0,0.0
049784,勤誠群益57購03,TW,0.0,189.0,0.0,0.0,0,0.0,0.0
049787,鴻海元富5C購02,TW,0.0,-33.0,0.0,0.0,0,0.0,0.0
049788,國巨元富56購06,TW,0.0,61.0,0.0,0.0,0,0.0,0.0
049798,華固國票59購01,TW,0.0,-16.0,0.0,0.0,0,0.0,0.0
049800,台新金國票58購01,TW,0.0,-139.0,0.0,0.0,0,0.0,0.0
049801,中信金國票57購02,TW,0.0,923.0,4.0,0.0,0,0.0,0.0
049802,大立光國票57購02,TW,0.0,0.0,0.0,0.0,0,0.0,0.0
049803,威強電國票56購01,TW,0.0,10.0,0.0,0.0,0,0.0,0.0
049805,牧德國票57購01,TW,0.0,197.0,0.0,0.0,0,0.0,0.0
049806,彩晶國票56購01,TW,0.0,170.0,0.0,0.0,0,0.0,0.0
049808,緯穎國票58購02,TW,0.0,-5.0,0.0,0.0,0,0.0,0.0
049809,復盛國票56購01,TW,0.0,-2.0,0.0,0.0,0,0.0,0.0
049812,東陽國泰57購01,TW,0.0,4.0,0.0,0.0,0,0.0,0.0
049813,華碩國泰57購01,TW,0.0,8.0,0.0,0.0,0,0.0,0.0
049818,華固國泰57購01,TW,0.0,-10.0,0.0,0.0,0,0.0,0.0
049821,瀚宇博國泰57購02,TW,0.0,-1.0,0.0,0.0,0,0.0,0.0
049823,洋基兆豐58購01,TW,0.0,-128.0,0.0,0.0,0,0.0,0.0
049827,萬海富邦56購01,TW,0.0,-1275.0,0.0,0.0,0,0.0,0.0
049830,力積電富邦5C購01,TW,0.0,660.0,0.0,0.0,0,0.0,0.0
049831,台虹富邦59購01,TW,0.0,-31.0,0.0,0.0,0,0.0,0.0
049832,T50正2中信66購02,TW,0.0,2.0,0.0,0.0,0,0.0,0.0
049834,道瓊銀中信66購01,TW,0.0,54.0,0.0,0.0,0,0.0,0.0
049835,台達電中信5C購08,TW,0.0,10.0,0.0,0.0,0,0.0,0.0
049842,慧洋中信5C購01,TW,0.0,-45.0,0.0,0.0,0,0.0,0.0
049845,緯穎中信56購02,TW,0.0,-111.0,0.0,0.0,0,0.0,0.0
049846,力積電中信56購08,TW,0.0,737.0,0.0,0.0,0,0.0,0.0
049847,力積電中信59購02,TW,0.0,271.0,0.0,0.0,0,0.0,0.0
049850,台虹中信5C購01,TW,0.0,192.0,0.0,0.0,0,0.0,0.0
049851,東元永豐5C購01,TW,0.0,19.0,0.0,0.0,0,0.0,0.0
049853,上銀永豐58購01,TW,0.0,3.0,0.0,0.0,0,0.0,0.0
049859,仁寶永豐58購01,TW,0.0,24.0,0.0,0.0,0,0.0,0.0
049862,長榮永豐58購02,TW,0.0,-161.0,0.0,0.0,0,0.0,0.0
049864,中航永豐57購02,TW,0.0,-99.0,0.0,0.0,0,0.0,0.0
049867,大立光永豐56購02,TW,0.0,20.0,0.0,0.0,0,0.0,0.0
049868,大立光永豐57購01,TW,0.0,281.0,0.0,0.0,0,0.0,0.0
049869,晟銘電永豐59購01,TW,0.0,-400.0,0.0,0.0,0,0.0,0.0
049871,京鼎永豐56購02,TW,0.0,-7.0,0.0,0.0,0,0.0,0.0
049874,晟銘電統一59購01,TW,0.0,-409.0,0.0,0.0,0,0.0,0.0
049875,晟銘電統一59購02,TW,0.0,-50.0,0.0,0.0,0,0.0,0.0
049877,晟銘電統一59購04,TW,0.0,126.0,0.0,0.0,0,0.0,0.0
049881,智原統一59購01,TW,0.0,-14.0,0.0,0.0,0,0.0,0.0
049882,亞翔永豐56購05,TW,0.0,-40.0,0.0,0.0,0,0.0,0.0
049883,緯穎永豐57購03,TW,0.0,1.0,0.0,0.0,0,0.0,0.0
049885,力積電永豐57購02,TW,0.0,-267.0,0.0,0.0,0,0.0,0.0
049886,力積電永豐59購01,TW,0.0,-17.0,0.0,0.0,0,0.0,0.0
049889,台虹永豐57購02,TW,0.0,0.0,0.0,0.0,0,0.0,0.0
049890,致新永豐56購01,TW,0.0,232.0,0.0,0.0,0,0.0,0.0
049894,元黃金凱基5C購01,TW,0.0,-60.0,0.0,0.0,0,0.0,0.0
049900,川湖凱基5B購03,TW,0.0,-8.0,0.0,0.0,0,0.0,0.0
049901,台達電凱基57購03,TW,0.0,0.0,0.0,0.0,0,0.0,0.0
049903,鴻海凱基6C購01,TW,0.0,-1.0,0.0,0.0,0,0.0,0.0
049904,金像電凱基5B購01,TW,0.0,7.0,0.0,0.0,0,0.0,0.0
049905,台光電凱基57購06,TW,0.0,-3.0,0.0,0.0,0,0.0,0.0
049906,漢唐凱基58購03,TW,0.0,-257.0,0.0,0.0,0,0.0,0.0
049908,宏達電凱基57購05,TW,0.0,-1178.0,0.0,0.0,0,0.0,0.0
049909,華固凱基59購01,TW,0.0,23.0,0.0,0.0,0,0.0,0.0
049910,萬海凱基5A購01,TW,0.0,-248.0,0.0,0.0,0,0.0,0.0
049911,富邦金凱基59購01,TW,0.0,11.0,0.0,0.0,0,0.0,0.0
049913,第一金凱基56購01,TW,0.0,-20.0,0.0,0.0,0,0.0,0.0
049914,大立光凱基57購01,TW,0.0,20.0,0.0,0.0,0,0.0,0.0
049919,世芯凱基57購07,TW,0.0,-164.0,0.0,0.0,0,0.0,0.0
049921,達興凱基56購03,TW,0.0,31.0,0.0,0.0,0,0.0,0.0
049922,彩晶凱基56購01,TW,0.0,-20.0,0.0,0.0,0,0.0,0.0
049923,帆宣凱基56購06,TW,0.0,7.0,0.0,0.0,0,0.0,0.0
049924,聯茂凱基56購04,TW,0.0,4.0,0.0,0.0,0,0.0,0.0
049929,兆聯凱基5A購02,TW,0.0,-32.0,0.0,0.0,0,0.0,0.0
049930,台虹凱基58購02,TW,0.0,15.0,0.0,0.0,0,0.0,0.0
049936,南亞元大56購21,TW,0.0,66.0,0.0,0.0,0,0.0,0.0
049937,東元元大5C購01,TW,0.0,1003.0,0.0,0.0,0,0.0,0.0
049940,台玻元大5B購02,TW,0.0,-74.0,0.0,0.0,0,0.0,0.0
049941,台玻元大5C購03,TW,0.0,-23.0,0.0,0.0,0,0.0,0.0
049953,台積電元大56購41,TW,0.0,50.0,0.0,0.0,0,0.0,0.0
049957,金像電元大56購21,TW,0.0,1.0,0.0,0.0,0,0.0,0.0
049958,微星元大56購02,TW,0.0,264.0,0.0,0.0,0,0.0,0.0
049959,威盛元大56購02,TW,0.0,5.0,0.0,0.0,0,0.0,0.0
049960,毅嘉元大5C購01,TW,0.0,-696.0,0.0,0.0,0,0.0,0.0
049961,漢唐元大56購19,TW,0.0,-280.0,0.0,0.0,0,0.0,0.0
049962,漢唐元大56購20,TW,0.0,-7.0,0.0,0.0,0,0.0,0.0
049963,漢唐元大56購21,TW,0.0,-437.0,0.0,0.0,0,0.0,0.0
049969,中信金元大56購02,TW,0.0,42.0,0.0,0.0,0,0.0,0.0
049971,亞翔元大56購12,TW,0.0,-389.0,0.0,0.0,0,0.0,0.0
049972,帆宣元大56購10,TW,0.0,-22.0,0.0,0.0,0,0.0,0.0
049973,帆宣元大56購11,TW,0.0,-62.0,0.0,0.0,0,0.0,0.0
049974,帆宣元大58購01,TW,0.0,83.0,0.0,0.0,0,0.0,0.0
049976,緯穎元大56購14,TW,0.0,-20.0,0.0,0.0,0,0.0,0.0
049977,緯穎元大56購15,TW,0.0,1.0,0.0,0.0,0,0.0,0.0
049978,力積電元大5B購03,TW,0.0,132.0,0.0,0.0,0,0.0,0.0
049979,意騰元大56購01,TW,0.0,-8167.0,0.0,0.0,0,0.0,0.0
049982,台虹元大5C購01,TW,0.0,-183.0,0.0,0.0,0,0.0,0.0
049986,鴻海群益57購09,TW,0.0,-1.0,0.0,0.0,0,0.0,0.0
049987,鴻海群益57購10,TW,0.0,30.0,0.0,0.0,0,0.0,0.0
049989,台積電群益56購17,TW,0.0,-22.0,0.0,0.0,0,0.0,0.0
049995,大立光群益57購02,TW,0.0,1.0,0.0,0.0,0,0.0,0.0
049996,大立光群益57購03,TW,0.0,2.0,0.0,0.0,0,0.0,0.0
049998,力成群益58購01,TW,0.0,47.0,0.0,0.0,0,0.0,0.0
049999,同欣電群益57購01,TW,0.0,14.0,0.0,0.0,0,0.0,0.0
050000,力積電群益56購16,TW,0.0,2.0,0.0,0.0,0,0.0,0.0
050002,力積電群益58購02,TW,0.0,-44.0,0.0,0.0,0,0.0,0.0
050004,汎銓群益56購01,TW,0.0,0.0,0.0,0.0,0,0.0,0.0
050006,勤誠群益57購04,TW,0.0,2.0,0.0,0.0,0,0.0,0.0
050007,元金2X元富5C購01,TW,0.0,-117.0,0.0,0.0,0,0.0,0.0
050009,光寶科元富56購04,TW,0.0,15.0,0.0,0.0,0,0.0,0.0
050010,光寶科元富56購05,TW,0.0,-14.0,0.0,0.0,0,0.0,0.0
050012,楠梓電元富57購01,TW,0.0,15.0,0.0,0.0,0,0.0,0.0
050013,鴻海元富56購06,TW,0.0,37.0,0.0,0.0,0,0.0,0.0
050014,國巨元富5C購02,TW,0.0,25.0,0.0,0.0,0,0.0,0.0
050016,台積電元富56購23,TW,0.0,9.0,0.0,0.0,0,0.0,0.0
050017,鴻準元富56購01,TW,0.0,-34.0,0.0,0.0,0,0.0,0.0
050024,奇鋐元富56購03,TW,0.0,18.0,0.0,0.0,0,0.0,0.0
050029,力積電元富56購04,TW,0.0,0.0,0.0,0.0,0,0.0,0.0
050030,台虹元富56購04,TW,0.0,714.0,0.0,0.0,0,0.0,0.0
050034,大同國票57購01,TW,0.0,-400.0,0.0,0.0,0,0.0,0.0
050036,亞光國票56購01,TW,0.0,0.0,0.0,0.0,0,0.0,0.0
050037,亞光國票57購01,TW,0.0,-32.0,0.0,0.0,0,0.0,0.0
050038,日電貿國票56購02,TW,0.0,106.0,0.0,0.0,0,0.0,0.0
050040,神達國票57購01,TW,0.0,-892.0,0.0,0.0,0,0.0,0.0
050041,同欣電國票58購01,TW,0.0,18.0,0.0,0.0,0,0.0,0.0
050042,力積電國票56購07,TW,0.0,-12.0,0.0,0.0,0,0.0,0.0
050043,力積電國票57購02,TW,0.0,-124.0,0.0,0.0,0,0.0,0.0
050044,台虹國票57購06,TW,0.0,-10.0,0.0,0.0,0,0.0,0.0
050046,仁寶國泰57購02,TW,0.0,-100.0,0.0,0.0,0,0.0,0.0
050047,台新金國泰57購01,TW,0.0,-22.0,0.0,0.0,0,0.0,0.0
050051,長興永豐59購01,TW,0.0,10.0,0.0,0.0,0,0.0,0.0
050052,勝一永豐59購01,TW,0.0,25.0,0.0,0.0,0,0.0,0.0
050056,台積電永豐5C購02,TW,0.0,-19.0,0.0,0.0,0,0.0,0.0
050057,華碩永豐57購01,TW,0.0,10.0,0.0,0.0,0,0.0,0.0
050059,全新永豐58購02,TW,0.0,12.0,0.0,0.0,0,0.0,0.0
050060,亞航永豐58購01,TW,0.0,-20.0,0.0,0.0,0,0.0,0.0
050063,貿聯永豐57購01,TW,0.0,-4.0,0.0,0.0,0,0.0,0.0
050064,海華永豐58購01,TW,0.0,-800.0,0.0,0.0,0,0.0,0.0
050065,jpp永豐57購01,TW,0.0,-18.0,0.0,0.0,0,0.0,0.0
050068,帆宣永豐59購01,TW,0.0,-84.0,0.0,0.0,0,0.0,0.0
050072,大量兆豐58購01,TW,0.0,3.0,0.0,0.0,0,0.0,0.0
050073,大量兆豐58購02,TW,0.0,19.0,0.0,0.0,0,0.0,0.0
050074,統一富邦59購01,TW,0.0,104.0,0.0,0.0,0,0.0,0.0
050075,士電富邦56購02,TW,0.0,-129.0,0.0,0.0,0,0.0,0.0
050076,國泰金富邦58購01,TW,0.0,339.0,0.0,0.0,0,0.0,0.0
050077,凱基金富邦58購01,TW,0.0,-1134.0,0.0,0.0,0,0.0,0.0
050080,和碩富邦59購01,TW,0.0,-191.0,0.0,0.0,0,0.0,0.0
050081,中租富邦59購01,TW,0.0,-152.0,0.0,0.0,0,0.0,0.0
050086,華通元富56購05,TW,0.0,1.0,0.0,0.0,0,0.0,0.0
050090,台虹元富56購05,TW,0.0,-41.0,0.0,0.0,0,0.0,0.0
050091,勤誠元富56購02,TW,0.0,40.0,0.0,0.0,0,0.0,0.0
050092,台玻中信5C購01,TW,0.0,176.0,0.0,0.0,0,0.0,0.0
050093,光寶科中信56購01,TW,0.0,20.0,0.0,0.0,0,0.0,0.0
050095,燿華中信5A購01,TW,0.0,4.0,0.0,0.0,0,0.0,0.0
050097,全新中信5C購01,TW,0.0,31.0,0.0,0.0,0,0.0,0.0
050101,同欣電中信59購01,TW,0.0,-185.0,0.0,0.0,0,0.0,0.0
050102,力積電中信57購02,TW,0.0,1.0,0.0,0.0,0,0.0,0.0
050103,力積電中信5A購04,TW,0.0,1430.0,0.0,0.0,0,0.0,0.0
050104,勤誠中信5C購01,TW,0.0,88.0,0.0,0.0,0,0.0,0.0
050110,士電國票56購04,TW,0.0,0.0,0.0,0.0,0,0.0,0.0
050111,長興國票58購01,TW,0.0,3.0,0.0,0.0,0,0.0,0.0
050112,華通國票57購04,TW,0.0,2.0,0.0,0.0,0,0.0,0.0
050114,全新國票57購01,TW,0.0,0.0,0.0,0.0,0,0.0,0.0
050115,豐達科國票56購01,TW,0.0,9.0,0.0,0.0,0,0.0,0.0
050118,海華國票56購01,TW,0.0,-366.0,0.0,0.0,0,0.0,0.0
050119,海華國票57購01,TW,0.0,-44.0,0.0,0.0,0,0.0,0.0
050122,保瑞國票56購02,TW,0.0,80.0,0.0,0.0,0,0.0,0.0
050123,大量統一6C購01,TW,0.0,86.0,0.0,0.0,0,0.0,0.0
050131,大立光國泰57購02,TW,0.0,30.0,0.0,0.0,0,0.0,0.0
050135,緯穎國泰57購08,TW,0.0,-417.0,0.0,0.0,0,0.0,0.0
050139,T50正2元大56購08,TW,0.0,10.0,0.0,0.0,0,0.0,0.0
050144,S&P正2元大56購01,TW,0.0,35.0,0.0,0.0,0,0.0,0.0
050146,台塑元大5A購01,TW,0.0,-2.0,0.0,0.0,0,0.0,0.0
050148,中砂元大59購06,TW,0.0,48.0,0.0,0.0,0,0.0,0.0
050155,台積電元大56購42,TW,0.0,-12.0,0.0,0.0,0,0.0,0.0
050156,台積電元大56購43,TW,0.0,-83.0,0.0,0.0,0,0.0,0.0
050157,台積電元大56購44,TW,0.0,0.0,0.0,0.0,0,0.0,0.0
050158,所羅門元大56購02,TW,0.0,1128.0,0.0,0.0,0,0.0,0.0
050161,毅嘉元大5C購02,TW,0.0,-847.0,0.0,0.0,0,0.0,0.0
050162,漢唐元大56購22,TW,0.0,-112.0,0.0,0.0,0,0.0,0.0
050166,全新元大56購02,TW,0.0,67.0,0.0,0.0,0,0.0,0.0
050167,華固元大56購03,TW,0.0,-118.0,0.0,0.0,0,0.0,0.0
050170,亞光元大5C購01,TW,0.0,60.0,0.0,0.0,0,0.0,0.0
050172,緯創元大56購12,TW,0.0,2.0,0.0,0.0,0,0.0,0.0
050174,事欣科元大56購06,TW,0.0,104.0,0.0,0.0,0,0.0,0.0
050178,帆宣元大56購12,TW,0.0,-275.0,0.0,0.0,0,0.0,0.0
050179,帆宣元大56購13,TW,0.0,1.0,0.0,0.0,0,0.0,0.0
050180,聯茂元大5B購01,TW,0.0,10.0,0.0,0.0,0,0.0,0.0
050183,緯穎元大56購16,TW,0.0,1.0,0.0,0.0,0,0.0,0.0
050184,AES元大56購18,TW,0.0,681.0,0.0,0.0,0,0.0,0.0
050185,富世達元大56購23,TW,0.0,-254.0,0.0,0.0,0,0.0,0.0
050186,汎銓元大56購03,TW,0.0,0.0,0.0,0.0,0,0.0,0.0
050187,台虹元大56購07,TW,0.0,74.0,0.0,0.0,0,0.0,0.0
050190,勤誠元大56購12,TW,0.0,-198.0,0.0,0.0,0,0.0,0.0
050191,勤誠元大5C購01,TW,0.0,78.0,0.0,0.0,0,0.0,0.0
050193,SGBR2X群益5C購01,TW,0.0,2.0,0.0,0.0,0,0.0,0.0
050194,南亞群益56購05,TW,0.0,-50.0,0.0,0.0,0,0.0,0.0
050195,川湖群益5B購02,TW,0.0,-41.0,0.0,0.0,0,0.0,0.0
050198,鴻海群益5C購05,TW,0.0,-51.0,0.0,0.0,0,0.0,0.0
050199,金像電群益57購03,TW,0.0,13.0,0.0,0.0,0,0.0,0.0
050202,漢唐群益57購05,TW,0.0,0.0,0.0,0.0,0,0.0,0.0
050206,富邦金群益5A購02,TW,0.0,142.0,0.0,0.0,0,0.0,0.0
050207,奇鋐群益56購23,TW,0.0,0.0,0.0,0.0,0,0.0,0.0
050209,大量群益56購01,TW,0.0,2.0,0.0,0.0,0,0.0,0.0
050213,龍德船群益58購02,TW,0.0,-157.0,0.0,0.0,0,0.0,0.0
050214,富世達群益59購01,TW,0.0,72.0,0.0,0.0,0,0.0,0.0
050216,日本2X凱基57購01,TW,0.0,-10.0,0.0,0.0,0,0.0,0.0
050218,南亞凱基5B購01,TW,0.0,-10.0,0.0,0.0,0,0.0,0.0
050224,鴻海凱基56購13,TW,0.0,1554.0,0.0,0.0,0,0.0,0.0
050225,鴻海凱基56購14,TW,0.0,-12.0,0.0,0.0,0,0.0,0.0
050226,仁寶凱基56購01,TW,0.0,40.0,0.0,0.0,0,0.0,0.0
050227,國巨凱基58購05,TW,0.0,1.0,0.0,0.0,0,0.0,0.0
050228,台積電凱基58購11,TW,0.0,10.0,0.0,0.0,0,0.0,0.0
050230,大同凱基56購04,TW,0.0,-8.0,0.0,0.0,0,0.0,0.0
050231,微星凱基56購03,TW,0.0,128.0,0.0,0.0,0,0.0,0.0
050233,全新凱基56購03,TW,0.0,20.0,0.0,0.0,0,0.0,0.0
050234,新興凱基56購05,TW,0.0,10.0,0.0,0.0,0,0.0,0.0
050235,奇鋐凱基56購19,TW,0.0,-13.0,0.0,0.0,0,0.0,0.0
050237,大量凱基56購01,TW,0.0,542.0,0.0,0.0,0,0.0,0.0
050239,大量凱基56購03,TW,0.0,1.0,0.0,0.0,0,0.0,0.0
050240,緯創凱基56購11,TW,0.0,40.0,0.0,0.0,0,0.0,0.0
050241,神達凱基58購03,TW,0.0,-8.0,0.0,0.0,0,0.0,0.0
050242,上緯控凱基56購01,TW,0.0,-1.0,0.0,0.0,0,0.0,0.0
050243,中租凱基56購01,TW,0.0,0.0,0.0,0.0,0,0.0,0.0
050244,力成凱基59購01,TW,0.0,192.0,0.0,0.0,0,0.0,0.0
050246,緯穎凱基5C購01,TW,0.0,10.0,0.0,0.0,0,0.0,0.0
050248,勤誠凱基56購07,TW,0.0,-60.0,0.0,0.0,0,0.0,0.0
050249,台積電中信63購01,TW,0.0,19.0,0.0,0.0,0,0.0,0.0
050250,台光電中信56購02,TW,0.0,38.0,0.0,0.0,0,0.0,0.0
050251,晶豪科中信56購02,TW,0.0,72.0,0.0,0.0,0,0.0,0.0
050252,大立光中信59購01,TW,0.0,55.0,0.0,0.0,0,0.0,0.0
050256,道瓊銅永豐59購01,TW,0.0,-8.0,0.0,0.0,0,0.0,0.0
050257,南亞永豐58購03,TW,0.0,-5.0,0.0,0.0,0,0.0,0.0
050258,信錦永豐58購01,TW,0.0,58.0,0.0,0.0,0,0.0,0.0
050259,華新永豐57購02,TW,0.0,-34.0,0.0,0.0,0,0.0,0.0
050260,華新永豐58購01,TW,0.0,-50.0,0.0,0.0,0,0.0,0.0
050262,川湖永豐56購04,TW,0.0,291.0,0.0,0.0,0,0.0,0.0
050263,宇隆永豐56購01,TW,0.0,174.0,0.0,0.0,0,0.0,0.0
050264,台達電永豐59購01,TW,0.0,10.0,0.0,0.0,0,0.0,0.0
050267,義隆永豐56購01,TW,0.0,-231.0,0.0,0.0,0,0.0,0.0
050268,陽明永豐58購01,TW,0.0,-10.0,0.0,0.0,0,0.0,0.0
050269,晶豪科永豐5C購02,TW,0.0,39.0,0.0,0.0,0,0.0,0.0
050272,偉訓永豐58購01,TW,0.0,-84.0,0.0,0.0,0,0.0,0.0
050274,緯創永豐58購02,TW,0.0,12.0,0.0,0.0,0,0.0,0.0
050279,保瑞永豐58購01,TW,0.0,-5.0,0.0,0.0,0,0.0,0.0
050282,至上永豐58購02,TW,0.0,-19.0,0.0,0.0,0,0.0,0.0
050283,潤泰新永豐58購01,TW,0.0,-92.0,0.0,0.0,0,0.0,0.0
050284,毅嘉統一64購01,TW,0.0,-1434.0,0.0,0.0,0,0.0,0.0
050286,道瓊銀元富56購01,TW,0.0,27.0,0.0,0.0,0,0.0,0.0
050289,奇鋐元富56購05,TW,0.0,-2.0,0.0,0.0,0,0.0,0.0
050291,力積電元富56購06,TW,0.0,0.0,0.0,0.0,0,0.0,0.0
050296,仲琦國票57購01,TW,0.0,-200.0,0.0,0.0,0,0.0,0.0
050299,長虹國票57購01,TW,0.0,100.0,0.0,0.0,0,0.0,0.0
050303,全新國泰57購01,TW,0.0,4.0,0.0,0.0,0,0.0,0.0
050307,亞航國泰57購01,TW,0.0,-8.0,0.0,0.0,0,0.0,0.0
050309,雷虎統一59購02,TW,0.0,16.0,0.0,0.0,0,0.0,0.0
050311,大立光國泰57購03,TW,0.0,2.0,0.0,0.0,0,0.0,0.0
050312,龍德船國泰57購02,TW,0.0,68.0,0.0,0.0,0,0.0,0.0
050315,雷虎統一59購03,TW,0.0,-75.0,0.0,0.0,0,0.0,0.0
050318,士電凱基56購01,TW,0.0,-42.0,0.0,0.0,0,0.0,0.0
050320,川湖凱基56購11,TW,0.0,-10.0,0.0,0.0,0,0.0,0.0
050321,鴻海凱基6C購02,TW,0.0,76.0,0.0,0.0,0,0.0,0.0
050324,群光凱基58購01,TW,0.0,12.0,0.0,0.0,0,0.0,0.0
050327,全新凱基56購04,TW,0.0,5.0,0.0,0.0,0,0.0,0.0
050330,長榮太凱基56購04,TW,0.0,-6.0,0.0,0.0,0,0.0,0.0
050331,台新金凱基58購01,TW,0.0,606.0,0.0,0.0,0,0.0,0.0
050333,大立光凱基58購02,TW,0.0,67.0,0.0,0.0,0,0.0,0.0
050338,貿聯凱基57購02,TW,0.0,158.0,0.0,0.0,0,0.0,0.0
050341,亞翔凱基59購02,TW,0.0,-27.0,0.0,0.0,0,0.0,0.0
050344,富世達凱基56購10,TW,0.0,0.0,0.0,0.0,0,0.0,0.0
050349,中鋼富邦59購01,TW,0.0,-75.0,0.0,0.0,0,0.0,0.0
050351,鴻海富邦5C購05,TW,0.0,-10.0,0.0,0.0,0,0.0,0.0
050355,鴻準富邦58購01,TW,0.0,-111.0,0.0,0.0,0,0.0,0.0
050358,瑞昱富邦59購01,TW,0.0,50.0,0.0,0.0,0,0.0,0.0
050359,漢唐富邦58購04,TW,0.0,-289.0,0.0,0.0,0,0.0,0.0
050363,亞航富邦58購01,TW,0.0,-122.0,0.0,0.0,0,0.0,0.0
050364,元大金富邦57購01,TW,0.0,46.0,0.0,0.0,0,0.0,0.0
050365,中信金富邦58購01,TW,0.0,1935.0,0.0,0.0,0,0.0,0.0
050367,緯創富邦5C購02,TW,0.0,155.0,0.0,0.0,0,0.0,0.0
050369,上緯控富邦58購01,TW,0.0,98.0,0.0,0.0,0,0.0,0.0
050373,啟碁富邦58購01,TW,0.0,2.0,0.0,0.0,0,0.0,0.0
050375,保瑞富邦59購01,TW,0.0,62.0,0.0,0.0,0,0.0,0.0
050376,台塑化富邦59購01,TW,0.0,144.0,0.0,0.0,0,0.0,0.0
050377,龍德船富邦56購02,TW,0.0,308.0,0.0,0.0,0,0.0,0.0
050378,富世達富邦58購03,TW,0.0,-44.0,0.0,0.0,0,0.0,0.0
050385,東元群益56購04,TW,0.0,-1.0,0.0,0.0,0,0.0,0.0
050390,台積電群益57購14,TW,0.0,10.0,0.0,0.0,0,0.0,0.0
050395,全新群益56購03,TW,0.0,1.0,0.0,0.0,0,0.0,0.0
050397,奇鋐群益56購24,TW,0.0,30.0,0.0,0.0,0,0.0,0.0
050399,神達群益56購04,TW,0.0,-50.0,0.0,0.0,0,0.0,0.0
050401,瑞儀群益56購01,TW,0.0,5.0,0.0,0.0,0,0.0,0.0
050406,勤誠群益56購05,TW,0.0,0.0,0.0,0.0,0,0.0,0.0
050407,台塑元大5A購02,TW,0.0,-713.0,0.0,0.0,0,0.0,0.0
050410,長興元大56購01,TW,0.0,0.0,0.0,0.0,0,0.0,0.0
050421,台積電元大56購45,TW,0.0,-186.0,0.0,0.0,0,0.0,0.0
050422,台積電元大56購46,TW,0.0,3.0,0.0,0.0,0,0.0,0.0
050423,台積電元大56購47,TW,0.0,8.0,0.0,0.0,0,0.0,0.0
050428,金像電元大56購24,TW,0.0,-66.0,0.0,0.0,0,0.0,0.0
050429,毅嘉元大56購03,TW,0.0,-210.0,0.0,0.0,0,0.0,0.0
050432,漢唐元大56購23,TW,0.0,-16.0,0.0,0.0,0,0.0,0.0
050439,日電貿元大57購01,TW,0.0,224.0,0.0,0.0,0,0.0,0.0
050442,亞翔元大56購15,TW,0.0,324.0,0.0,0.0,0,0.0,0.0
050445,緯穎元大56購17,TW,0.0,80.0,0.0,0.0,0,0.0,0.0
050446,力積電元大56購24,TW,0.0,-110.0,0.0,0.0,0,0.0,0.0
050449,創意台新56購01,TW,0.0,39.0,0.0,0.0,0,0.0,0.0
050451,華新元富56購01,TW,0.0,6.0,0.0,0.0,0,0.0,0.0
050452,華新元富56購02,TW,0.0,-10.0,0.0,0.0,0,0.0,0.0
050454,創意元富56購03,TW,0.0,185.0,0.0,0.0,0,0.0,0.0
050455,創意元富56購04,TW,0.0,1.0,0.0,0.0,0,0.0,0.0
050457,創意元富56購06,TW,0.0,1.0,0.0,0.0,0,0.0,0.0
050458,創意元富56購07,TW,0.0,1.0,0.0,0.0,0,0.0,0.0
050459,創意元富5C購02,TW,0.0,4.0,0.0,0.0,0,0.0,0.0
050464,華新國票58購02,TW,0.0,-61.0,0.0,0.0,0,0.0,0.0
050465,華泰國票57購01,TW,0.0,-20.0,0.0,0.0,0,0.0,0.0
050469,創意國票57購01,TW,0.0,20.0,0.0,0.0,0,0.0,0.0
050470,聯鈞國票57購01,TW,0.0,114.0,0.0,0.0,0,0.0,0.0
050471,矽格國票57購01,TW,0.0,12.0,0.0,0.0,0,0.0,0.0
050472,台郡國票57購02,TW,0.0,-274.0,0.0,0.0,0,0.0,0.0
050474,富世達國票57購04,TW,0.0,-5.0,0.0,0.0,0,0.0,0.0
050475,廣宇國泰57購01,TW,0.0,-115.0,0.0,0.0,0,0.0,0.0
050481,神達國泰57購05,TW,0.0,-40.0,0.0,0.0,0,0.0,0.0
050485,晶豪科統一65購01,TW,0.0,50.0,0.0,0.0,0,0.0,0.0
050491,長榮太中信58購01,TW,0.0,-144.0,0.0,0.0,0,0.0,0.0
050492,晶豪科中信56購03,TW,0.0,167.0,0.0,0.0,0,0.0,0.0
050495,創意中信59購03,TW,0.0,50.0,0.0,0.0,0,0.0,0.0
050498,創意中信5C購02,TW,0.0,204.0,0.0,0.0,0,0.0,0.0
050499,聯鈞中信5B購02,TW,0.0,4.0,0.0,0.0,0,0.0,0.0
050501,力成中信5A購01,TW,0.0,0.0,0.0,0.0,0,0.0,0.0
050506,華新永豐58購02,TW,0.0,-80.0,0.0,0.0,0,0.0,0.0
050507,華泰永豐58購01,TW,0.0,799.0,0.0,0.0,0,0.0,0.0
050508,台積電永豐5C購03,TW,0.0,-105.0,0.0,0.0,0,0.0,0.0
050510,金像電永豐58購04,TW,0.0,0.0,0.0,0.0,0,0.0,0.0
050513,晶豪科永豐57購02,TW,0.0,156.0,0.0,0.0,0,0.0,0.0
050515,欣興永豐56購08,TW,0.0,1.0,0.0,0.0,0,0.0,0.0
050518,昇貿永豐58購01,TW,0.0,448.0,-11.0,0.0,0,0.0,0.0
050523,貿聯永豐58購02,TW,0.0,-563.0,0.0,0.0,0,0.0,0.0
050524,亞翔永豐57購03,TW,0.0,-28.0,0.0,0.0,0,0.0,0.0
050525,亞翔永豐59購01,TW,0.0,2.0,0.0,0.0,0,0.0,0.0
050528,立積統一59購01,TW,0.0,499.0,0.0,0.0,0,0.0,0.0
050531,力積電永豐5C購03,TW,0.0,40.0,0.0,0.0,0,0.0,0.0
050533,至上永豐58購03,TW,0.0,34.0,0.0,0.0,0,0.0,0.0
050535,光寶科富邦5C購02,TW,0.0,56.0,0.0,0.0,0,0.0,0.0
050536,台光電富邦5C購02,TW,0.0,10.0,0.0,0.0,0,0.0,0.0
050538,緯穎富邦5C購01,TW,0.0,1.0,0.0,0.0,0,0.0,0.0
050540,香港2X凱基56購02,TW,0.0,-200.0,0.0,0.0,0,0.0,0.0
050541,道瓊銀凱基5C購01,TW,0.0,-37.0,0.0,0.0,0,0.0,0.0
050542,道瓊銅凱基5A購01,TW,0.0,-439.0,0.0,0.0,0,0.0,0.0
050543,華新凱基56購02,TW,0.0,-9.0,0.0,0.0,0,0.0,0.0
050548,仁寶凱基56購02,TW,0.0,-11.0,0.0,0.0,0,0.0,0.0
050549,華泰凱基57購02,TW,0.0,-99.0,0.0,0.0,0,0.0,0.0
050551,億光凱基56購01,TW,0.0,6.0,0.0,0.0,0,0.0,0.0
050553,揚博凱基56購03,TW,0.0,-89.0,0.0,0.0,0,0.0,0.0
050554,晶豪科凱基56購03,TW,0.0,-118.0,0.0,0.0,0,0.0,0.0
050555,大立光凱基57購02,TW,0.0,127.0,0.0,0.0,0,0.0,0.0
050559,緯創凱基5A購03,TW,0.0,100.0,0.0,0.0,0,0.0,0.0
050561,創意凱基56購06,TW,0.0,6.0,0.0,0.0,0,0.0,0.0
050564,創意凱基5C購01,TW,0.0,6.0,0.0,0.0,0,0.0,0.0
050567,智易凱基58購01,TW,0.0,25.0,0.0,0.0,0,0.0,0.0
050569,力成凱基59購02,TW,0.0,40.0,0.0,0.0,0,0.0,0.0
050570,旭隼凱基59購01,TW,0.0,-21.0,0.0,0.0,0,0.0,0.0
050572,緯穎凱基56購13,TW,0.0,0.0,0.0,0.0,0,0.0,0.0
050573,力積電凱基5A購02,TW,0.0,48.0,0.0,0.0,0,0.0,0.0
050575,勤誠凱基5C購01,TW,0.0,-101.0,0.0,0.0,0,0.0,0.0
050587,晶豪科群益63購01,TW,0.0,49.0,0.0,0.0,0,0.0,0.0
050588,大立光群益57購04,TW,0.0,60.0,0.0,0.0,0,0.0,0.0
050590,昇貿群益58購03,TW,0.0,-261.0,0.0,0.0,0,0.0,0.0
050594,創意群益56購06,TW,0.0,10.0,0.0,0.0,0,0.0,0.0
050595,創意群益56購07,TW,0.0,24.0,0.0,0.0,0,0.0,0.0
050598,臻鼎群益56購02,TW,0.0,2.0,0.0,0.0,0,0.0,0.0
050599,眾達群益58購01,TW,0.0,-1.0,0.0,0.0,0,0.0,0.0
050600,力成群益57購01,TW,0.0,6.0,0.0,0.0,0,0.0,0.0
050603,保瑞群益56購01,TW,0.0,120.0,0.0,0.0,0,0.0,0.0
050606,道瓊銀元大57購03,TW,0.0,30.0,0.0,0.0,0,0.0,0.0
050607,中砂元大57購03,TW,0.0,0.0,0.0,0.0,0,0.0,0.0
050610,中鋼元大56購02,TW,0.0,-1759.0,0.0,0.0,0,0.0,0.0
050612,大成鋼元大56購01,TW,0.0,19.0,0.0,0.0,0,0.0,0.0
050613,劍麟元大56購01,TW,0.0,-122.0,0.0,0.0,0,0.0,0.0
050614,台達電元大56購40,TW,0.0,1.0,0.0,0.0,0,0.0,0.0
050619,鴻海元大56購41,TW,0.0,40.0,0.0,0.0,0,0.0,0.0
050622,台積電元大56購49,TW,0.0,0.0,0.0,0.0,0,0.0,0.0
050623,台積電元大56購50,TW,0.0,-242.0,0.0,0.0,0,0.0,0.0
050625,金像電元大56購26,TW,0.0,478.0,0.0,0.0,0,0.0,0.0
050627,凱美元大56購02,TW,0.0,-2718.0,0.0,0.0,0,0.0,0.0
050628,毅嘉元大5C購03,TW,0.0,-1715.0,0.0,0.0,0,0.0,0.0
050629,漢唐元大56購24,TW,0.0,524.0,0.0,0.0,0,0.0,0.0
050632,宏達電元大56購04,TW,0.0,-2646.0,0.0,0.0,0,0.0,0.0
050636,昇貿元大56購02,TW,0.0,227.0,0.0,0.0,0,0.0,0.0
050637,創意元大56購06,TW,0.0,19.0,0.0,0.0,0,0.0,0.0
050640,海華元大56購01,TW,0.0,-876.0,0.0,0.0,0,0.0,0.0
050641,定穎控元大58購06,TW,0.0,-498.0,0.0,0.0,0,0.0,0.0
050644,事欣科元大57購01,TW,0.0,998.0,0.0,0.0,0,0.0,0.0
050646,帆宣元大56購14,TW,0.0,180.0,0.0,0.0,0,0.0,0.0
050648,緯穎元大56購18,TW,0.0,150.0,0.0,0.0,0,0.0,0.0
050649,力積電元大56購25,TW,0.0,-38.0,0.0,0.0,0,0.0,0.0
050651,汎銓元大56購04,TW,0.0,7.0,0.0,0.0,0,0.0,0.0
050652,兆聯元大56購03,TW,0.0,-2.0,0.0,0.0,0,0.0,0.0
050653,兆聯元大56購04,TW,0.0,-649.0,0.0,0.0,0,0.0,0.0
050654,至上元大56購07,TW,0.0,-177.0,0.0,0.0,0,0.0,0.0
050655,至上元大56購08,TW,0.0,-520.0,0.0,0.0,0,0.0,0.0
050659,大立光中信61購01,TW,0.0,-1018.0,0.0,0.0,0,0.0,0.0
050660,聯詠中信5A購01,TW,0.0,-2.0,0.0,0.0,0,0.0,0.0
050663,力成中信61購01,TW,0.0,4.0,0.0,0.0,0,0.0,0.0
050664,華新台新57購01,TW,0.0,7.0,0.0,0.0,0,0.0,0.0
050666,鴻海台新59購01,TW,0.0,-378.0,0.0,0.0,0,0.0,0.0
050667,台積電台新57購01,TW,0.0,-5.0,0.0,0.0,0,0.0,0.0
050671,京元電台新57購01,TW,0.0,-91.0,0.0,0.0,0,0.0,0.0
050673,長榮台新57購01,TW,0.0,-12.0,0.0,0.0,0,0.0,0.0
050674,世芯台新57購01,TW,0.0,-1.0,0.0,0.0,0,0.0,0.0
050675,世芯台新57購02,TW,0.0,21.0,0.0,0.0,0,0.0,0.0
050676,神達台新57購01,TW,0.0,-69.0,0.0,0.0,0,0.0,0.0
050677,道瓊銀凱基61購01,TW,0.0,0.0,0.0,0.0,0,0.0,0.0
050681,華新凱基57購04,TW,0.0,-15.0,0.0,0.0,0,0.0,0.0
050684,大成鋼凱基57購02,TW,0.0,45.0,0.0,0.0,0,0.0,0.0
050686,漢唐凱基59購02,TW,0.0,205.0,0.0,0.0,0,0.0,0.0
050687,友達凱基59購01,TW,0.0,0.0,0.0,0.0,0,0.0,0.0
050689,揚博凱基57購01,TW,0.0,-110.0,0.0,0.0,0,0.0,0.0
050692,晶豪科凱基5B購01,TW,0.0,-4.0,0.0,0.0,0,0.0,0.0
050693,大立光凱基57購03,TW,0.0,380.0,0.0,0.0,0,0.0,0.0
050701,達麗凱基59購01,TW,0.0,144.0,0.0,0.0,0,0.0,0.0
050702,力成凱基59購03,TW,0.0,3555.0,0.0,0.0,0,0.0,0.0
050704,同欣電凱基58購01,TW,0.0,-24.0,0.0,0.0,0,0.0,0.0
050705,樺漢凱基57購01,TW,0.0,110.0,0.0,0.0,0,0.0,0.0
050706,保瑞凱基57購01,TW,0.0,1.0,0.0,0.0,0,0.0,0.0
050707,緯穎凱基5B購03,TW,0.0,180.0,0.0,0.0,0,0.0,0.0
050708,采鈺凱基57購01,TW,0.0,68.0,0.0,0.0,0,0.0,0.0
050710,至上凱基57購03,TW,0.0,-2.0,0.0,0.0,0,0.0,0.0
050712,華新國泰58購01,TW,0.0,-58.0,0.0,0.0,0,0.0,0.0
050713,華榮國泰58購01,TW,0.0,-654.0,0.0,0.0,0,0.0,0.0
050721,創意統一65購01,TW,0.0,-470.0,0.0,0.0,0,0.0,0.0
050722,滬深2X富邦61購01,TW,0.0,-41.0,0.0,0.0,0,0.0,0.0
050723,台塑富邦61購01,TW,0.0,-96.0,0.0,0.0,0,0.0,0.0
050724,華新富邦58購01,TW,0.0,-1799.0,0.0,0.0,0,0.0,0.0
050727,金像電富邦5A購01,TW,0.0,45.0,0.0,0.0,0,0.0,0.0
050729,緯穎富邦61購01,TW,0.0,41.0,0.0,0.0,0,0.0,0.0
050730,力積電富邦59購03,TW,0.0,-2.0,0.0,0.0,0,0.0,0.0
050740,全新國票59購01,TW,0.0,46.0,0.0,0.0,0,0.0,0.0
050742,揚博國票58購01,TW,0.0,-40.0,0.0,0.0,0,0.0,0.0
050743,大立光國票58購01,TW,0.0,477.0,0.0,0.0,0,0.0,0.0
050746,世芯國票58購04,TW,0.0,15.0,0.0,0.0,0,0.0,0.0
050748,美利達國票57購01,TW,0.0,743.0,0.0,0.0,0,0.0,0.0
050757,台積電元富57購02,TW,0.0,2.0,0.0,0.0,0,0.0,0.0
050762,台積電元富71購01,TW,0.0,-19.0,0.0,0.0,0,0.0,0.0
050766,金像電元富57購04,TW,0.0,32.0,0.0,0.0,0,0.0,0.0
050768,菱生元富57購01,TW,0.0,-1.0,0.0,0.0,0,0.0,0.0
050769,群光元富5A購01,TW,0.0,-63.0,0.0,0.0,0,0.0,0.0
050770,漢唐元富57購01,TW,0.0,338.0,0.0,0.0,0,0.0,0.0
050771,漢唐元富57購02,TW,0.0,13.0,0.0,0.0,0,0.0,0.0
050772,漢唐元富5A購01,TW,0.0,43.0,0.0,0.0,0,0.0,0.0
050773,漢唐元富61購01,TW,0.0,11.0,0.0,0.0,0,0.0,0.0
050775,晶豪科元富57購04,TW,0.0,60.0,0.0,0.0,0,0.0,0.0
050776,大立光元富57購01,TW,0.0,86.0,0.0,0.0,0,0.0,0.0
050777,大立光元富57購02,TW,0.0,42.0,0.0,0.0,0,0.0,0.0
050780,創意元富61購01,TW,0.0,10.0,0.0,0.0,0,0.0,0.0
050786,力成元富57購01,TW,0.0,2.0,0.0,0.0,0,0.0,0.0
050788,樺漢元富57購01,TW,0.0,8.0,0.0,0.0,0,0.0,0.0
050789,富世達元富61購01,TW,0.0,5.0,0.0,0.0,0,0.0,0.0
050790,汎銓元富57購01,TW,0.0,1.0,0.0,0.0,0,0.0,0.0
050791,潤泰新元富5A購01,TW,0.0,390.0,0.0,0.0,0,0.0,0.0
050792,潤泰新元富61購01,TW,0.0,97.0,0.0,0.0,0,0.0,0.0
050795,道瓊銅永豐5A購01,TW,0.0,-24.0,0.0,0.0,0,0.0,0.0
050798,台積電永豐61購03,TW,0.0,2945.0,0.0,0.0,0,0.0,0.0
050799,群光永豐59購01,TW,0.0,-58.0,0.0,0.0,0,0.0,0.0
050800,毅嘉永豐5B購01,TW,0.0,-42.0,0.0,0.0,0,0.0,0.0
050801,京元電永豐58購01,TW,0.0,2.0,0.0,0.0,0,0.0,0.0
050802,大立光永豐58購01,TW,0.0,59.0,0.0,0.0,0,0.0,0.0
050804,神達永豐61購01,TW,0.0,-113.0,0.0,0.0,0,0.0,0.0
050808,南亞元大57購01,TW,0.0,1.0,0.0,0.0,0,0.0,0.0
050809,中砂元大57購04,TW,0.0,0.0,0.0,0.0,0,0.0,0.0
050810,華新元大57購02,TW,0.0,-702.0,0.0,0.0,0,0.0,0.0
050812,台玻元大57購03,TW,0.0,-6.0,0.0,0.0,0,0.0,0.0
050813,中鋼元大57購01,TW,0.0,-10.0,0.0,0.0,0,0.0,0.0
050815,第一銅元大57購02,TW,0.0,20.0,0.0,0.0,0,0.0,0.0
050822,鴻海元大57購02,TW,0.0,1426.0,0.0,0.0,0,0.0,0.0
050825,台積電元大57購07,TW,0.0,-102.0,0.0,0.0,0,0.0,0.0
050827,金像電元大57購04,TW,0.0,330.0,0.0,0.0,0,0.0,0.0
050829,微星元大57購01,TW,0.0,305.0,0.0,0.0,0,0.0,0.0
050830,億光元大57購01,TW,0.0,13.0,0.0,0.0,0,0.0,0.0
050831,毅嘉元大5B購01,TW,0.0,3798.0,0.0,0.0,0,0.0,0.0
050832,漢唐元大57購05,TW,0.0,296.0,0.0,0.0,0,0.0,0.0
050833,友達元大58購01,TW,0.0,139.0,0.0,0.0,0,0.0,0.0
050835,所羅門統一59購01,TW,0.0,-1194.0,0.0,0.0,0,0.0,0.0
050837,所羅門統一59購03,TW,0.0,-3.0,0.0,0.0,0,0.0,0.0
050843,全新元大57購03,TW,0.0,12.0,0.0,0.0,0,0.0,0.0
050846,長榮太元大57購02,TW,0.0,-710.0,0.0,0.0,0,0.0,0.0
050847,亞光元大57購05,TW,0.0,41.0,0.0,0.0,0,0.0,0.0
050851,祥碩元大57購02,TW,0.0,1.0,0.0,0.0,0,0.0,0.0
050852,亞翔元大57購02,TW,0.0,-1018.0,0.0,0.0,0,0.0,0.0
050854,緯穎元大57購03,TW,0.0,1014.0,0.0,0.0,0,0.0,0.0
050855,富世達元大57購06,TW,0.0,467.0,0.0,0.0,0,0.0,0.0
050858,上証2X群益61購01,TW,0.0,-2.0,0.0,0.0,0,0.0,0.0
050859,元黃金群益5C購02,TW,0.0,0.0,0.0,0.0,0,0.0,0.0
050864,順德群益57購01,TW,0.0,2.0,0.0,0.0,0,0.0,0.0
050866,億光群益57購01,TW,0.0,8.0,0.0,0.0,0,0.0,0.0
050867,京元電群益57購04,TW,0.0,2.0,0.0,0.0,0,0.0,0.0
050868,揚博群益59購01,TW,0.0,-203.0,0.0,0.0,0,0.0,0.0
050869,豐達科群益5B購01,TW,0.0,-10.0,0.0,0.0,0,0.0,0.0
050870,大立光群益57購05,TW,0.0,199.0,0.0,0.0,0,0.0,0.0
050871,大立光群益58購02,TW,0.0,8.0,0.0,0.0,0,0.0,0.0
050877,彩晶群益57購01,TW,0.0,17.0,0.0,0.0,0,0.0,0.0
050879,復盛群益5B購01,TW,0.0,0.0,0.0,0.0,0,0.0,0.0
050881,和大統一64購01,TW,0.0,-65.0,0.0,0.0,0,0.0,0.0
050882,道瓊銀中信59購01,TW,0.0,199.0,0.0,0.0,0,0.0,0.0
050883,道瓊銀中信61購02,TW,0.0,-1.0,0.0,0.0,0,0.0,0.0
050887,京元電中信61購01,TW,0.0,-134.0,0.0,0.0,0,0.0,0.0
050889,大立光中信5A購01,TW,0.0,-1025.0,0.0,0.0,0,0.0,0.0
050890,群創中信57購02,TW,0.0,633.0,0.0,0.0,0,0.0,0.0
050891,群創中信59購02,TW,0.0,-3.0,0.0,0.0,0,0.0,0.0
050892,矽格中信5A購01,TW,0.0,6.0,0.0,0.0,0,0.0,0.0
050894,道瓊銀永豐5A購01,TW,0.0,-2.0,0.0,0.0,0,0.0,0.0
050895,川湖永豐59購02,TW,0.0,2.0,0.0,0.0,0,0.0,0.0
050897,台積電永豐61購04,TW,0.0,30.0,0.0,0.0,0,0.0,0.0
050898,聯發科永豐5B購02,TW,0.0,2.0,0.0,0.0,0,0.0,0.0
050899,聯發科永豐63購01,TW,0.0,14.0,0.0,0.0,0,0.0,0.0
050900,長榮永豐5A購01,TW,0.0,-511.0,0.0,0.0,0,0.0,0.0
050902,群創永豐59購02,TW,0.0,3.0,0.0,0.0,0,0.0,0.0
050903,群創永豐5B購01,TW,0.0,3.0,0.0,0.0,0,0.0,0.0
050904,祥碩永豐58購01,TW,0.0,96.0,0.0,0.0,0,0.0,0.0
050906,康舒永豐58購01,TW,0.0,-77.0,0.0,0.0,0,0.0,0.0
050907,可寧衛永豐58購01,TW,0.0,-3.0,0.0,0.0,0,0.0,0.0
050908,力積電兆豐59購01,TW,0.0,0.0,0.0,0.0,0,0.0,0.0
050909,富世達兆豐59購01,TW,0.0,-100.0,0.0,0.0,0,0.0,0.0
050916,力成富邦61購01,TW,0.0,1.0,0.0,0.0,0,0.0,0.0
050918,大立光台新57購01,TW,0.0,-3.0,0.0,0.0,0,0.0,0.0
050923,愛普台新57購01,TW,0.0,17.0,0.0,0.0,0,0.0,0.0
050926,世芯元富59購01,TW,0.0,1.0,0.0,0.0,0,0.0,0.0
050930,毅嘉國泰58購01,TW,0.0,-100.0,0.0,0.0,0,0.0,0.0
050931,玉晶光國泰58購01,TW,0.0,8.0,0.0,0.0,0,0.0,0.0
050935,牧德國泰58購01,TW,0.0,-30.0,0.0,0.0,0,0.0,0.0
050939,道瓊銅元大58購02,TW,0.0,62.0,0.0,0.0,0,0.0,0.0
050940,台泥元大57購01,TW,0.0,-2535.0,0.0,0.0,0,0.0,0.0
050941,台泥元大57購02,TW,0.0,0.0,0.0,0.0,0,0.0,0.0
050942,台泥元大57購04,TW,0.0,-19.0,0.0,0.0,0,0.0,0.0
050943,台泥元大57購05,TW,0.0,-102.0,0.0,0.0,0,0.0,0.0
050951,台積電元大57購09,TW,0.0,21.0,0.0,0.0,0,0.0,0.0
050954,瑞昱元大57購01,TW,0.0,130.0,0.0,0.0,0,0.0,0.0
050955,威盛元大57購01,TW,0.0,60.0,0.0,0.0,0,0.0,0.0
050956,億光元大57購02,TW,0.0,4.0,0.0,0.0,0,0.0,0.0
050957,漢唐元大57購06,TW,0.0,282.0,0.0,0.0,0,0.0,0.0
050958,京元電元大57購07,TW,0.0,11.0,0.0,0.0,0,0.0,0.0
050959,京元電元大57購08,TW,0.0,20.0,0.0,0.0,0,0.0,0.0
050960,京元電元大57購09,TW,0.0,158.0,0.0,0.0,0,0.0,0.0
050962,揚博元大57購02,TW,0.0,-544.0,0.0,0.0,0,0.0,0.0
050963,揚博元大57購03,TW,0.0,-1280.0,0.0,0.0,0,0.0,0.0
050964,揚博元大57購04,TW,0.0,20.0,0.0,0.0,0,0.0,0.0
050965,冠德元大57購01,TW,0.0,55.0,0.0,0.0,0,0.0,0.0
050966,中航元大57購01,TW,0.0,14.0,0.0,0.0,0,0.0,0.0
050967,慧洋元大57購02,TW,0.0,50.0,0.0,0.0,0,0.0,0.0
050968,晶豪科元大57購02,TW,0.0,322.0,0.0,0.0,0,0.0,0.0
050970,益登元大57購01,TW,0.0,37.0,0.0,0.0,0,0.0,0.0
050971,創意元大57購03,TW,0.0,3.0,0.0,0.0,0,0.0,0.0
050972,創意元大57購04,TW,0.0,4.0,0.0,0.0,0,0.0,0.0
050973,創意元大57購05,TW,0.0,5.0,0.0,0.0,0,0.0,0.0
050974,群創元大57購04,TW,0.0,25.0,0.0,0.0,0,0.0,0.0
050980,兆聯元大57購03,TW,0.0,-420.0,0.0,0.0,0,0.0,0.0
050987,中砂群益58購02,TW,0.0,120.0,0.0,0.0,0,0.0,0.0
050988,華新群益57購01,TW,0.0,20.0,0.0,0.0,0,0.0,0.0
050990,海悅群益5A購01,TW,0.0,-23.0,0.0,0.0,0,0.0,0.0
050991,群光群益58購01,TW,0.0,-64.0,0.0,0.0,0,0.0,0.0
050992,友達群益61購01,TW,0.0,-12.0,0.0,0.0,0,0.0,0.0
050996,揚博群益59購02,TW,0.0,-148.0,0.0,0.0,0,0.0,0.0
050997,威強電群益58購01,TW,0.0,-79.0,0.0,0.0,0,0.0,0.0
050999,群創群益59購02,TW,0.0,1.0,0.0,0.0,0,0.0,0.0
051000,群創群益5A購01,TW,0.0,4.0,0.0,0.0,0,0.0,0.0
051001,智易群益58購01,TW,0.0,-10.0,0.0,0.0,0,0.0,0.0
051002,精銳群益57購02,TW,0.0,161.0,0.0,0.0,0,0.0,0.0
051008,道瓊銀元富57購02,TW,0.0,10.0,0.0,0.0,0,0.0,0.0
051009,儒鴻元富57購01,TW,0.0,10.0,0.0,0.0,0,0.0,0.0
051012,科妍元富61購01,TW,0.0,353.0,0.0,0.0,0,0.0,0.0
051013,鴻海元富57購02,TW,0.0,4.0,0.0,0.0,0,0.0,0.0
051014,盟立元富57購01,TW,0.0,3.0,0.0,0.0,0,0.0,0.0
051016,揚博元富57購01,TW,0.0,95.0,0.0,0.0,0,0.0,0.0
051017,長榮元富57購01,TW,0.0,0.0,0.0,0.0,0,0.0,0.0
051018,豐達科元富57購01,TW,0.0,121.0,0.0,0.0,0,0.0,0.0
051020,精銳元富61購01,TW,0.0,31.0,0.0,0.0,0,0.0,0.0
051021,虹堡元富57購01,TW,0.0,-453.0,0.0,0.0,0,0.0,0.0
051022,祥碩元富57購01,TW,0.0,-90.0,0.0,0.0,0,0.0,0.0
051024,緯穎元富58購05,TW,0.0,-166.0,0.0,0.0,0,0.0,0.0
051025,志超元富57購01,TW,0.0,59.0,0.0,0.0,0,0.0,0.0
051027,可寧衛元富61購01,TW,0.0,-64.0,0.0,0.0,0,0.0,0.0
051031,道瓊銀凱基5B購02,TW,0.0,8.0,0.0,0.0,0,0.0,0.0
051032,道瓊銅凱基5B購01,TW,0.0,-86.0,0.0,0.0,0,0.0,0.0
051034,宇隆凱基57購01,TW,0.0,1.0,0.0,0.0,0,0.0,0.0
051037,順德凱基57購01,TW,0.0,8.0,0.0,0.0,0,0.0,0.0
051038,佳世達凱基57購01,TW,0.0,-139.0,0.0,0.0,0,0.0,0.0
051042,揚博凱基57購02,TW,0.0,-731.0,0.0,0.0,0,0.0,0.0
051043,零壹凱基57購01,TW,0.0,-70.0,0.0,0.0,0,0.0,0.0
051047,可寧衛凱基57購02,TW,0.0,-98.0,0.0,0.0,0,0.0,0.0
051049,美利達凱基57購01,TW,0.0,-50.0,0.0,0.0,0,0.0,0.0
051050,元金2X國票59購02,TW,0.0,-46.0,0.0,0.0,0,0.0,0.0
051051,道瓊銀國票57購02,TW,0.0,136.0,0.0,0.0,0,0.0,0.0
051052,道瓊銀國票58購04,TW,0.0,-122.0,0.0,0.0,0,0.0,0.0
051053,道瓊銀國票5A購02,TW,0.0,-5.0,0.0,0.0,0,0.0,0.0
051055,儒鴻國票57購01,TW,0.0,24.0,0.0,0.0,0,0.0,0.0
051058,海悅國票59購01,TW,0.0,34.0,0.0,0.0,0,0.0,0.0
051060,宏碁國票58購01,TW,0.0,-162.0,0.0,0.0,0,0.0,0.0
051061,揚博國票58購02,TW,0.0,15.0,0.0,0.0,0,0.0,0.0
051065,晶豪科國票59購01,TW,0.0,426.0,0.0,0.0,0,0.0,0.0
051067,群創國票58購02,TW,0.0,2.0,0.0,0.0,0,0.0,0.0
051068,群創國票59購01,TW,0.0,6.0,0.0,0.0,0,0.0,0.0
051071,力積電國票59購02,TW,0.0,-32.0,0.0,0.0,0,0.0,0.0
051074,儒鴻永豐59購01,TW,0.0,-235.0,0.0,0.0,0,0.0,0.0
051075,川湖永豐58購01,TW,0.0,2.0,0.0,0.0,0,0.0,0.0
051076,鴻海永豐58購04,TW,0.0,-10.0,0.0,0.0,0,0.0,0.0
051079,佳世達永豐59購01,TW,0.0,-176.0,0.0,0.0,0,0.0,0.0
051080,友達永豐59購01,TW,0.0,11.0,0.0,0.0,0,0.0,0.0
051081,京元電永豐58購02,TW,0.0,-65.0,0.0,0.0,0,0.0,0.0
051082,萬海永豐58購01,TW,0.0,-73.0,0.0,0.0,0,0.0,0.0
051083,星宇永豐5A購01,TW,0.0,-211.0,0.0,0.0,0,0.0,0.0
051085,玉晶光永豐59購01,TW,0.0,183.0,0.0,0.0,0,0.0,0.0
051086,群創永豐57購01,TW,0.0,390.0,0.0,0.0,0,0.0,0.0
051087,智易永豐5B購01,TW,0.0,-8.0,0.0,0.0,0,0.0,0.0
051088,宏致永豐58購01,TW,0.0,0.0,0.0,0.0,0,0.0,0.0
051089,宏致永豐5B購01,TW,0.0,-337.0,0.0,0.0,0,0.0,0.0
051090,拓凱永豐59購01,TW,0.0,-5.0,0.0,0.0,0,0.0,0.0
051091,凌華永豐59購01,TW,0.0,-2.0,0.0,0.0,0,0.0,0.0
051092,復盛永豐5A購01,TW,0.0,28.0,0.0,0.0,0,0.0,0.0
051093,振樺電永豐58購01,TW,0.0,19.0,0.0,0.0,0,0.0,0.0
051094,羅昇永豐5B購01,TW,0.0,-331.0,0.0,0.0,0,0.0,0.0
051095,京元電兆豐61購01,TW,0.0,-50.0,0.0,0.0,0,0.0,0.0
051099,創意兆豐59購01,TW,0.0,1.0,0.0,0.0,0,0.0,0.0
051103,旺宏富邦61購01,TW,0.0,2.0,0.0,0.0,0,0.0,0.0
051104,金像電富邦5C購02,TW,0.0,-10.0,0.0,0.0,0,0.0,0.0
051105,技嘉富邦57購01,TW,0.0,155.0,0.0,0.0,0,0.0,0.0
051106,智原富邦58購01,TW,0.0,102.0,0.0,0.0,0,0.0,0.0
051107,牧德富邦58購01,TW,0.0,0.0,0.0,0.0,0,0.0,0.0
051110,可寧衛富邦5A購01,TW,0.0,66.0,0.0,0.0,0,0.0,0.0
051114,緯穎台新57購01,TW,0.0,1.0,0.0,0.0,0,0.0,0.0
051115,富世達台新57購01,TW,0.0,6.0,0.0,0.0,0,0.0,0.0
051117,中砂元富57購02,TW,0.0,1.0,0.0,0.0,0,0.0,0.0
051118,佳世達元富57購01,TW,0.0,14.0,0.0,0.0,0,0.0,0.0
051120,長榮元富57購02,TW,0.0,13.0,0.0,0.0,0,0.0,0.0
051123,群創元富61購02,TW,0.0,42.0,0.0,0.0,0,0.0,0.0
051126,緯穎元富57購05,TW,0.0,-180.0,0.0,0.0,0,0.0,0.0
051128,南茂元富57購01,TW,0.0,20.0,0.0,0.0,0,0.0,0.0
051132,宏碁國泰58購01,TW,0.0,-5.0,0.0,0.0,0,0.0,0.0
051134,萬海國泰58購01,TW,0.0,-13.0,0.0,0.0,0,0.0,0.0
051138,祥碩國泰58購01,TW,0.0,-10.0,0.0,0.0,0,0.0,0.0
051139,愛普國泰58購01,TW,0.0,396.0,0.0,0.0,0,0.0,0.0
051147,群創中信57購05,TW,0.0,235.0,0.0,0.0,0,0.0,0.0
051148,群創中信61購01,TW,0.0,391.0,0.0,0.0,0,0.0,0.0
051151,道瓊銀凱基5B購03,TW,0.0,49.0,0.0,0.0,0,0.0,0.0
051152,信錦凱基59購01,TW,0.0,80.0,0.0,0.0,0,0.0,0.0
051153,中鋼凱基57購01,TW,0.0,127.0,0.0,0.0,0,0.0,0.0
051154,大成鋼凱基57購03,TW,0.0,165.0,0.0,0.0,0,0.0,0.0
051156,宏碁凱基57購01,TW,0.0,14.0,0.0,0.0,0,0.0,0.0
051157,瑞昱凱基57購01,TW,0.0,1.0,0.0,0.0,0,0.0,0.0
051158,群光凱基5A購01,TW,0.0,-3.0,0.0,0.0,0,0.0,0.0
051159,友達凱基58購02,TW,0.0,-8.0,0.0,0.0,0,0.0,0.0
051160,京元電凱基58購02,TW,0.0,-158.0,0.0,0.0,0,0.0,0.0
051164,偉訓凱基59購01,TW,0.0,-39.0,0.0,0.0,0,0.0,0.0
051165,益登凱基57購01,TW,0.0,-984.0,0.0,0.0,0,0.0,0.0
051166,昇貿凱基58購02,TW,0.0,91.0,0.0,0.0,0,0.0,0.0
051167,群創凱基58購03,TW,0.0,26.0,0.0,0.0,0,0.0,0.0
051168,群創凱基5A購01,TW,0.0,63.0,0.0,0.0,0,0.0,0.0
051170,宏致凱基59購01,TW,0.0,29.0,0.0,0.0,0,0.0,0.0
051172,精銳凱基57購01,TW,0.0,-13.0,0.0,0.0,0,0.0,0.0
051174,和椿凱基59購01,TW,0.0,-4.0,0.0,0.0,0,0.0,0.0
051175,力智凱基59購01,TW,0.0,-244.0,0.0,0.0,0,0.0,0.0
051176,富世達凱基57購11,TW,0.0,-349.0,0.0,0.0,0,0.0,0.0
051178,長華凱基59購01,TW,0.0,-147.0,0.0,0.0,0,0.0,0.0
051180,臺股指凱基61購03,TW,0.0,14.0,0.0,0.0,0,0.0,0.0
051181,道瓊銀國票59購02,TW,0.0,-38.0,0.0,0.0,0,0.0,0.0
051182,中砂國票58購01,TW,0.0,20.0,0.0,0.0,0,0.0,0.0
051184,勝一國票5B購01,TW,0.0,-1132.0,0.0,0.0,0,0.0,0.0
051185,佳世達國票59購01,TW,0.0,-4.0,0.0,0.0,0,0.0,0.0
051186,群光國票5B購01,TW,0.0,-107.0,0.0,0.0,0,0.0,0.0
051187,億光國票58購01,TW,0.0,-15.0,0.0,0.0,0,0.0,0.0
051188,億光國票59購01,TW,0.0,166.0,0.0,0.0,0,0.0,0.0
051190,友達國票57購02,TW,0.0,11.0,0.0,0.0,0,0.0,0.0
051191,京元電國票58購02,TW,0.0,311.0,0.0,0.0,0,0.0,0.0
051192,豐達科國票59購01,TW,0.0,20.0,0.0,0.0,0,0.0,0.0
051193,豐達科國票5B購01,TW,0.0,-142.0,0.0,0.0,0,0.0,0.0
051194,威強電國票58購01,TW,0.0,14.0,0.0,0.0,0,0.0,0.0
051195,威強電國票59購01,TW,0.0,-31.0,0.0,0.0,0,0.0,0.0
051196,群創國票57購03,TW,0.0,57.0,0.0,0.0,0,0.0,0.0
051197,智易國票5B購01,TW,0.0,-90.0,0.0,0.0,0,0.0,0.0
051199,定穎控國票58購02,TW,0.0,-98.0,0.0,0.0,0,0.0,0.0
051200,定穎控國票59購02,TW,0.0,-5.0,0.0,0.0,0,0.0,0.0
051201,拓凱國票5A購01,TW,0.0,-431.0,0.0,0.0,0,0.0,0.0
051202,凌華國票57購01,TW,0.0,486.0,0.0,0.0,0,0.0,0.0
051205,復盛國票58購01,TW,0.0,-1.0,0.0,0.0,0,0.0,0.0
051206,復盛國票59購01,TW,0.0,2.0,0.0,0.0,0,0.0,0.0
051207,力智國票57購01,TW,0.0,384.0,0.0,0.0,0,0.0,0.0
051213,勤誠國票58購02,TW,0.0,-15.0,0.0,0.0,0,0.0,0.0
051214,勤誠國票59購01,TW,0.0,-3.0,0.0,0.0,0,0.0,0.0
051215,菱光國票57購01,TW,0.0,-3278.0,0.0,0.0,0,0.0,0.0
051217,東哥國票57購01,TW,0.0,-35.0,0.0,0.0,0,0.0,0.0
051220,華新統一5C購02,TW,0.0,20.0,0.0,0.0,0,0.0,0.0
051221,華新統一61購01,TW,0.0,-158.0,0.0,0.0,0,0.0,0.0
051222,華新統一6C購01,TW,0.0,283.0,0.0,0.0,0,0.0,0.0
051226,第一銅統一5C購03,TW,0.0,-15.0,0.0,0.0,0,0.0,0.0
051229,華通統一61購01,TW,0.0,-2.0,0.0,0.0,0,0.0,0.0
051231,華泰統一5B購01,TW,0.0,-293.0,0.0,0.0,0,0.0,0.0
051234,智邦統一61購01,TW,0.0,30.0,0.0,0.0,0,0.0,0.0
051235,金像電統一5B購02,TW,0.0,-40.0,0.0,0.0,0,0.0,0.0
051236,金像電統一61購01,TW,0.0,-20.0,0.0,0.0,0,0.0,0.0
051237,台光電統一61購01,TW,0.0,-10.0,0.0,0.0,0,0.0,0.0
051238,台光電統一71購01,TW,0.0,-106.0,0.0,0.0,0,0.0,0.0
051239,漢唐統一5B購02,TW,0.0,663.0,0.0,0.0,0,0.0,0.0
051240,京元電統一5B購01,TW,0.0,-31.0,0.0,0.0,0,0.0,0.0
051241,京元電統一5C購02,TW,0.0,-204.0,0.0,0.0,0,0.0,0.0
051242,京元電統一61購02,TW,0.0,-95.0,0.0,0.0,0,0.0,0.0
051243,京元電統一6C購01,TW,0.0,480.0,0.0,0.0,0,0.0,0.0
051245,志聖統一61購01,TW,0.0,3.0,0.0,0.0,0,0.0,0.0
051247,立隆電統一65購01,TW,0.0,21.0,0.0,0.0,0,0.0,0.0
051249,大立光統一5B購01,TW,0.0,59.0,0.0,0.0,0,0.0,0.0
051250,大立光統一5B購02,TW,0.0,-3835.0,0.0,0.0,0,0.0,0.0
051251,大立光統一5C購02,TW,0.0,410.0,0.0,0.0,0,0.0,0.0
051252,大立光統一6C購01,TW,0.0,-41.0,0.0,0.0,0,0.0,0.0
051256,欣興統一6C購01,TW,0.0,33.0,0.0,0.0,0,0.0,0.0
051257,創意統一5B購01,TW,0.0,93.0,0.0,0.0,0,0.0,0.0
051258,創意統一5C購01,TW,0.0,-67.0,0.0,0.0,0,0.0,0.0
051259,創意統一6C購01,TW,0.0,-512.0,0.0,0.0,0,0.0,0.0
051260,群創統一5C購01,TW,0.0,54.0,0.0,0.0,0,0.0,0.0
051261,群創統一5C購02,TW,0.0,92.0,0.0,0.0,0,0.0,0.0
051262,群創統一65購01,TW,0.0,966.0,0.0,0.0,0,0.0,0.0
051263,群創統一65購02,TW,0.0,1476.0,0.0,0.0,0,0.0,0.0
051264,群創統一6C購01,TW,0.0,117.0,0.0,0.0,0,0.0,0.0
051265,世芯統一61購01,TW,0.0,426.0,0.0,0.0,0,0.0,0.0
051266,日月光統一5C購02,TW,0.0,9.0,0.0,0.0,0,0.0,0.0
051267,日月光統一65購01,TW,0.0,10.0,0.0,0.0,0,0.0,0.0
051268,精銳統一64購01,TW,0.0,-10.0,0.0,0.0,0,0.0,0.0
051269,精銳統一64購02,TW,0.0,-39.0,0.0,0.0,0,0.0,0.0
051270,jpp統一5C購02,TW,0.0,156.0,0.0,0.0,0,0.0,0.0
051271,帆宣統一61購01,TW,0.0,31.0,0.0,0.0,0,0.0,0.0
051272,聯茂統一65購01,TW,0.0,-1.0,0.0,0.0,0,0.0,0.0
051273,和椿統一5C購01,TW,0.0,-1341.0,0.0,0.0,0,0.0,0.0
051274,和椿統一65購01,TW,0.0,-240.0,0.0,0.0,0,0.0,0.0
051275,和椿統一65購02,TW,0.0,-692.0,0.0,0.0,0,0.0,0.0
051276,力成統一5C購03,TW,0.0,803.0,0.0,0.0,0,0.0,0.0
051277,力成統一5C購04,TW,0.0,179.0,0.0,0.0,0,0.0,0.0
051278,矽格統一5A購01,TW,0.0,2.0,0.0,0.0,0,0.0,0.0
051280,台郡統一5C購01,TW,0.0,-105.0,0.0,0.0,0,0.0,0.0
051281,同欣電統一5B購02,TW,0.0,15.0,0.0,0.0,0,0.0,0.0
051282,康舒統一5B購01,TW,0.0,105.0,0.0,0.0,0,0.0,0.0
051283,愛普統一5B購01,TW,0.0,-2.0,0.0,0.0,0,0.0,0.0
051284,緯穎統一5B購03,TW,0.0,-516.0,0.0,0.0,0,0.0,0.0
051285,緯穎統一5B購04,TW,0.0,-547.0,0.0,0.0,0,0.0,0.0
051286,緯穎統一61購03,TW,0.0,-1444.0,0.0,0.0,0,0.0,0.0
051287,富世達統一5C購02,TW,0.0,-71.0,0.0,0.0,0,0.0,0.0
051288,昇陽半統一5B購03,TW,0.0,61.0,0.0,0.0,0,0.0,0.0
051290,昇陽半統一64購01,TW,0.0,36.0,0.0,0.0,0,0.0,0.0
051291,昇陽半統一71購01,TW,0.0,657.0,0.0,0.0,0,0.0,0.0
051297,中砂元大57購05,TW,0.0,-9.0,0.0,0.0,0,0.0,0.0
051299,中鋼元大59購01,TW,0.0,-1123.0,0.0,0.0,0,0.0,0.0
051300,宇隆元大57購01,TW,0.0,37.0,0.0,0.0,0,0.0,0.0
051304,大同元大57購03,TW,0.0,250.0,0.0,0.0,0,0.0,0.0
051305,大同元大57購04,TW,0.0,716.0,0.0,0.0,0,0.0,0.0
051306,微星元大57購02,TW,0.0,445.0,0.0,0.0,0,0.0,0.0
051308,漢唐元大57購07,TW,0.0,347.0,0.0,0.0,0,0.0,0.0
051313,新興元大57購01,TW,0.0,0.0,0.0,0.0,0,0.0,0.0
051314,中航元大57購02,TW,0.0,0.0,0.0,0.0,0,0.0,0.0
051317,華立元大57購02,TW,0.0,-401.0,0.0,0.0,0,0.0,0.0
051318,亞光元大57購06,TW,0.0,30.0,0.0,0.0,0,0.0,0.0
051319,聯詠元大57購01,TW,0.0,141.0,0.0,0.0,0,0.0,0.0
051322,創意元大57購06,TW,0.0,2.0,0.0,0.0,0,0.0,0.0
051325,群創元大57購06,TW,0.0,376.0,0.0,0.0,0,0.0,0.0
051326,群創元大57購07,TW,0.0,10.0,0.0,0.0,0,0.0,0.0
051330,事欣科元大57購02,TW,0.0,105.0,0.0,0.0,0,0.0,0.0
051331,天鈺元大57購01,TW,0.0,173.0,0.0,0.0,0,0.0,0.0
051332,亞翔元大57購03,TW,0.0,41.0,0.0,0.0,0,0.0,0.0
051334,緯穎元大57購04,TW,0.0,30.0,0.0,0.0,0,0.0,0.0
051335,兆聯元大57購04,TW,0.0,74.0,0.0,0.0,0,0.0,0.0
051337,可寧衛元大57購05,TW,0.0,26.0,0.0,0.0,0,0.0,0.0
051338,可寧衛元大57購06,TW,0.0,500.0,0.0,0.0,0,0.0,0.0
051340,道瓊銀群益61購01,TW,0.0,-3.0,0.0,0.0,0,0.0,0.0
051343,台積電群益58購09,TW,0.0,1208.0,0.0,0.0,0,0.0,0.0
051346,日電貿群益57購01,TW,0.0,23.0,0.0,0.0,0,0.0,0.0
051348,定穎控群益5B購01,TW,0.0,-1.0,0.0,0.0,0,0.0,0.0
051349,昇陽半群益57購03,TW,0.0,11.0,0.0,0.0,0,0.0,0.0
051352,超豐國泰58購01,TW,0.0,503.0,0.0,0.0,0,0.0,0.0
051353,超豐國泰58購02,TW,0.0,3.0,0.0,0.0,0,0.0,0.0
051354,超豐國泰58購03,TW,0.0,54.0,0.0,0.0,0,0.0,0.0
051355,日電貿國泰58購01,TW,0.0,-69.0,0.0,0.0,0,0.0,0.0
051356,創意國泰58購01,TW,0.0,100.0,0.0,0.0,0,0.0,0.0
051357,瑞鼎國泰58購01,TW,0.0,4.0,-2.0,0.0,0,0.0,0.0
051359,今國光國泰58購01,TW,0.0,164.0,0.0,0.0,0,0.0,0.0
051360,福懋科國泰5A購01,TW,0.0,-31.0,0.0,0.0,0,0.0,0.0
051365,立隆電國票61購01,TW,0.0,20.0,0.0,0.0,0,0.0,0.0
051366,創意國票58購01,TW,0.0,734.0,0.0,0.0,0,0.0,0.0
051367,達明國票58購01,TW,0.0,-176.0,0.0,0.0,0,0.0,0.0
051368,力積電國票59購03,TW,0.0,-56.0,0.0,0.0,0,0.0,0.0
051370,昇陽半國票58購01,TW,0.0,2.0,0.0,0.0,0,0.0,0.0
051371,可寧衛國票58購03,TW,0.0,-96.0,0.0,0.0,0,0.0,0.0
051372,台積電兆豐59購01,TW,0.0,-20.0,0.0,0.0,0,0.0,0.0
051373,漢唐兆豐61購01,TW,0.0,196.0,0.0,0.0,0,0.0,0.0
051374,京元電兆豐61購02,TW,0.0,-42.0,0.0,0.0,0,0.0,0.0
051376,日電貿兆豐61購01,TW,0.0,889.0,0.0,0.0,0,0.0,0.0
051377,緯創兆豐61購01,TW,0.0,-158.0,0.0,0.0,0,0.0,0.0
051378,友達富邦57購01,TW,0.0,-1.0,0.0,0.0,0,0.0,0.0
051379,超豐富邦57購01,TW,0.0,143.0,0.0,0.0,0,0.0,0.0
051382,玉晶光富邦59購01,TW,0.0,32.0,0.0,0.0,0,0.0,0.0
051387,日月光中信57購02,TW,0.0,0.0,0.0,0.0,0,0.0,0.0
051388,上証2X凱基61購01,TW,0.0,-61.0,0.0,0.0,0,0.0,0.0
051389,元金2X凱基5B購02,TW,0.0,7.0,0.0,0.0,0,0.0,0.0
051390,台聚凱基57購01,TW,0.0,147.0,0.0,0.0,0,0.0,0.0
051391,正新凱基57購01,TW,0.0,-81.0,0.0,0.0,0,0.0,0.0
051392,中環凱基57購01,TW,0.0,-286.0,0.0,0.0,0,0.0,0.0
051393,台積電凱基64購05,TW,0.0,-2.0,0.0,0.0,0,0.0,0.0
051394,超豐凱基57購01,TW,0.0,75.0,0.0,0.0,0,0.0,0.0
051395,超豐凱基57購02,TW,0.0,60.0,0.0,0.0,0,0.0,0.0
051400,益登凱基57購02,TW,0.0,-4477.0,0.0,0.0,0,0.0,0.0
051401,瑞鼎凱基57購01,TW,0.0,-25.0,0.0,0.0,0,0.0,0.0
051402,達明凱基57購01,TW,0.0,-189.0,0.0,0.0,0,0.0,0.0
051405,今國光凱基57購01,TW,0.0,129.0,0.0,0.0,0,0.0,0.0
051407,愛普凱基59購03,TW,0.0,3.0,0.0,0.0,0,0.0,0.0
051409,裕慶凱基57購01,TW,0.0,100.0,0.0,0.0,0,0.0,0.0
051412,福懋科凱基57購01,TW,0.0,-20.0,0.0,0.0,0,0.0,0.0
051419,道瓊銀群益5A購03,TW,0.0,-411.0,0.0,0.0,0,0.0,0.0
051421,超豐群益57購01,TW,0.0,17.0,0.0,0.0,0,0.0,0.0
051422,京元電群益57購05,TW,0.0,295.0,0.0,0.0,0,0.0,0.0
051423,京元電群益57購06,TW,0.0,-10.0,0.0,0.0,0,0.0,0.0
051424,立隆電群益57購01,TW,0.0,8.0,0.0,0.0,0,0.0,0.0
051426,日電貿群益59購01,TW,0.0,-477.0,0.0,0.0,0,0.0,0.0
051428,牧德群益57購01,TW,0.0,-6.0,0.0,0.0,0,0.0,0.0
051430,材料群益57購03,TW,0.0,-30.0,0.0,0.0,0,0.0,0.0
051432,今國光群益57購01,TW,0.0,183.0,0.0,0.0,0,0.0,0.0
051433,力積電群益57購03,TW,0.0,-108.0,0.0,0.0,0,0.0,0.0
051437,道瓊銀統一61購01,TW,0.0,-592.0,0.0,0.0,0,0.0,0.0
051438,台積電統一67購05,TW,0.0,-40.0,0.0,0.0,0,0.0,0.0
051439,台積電統一71購01,TW,0.0,-250.0,0.0,0.0,0,0.0,0.0
051440,京元電統一61購03,TW,0.0,-322.0,0.0,0.0,0,0.0,0.0
051441,世芯統一61購02,TW,0.0,299.0,0.0,0.0,0,0.0,0.0
051442,今國光統一5C購01,TW,0.0,786.0,0.0,0.0,0,0.0,0.0
051443,矽格統一6C購01,TW,0.0,188.0,0.0,0.0,0,0.0,0.0
051444,力積電統一64購01,TW,0.0,-549.0,0.0,0.0,0,0.0,0.0
051445,可寧衛統一6C購01,TW,0.0,151.0,0.0,0.0,0,0.0,0.0
051446,道瓊銀元富57購03,TW,0.0,30.0,0.0,0.0,0,0.0,0.0
051447,宇隆元富57購01,TW,0.0,112.0,0.0,0.0,0,0.0,0.0
051448,凱美元富58購02,TW,0.0,840.0,0.0,0.0,0,0.0,0.0
051449,漢唐元富58購01,TW,0.0,5.0,0.0,0.0,0,0.0,0.0
051450,超豐元富57購01,TW,0.0,156.0,0.0,0.0,0,0.0,0.0
051451,超豐元富57購02,TW,0.0,43.0,0.0,0.0,0,0.0,0.0
051452,三商壽元富57購01,TW,0.0,0.0,0.0,0.0,0,0.0,0.0
051456,佳必琪元富57購03,TW,0.0,330.0,0.0,0.0,0,0.0,0.0
051460,福懋科元富57購01,TW,0.0,-15.0,0.0,0.0,0,0.0,0.0
051467,元黃金元大58購01,TW,0.0,-485.0,0.0,0.0,0,0.0,0.0
051468,道瓊銀元大58購04,TW,0.0,3.0,0.0,0.0,0,0.0,0.0
051469,卜蜂元大57購01,TW,0.0,445.0,0.0,0.0,0,0.0,0.0
051471,正新元大57購01,TW,0.0,799.0,0.0,0.0,0,0.0,0.0
051472,裕隆元大57購01,TW,0.0,-20.0,0.0,0.0,0,0.0,0.0
051474,中環元大57購01,TW,0.0,-40.0,0.0,0.0,0,0.0,0.0
051475,旺宏元大57購05,TW,0.0,3.0,0.0,0.0,0,0.0,0.0
051478,瑞昱元大57購02,TW,0.0,46.0,0.0,0.0,0,0.0,0.0
051479,毅嘉元大57購04,TW,0.0,-517.0,0.0,0.0,0,0.0,0.0
051480,漢唐元大5A購01,TW,0.0,585.0,0.0,0.0,0,0.0,0.0
051481,友達元大5A購02,TW,0.0,-56.0,0.0,0.0,0,0.0,0.0
051482,超豐元大57購01,TW,0.0,106.0,0.0,0.0,0,0.0,0.0
051483,超豐元大57購02,TW,0.0,1047.0,0.0,0.0,0,0.0,0.0
051484,超豐元大57購03,TW,0.0,566.0,0.0,0.0,0,0.0,0.0
051486,志聖元大57購03,TW,0.0,1.0,0.0,0.0,0,0.0,0.0
051489,兆赫元大57購01,TW,0.0,6.0,0.0,0.0,0,0.0,0.0
051491,普安元大57購01,TW,0.0,-14.0,0.0,0.0,0,0.0,0.0
051492,亞光元大57購07,TW,0.0,610.0,0.0,0.0,0,0.0,0.0
051494,文曄元大57購02,TW,0.0,100.0,0.0,0.0,0,0.0,0.0
051497,蔚華科元大57購01,TW,0.0,146.0,0.0,0.0,0,0.0,0.0
051498,日電貿元大5B購01,TW,0.0,119.0,0.0,0.0,0,0.0,0.0
051500,創意元大57購09,TW,0.0,2.0,0.0,0.0,0,0.0,0.0
051501,創意元大5A購03,TW,0.0,67.0,0.0,0.0,0,0.0,0.0
051502,創意元大61購01,TW,0.0,48.0,0.0,0.0,0,0.0,0.0
051503,瑞鼎元大57購01,TW,0.0,-36.0,0.0,0.0,0,0.0,0.0
051504,達明元大57購01,TW,0.0,72.0,0.0,0.0,0,0.0,0.0
051505,達運元大57購01,TW,0.0,-9.0,0.0,0.0,0,0.0,0.0
051506,亞翔元大57購04,TW,0.0,-943.0,0.0,0.0,0,0.0,0.0
051507,今國光元大57購01,TW,0.0,2728.0,0.0,0.0,0,0.0,0.0
051508,今國光元大57購02,TW,0.0,684.0,0.0,0.0,0,0.0,0.0
051509,今國光元大57購03,TW,0.0,3387.0,0.0,0.0,0,0.0,0.0
051510,精誠元大57購01,TW,0.0,-400.0,0.0,0.0,0,0.0,0.0
051511,矽格元大57購01,TW,0.0,31.0,0.0,0.0,0,0.0,0.0
051513,矽格元大57購03,TW,0.0,69.0,0.0,0.0,0,0.0,0.0
051514,矽格元大5B購01,TW,0.0,20.0,0.0,0.0,0,0.0,0.0
051516,矽格元大61購01,TW,0.0,41.0,0.0,0.0,0,0.0,0.0
051517,同欣電元大57購01,TW,0.0,-44.0,0.0,0.0,0,0.0,0.0
051518,康舒元大57購03,TW,0.0,6.0,0.0,0.0,0,0.0,0.0
051519,帝寶元大57購01,TW,0.0,-3853.0,0.0,0.0,0,0.0,0.0
051520,緯穎元大5A購01,TW,0.0,611.0,0.0,0.0,0,0.0,0.0
051521,力積電元大57購06,TW,0.0,-59.0,0.0,0.0,0,0.0,0.0
051522,兆聯元大57購05,TW,0.0,-235.0,0.0,0.0,0,0.0,0.0
051524,台虹元大61購01,TW,0.0,50.0,0.0,0.0,0,0.0,0.0
051525,至上元大5A購04,TW,0.0,-261.0,0.0,0.0,0,0.0,0.0
051527,福懋科元大57購02,TW,0.0,-84.0,0.0,0.0,0,0.0,0.0
051528,福懋科元大57購03,TW,0.0,-6.0,0.0,0.0,0,0.0,0.0
051529,南茂元大57購04,TW,0.0,-11.0,0.0,0.0,0,0.0,0.0
051530,勤誠元大57購01,TW,0.0,199.0,0.0,0.0,0,0.0,0.0
051533,巨大元大57購01,TW,0.0,1140.0,0.0,0.0,0,0.0,0.0
051535,金融類元大59購01,TW,0.0,-5.0,0.0,0.0,0,0.0,0.0
051537,中砂國票58購02,TW,0.0,-2.0,0.0,0.0,0,0.0,0.0
051538,創意國票5A購01,TW,0.0,119.0,0.0,0.0,0,0.0,0.0
051539,AES台新57購01,TW,0.0,-363.0,0.0,0.0,0,0.0,0.0
051541,大立光兆豐58購01,TW,0.0,171.0,0.0,0.0,0,0.0,0.0
051542,大立光兆豐59購01,TW,0.0,80.0,0.0,0.0,0,0.0,0.0
051543,辛耘兆豐61購01,TW,0.0,3.0,0.0,0.0,0,0.0,0.0
051544,亞翔兆豐59購01,TW,0.0,235.0,0.0,0.0,0,0.0,0.0
051546,南茂兆豐59購01,TW,0.0,6.0,0.0,0.0,0,0.0,0.0
051547,滬深2X國泰58購01,TW,0.0,1.0,0.0,0.0,0,0.0,0.0
051549,亞德客國泰58購01,TW,0.0,290.0,0.0,0.0,0,0.0,0.0
051551,文曄國泰58購01,TW,0.0,4.0,0.0,0.0,0,0.0,0.0
051552,祥碩國泰58購02,TW,0.0,28.0,0.0,0.0,0,0.0,0.0
051553,亞翔國泰58購01,TW,0.0,-6.0,0.0,0.0,0,0.0,0.0
051558,中砂凱基58購02,TW,0.0,2.0,0.0,0.0,0,0.0,0.0
051559,長興凱基57購01,TW,0.0,-4.0,0.0,0.0,0,0.0,0.0
051561,台積電凱基71購01,TW,0.0,32.0,0.0,0.0,0,0.0,0.0
051564,友達凱基5A購01,TW,0.0,-148.0,0.0,0.0,0,0.0,0.0
051565,鴻海元富56購01,TW,0.0,23.0,0.0,0.0,0,0.0,0.0
051567,華立凱基57購01,TW,0.0,-9.0,0.0,0.0,0,0.0,0.0
051568,亞光凱基57購02,TW,0.0,-537.0,0.0,0.0,0,0.0,0.0
051569,日電貿凱基59購01,TW,0.0,511.0,0.0,0.0,0,0.0,0.0
051572,世芯凱基57購09,TW,0.0,-144.0,0.0,0.0,0,0.0,0.0
051574,力成凱基57購02,TW,0.0,303.0,0.0,0.0,0,0.0,0.0
051576,同欣電凱基57購01,TW,0.0,3.0,0.0,0.0,0,0.0,0.0
051583,第一銅元大61購01,TW,0.0,469.0,0.0,0.0,0,0.0,0.0
051584,宇隆元大57購02,TW,0.0,80.0,0.0,0.0,0,0.0,0.0
051586,台積電元大5A購02,TW,0.0,-149.0,0.0,0.0,0,0.0,0.0
051588,旺宏元大5A購04,TW,0.0,7.0,0.0,0.0,0,0.0,0.0
051589,英業達元大57購01,TW,0.0,227.0,0.0,0.0,0,0.0,0.0
051591,漢唐元大5A購02,TW,0.0,7423.0,0.0,0.0,0,0.0,0.0
051592,友達元大58購02,TW,0.0,-118.0,0.0,0.0,0,0.0,0.0
051595,弘憶股統一59購03,TW,0.0,478.0,0.0,0.0,0,0.0,0.0
051600,日電貿元大5B購02,TW,0.0,642.0,0.0,0.0,0,0.0,0.0
051601,創意元大5A購04,TW,0.0,802.0,0.0,0.0,0,0.0,0.0
051604,牧德元大5C購01,TW,0.0,-5.0,0.0,0.0,0,0.0,0.0
051605,世芯元大57購01,TW,0.0,-52.0,0.0,0.0,0,0.0,0.0
051606,世芯元大57購02,TW,0.0,-16.0,0.0,0.0,0,0.0,0.0
051607,亞翔元大5A購01,TW,0.0,-497.0,0.0,0.0,0,0.0,0.0
051610,矽格元大57購04,TW,0.0,14.0,0.0,0.0,0,0.0,0.0
051612,康舒元大57購04,TW,0.0,123.0,0.0,0.0,0,0.0,0.0
051614,啟碁元大57購02,TW,0.0,0.0,0.0,0.0,0,0.0,0.0
051618,愛普元大61購01,TW,0.0,4.0,0.0,0.0,0,0.0,0.0
051619,緯穎元大5A購02,TW,0.0,-31.0,0.0,0.0,0,0.0,0.0
051620,洋基元大57購01,TW,0.0,0.0,0.0,0.0,0,0.0,0.0
051623,至上元大57購03,TW,0.0,-308.0,0.0,0.0,0,0.0,0.0
051624,南茂元大57購05,TW,0.0,-4.0,0.0,0.0,0,0.0,0.0
051625,勤誠元大57購02,TW,0.0,20.0,0.0,0.0,0,0.0,0.0
051626,台灣50兆豐61購01,TW,0.0,5.0,0.0,0.0,0,0.0,0.0
051627,中砂兆豐59購01,TW,0.0,0.0,0.0,0.0,0,0.0,0.0
051629,旺宏兆豐61購01,TW,0.0,9.0,0.0,0.0,0,0.0,0.0
051630,立隆電兆豐59購01,TW,0.0,1.0,0.0,0.0,0,0.0,0.0
051632,滬深2X國票6B購01,TW,0.0,-105.0,0.0,0.0,0,0.0,0.0
051633,香港2X國票5B購01,TW,0.0,-8.0,0.0,0.0,0,0.0,0.0
051634,永光國票58購01,TW,0.0,8.0,0.0,0.0,0,0.0,0.0
051635,友達國票57購03,TW,0.0,-577.0,0.0,0.0,0,0.0,0.0
051636,友達國票59購01,TW,0.0,177.0,0.0,0.0,0,0.0,0.0
051637,友達國票5A購01,TW,0.0,0.0,0.0,0.0,0,0.0,0.0
051638,瑞軒國票58購01,TW,0.0,148.0,0.0,0.0,0,0.0,0.0
051639,大立光國票59購01,TW,0.0,10.0,0.0,0.0,0,0.0,0.0
051642,敦泰國票58購01,TW,0.0,-63.0,0.0,0.0,0,0.0,0.0
051643,瑞鼎國票58購01,TW,0.0,-1695.0,0.0,0.0,0,0.0,0.0
051645,帆宣國票58購01,TW,0.0,2.0,0.0,0.0,0,0.0,0.0
051646,力成國票58購01,TW,0.0,2.0,0.0,0.0,0,0.0,0.0
051647,昇陽半國票58購02,TW,0.0,691.0,0.0,0.0,0,0.0,0.0
051650,台灣50元大58購04,TW,0.0,1.0,0.0,0.0,0,0.0,0.0
051651,台灣50元大5A購01,TW,0.0,0.0,0.0,0.0,0,0.0,0.0
051653,元黃金元大58購02,TW,0.0,2.0,0.0,0.0,0,0.0,0.0
051654,元金反元大5B購01,TW,0.0,0.0,0.0,0.0,0,0.0,0.0
051657,中砂元大57購06,TW,0.0,-3.0,0.0,0.0,0,0.0,0.0
051658,華新元大5A購03,TW,0.0,32.0,0.0,0.0,0,0.0,0.0
051659,長興元大57購02,TW,0.0,-28.0,0.0,0.0,0,0.0,0.0
051661,川湖元大57購05,TW,0.0,743.0,0.0,0.0,0,0.0,0.0
051664,華通元大5A購01,TW,0.0,2.0,0.0,0.0,0,0.0,0.0
051665,鴻海元大5A購05,TW,0.0,-90.0,0.0,0.0,0,0.0,0.0
051666,台積電元大5A購03,TW,0.0,4954.0,0.0,0.0,0,0.0,0.0
051668,所羅門元大57購01,TW,0.0,-360.0,0.0,0.0,0,0.0,0.0
051670,毅嘉元大57購05,TW,0.0,-516.0,0.0,0.0,0,0.0,0.0
051671,京元電元大57購10,TW,0.0,267.0,0.0,0.0,0,0.0,0.0
051673,聯發科元大5A購01,TW,0.0,14.0,0.0,0.0,0,0.0,0.0
051680,健鼎元大57購01,TW,0.0,2.0,0.0,0.0,0,0.0,0.0
051681,益登元大57購02,TW,0.0,1555.0,0.0,0.0,0,0.0,0.0
051682,新日興元大57購03,TW,0.0,-827.0,0.0,0.0,0,0.0,0.0
051683,明泰元大57購01,TW,0.0,-134.0,0.0,0.0,0,0.0,0.0
051684,世芯元大57購03,TW,0.0,322.0,0.0,0.0,0,0.0,0.0
051685,世芯元大57購04,TW,0.0,3.0,0.0,0.0,0,0.0,0.0
051686,世芯元大57購05,TW,0.0,-98.0,0.0,0.0,0,0.0,0.0
051687,天鈺元大57購02,TW,0.0,42.0,0.0,0.0,0,0.0,0.0
051688,亞翔元大5A購02,TW,0.0,-74.0,0.0,0.0,0,0.0,0.0
051689,帆宣元大57購01,TW,0.0,-39.0,0.0,0.0,0,0.0,0.0
051690,力成元大57購02,TW,0.0,146.0,0.0,0.0,0,0.0,0.0
051691,力成元大59購02,TW,0.0,231.0,0.0,0.0,0,0.0,0.0
051692,力成元大5A購03,TW,0.0,474.0,0.0,0.0,0,0.0,0.0
051694,緯穎元大5A購03,TW,0.0,-221.0,0.0,0.0,0,0.0,0.0
051695,昇陽半元大57購05,TW,0.0,154.0,0.0,0.0,0,0.0,0.0
051697,勤誠元大57購03,TW,0.0,58.0,0.0,0.0,0,0.0,0.0
051701,元金2X凱基61購01,TW,0.0,-20.0,0.0,0.0,0,0.0,0.0
051702,元金2X凱基61購02,TW,0.0,-7.0,0.0,0.0,0,0.0,0.0
051703,道瓊銀凱基58購03,TW,0.0,15.0,0.0,0.0,0,0.0,0.0
051706,中砂凱基57購02,TW,0.0,-10.0,0.0,0.0,0,0.0,0.0
051709,台積電凱基58購14,TW,0.0,2452.0,0.0,0.0,0,0.0,0.0
051711,華碩凱基57購01,TW,0.0,20.0,0.0,0.0,0,0.0,0.0
051712,所羅門凱基57購01,TW,0.0,-1234.0,0.0,0.0,0,0.0,0.0
051714,漢唐凱基57購05,TW,0.0,730.0,0.0,0.0,0,0.0,0.0
051715,友達凱基5B購01,TW,0.0,49.0,0.0,0.0,0,0.0,0.0
051716,盟立凱基57購01,TW,0.0,4.0,0.0,0.0,0,0.0,0.0
051717,昇貿凱基5A購02,TW,0.0,205.0,0.0,0.0,0,0.0,0.0
051718,台勝科凱基57購01,TW,0.0,0.0,0.0,0.0,0,0.0,0.0
051719,敦泰凱基57購01,TW,0.0,53.0,0.0,0.0,0,0.0,0.0
051720,中磊凱基57購01,TW,0.0,-23.0,0.0,0.0,0,0.0,0.0
051721,帆宣凱基58購01,TW,0.0,-28.0,0.0,0.0,0,0.0,0.0
051722,昇陽半凱基57購03,TW,0.0,4.0,0.0,0.0,0,0.0,0.0
051723,南茂凱基57購02,TW,0.0,100.0,0.0,0.0,0,0.0,0.0
051724,電子類凱基5B購01,TW,0.0,-2.0,0.0,0.0,0,0.0,0.0
051725,元黃金群益5B購01,TW,0.0,-376.0,40.0,0.0,0,0.0,0.0
051726,道瓊銀群益57購02,TW,0.0,10.0,0.0,0.0,0,0.0,0.0
051727,台聚群益57購01,TW,0.0,80.0,0.0,0.0,0,0.0,0.0
051733,華通群益59購01,TW,0.0,-3.0,0.0,0.0,0,0.0,0.0
051736,台積電群益61購03,TW,0.0,-5.0,0.0,0.0,0,0.0,0.0
051738,旺宏群益58購02,TW,0.0,10.0,0.0,0.0,0,0.0,0.0
051739,毅嘉群益57購01,TW,0.0,-110.0,0.0,0.0,0,0.0,0.0
051740,友達群益57購02,TW,0.0,0.0,0.0,0.0,0,0.0,0.0
051741,友達群益59購02,TW,0.0,-200.0,0.0,0.0,0,0.0,0.0
051743,亞光群益57購02,TW,0.0,7.0,0.0,0.0,0,0.0,0.0
051745,辛耘群益59購01,TW,0.0,13.0,0.0,0.0,0,0.0,0.0
051749,佳必琪群益57購01,TW,0.0,-32.0,0.0,0.0,0,0.0,0.0
051750,和椿群益58購02,TW,0.0,-84.0,0.0,0.0,0,0.0,0.0
051753,昇陽半群益57購04,TW,0.0,-124.0,0.0,0.0,0,0.0,0.0
051754,臺股指群益57購16,TW,0.0,2.0,0.0,0.0,0,0.0,0.0
051756,SP黃豆國泰58購01,TW,0.0,184.0,0.0,0.0,0,0.0,0.0
051758,長興國泰58購01,TW,0.0,43.0,0.0,0.0,0,0.0,0.0
051761,鴻海國泰58購02,TW,0.0,-555.0,0.0,0.0,0,0.0,0.0
051766,友達國泰58購03,TW,0.0,2.0,0.0,0.0,0,0.0,0.0
051767,益登國泰58購01,TW,0.0,274.0,0.0,0.0,0,0.0,0.0
051768,台勝科國泰58購01,TW,0.0,0.0,0.0,0.0,0,0.0,0.0
051769,上品國泰58購01,TW,0.0,-70.0,0.0,0.0,0,0.0,0.0
051770,力成國泰58購01,TW,0.0,2.0,0.0,0.0,0,0.0,0.0
051772,華新兆豐57購01,TW,0.0,-613.0,0.0,0.0,0,0.0,0.0
051773,聯電兆豐59購01,TW,0.0,20.0,0.0,0.0,0,0.0,0.0
051778,牧德兆豐59購01,TW,0.0,38.0,0.0,0.0,0,0.0,0.0
051779,世芯兆豐59購01,TW,0.0,0.0,0.0,0.0,0,0.0,0.0
051780,新唐兆豐61購01,TW,0.0,0.0,0.0,0.0,0,0.0,0.0
051781,中磊兆豐61購01,TW,0.0,12.0,0.0,0.0,0,0.0,0.0
051782,力成兆豐59購01,TW,0.0,39.0,0.0,0.0,0,0.0,0.0
051783,道瓊銀凱基57購02,TW,0.0,109.0,0.0,0.0,0,0.0,0.0
051784,華新凱基59購02,TW,0.0,2.0,0.0,0.0,0,0.0,0.0
051785,長興凱基57購02,TW,0.0,-4.0,0.0,0.0,0,0.0,0.0
051787,台積電凱基69購01,TW,0.0,-3.0,0.0,0.0,0,0.0,0.0
051790,旺宏凱基59購06,TW,0.0,12.0,0.0,0.0,0,0.0,0.0
051791,旺宏凱基5A購02,TW,0.0,2.0,0.0,0.0,0,0.0,0.0
051793,友達凱基5A購02,TW,0.0,86.0,0.0,0.0,0,0.0,0.0
051797,日月光凱基58購03,TW,0.0,23.0,0.0,0.0,0,0.0,0.0
051798,祥碩凱基58購03,TW,0.0,-291.0,0.0,0.0,0,0.0,0.0
051799,彩晶凱基58購01,TW,0.0,-611.0,0.0,0.0,0,0.0,0.0
051800,緯穎凱基59購08,TW,0.0,-5.0,0.0,0.0,0,0.0,0.0
051801,臺股指凱基5A購13,TW,0.0,-1.0,0.0,0.0,0,0.0,0.0
051802,南亞元大57購06,TW,0.0,18.0,0.0,0.0,0,0.0,0.0
051805,川湖元大5B購04,TW,0.0,10.0,0.0,0.0,0,0.0,0.0
051806,聯電元大57購02,TW,0.0,25.0,0.0,0.0,0,0.0,0.0
051807,聯電元大59購03,TW,0.0,3.0,0.0,0.0,0,0.0,0.0
051809,鴻海元大5A購06,TW,0.0,30.0,0.0,0.0,0,0.0,0.0
051812,台積電元大5A購04,TW,0.0,-13.0,0.0,0.0,0,0.0,0.0
051816,金像電元大57購06,TW,0.0,-20.0,0.0,0.0,0,0.0,0.0
051817,友達元大5A購03,TW,0.0,75.0,0.0,0.0,0,0.0,0.0
051818,友達元大5C購01,TW,0.0,-77.0,0.0,0.0,0,0.0,0.0
051819,京元電元大57購11,TW,0.0,312.0,0.0,0.0,0,0.0,0.0
051820,全新元大57購04,TW,0.0,1.0,0.0,0.0,0,0.0,0.0
051825,新日興元大57購04,TW,0.0,40.0,0.0,0.0,0,0.0,0.0
051827,牧德元大57購04,TW,0.0,1.0,0.0,0.0,0,0.0,0.0
051828,牧德元大5A購01,TW,0.0,24.0,0.0,0.0,0,0.0,0.0
051829,世芯元大57購06,TW,0.0,-60.0,0.0,0.0,0,0.0,0.0
051830,世芯元大57購07,TW,0.0,-57.0,0.0,0.0,0,0.0,0.0
051831,世芯元大57購08,TW,0.0,-65.0,0.0,0.0,0,0.0,0.0
051833,祥碩元大57購03,TW,0.0,-10.0,0.0,0.0,0,0.0,0.0
051834,祥碩元大57購04,TW,0.0,7.0,0.0,0.0,0,0.0,0.0
051835,彩晶元大57購01,TW,0.0,523.0,0.0,0.0,0,0.0,0.0
051836,帆宣元大57購02,TW,0.0,219.0,0.0,0.0,0,0.0,0.0
051839,矽格元大5C購01,TW,0.0,0.0,0.0,0.0,0,0.0,0.0
051840,洋基元大57購03,TW,0.0,-466.0,0.0,0.0,0,0.0,0.0
051842,洋基元大59購01,TW,0.0,-267.0,0.0,0.0,0,0.0,0.0
051843,台虹元大57購01,TW,0.0,-10.0,0.0,0.0,0,0.0,0.0
051844,至上元大61購01,TW,0.0,-664.0,0.0,0.0,0,0.0,0.0
051845,勤誠元大58購01,TW,0.0,106.0,0.0,0.0,0,0.0,0.0
051847,勤誠元大5A購01,TW,0.0,124.0,0.0,0.0,0,0.0,0.0
051848,中興電群益59購01,TW,0.0,-52.0,0.0,0.0,0,0.0,0.0
051852,長興群益57購01,TW,0.0,9.0,0.0,0.0,0,0.0,0.0
051857,旺宏群益57購04,TW,0.0,20.0,0.0,0.0,0,0.0,0.0
051858,所羅門群益57購01,TW,0.0,20.0,0.0,0.0,0,0.0,0.0
051859,所羅門群益61購01,TW,0.0,-86.0,0.0,0.0,0,0.0,0.0
051861,致茂群益59購01,TW,0.0,4.0,0.0,0.0,0,0.0,0.0
051863,菱生群益58購01,TW,0.0,-90.0,0.0,0.0,0,0.0,0.0
051864,瑞昱群益57購01,TW,0.0,4.0,0.0,0.0,0,0.0,0.0
051865,漢唐群益59購01,TW,0.0,-1135.0,0.0,0.0,0,0.0,0.0
051866,友達群益57購03,TW,0.0,-5.0,0.0,0.0,0,0.0,0.0
051867,超豐群益57購02,TW,0.0,107.0,0.0,0.0,0,0.0,0.0
051869,普安群益57購01,TW,0.0,13.0,0.0,0.0,0,0.0,0.0
051870,普安群益58購01,TW,0.0,14.0,0.0,0.0,0,0.0,0.0
051873,智原群益58購01,TW,0.0,-284.0,0.0,0.0,0,0.0,0.0
051874,益登群益57購01,TW,0.0,-71.0,0.0,0.0,0,0.0,0.0
051877,彩晶群益58購02,TW,0.0,-25.0,0.0,0.0,0,0.0,0.0
051880,力成群益59購01,TW,0.0,4.0,0.0,0.0,0,0.0,0.0
051881,昇陽半群益57購05,TW,0.0,-4.0,0.0,0.0,0,0.0,0.0
051882,福懋科群益57購02,TW,0.0,0.0,0.0,0.0,0,0.0,0.0
051883,友達台新57購01,TW,0.0,9.0,0.0,0.0,0,0.0,0.0
051885,友達元富57購01,TW,0.0,12.0,0.0,0.0,0,0.0,0.0
051886,友達元富57購02,TW,0.0,-10.0,0.0,0.0,0,0.0,0.0
051887,友達元富57購03,TW,0.0,33.0,0.0,0.0,0,0.0,0.0
051893,全新國泰58購01,TW,0.0,10.0,0.0,0.0,0,0.0,0.0
051894,奇鋐國泰58購01,TW,0.0,44.0,0.0,0.0,0,0.0,0.0
051899,聯電中信57購01,TW,0.0,98.0,0.0,0.0,0,0.0,0.0
051900,台積電中信61購01,TW,0.0,-54.0,0.0,0.0,0,0.0,0.0
051902,智邦兆豐59購01,TW,0.0,90.0,0.0,0.0,0,0.0,0.0
051903,大同兆豐57購01,TW,0.0,42.0,0.0,0.0,0,0.0,0.0
051906,台聚國票57購01,TW,0.0,3.0,0.0,0.0,0,0.0,0.0
051908,長興國票58購03,TW,0.0,-5.0,0.0,0.0,0,0.0,0.0
051909,長興國票5A購01,TW,0.0,118.0,0.0,0.0,0,0.0,0.0
051910,中鋼國票5B購01,TW,0.0,-423.0,0.0,0.0,0,0.0,0.0
051915,威盛國票58購01,TW,0.0,104.0,0.0,0.0,0,0.0,0.0
051916,友達國票58購01,TW,0.0,-157.0,0.0,0.0,0,0.0,0.0
051917,友達國票58購02,TW,0.0,-4.0,0.0,0.0,0,0.0,0.0
051918,友達國票61購01,TW,0.0,-188.0,0.0,0.0,0,0.0,0.0
051919,超豐國票58購01,TW,0.0,-780.0,0.0,0.0,0,0.0,0.0
051921,台勝科國票58購01,TW,0.0,5.0,0.0,0.0,0,0.0,0.0
051922,彩晶國票57購01,TW,0.0,63.0,0.0,0.0,0,0.0,0.0
051923,彩晶國票59購01,TW,0.0,31.0,0.0,0.0,0,0.0,0.0
051924,彩晶國票5B購01,TW,0.0,-119.0,0.0,0.0,0,0.0,0.0
051925,今國光國票58購01,TW,0.0,190.0,0.0,0.0,0,0.0,0.0
051926,南茂國票58購01,TW,0.0,-14.0,0.0,0.0,0,0.0,0.0
051928,道瓊銀永豐5B購01,TW,0.0,169.0,0.0,0.0,0,0.0,0.0
051929,台塑永豐58購01,TW,0.0,-5.0,0.0,0.0,0,0.0,0.0
051930,南亞永豐58購04,TW,0.0,3.0,0.0,0.0,0,0.0,0.0
051931,中砂永豐59購01,TW,0.0,-76.0,0.0,0.0,0,0.0,0.0
051932,華新永豐58購03,TW,0.0,-20.0,0.0,0.0,0,0.0,0.0
051937,萬海統一59購01,TW,0.0,1.0,0.0,0.0,0,0.0,0.0
051938,長興永豐5A購01,TW,0.0,-32.0,0.0,0.0,0,0.0,0.0
051941,正新永豐57購01,TW,0.0,306.0,0.0,0.0,0,0.0,0.0
051942,長榮鋼永豐5A購01,TW,0.0,1.0,0.0,0.0,0,0.0,0.0
051943,劍麟永豐58購01,TW,0.0,540.0,0.0,0.0,0,0.0,0.0
051947,鴻海永豐59購03,TW,0.0,-53.0,0.0,0.0,0,0.0,0.0
051948,鴻海永豐5A購02,TW,0.0,234.0,0.0,0.0,0,0.0,0.0
051950,台積電永豐71購01,TW,0.0,-240.0,0.0,0.0,0,0.0,0.0
051951,宏碁永豐58購01,TW,0.0,-287.0,0.0,0.0,0,0.0,0.0
051954,菱生永豐57購01,TW,0.0,-118.0,0.0,0.0,0,0.0,0.0
051955,凱美永豐57購01,TW,0.0,-81.0,0.0,0.0,0,0.0,0.0
051956,友達永豐58購01,TW,0.0,377.0,0.0,0.0,0,0.0,0.0
051957,友達永豐59購02,TW,0.0,18.0,0.0,0.0,0,0.0,0.0
051958,友達永豐59購03,TW,0.0,5.0,0.0,0.0,0,0.0,0.0
051959,友達永豐5A購01,TW,0.0,-183.0,0.0,0.0,0,0.0,0.0
051960,仲琦永豐57購01,TW,0.0,-10.0,0.0,0.0,0,0.0,0.0
051961,超豐永豐57購01,TW,0.0,10.0,0.0,0.0,0,0.0,0.0
051962,京元電永豐59購01,TW,0.0,-1489.0,0.0,0.0,0,0.0,0.0
051968,揚博永豐59購01,TW,0.0,-682.0,0.0,0.0,0,0.0,0.0
051969,揚博永豐5A購01,TW,0.0,-90.0,0.0,0.0,0,0.0,0.0
051970,揚博永豐61購01,TW,0.0,-289.0,0.0,0.0,0,0.0,0.0
051971,普安永豐58購01,TW,0.0,298.0,0.0,0.0,0,0.0,0.0
051973,漢翔永豐57購01,TW,0.0,-40.0,0.0,0.0,0,0.0,0.0
051975,增你強永豐58購01,TW,0.0,1.0,0.0,0.0,0,0.0,0.0
051978,瑞鼎永豐59購01,TW,0.0,-681.0,0.0,0.0,0,0.0,0.0
051979,世芯永豐58購03,TW,0.0,-81.0,0.0,0.0,0,0.0,0.0
051981,日月光永豐59購01,TW,0.0,-38.0,0.0,0.0,0,0.0,0.0
051982,定穎控永豐59購01,TW,0.0,-4.0,0.0,0.0,0,0.0,0.0
051984,事欣科永豐5A購01,TW,0.0,225.0,0.0,0.0,0,0.0,0.0
051985,新唐永豐58購01,TW,0.0,1.0,0.0,0.0,0,0.0,0.0
051986,眾達永豐59購01,TW,0.0,-10.0,0.0,0.0,0,0.0,0.0
051988,達興永豐57購01,TW,0.0,-31.0,0.0,0.0,0,0.0,0.0
051989,祥碩永豐59購01,TW,0.0,-20.0,0.0,0.0,0,0.0,0.0
051990,建國永豐57購01,TW,0.0,-30.0,0.0,0.0,0,0.0,0.0
051991,彩晶永豐58購01,TW,0.0,25.0,0.0,0.0,0,0.0,0.0
051993,彩晶永豐5C購01,TW,0.0,-249.0,0.0,0.0,0,0.0,0.0
051994,彩晶永豐67購01,TW,0.0,-345.0,0.0,0.0,0,0.0,0.0
051996,亞翔永豐57購04,TW,0.0,-50.0,0.0,0.0,0,0.0,0.0
051997,力成永豐58購01,TW,0.0,-116.0,0.0,0.0,0,0.0,0.0
051998,旭隼永豐5C購01,TW,0.0,-27.0,0.0,0.0,0,0.0,0.0
051999,保瑞永豐59購01,TW,0.0,301.0,0.0,0.0,0,0.0,0.0
052002,昇陽半永豐59購01,TW,0.0,-6.0,0.0,0.0,0,0.0,0.0
052004,元黃金元大57購02,TW,0.0,32.0,0.0,0.0,0,0.0,0.0
052005,A50正2元大58購01,TW,0.0,-75.0,0.0,0.0,0,0.0,0.0
052006,華新元大57購03,TW,0.0,-840.0,0.0,0.0,0,0.0,0.0
052007,台玻元大5A購03,TW,0.0,-18.0,0.0,0.0,0,0.0,0.0
052016,台積電元大5A購05,TW,0.0,-104.0,0.0,0.0,0,0.0,0.0
052017,聯強元大57購01,TW,0.0,20.0,0.0,0.0,0,0.0,0.0
052018,宏碁元大57購01,TW,0.0,254.0,0.0,0.0,0,0.0,0.0
052022,漢唐元大61購01,TW,0.0,3225.0,0.0,0.0,0,0.0,0.0
052023,友達元大57購01,TW,0.0,-649.0,0.0,0.0,0,0.0,0.0
052024,友達元大57購02,TW,0.0,-61.0,0.0,0.0,0,0.0,0.0
052025,友達元大57購03,TW,0.0,66.0,0.0,0.0,0,0.0,0.0
052026,友達元大57購04,TW,0.0,-238.0,0.0,0.0,0,0.0,0.0
052027,友達元大57購05,TW,0.0,-28.0,0.0,0.0,0,0.0,0.0
052028,友達元大59購02,TW,0.0,20.0,0.0,0.0,0,0.0,0.0
052029,友達元大5C購02,TW,0.0,0.0,0.0,0.0,0,0.0,0.0
052030,友達元大61購06,TW,0.0,-587.0,0.0,0.0,0,0.0,0.0
052033,聯發科元大61購09,TW,0.0,6.0,0.0,0.0,0,0.0,0.0
052034,凱基金元大57購01,TW,0.0,-15.0,0.0,0.0,0,0.0,0.0
052035,大立光元大5A購01,TW,0.0,12.0,0.0,0.0,0,0.0,0.0
052036,大立光元大61購12,TW,0.0,881.0,0.0,0.0,0,0.0,0.0
052039,聯鈞元大57購07,TW,0.0,121.0,0.0,0.0,0,0.0,0.0
052040,世芯元大57購09,TW,0.0,-14.0,0.0,0.0,0,0.0,0.0
052041,世芯元大57購10,TW,0.0,-10.0,0.0,0.0,0,0.0,0.0
052042,彩晶元大57購05,TW,0.0,-5330.0,0.0,0.0,0,0.0,0.0
052043,彩晶元大57購06,TW,0.0,-3353.0,0.0,0.0,0,0.0,0.0
052044,彩晶元大57購07,TW,0.0,-1009.0,0.0,0.0,0,0.0,0.0
052045,亞翔元大5B購01,TW,0.0,-52.0,0.0,0.0,0,0.0,0.0
052046,力成元大57購03,TW,0.0,-276.0,0.0,0.0,0,0.0,0.0
052047,康舒元大5A購04,TW,0.0,2.0,0.0,0.0,0,0.0,0.0
052048,緯穎元大57購05,TW,0.0,252.0,0.0,0.0,0,0.0,0.0
052050,至上元大61購02,TW,0.0,1688.0,0.0,0.0,0,0.0,0.0
052053,台積電群益58購10,TW,0.0,2221.0,0.0,0.0,0,0.0,0.0
052055,仲琦群益57購01,TW,0.0,-2.0,0.0,0.0,0,0.0,0.0
052058,智原群益59購01,TW,0.0,14.0,0.0,0.0,0,0.0,0.0
052063,祥碩群益58購02,TW,0.0,-274.0,0.0,0.0,0,0.0,0.0
052064,緯穎群益5B購03,TW,0.0,-243.0,0.0,0.0,0,0.0,0.0
052066,SP黃豆凱基5B購01,TW,0.0,-250.0,0.0,0.0,0,0.0,0.0
052067,南亞凱基59購05,TW,0.0,-3.0,0.0,0.0,0,0.0,0.0
052068,華新凱基5A購02,TW,0.0,-180.0,0.0,0.0,0,0.0,0.0
052070,長榮鋼凱基57購01,TW,0.0,300.0,0.0,0.0,0,0.0,0.0
052074,友達凱基57購03,TW,0.0,29.0,0.0,0.0,0,0.0,0.0
052075,陽明凱基58購01,TW,0.0,-20.0,0.0,0.0,0,0.0,0.0
052076,大立光凱基58購03,TW,0.0,152.0,0.0,0.0,0,0.0,0.0
052078,新日興凱基57購01,TW,0.0,-10.0,0.0,0.0,0,0.0,0.0
052080,嘉澤凱基59購01,TW,0.0,15.0,0.0,0.0,0,0.0,0.0
052081,世芯凱基57購10,TW,0.0,-98.0,0.0,0.0,0,0.0,0.0
052082,矽力凱基57購02,TW,0.0,0.0,0.0,0.0,0,0.0,0.0
052086,至上凱基57購04,TW,0.0,-269.0,0.0,0.0,0,0.0,0.0
052089,台灣50富邦64購03,TW,0.0,6.0,0.0,0.0,0,0.0,0.0
052090,T50正2富邦61購04,TW,0.0,16.0,0.0,0.0,0,0.0,0.0
052091,道瓊銅富邦61購01,TW,0.0,17.0,0.0,0.0,0,0.0,0.0
052092,中砂富邦5A購01,TW,0.0,53.0,0.0,0.0,0,0.0,0.0
052094,長興富邦57購01,TW,0.0,-1.0,0.0,0.0,0,0.0,0.0
052095,聯電富邦59購01,TW,0.0,6.0,0.0,0.0,0,0.0,0.0
052097,鴻海富邦59購02,TW,0.0,-842.0,0.0,0.0,0,0.0,0.0
052099,台積電富邦61購02,TW,0.0,28.0,0.0,0.0,0,0.0,0.0
052100,台積電富邦61購03,TW,0.0,-74.0,0.0,0.0,0,0.0,0.0
052102,漢唐富邦5A購01,TW,0.0,-369.0,0.0,0.0,0,0.0,0.0
052103,友達富邦57購02,TW,0.0,-519.0,0.0,0.0,0,0.0,0.0
052104,友達富邦59購01,TW,0.0,-685.0,0.0,0.0,0,0.0,0.0
052105,京元電富邦59購02,TW,0.0,43.0,0.0,0.0,0,0.0,0.0
052109,大立光富邦59購02,TW,0.0,433.0,0.0,0.0,0,0.0,0.0
052110,大立光富邦59購03,TW,0.0,23.0,0.0,0.0,0,0.0,0.0
052112,智原富邦58購02,TW,0.0,35.0,0.0,0.0,0,0.0,0.0
052116,緯創富邦61購01,TW,0.0,498.0,0.0,0.0,0,0.0,0.0
052119,世芯富邦59購02,TW,0.0,406.0,0.0,0.0,0,0.0,0.0
052120,世芯富邦5A購01,TW,0.0,254.0,0.0,0.0,0,0.0,0.0
052121,神達富邦61購01,TW,0.0,40.0,0.0,0.0,0,0.0,0.0
052122,創意統一59購01,TW,0.0,-69.0,0.0,0.0,0,0.0,0.0
052125,日月光富邦59購01,TW,0.0,12.0,0.0,0.0,0,0.0,0.0
052126,達興富邦5A購01,TW,0.0,0.0,0.0,0.0,0,0.0,0.0
052128,力成富邦61購02,TW,0.0,375.0,0.0,0.0,0,0.0,0.0
052129,同欣電富邦5A購01,TW,0.0,11.0,0.0,0.0,0,0.0,0.0
052130,緯穎富邦58購01,TW,0.0,-260.0,0.0,0.0,0,0.0,0.0
052131,富世達富邦57購02,TW,0.0,-28.0,0.0,0.0,0,0.0,0.0
052132,富世達富邦59購01,TW,0.0,-233.0,0.0,0.0,0,0.0,0.0
052133,勤誠富邦57購01,TW,0.0,2.0,0.0,0.0,0,0.0,0.0
052136,臺股指富邦67購02,TW,0.0,21.0,0.0,0.0,0,0.0,0.0
052137,台灣50中信61購01,TW,0.0,5.0,0.0,0.0,0,0.0,0.0
052138,聯電中信57購03,TW,0.0,836.0,0.0,0.0,0,0.0,0.0
052139,台積電中信61購02,TW,0.0,-235.0,0.0,0.0,0,0.0,0.0
052141,南茂中信57購02,TW,0.0,197.0,0.0,0.0,0,0.0,0.0
052142,臺股指中信5C購06,TW,0.0,2.0,0.0,0.0,0,0.0,0.0
052145,中鋼凱基5B購01,TW,0.0,200.0,0.0,0.0,0,0.0,0.0
052146,聯電凱基59購02,TW,0.0,-5.0,0.0,0.0,0,0.0,0.0
052150,聯強凱基57購01,TW,0.0,-3.0,0.0,0.0,0,0.0,0.0
052152,漢唐凱基5A購01,TW,0.0,-59.0,0.0,0.0,0,0.0,0.0
052153,大立光凱基59購01,TW,0.0,20.0,0.0,0.0,0,0.0,0.0
052155,晶技凱基57購01,TW,0.0,-1.0,0.0,0.0,0,0.0,0.0
052156,新日興凱基5A購02,TW,0.0,-182.0,0.0,0.0,0,0.0,0.0
052157,玉晶光凱基57購01,TW,0.0,-624.0,0.0,0.0,0,0.0,0.0
052158,世芯凱基59購02,TW,0.0,-2.0,0.0,0.0,0,0.0,0.0
052159,日月光凱基5C購01,TW,0.0,6.0,0.0,0.0,0,0.0,0.0
052160,眾達凱基57購03,TW,0.0,4.0,0.0,0.0,0,0.0,0.0
052161,祥碩凱基59購01,TW,0.0,67.0,0.0,0.0,0,0.0,0.0
052162,亞翔凱基59購03,TW,0.0,-17.0,0.0,0.0,0,0.0,0.0
052163,今國光凱基57購02,TW,0.0,14.0,0.0,0.0,0,0.0,0.0
052164,康舒凱基58購02,TW,0.0,-113.0,0.0,0.0,0,0.0,0.0
052167,南茂凱基58購02,TW,0.0,14.0,0.0,0.0,0,0.0,0.0
052168,臺股指凱基63購03,TW,0.0,2.0,0.0,0.0,0,0.0,0.0
052169,南亞統一61購01,TW,0.0,31.0,0.0,0.0,0,0.0,0.0
052171,南亞統一61購03,TW,0.0,10.0,0.0,0.0,0,0.0,0.0
052172,華新統一5B購01,TW,0.0,-350.0,0.0,0.0,0,0.0,0.0
052173,華新統一63購01,TW,0.0,-24.0,0.0,0.0,0,0.0,0.0
052174,華新統一71購01,TW,0.0,-62.0,0.0,0.0,0,0.0,0.0
052175,聯電統一5C購01,TW,0.0,-21.0,0.0,0.0,0,0.0,0.0
052176,聯電統一61購01,TW,0.0,45.0,0.0,0.0,0,0.0,0.0
052177,聯電統一61購02,TW,0.0,319.0,0.0,0.0,0,0.0,0.0
052178,聯電統一64購01,TW,0.0,436.0,0.0,0.0,0,0.0,0.0
052179,台達電統一61購02,TW,0.0,-165.0,0.0,0.0,0,0.0,0.0
052180,台達電統一65購01,TW,0.0,-43.0,0.0,0.0,0,0.0,0.0
052181,台達電統一71購01,TW,0.0,-320.0,0.0,0.0,0,0.0,0.0
052182,華通統一63購01,TW,0.0,-2.0,0.0,0.0,0,0.0,0.0
052184,華通統一67購01,TW,0.0,-3.0,0.0,0.0,0,0.0,0.0
052185,華通統一71購01,TW,0.0,81.0,0.0,0.0,0,0.0,0.0
052186,華通統一71購02,TW,0.0,21.0,0.0,0.0,0,0.0,0.0
052187,楠梓電統一62購01,TW,0.0,17.0,0.0,0.0,0,0.0,0.0
052188,鴻海統一71購01,TW,0.0,81.0,0.0,0.0,0,0.0,0.0
052189,華泰統一63購01,TW,0.0,10.0,0.0,0.0,0,0.0,0.0
052190,台積電統一65購01,TW,0.0,-98.0,0.0,0.0,0,0.0,0.0
052191,台積電統一71購02,TW,0.0,-383.0,0.0,0.0,0,0.0,0.0
052192,台積電統一71購03,TW,0.0,-74.0,0.0,0.0,0,0.0,0.0
052193,台積電統一71購04,TW,0.0,-800.0,0.0,0.0,0,0.0,0.0
052194,台積電統一71購05,TW,0.0,347.0,0.0,0.0,0,0.0,0.0
052198,佳能統一64購01,TW,0.0,-1310.0,0.0,0.0,0,0.0,0.0
052199,聯發科統一64購01,TW,0.0,-3.0,0.0,0.0,0,0.0,0.0
052200,志聖統一61購02,TW,0.0,-38.0,0.0,0.0,0,0.0,0.0
052201,華新科統一61購02,TW,0.0,264.0,0.0,0.0,0,0.0,0.0
052202,揚博統一5C購01,TW,0.0,-80.0,0.0,0.0,0,0.0,0.0
052203,揚博統一61購01,TW,0.0,-1320.0,0.0,0.0,0,0.0,0.0
052204,揚博統一61購02,TW,0.0,322.0,0.0,0.0,0,0.0,0.0
052205,揚博統一71購01,TW,0.0,-153.0,0.0,0.0,0,0.0,0.0
052206,智原統一71購01,TW,0.0,-572.0,0.0,0.0,0,0.0,0.0
052207,日電貿統一61購01,TW,0.0,276.0,0.0,0.0,0,0.0,0.0
052208,景碩統一71購01,TW,0.0,10.0,0.0,0.0,0,0.0,0.0
052210,貿聯統一61購02,TW,0.0,107.0,0.0,0.0,0,0.0,0.0
052211,達興統一64購02,TW,0.0,499.0,0.0,0.0,0,0.0,0.0
052212,祥碩統一61購01,TW,0.0,-1386.0,0.0,0.0,0,0.0,0.0
052213,亞翔統一71購01,TW,0.0,-1300.0,0.0,0.0,0,0.0,0.0
052214,今國光統一71購01,TW,0.0,-174.0,0.0,0.0,0,0.0,0.0
052215,力成統一71購01,TW,0.0,715.0,0.0,0.0,0,0.0,0.0
052216,矽力統一61購01,TW,0.0,74.0,0.0,0.0,0,0.0,0.0
052217,矽力統一71購01,TW,0.0,-10.0,0.0,0.0,0,0.0,0.0
052218,愛普統一61購01,TW,0.0,79.0,0.0,0.0,0,0.0,0.0
052219,愛普統一64購02,TW,0.0,-94.0,0.0,0.0,0,0.0,0.0
052220,昇陽半統一61購01,TW,0.0,266.0,0.0,0.0,0,0.0,0.0
052221,至上統一61購01,TW,0.0,-25.0,0.0,0.0,0,0.0,0.0
052222,南茂統一61購01,TW,0.0,-273.0,0.0,0.0,0,0.0,0.0
052223,南茂統一71購01,TW,0.0,-70.0,0.0,0.0,0,0.0,0.0
052224,臺股指統一61購01,TW,0.0,-3.0,0.0,0.0,0,0.0,0.0
052229,聯電元富57購05,TW,0.0,7.0,0.0,0.0,0,0.0,0.0
052231,聯電元富5A購03,TW,0.0,5.0,0.0,0.0,0,0.0,0.0
052233,金寶元富61購01,TW,0.0,85.0,0.0,0.0,0,0.0,0.0
052235,台積電元富61購01,TW,0.0,6.0,0.0,0.0,0,0.0,0.0
052238,大立光元富61購01,TW,0.0,208.0,0.0,0.0,0,0.0,0.0
052240,玉晶光元富59購01,TW,0.0,137.0,0.0,0.0,0,0.0,0.0
052241,世芯元富61購01,TW,0.0,40.0,0.0,0.0,0,0.0,0.0
052243,貿聯元富5B購01,TW,0.0,-898.0,0.0,0.0,0,0.0,0.0
052245,定穎控元富61購01,TW,0.0,-70.0,0.0,0.0,0,0.0,0.0
052246,定穎控元富61購02,TW,0.0,-392.0,0.0,0.0,0,0.0,0.0
052247,愛普元富61購01,TW,0.0,38.0,0.0,0.0,0,0.0,0.0
052248,緯穎元富5B購01,TW,0.0,-11.0,0.0,0.0,0,0.0,0.0
052251,台泥國票58購01,TW,0.0,54.0,0.0,0.0,0,0.0,0.0
052252,裕隆國票58購01,TW,0.0,80.0,0.0,0.0,0,0.0,0.0
052254,聯電國票59購01,TW,0.0,47.0,0.0,0.0,0,0.0,0.0
052256,中環國票58購01,TW,0.0,749.0,0.0,0.0,0,0.0,0.0
052258,矽統國票58購01,TW,0.0,-311.0,0.0,0.0,0,0.0,0.0
052260,長榮國票58購01,TW,0.0,-10.0,0.0,0.0,0,0.0,0.0
052261,華航國票57購01,TW,0.0,-140.0,0.0,0.0,0,0.0,0.0
052263,元大金國票58購01,TW,0.0,80.0,0.0,0.0,0,0.0,0.0
052264,增你強國票58購01,TW,0.0,132.0,0.0,0.0,0,0.0,0.0
052265,洋華國票58購01,TW,0.0,260.0,0.0,0.0,0,0.0,0.0
052266,和碩國票58購01,TW,0.0,28.0,0.0,0.0,0,0.0,0.0
052267,全訊國票58購01,TW,0.0,-179.0,0.0,0.0,0,0.0,0.0
052268,達運國票58購01,TW,0.0,22.0,0.0,0.0,0,0.0,0.0
052271,南茂國票59購01,TW,0.0,-12.0,0.0,0.0,0,0.0,0.0
052273,亞航國泰58購01,TW,0.0,128.0,0.0,0.0,0,0.0,0.0
052274,漢翔國泰58購01,TW,0.0,40.0,0.0,0.0,0,0.0,0.0
052275,智原國泰58購01,TW,0.0,6.0,0.0,0.0,0,0.0,0.0
052278,滬深2X永豐57購03,TW,0.0,34.0,0.0,0.0,0,0.0,0.0
052279,滬深2X永豐5A購01,TW,0.0,-8.0,0.0,0.0,0,0.0,0.0
052281,中砂永豐58購01,TW,0.0,-25.0,0.0,0.0,0,0.0,0.0
052285,聯電永豐59購01,TW,0.0,5.0,0.0,0.0,0,0.0,0.0
052287,鴻海永豐61購01,TW,0.0,-189.0,0.0,0.0,0,0.0,0.0
052291,漢唐永豐57購04,TW,0.0,0.0,0.0,0.0,0,0.0,0.0
052295,緯創永豐59購01,TW,0.0,-39.0,0.0,0.0,0,0.0,0.0
052296,昇貿永豐58購02,TW,0.0,-1720.0,0.0,0.0,0,0.0,0.0
052297,新日興永豐58購01,TW,0.0,-29.0,0.0,0.0,0,0.0,0.0
052300,定穎控永豐57購02,TW,0.0,-91.0,0.0,0.0,0,0.0,0.0
052302,定穎控永豐58購01,TW,0.0,2528.0,0.0,0.0,0,0.0,0.0
052304,達明永豐5A購01,TW,0.0,723.0,0.0,0.0,0,0.0,0.0
052305,祥碩永豐5A購01,TW,0.0,-302.0,0.0,0.0,0,0.0,0.0
052306,今國光永豐59購01,TW,0.0,1771.0,0.0,0.0,0,0.0,0.0
052307,旭隼永豐58購02,TW,0.0,20.0,0.0,0.0,0,0.0,0.0
052309,愛普永豐57購03,TW,0.0,10.0,0.0,0.0,0,0.0,0.0
052311,緯穎永豐58購04,TW,0.0,-43.0,0.0,0.0,0,0.0,0.0
052313,南茂兆豐59購02,TW,0.0,-4.0,0.0,0.0,0,0.0,0.0
052314,勤誠兆豐59購01,TW,0.0,19.0,0.0,0.0,0,0.0,0.0
052317,亞德客富邦59購01,TW,0.0,4.0,0.0,0.0,0,0.0,0.0
05231U,臺股指凱基58售03,TW,0.0,832.0,0.0,0.0,0,0.0,0.0
052320,華碩富邦57購01,TW,0.0,-331.0,0.0,0.0,0,0.0,0.0
052323,益登富邦59購01,TW,0.0,-37.0,0.0,0.0,0,0.0,0.0
052325,緯創富邦61購02,TW,0.0,-2170.0,0.0,0.0,0,0.0,0.0
05232P,台積電元富5B售02,TW,0.0,-24.0,0.0,0.0,0,0.0,0.0
052330,大聯大富邦59購01,TW,0.0,17.0,0.0,0.0,0,0.0,0.0
052331,至上富邦59購02,TW,0.0,-376.0,0.0,0.0,0,0.0,0.0
052332,臺股指富邦61購09,TW,0.0,-5.0,0.0,0.0,0,0.0,0.0
052334,大立光台新57購02,TW,0.0,-21.0,0.0,0.0,0,0.0,0.0
052338,聯電群益57購03,TW,0.0,0.0,0.0,0.0,0,0.0,0.0
052340,台達電群益5A購02,TW,0.0,1.0,0.0,0.0,0,0.0,0.0
052341,鴻海群益5B購03,TW,0.0,-1184.0,0.0,0.0,0,0.0,0.0
052342,陽明群益57購03,TW,0.0,0.0,0.0,0.0,0,0.0,0.0
052344,大立光群益57購06,TW,0.0,-13.0,0.0,0.0,0,0.0,0.0
052345,智原群益57購01,TW,0.0,2.0,0.0,0.0,0,0.0,0.0
052346,景碩群益57購10,TW,0.0,1.0,0.0,0.0,0,0.0,0.0
052347,聯鈞群益59購01,TW,0.0,2.0,0.0,0.0,0,0.0,0.0
052350,定穎控群益5B購02,TW,0.0,58.0,0.0,0.0,0,0.0,0.0
052351,亞翔群益57購03,TW,0.0,-847.0,0.0,0.0,0,0.0,0.0
052352,矽力群益5B購01,TW,0.0,2.0,0.0,0.0,0,0.0,0.0
052353,保瑞群益5B購01,TW,0.0,79.0,0.0,0.0,0,0.0,0.0
052357,勤誠群益58購01,TW,0.0,10.0,0.0,0.0,0,0.0,0.0
052358,勤誠群益58購02,TW,0.0,10.0,0.0,0.0,0,0.0,0.0
052359,勤誠群益58購03,TW,0.0,29.0,0.0,0.0,0,0.0,0.0
052362,上証2X元大59購01,TW,0.0,-58.0,0.0,0.0,0,0.0,0.0
052363,元黃金元大59購01,TW,0.0,-20.0,0.0,0.0,0,0.0,0.0
052365,滬深2X元大59購02,TW,0.0,-7.0,0.0,0.0,0,0.0,0.0
052366,滬深2X元大5A購02,TW,0.0,-869.0,0.0,0.0,0,0.0,0.0
052367,日本2X元大57購01,TW,0.0,-15.0,0.0,0.0,0,0.0,0.0
052368,S&P正2元大58購01,TW,0.0,-24.0,0.0,0.0,0,0.0,0.0
052369,亞德客元大57購01,TW,0.0,20.0,0.0,0.0,0,0.0,0.0
052371,川湖元大5B購05,TW,0.0,15.0,0.0,0.0,0,0.0,0.0
052377,華通元大5C購04,TW,0.0,48.0,0.0,0.0,0,0.0,0.0
052378,鴻海元大5A購07,TW,0.0,16.0,0.0,0.0,0,0.0,0.0
052379,台積電元大5A購06,TW,0.0,-17.0,3.0,0.0,0,0.0,0.0
052382,毅嘉元大57購06,TW,0.0,-80.0,0.0,0.0,0,0.0,0.0
052383,漢唐元大61購02,TW,0.0,3733.0,0.0,0.0,0,0.0,0.0
052385,聯發科元大57購15,TW,0.0,10.0,0.0,0.0,0,0.0,0.0
052386,聯發科元大61購10,TW,0.0,-4.0,0.0,0.0,0,0.0,0.0
052387,宏達電元大61購06,TW,0.0,-3371.0,0.0,0.0,0,0.0,0.0
052388,長榮元大5A購01,TW,0.0,-8.0,0.0,0.0,0,0.0,0.0
052389,慧洋元大57購04,TW,0.0,1.0,0.0,0.0,0,0.0,0.0
052390,大立光元大57購02,TW,0.0,2.0,0.0,0.0,0,0.0,0.0
052391,大立光元大5A購02,TW,0.0,27.0,0.0,0.0,0,0.0,0.0
052392,大立光元大61購13,TW,0.0,6.0,0.0,0.0,0,0.0,0.0
052396,新日興元大57購05,TW,0.0,1.0,0.0,0.0,0,0.0,0.0
052398,聯鈞元大57購08,TW,0.0,30.0,0.0,0.0,0,0.0,0.0
052400,世芯元大57購11,TW,0.0,-4.0,0.0,0.0,0,0.0,0.0
052401,世芯元大57購12,TW,0.0,-112.0,0.0,0.0,0,0.0,0.0
052402,世芯元大57購13,TW,0.0,2.0,0.0,0.0,0,0.0,0.0
052403,定穎控元大61購01,TW,0.0,474.0,0.0,0.0,0,0.0,0.0
052404,亞翔元大5B購02,TW,0.0,-161.0,0.0,0.0,0,0.0,0.0
052405,力成元大57購04,TW,0.0,736.0,0.0,0.0,0,0.0,0.0
052406,力成元大57購05,TW,0.0,-1684.0,0.0,0.0,0,0.0,0.0
052408,康舒元大57購05,TW,0.0,20.0,0.0,0.0,0,0.0,0.0
052409,康舒元大5A購05,TW,0.0,191.0,0.0,0.0,0,0.0,0.0
052411,矽力元大5B購01,TW,0.0,15.0,0.0,0.0,0,0.0,0.0
052412,矽力元大61購01,TW,0.0,32.0,0.0,0.0,0,0.0,0.0
052417,AES元大57購05,TW,0.0,899.0,0.0,0.0,0,0.0,0.0
052418,AES元大57購06,TW,0.0,646.0,0.0,0.0,0,0.0,0.0
052419,昇陽半元大57購06,TW,0.0,265.0,0.0,0.0,0,0.0,0.0
052420,昇陽半元大57購07,TW,0.0,43.0,0.0,0.0,0,0.0,0.0
052421,昇陽半元大57購08,TW,0.0,100.0,0.0,0.0,0,0.0,0.0
052424,滬深2X凱基5B購02,TW,0.0,0.0,0.0,0.0,0,0.0,0.0
052425,道瓊2X凱基5B購01,TW,0.0,-15.0,0.0,0.0,0,0.0,0.0
052427,亞德客凱基57購01,TW,0.0,-40.0,0.0,0.0,0,0.0,0.0
052428,永光凱基57購01,TW,0.0,20.0,0.0,0.0,0,0.0,0.0
052431,金寶凱基58購02,TW,0.0,1.0,0.0,0.0,0,0.0,0.0
052433,國巨凱基57購05,TW,0.0,6.0,0.0,0.0,0,0.0,0.0
052436,瑞昱凱基57購02,TW,0.0,-110.0,0.0,0.0,0,0.0,0.0
052437,超豐凱基57購03,TW,0.0,-172.0,0.0,0.0,0,0.0,0.0
052439,全新凱基57購02,TW,0.0,18.0,0.0,0.0,0,0.0,0.0
052440,欣興凱基57購04,TW,0.0,1.0,0.0,0.0,0,0.0,0.0
052443,景碩凱基58購03,TW,0.0,-1.0,0.0,0.0,0,0.0,0.0
052444,昇貿凱基57購01,TW,0.0,-266.0,0.0,0.0,0,0.0,0.0
052445,聯鈞凱基58購05,TW,0.0,5.0,0.0,0.0,0,0.0,0.0
052446,祥碩凱基5A購03,TW,0.0,500.0,0.0,0.0,0,0.0,0.0
052448,力成凱基5A購02,TW,0.0,285.0,0.0,0.0,0,0.0,0.0
052455,華泰永豐58購02,TW,0.0,-15.0,0.0,0.0,0,0.0,0.0
052456,敬鵬永豐59購01,TW,0.0,11.0,0.0,0.0,0,0.0,0.0
052457,強茂永豐58購01,TW,0.0,-35.0,0.0,0.0,0,0.0,0.0
052458,新興永豐58購01,TW,0.0,-100.0,0.0,0.0,0,0.0,0.0
052460,建漢永豐58購01,TW,0.0,166.0,0.0,0.0,0,0.0,0.0
052463,大量永豐58購01,TW,0.0,1.0,0.0,0.0,0,0.0,0.0
052464,事欣科永豐59購01,TW,0.0,31.0,0.0,0.0,0,0.0,0.0
052465,臻鼎永豐59購01,TW,0.0,10.0,0.0,0.0,0,0.0,0.0
052467,力成永豐57購02,TW,0.0,-137.0,0.0,0.0,0,0.0,0.0
052468,康舒永豐59購01,TW,0.0,-647.0,0.0,0.0,0,0.0,0.0
052470,長華永豐58購01,TW,0.0,-11.0,0.0,0.0,0,0.0,0.0
052471,泰金寶永豐58購01,TW,0.0,-6.0,0.0,0.0,0,0.0,0.0
052472,聯電兆豐59購02,TW,0.0,4.0,0.0,0.0,0,0.0,0.0
052474,大同兆豐57購02,TW,0.0,784.0,0.0,0.0,0,0.0,0.0
052476,保瑞兆豐57購01,TW,0.0,92.0,0.0,0.0,0,0.0,0.0
052477,AES兆豐59購01,TW,0.0,0.0,0.0,0.0,0,0.0,0.0
052478,川湖富邦5A購01,TW,0.0,32.0,0.0,0.0,0,0.0,0.0
052479,光寶科富邦61購01,TW,0.0,-501.0,0.0,0.0,0,0.0,0.0
052480,聯電富邦61購01,TW,0.0,26.0,0.0,0.0,0,0.0,0.0
052481,鴻海富邦61購03,TW,0.0,-1212.0,0.0,0.0,0,0.0,0.0
052483,毅嘉富邦5A購01,TW,0.0,-80.0,0.0,0.0,0,0.0,0.0
052485,洋基富邦5A購01,TW,0.0,-211.0,0.0,0.0,0,0.0,0.0
052486,振樺電富邦59購01,TW,0.0,99.0,0.0,0.0,0,0.0,0.0
052487,南茂富邦61購02,TW,0.0,134.0,0.0,0.0,0,0.0,0.0
052488,金寶國票5A購01,TW,0.0,60.0,0.0,0.0,0,0.0,0.0
052490,敬鵬國票58購01,TW,0.0,36.0,0.0,0.0,0,0.0,0.0
052491,燿華國票58購01,TW,0.0,1.0,0.0,0.0,0,0.0,0.0
052492,菱生國票58購01,TW,0.0,1.0,0.0,0.0,0,0.0,0.0
052495,定穎控國票5A購01,TW,0.0,-20.0,0.0,0.0,0,0.0,0.0
052496,定穎控國票61購01,TW,0.0,27.0,0.0,0.0,0,0.0,0.0
052497,力成國票58購02,TW,0.0,0.0,0.0,0.0,0,0.0,0.0
052498,滬深2X國泰58購02,TW,0.0,0.0,0.0,0.0,0,0.0,0.0
052499,金寶國泰58購01,TW,0.0,31.0,0.0,0.0,0,0.0,0.0
052500,揚博國泰58購01,TW,0.0,5.0,0.0,0.0,0,0.0,0.0
052502,康舒國泰58購01,TW,0.0,4.0,0.0,0.0,0,0.0,0.0
052503,勤誠國泰58購02,TW,0.0,60.0,0.0,0.0,0,0.0,0.0
052506,緯創台新57購01,TW,0.0,-183.0,0.0,0.0,0,0.0,0.0
052507,元黃金元大57購03,TW,0.0,-54.0,0.0,0.0,0,0.0,0.0
052510,中鋼元大57購03,TW,0.0,-55.0,0.0,0.0,0,0.0,0.0
052516,長榮太統一56購01,TW,0.0,0.0,0.0,0.0,0,0.0,0.0
052521,鴻海元大5A購08,TW,0.0,58.0,0.0,0.0,0,0.0,0.0
052522,華泰元大57購03,TW,0.0,-20.0,0.0,0.0,0,0.0,0.0
052523,華泰元大59購01,TW,0.0,53.0,0.0,0.0,0,0.0,0.0
052525,台積電元大5A購07,TW,0.0,-15.0,0.0,0.0,0,0.0,0.0
052527,毅嘉元大61購01,TW,0.0,64.0,0.0,0.0,0,0.0,0.0
052528,聯發科元大57購16,TW,0.0,4.0,0.0,0.0,0,0.0,0.0
052532,全新元大5C購01,TW,0.0,17.0,0.0,0.0,0,0.0,0.0
052536,大立光元大57購03,TW,0.0,1411.0,0.0,0.0,0,0.0,0.0
052537,大立光元大57購04,TW,0.0,88.0,0.0,0.0,0,0.0,0.0
052538,大立光元大57購05,TW,0.0,10.0,0.0,0.0,0,0.0,0.0
052545,世芯元大57購14,TW,0.0,-103.0,0.0,0.0,0,0.0,0.0
052546,世芯元大57購15,TW,0.0,-67.0,0.0,0.0,0,0.0,0.0
052547,定穎控元大61購02,TW,0.0,1456.0,0.0,0.0,0,0.0,0.0
052548,亞翔元大57購05,TW,0.0,-1797.0,0.0,0.0,0,0.0,0.0
052549,力成元大57購06,TW,0.0,1381.0,0.0,0.0,0,0.0,0.0
052550,矽格元大57購07,TW,0.0,40.0,0.0,0.0,0,0.0,0.0
052551,矽格元大57購08,TW,0.0,42.0,0.0,0.0,0,0.0,0.0
052554,康舒元大57購06,TW,0.0,31.0,0.0,0.0,0,0.0,0.0
052556,緯穎元大57購07,TW,0.0,82.0,0.0,0.0,0,0.0,0.0
052558,至上元大58購04,TW,0.0,-1659.0,0.0,0.0,0,0.0,0.0
052559,至上元大59購03,TW,0.0,-490.0,0.0,0.0,0,0.0,0.0
052563,臺股指元大5A購10,TW,0.0,4.0,0.0,0.0,0,0.0,0.0
052573,長榮鋼群益57購01,TW,0.0,-30.0,0.0,0.0,0,0.0,0.0
052574,光寶科群益5C購01,TW,0.0,-723.0,0.0,0.0,0,0.0,0.0
052576,華通群益61購01,TW,0.0,14.0,0.0,0.0,0,0.0,0.0
052579,敬鵬群益57購01,TW,0.0,12.0,0.0,0.0,0,0.0,0.0
052588,昇貿群益59購01,TW,0.0,544.0,0.0,0.0,0,0.0,0.0
052591,上緯控群益58購01,TW,0.0,454.0,0.0,0.0,0,0.0,0.0
052592,日月光群益58購03,TW,0.0,-1.0,0.0,0.0,0,0.0,0.0
052593,事欣科群益57購01,TW,0.0,373.0,0.0,0.0,0,0.0,0.0
052597,祥碩群益59購02,TW,0.0,-20.0,0.0,0.0,0,0.0,0.0
052598,力成群益59購02,TW,0.0,564.0,0.0,0.0,0,0.0,0.0
052599,康舒群益57購01,TW,0.0,380.0,0.0,0.0,0,0.0,0.0
052600,啟碁群益59購01,TW,0.0,10.0,0.0,0.0,0,0.0,0.0
052605,南茂群益57購03,TW,0.0,-2.0,0.0,0.0,0,0.0,0.0
052607,台泥元富57購01,TW,0.0,-20.0,0.0,0.0,0,0.0,0.0
052611,光寶科元富57購02,TW,0.0,-15.0,0.0,0.0,0,0.0,0.0
052613,國巨元富57購02,TW,0.0,6.0,0.0,0.0,0,0.0,0.0
052615,台積電元富61購02,TW,0.0,36.0,0.0,0.0,0,0.0,0.0
052616,台積電元富71購02,TW,0.0,-63.0,0.0,0.0,0,0.0,0.0
052618,佳能元富57購01,TW,0.0,-2.0,0.0,0.0,0,0.0,0.0
052620,全新元富57購01,TW,0.0,5.0,0.0,0.0,0,0.0,0.0
052621,全新元富61購01,TW,0.0,16.0,0.0,0.0,0,0.0,0.0
052626,昇貿元富57購01,TW,0.0,-10.0,0.0,0.0,0,0.0,0.0
052627,世芯元富58購04,TW,0.0,83.0,0.0,0.0,0,0.0,0.0
052628,貿聯元富57購03,TW,0.0,60.0,0.0,0.0,0,0.0,0.0
052632,祥碩元富57購03,TW,0.0,-173.0,0.0,0.0,0,0.0,0.0
052633,力成元富57購02,TW,0.0,2.0,0.0,0.0,0,0.0,0.0
052634,緯穎元富57購06,TW,0.0,0.0,0.0,0.0,0,0.0,0.0
052635,至上元富57購01,TW,0.0,51.0,0.0,0.0,0,0.0,0.0
052637,南茂元富57購03,TW,0.0,1194.0,0.0,0.0,0,0.0,0.0
052640,台化統一5B購01,TW,0.0,-100.0,0.0,0.0,0,0.0,0.0
052641,中砂統一61購02,TW,0.0,122.0,0.0,0.0,0,0.0,0.0
052642,中砂統一61購03,TW,0.0,-330.0,0.0,0.0,0,0.0,0.0
052644,金寶統一71購01,TW,0.0,-159.0,0.0,0.0,0,0.0,0.0
052645,華通統一5C購01,TW,0.0,1.0,0.0,0.0,0,0.0,0.0
052646,華通統一61購03,TW,0.0,127.0,0.0,0.0,0,0.0,0.0
052647,華通統一64購03,TW,0.0,-736.0,0.0,0.0,0,0.0,0.0
052648,鴻海統一65購01,TW,0.0,-102.0,0.0,0.0,0,0.0,0.0
052649,所羅門統一5B購01,TW,0.0,-4481.0,0.0,0.0,0,0.0,0.0
052650,致茂統一63購01,TW,0.0,10.0,0.0,0.0,0,0.0,0.0
052653,超豐統一61購01,TW,0.0,251.0,0.0,0.0,0,0.0,0.0
052654,超豐統一71購01,TW,0.0,298.0,0.0,0.0,0,0.0,0.0
052655,全新統一5C購01,TW,0.0,1076.0,0.0,0.0,0,0.0,0.0
052656,揚博統一5B購01,TW,0.0,-15.0,0.0,0.0,0,0.0,0.0
052657,揚博統一61購03,TW,0.0,-93.0,0.0,0.0,0,0.0,0.0
052658,揚博統一71購02,TW,0.0,-123.0,0.0,0.0,0,0.0,0.0
052660,文曄統一5B購02,TW,0.0,71.0,0.0,0.0,0,0.0,0.0
052663,欣興統一67購02,TW,0.0,-1.0,0.0,0.0,0,0.0,0.0
052664,欣興統一71購01,TW,0.0,0.0,0.0,0.0,0,0.0,0.0
052665,益登統一71購01,TW,0.0,-173.0,0.0,0.0,0,0.0,0.0
052666,日電貿統一61購02,TW,0.0,-1434.0,0.0,0.0,0,0.0,0.0
052667,大量統一5B購01,TW,0.0,94.0,0.0,0.0,0,0.0,0.0
052668,大量統一61購01,TW,0.0,-21.0,0.0,0.0,0,0.0,0.0
052669,大量統一61購02,TW,0.0,8.0,0.0,0.0,0,0.0,0.0
052670,大量統一64購01,TW,0.0,119.0,0.0,0.0,0,0.0,0.0
052672,大量統一71購02,TW,0.0,-85.0,0.0,0.0,0,0.0,0.0
052674,台勝科統一5B購01,TW,0.0,2.0,0.0,0.0,0,0.0,0.0
052675,嘉澤統一63購01,TW,0.0,-15.0,0.0,0.0,0,0.0,0.0
052676,世芯統一5C購02,TW,0.0,-375.0,0.0,0.0,0,0.0,0.0
052677,日月光統一64購01,TW,0.0,-6.0,0.0,0.0,0,0.0,0.0
052678,大銀統一64購01,TW,0.0,115.0,0.0,0.0,0,0.0,0.0
052679,祥碩統一61購02,TW,0.0,-1104.0,0.0,0.0,0,0.0,0.0
052680,亞翔統一61購01,TW,0.0,-3226.0,0.0,0.0,0,0.0,0.0
052681,亞翔統一61購02,TW,0.0,-5000.0,0.0,0.0,0,0.0,0.0
052682,精成科統一61購02,TW,0.0,-552.0,0.0,0.0,0,0.0,0.0
052683,佳必琪統一61購01,TW,0.0,2.0,0.0,0.0,0,0.0,0.0
052684,今國光統一61購01,TW,0.0,-244.0,0.0,0.0,0,0.0,0.0
052685,今國光統一61購02,TW,0.0,362.0,0.0,0.0,0,0.0,0.0
052686,今國光統一71購02,TW,0.0,-1.0,0.0,0.0,0,0.0,0.0
052687,力成統一64購01,TW,0.0,1267.0,0.0,0.0,0,0.0,0.0
052688,同欣電統一61購01,TW,0.0,-538.0,0.0,0.0,0,0.0,0.0
052689,康舒統一5C購01,TW,0.0,472.0,0.0,0.0,0,0.0,0.0
052690,康舒統一71購01,TW,0.0,-296.0,0.0,0.0,0,0.0,0.0
052691,矽力統一61購02,TW,0.0,199.0,0.0,0.0,0,0.0,0.0
052692,富世達統一61購02,TW,0.0,-22.0,0.0,0.0,0,0.0,0.0
052693,昇陽半統一61購02,TW,0.0,1020.0,0.0,0.0,0,0.0,0.0
052694,台虹統一61購01,TW,0.0,4.0,0.0,0.0,0,0.0,0.0
052695,台虹統一61購02,TW,0.0,8.0,0.0,0.0,0,0.0,0.0
052697,至上統一5C購04,TW,0.0,24.0,0.0,0.0,0,0.0,0.0
052698,南茂統一5B購01,TW,0.0,142.0,0.0,0.0,0,0.0,0.0
052699,南茂統一61購02,TW,0.0,-60.0,0.0,0.0,0,0.0,0.0
052700,南茂統一61購03,TW,0.0,-165.0,0.0,0.0,0,0.0,0.0
052701,南茂統一64購01,TW,0.0,-228.0,0.0,0.0,0,0.0,0.0
052703,南茂統一71購02,TW,0.0,-1250.0,0.0,0.0,0,0.0,0.0
052704,華新兆豐58購01,TW,0.0,5.0,0.0,0.0,0,0.0,0.0
052706,大量兆豐59購01,TW,0.0,2.0,0.0,0.0,0,0.0,0.0
052707,龍德船兆豐61購01,TW,0.0,-1.0,0.0,0.0,0,0.0,0.0
052708,昇陽半兆豐59購01,TW,0.0,232.0,0.0,0.0,0,0.0,0.0
052709,可寧衛兆豐61購01,TW,0.0,-83.0,0.0,0.0,0,0.0,0.0
052711,第一銅富邦57購01,TW,0.0,-150.0,0.0,0.0,0,0.0,0.0
052712,大成鋼富邦5A購01,TW,0.0,1019.0,0.0,0.0,0,0.0,0.0
052713,上銀富邦57購01,TW,0.0,40.0,0.0,0.0,0,0.0,0.0
052714,華泰富邦57購01,TW,0.0,-421.0,0.0,0.0,0,0.0,0.0
052715,大同富邦59購01,TW,0.0,-2515.0,0.0,0.0,0,0.0,0.0
052716,微星富邦5A購01,TW,0.0,565.0,0.0,0.0,0,0.0,0.0
052718,漢翔富邦59購02,TW,0.0,50.0,0.0,0.0,0,0.0,0.0
052719,長榮太富邦57購02,TW,0.0,0.0,0.0,0.0,0,0.0,0.0
052720,矽格富邦5B購01,TW,0.0,8.0,0.0,0.0,0,0.0,0.0
052722,可寧衛富邦5A購02,TW,0.0,2379.0,0.0,0.0,0,0.0,0.0
052726,南亞元富57購03,TW,0.0,20.0,0.0,0.0,0,0.0,0.0
052732,漢唐元富57購03,TW,0.0,-140.0,0.0,0.0,0,0.0,0.0
052733,仲琦元富57購01,TW,0.0,-455.0,0.0,0.0,0,0.0,0.0
052740,今國光元富57購01,TW,0.0,49.0,0.0,0.0,0,0.0,0.0
052741,矽統統一5A購01,TW,0.0,-19.0,0.0,0.0,0,0.0,0.0
052747,國巨國泰58購01,TW,0.0,1.0,0.0,0.0,0,0.0,0.0
052751,超豐國泰58購04,TW,0.0,10.0,0.0,0.0,0,0.0,0.0
052752,昇貿國泰58購02,TW,0.0,-694.0,0.0,0.0,0,0.0,0.0
052753,緯穎國泰58購02,TW,0.0,1.0,0.0,0.0,0,0.0,0.0
052755,國喬永豐59購01,TW,0.0,-60.0,0.0,0.0,0,0.0,0.0
052756,金寶永豐58購01,TW,0.0,-225.0,0.0,0.0,0,0.0,0.0
052757,國巨永豐5A購01,TW,0.0,5.0,0.0,0.0,0,0.0,0.0
052759,燿華永豐59購02,TW,0.0,-7.0,0.0,0.0,0,0.0,0.0
052760,瑞昱永豐58購01,TW,0.0,-159.0,0.0,0.0,0,0.0,0.0
052761,漢唐永豐58購03,TW,0.0,-48.0,0.0,0.0,0,0.0,0.0
052763,奇鋐永豐61購02,TW,0.0,-50.0,0.0,0.0,0,0.0,0.0
052766,力成永豐58購02,TW,0.0,-230.0,0.0,0.0,0,0.0,0.0
052767,AES永豐58購01,TW,0.0,3.0,0.0,0.0,0,0.0,0.0
052771,南亞統一61購04,TW,0.0,86.0,0.0,0.0,0,0.0,0.0
052772,南亞統一71購01,TW,0.0,46.0,0.0,0.0,0,0.0,0.0
052774,華新統一61購03,TW,0.0,-6.0,0.0,0.0,0,0.0,0.0
052775,永光統一61購01,TW,0.0,-1.0,0.0,0.0,0,0.0,0.0
052777,金寶統一61購01,TW,0.0,-152.0,0.0,0.0,0,0.0,0.0
052778,金寶統一61購02,TW,0.0,-15.0,0.0,0.0,0,0.0,0.0
052779,金寶統一67購01,TW,0.0,43.0,0.0,0.0,0,0.0,0.0
052780,華通統一61購04,TW,0.0,119.0,0.0,0.0,0,0.0,0.0
052782,華泰統一71購01,TW,0.0,-458.0,0.0,0.0,0,0.0,0.0
052783,台積電統一61購04,TW,0.0,-20.0,0.0,0.0,0,0.0,0.0
052786,台積電統一71購06,TW,0.0,371.0,0.0,0.0,0,0.0,0.0
052788,瑞昱統一61購01,TW,0.0,-533.0,0.0,0.0,0,0.0,0.0
052789,瑞昱統一61購02,TW,0.0,-845.0,0.0,0.0,0,0.0,0.0
052790,超豐統一61購02,TW,0.0,410.0,0.0,0.0,0,0.0,0.0
052791,強茂統一71購01,TW,0.0,73.0,0.0,0.0,0,0.0,0.0
052792,智原統一61購01,TW,0.0,-62.0,0.0,0.0,0,0.0,0.0
052793,欣興統一61購04,TW,0.0,1.0,0.0,0.0,0,0.0,0.0
052794,鴻海群益58購01,TW,0.0,42.0,0.0,0.0,0,0.0,0.0
052795,鴻海群益5A購01,TW,0.0,-38.0,0.0,0.0,0,0.0,0.0
052796,欣興統一71購02,TW,0.0,12.0,0.0,0.0,0,0.0,0.0
052797,大量統一61購03,TW,0.0,-66.0,0.0,0.0,0,0.0,0.0
052798,景碩統一61購02,TW,0.0,2.0,0.0,0.0,0,0.0,0.0
052799,聯鈞統一61購02,TW,0.0,17.0,0.0,0.0,0,0.0,0.0
052801,臻鼎統一61購02,TW,0.0,21.0,0.0,0.0,0,0.0,0.0
052802,祥碩統一71購01,TW,0.0,-8.0,0.0,0.0,0,0.0,0.0
052803,聯茂統一61購02,TW,0.0,27.0,0.0,0.0,0,0.0,0.0
052804,力成統一61購01,TW,0.0,-615.0,0.0,0.0,0,0.0,0.0
052805,力成統一61購02,TW,0.0,-1005.0,0.0,0.0,0,0.0,0.0
052806,力成統一71購02,TW,0.0,61.0,0.0,0.0,0,0.0,0.0
052807,康舒統一61購01,TW,0.0,-600.0,0.0,0.0,0,0.0,0.0
052808,緯穎統一61購04,TW,0.0,-340.0,0.0,0.0,0,0.0,0.0
052809,龍德船統一61購02,TW,0.0,-57.0,0.0,0.0,0,0.0,0.0
052810,長華統一61購01,TW,0.0,264.0,0.0,0.0,0,0.0,0.0
052811,至上統一71購01,TW,0.0,-435.0,0.0,0.0,0,0.0,0.0
052812,南茂統一61購04,TW,0.0,-9.0,0.0,0.0,0,0.0,0.0
052814,可寧衛統一61購02,TW,0.0,2.0,0.0,0.0,0,0.0,0.0
052816,可寧衛統一71購02,TW,0.0,20.0,0.0,0.0,0,0.0,0.0
052821,中鋼凱基57購02,TW,0.0,-60.0,0.0,0.0,0,0.0,0.0
052823,光寶科凱基5A購02,TW,0.0,-30.0,0.0,0.0,0,0.0,0.0
052824,金寶凱基5A購01,TW,0.0,-146.0,0.0,0.0,0,0.0,0.0
052826,台積電凱基59購03,TW,0.0,-134.0,0.0,0.0,0,0.0,0.0
052828,毅嘉凱基57購03,TW,0.0,-7.0,0.0,0.0,0,0.0,0.0
052829,漢唐凱基61購01,TW,0.0,622.0,0.0,0.0,0,0.0,0.0
052830,世芯凱基57購11,TW,0.0,258.0,0.0,0.0,0,0.0,0.0
052831,日月光凱基58購04,TW,0.0,15.0,0.0,0.0,0,0.0,0.0
052833,亞翔凱基5A購01,TW,0.0,-272.0,0.0,0.0,0,0.0,0.0
052834,力成凱基59購04,TW,0.0,-121.0,0.0,0.0,0,0.0,0.0
052837,緯穎凱基58購03,TW,0.0,61.0,0.0,0.0,0,0.0,0.0
052838,雲豹凱基57購01,TW,0.0,-4.0,0.0,0.0,0,0.0,0.0
052839,兆聯凱基57購02,TW,0.0,1607.0,0.0,0.0,0,0.0,0.0
052840,勤誠凱基59購01,TW,0.0,10.0,0.0,0.0,0,0.0,0.0
052845,臺股指凱基57購13,TW,0.0,5.0,0.0,0.0,0,0.0,0.0
052848,亞力元大57購01,TW,0.0,-1110.0,0.0,0.0,0,0.0,0.0
052849,華新元大57購04,TW,0.0,-423.0,0.0,0.0,0,0.0,0.0
052850,大成鋼元大57購01,TW,0.0,862.0,0.0,0.0,0,0.0,0.0
052852,金寶元大57購01,TW,0.0,14.0,0.0,0.0,0,0.0,0.0
052853,金寶元大57購02,TW,0.0,-262.0,0.0,0.0,0,0.0,0.0
052855,鴻海元大5A購09,TW,0.0,-28.0,0.0,0.0,0,0.0,0.0
052856,華泰元大59購02,TW,0.0,-110.0,0.0,0.0,0,0.0,0.0
052859,燿華元大5A購02,TW,0.0,-19.0,0.0,0.0,0,0.0,0.0
052861,瑞昱元大57購04,TW,0.0,-203.0,0.0,0.0,0,0.0,0.0
052867,大立光元大57購06,TW,0.0,493.0,0.0,0.0,0,0.0,0.0
052868,大立光元大57購07,TW,0.0,22.0,0.0,0.0,0,0.0,0.0
052869,大立光元大57購08,TW,0.0,7.0,0.0,0.0,0,0.0,0.0
052872,大量元大57購03,TW,0.0,8.0,0.0,0.0,0,0.0,0.0
052874,昇貿元大57購04,TW,0.0,-324.0,0.0,0.0,0,0.0,0.0
052875,新日興元大57購06,TW,0.0,-30.0,0.0,0.0,0,0.0,0.0
052876,世芯元大57購16,TW,0.0,98.0,0.0,0.0,0,0.0,0.0
052877,世芯元大57購17,TW,0.0,99.0,0.0,0.0,0,0.0,0.0
052878,日月光元大57購03,TW,0.0,0.0,0.0,0.0,0,0.0,0.0
052879,亞翔元大61購01,TW,0.0,6.0,0.0,0.0,0,0.0,0.0
052880,矽格元大57購10,TW,0.0,1.0,0.0,0.0,0,0.0,0.0
052881,矽格元大5A購01,TW,0.0,252.0,0.0,0.0,0,0.0,0.0
052883,康舒元大57購07,TW,0.0,-193.0,0.0,0.0,0,0.0,0.0
052885,緯穎元大57購08,TW,0.0,6.0,0.0,0.0,0,0.0,0.0
052886,至上元大59購04,TW,0.0,-1154.0,0.0,0.0,0,0.0,0.0
052890,可寧衛元大61購01,TW,0.0,-52.0,0.0,0.0,0,0.0,0.0
052891,泰金寶元大57購01,TW,0.0,-51.0,0.0,0.0,0,0.0,0.0
052892,滬深2X群益5B購01,TW,0.0,-50.0,0.0,0.0,0,0.0,0.0
052893,中興電群益57購01,TW,0.0,38.0,0.0,0.0,0,0.0,0.0
052896,大成鋼群益57購02,TW,0.0,107.0,0.0,0.0,0,0.0,0.0
052897,宇隆群益58購01,TW,0.0,16.0,0.0,0.0,0,0.0,0.0
052898,台達電群益57購03,TW,0.0,10.0,0.0,0.0,0,0.0,0.0
052899,台達電群益5B購01,TW,0.0,31.0,0.0,0.0,0,0.0,0.0
052900,金寶群益58購01,TW,0.0,25.0,0.0,0.0,0,0.0,0.0
052902,鴻海群益58購10,TW,0.0,-23.0,0.0,0.0,0,0.0,0.0
052903,國巨群益57購05,TW,0.0,156.0,0.0,0.0,0,0.0,0.0
052909,瑞昱群益57購03,TW,0.0,-35.0,0.0,0.0,0,0.0,0.0
052910,瑞昱群益58購01,TW,0.0,660.0,0.0,0.0,0,0.0,0.0
052911,瑞昱群益59購01,TW,0.0,-82.0,0.0,0.0,0,0.0,0.0
052913,全新群益57購02,TW,0.0,30.0,0.0,0.0,0,0.0,0.0
052918,和碩群益58購01,TW,0.0,-10.0,0.0,0.0,0,0.0,0.0
052920,亞翔群益58購01,TW,0.0,-330.0,0.0,0.0,0,0.0,0.0
052921,帆宣群益59購01,TW,0.0,-15.0,0.0,0.0,0,0.0,0.0
052922,聯茂群益57購01,TW,0.0,929.0,0.0,0.0,0,0.0,0.0
052923,力成群益58購02,TW,0.0,5.0,0.0,0.0,0,0.0,0.0
052924,力成群益5A購02,TW,0.0,-223.0,0.0,0.0,0,0.0,0.0
052925,康舒群益57購02,TW,0.0,-8.0,0.0,0.0,0,0.0,0.0
052926,雲豹群益57購01,TW,0.0,-12.0,0.0,0.0,0,0.0,0.0
052930,瑞昱兆豐57購01,TW,0.0,-40.0,0.0,0.0,0,0.0,0.0
052931,立隆電兆豐5A購01,TW,0.0,20.0,0.0,0.0,0,0.0,0.0
052932,康舒兆豐61購01,TW,0.0,22.0,0.0,0.0,0,0.0,0.0
052933,保瑞兆豐59購01,TW,0.0,-10.0,0.0,0.0,0,0.0,0.0
052935,鴻海國泰5C購01,TW,0.0,34.0,0.0,0.0,0,0.0,0.0
052936,瑞昱國泰58購01,TW,0.0,15.0,0.0,0.0,0,0.0,0.0
052937,瑞昱國泰58購02,TW,0.0,6.0,0.0,0.0,0,0.0,0.0
052938,惠特國泰58購01,TW,0.0,-3.0,0.0,0.0,0,0.0,0.0
052942,士電統一61購01,TW,0.0,-268.0,0.0,0.0,0,0.0,0.0
052943,士電統一61購02,TW,0.0,-51.0,0.0,0.0,0,0.0,0.0
052944,士電統一71購01,TW,0.0,-103.0,0.0,0.0,0,0.0,0.0
052945,士電統一71購02,TW,0.0,-185.0,0.0,0.0,0,0.0,0.0
052946,中興電統一61購01,TW,0.0,-685.0,50.0,0.0,0,0.0,0.0
052947,中興電統一71購01,TW,0.0,-1543.0,0.0,0.0,0,0.0,0.0
052948,中興電統一71購02,TW,0.0,-250.0,0.0,0.0,0,0.0,0.0
052949,亞力統一64購01,TW,0.0,-374.0,0.0,0.0,0,0.0,0.0
052950,亞力統一71購01,TW,0.0,-716.0,0.0,0.0,0,0.0,0.0
052951,華新統一61購04,TW,0.0,-289.0,0.0,0.0,0,0.0,0.0
052952,聯電統一61購03,TW,0.0,77.0,0.0,0.0,0,0.0,0.0
052953,金寶統一5B購01,TW,0.0,325.0,0.0,0.0,0,0.0,0.0
052954,金寶統一61購03,TW,0.0,-682.0,0.0,0.0,0,0.0,0.0
052955,金寶統一64購01,TW,0.0,-41.0,0.0,0.0,0,0.0,0.0
052956,金寶統一64購02,TW,0.0,84.0,0.0,0.0,0,0.0,0.0
052957,金寶統一71購02,TW,0.0,-66.0,0.0,0.0,0,0.0,0.0
052958,國巨統一61購01,TW,0.0,127.0,0.0,0.0,0,0.0,0.0
052959,國巨統一61購02,TW,0.0,1574.0,0.0,0.0,0,0.0,0.0
052960,國巨統一67購01,TW,0.0,340.0,0.0,0.0,0,0.0,0.0
052961,華泰統一61購01,TW,0.0,-25.0,0.0,0.0,0,0.0,0.0
052964,漢唐統一61購02,TW,0.0,-100.0,0.0,0.0,0,0.0,0.0
052965,漢唐統一63購02,TW,0.0,106.0,0.0,0.0,0,0.0,0.0
052966,超豐統一71購02,TW,0.0,165.0,0.0,0.0,0,0.0,0.0
052967,全新統一5C購02,TW,0.0,1.0,0.0,0.0,0,0.0,0.0
052968,立隆電統一61購01,TW,0.0,17.0,0.0,0.0,0,0.0,0.0
052969,強茂統一61購01,TW,0.0,363.0,0.0,0.0,0,0.0,0.0
052970,華新科統一61購03,TW,0.0,57.0,0.0,0.0,0,0.0,0.0
052971,華新科統一64購01,TW,0.0,19.0,0.0,0.0,0,0.0,0.0
052972,華新科統一64購02,TW,0.0,24.0,0.0,0.0,0,0.0,0.0
052973,日電貿統一5B購01,TW,0.0,-191.0,0.0,0.0,0,0.0,0.0
052974,今國光統一5C購02,TW,0.0,50.0,0.0,0.0,0,0.0,0.0
052975,力成統一71購03,TW,0.0,-631.0,0.0,0.0,0,0.0,0.0
052976,康舒統一61購02,TW,0.0,-179.0,0.0,0.0,0,0.0,0.0
052977,康舒統一61購03,TW,0.0,-50.0,0.0,0.0,0,0.0,0.0
052978,康舒統一61購04,TW,0.0,-464.0,0.0,0.0,0,0.0,0.0
052979,康舒統一65購01,TW,0.0,-390.0,0.0,0.0,0,0.0,0.0
052980,緯穎統一71購01,TW,0.0,-142.0,0.0,0.0,0,0.0,0.0
052981,洋基統一61購01,TW,0.0,24.0,0.0,0.0,0,0.0,0.0
052982,惠特統一61購01,TW,0.0,1837.0,0.0,0.0,0,0.0,0.0
052983,惠特統一61購02,TW,0.0,-69.0,0.0,0.0,0,0.0,0.0
052985,雲豹統一61購01,TW,0.0,-106.0,0.0,0.0,0,0.0,0.0
052987,兆聯統一61購01,TW,0.0,-45.0,0.0,0.0,0,0.0,0.0
052988,兆聯統一71購01,TW,0.0,-9.0,0.0,0.0,0,0.0,0.0
052989,昇陽半統一61購03,TW,0.0,3391.0,0.0,0.0,0,0.0,0.0
052990,勤誠統一61購01,TW,0.0,277.0,0.0,0.0,0,0.0,0.0
052995,道瓊銀永豐5C購01,TW,0.0,8.0,0.0,0.0,0,0.0,0.0
052996,中興電永豐58購02,TW,0.0,-35.0,0.0,0.0,0,0.0,0.0
052997,永光永豐58購01,TW,0.0,5.0,0.0,0.0,0,0.0,0.0
052998,金寶永豐57購02,TW,0.0,-115.0,0.0,0.0,0,0.0,0.0
052999,台積電永豐71購02,TW,0.0,-35.0,0.0,0.0,0,0.0,0.0
053000,昆盈永豐58購01,TW,0.0,61.0,0.0,0.0,0,0.0,0.0
053002,凱美永豐58購01,TW,0.0,-353.0,0.0,0.0,0,0.0,0.0
053004,全新永豐58購03,TW,0.0,10.0,0.0,0.0,0,0.0,0.0
053005,盟立永豐58購01,TW,0.0,0.0,0.0,0.0,0,0.0,0.0
053007,奇鋐永豐61購03,TW,0.0,-15.0,0.0,0.0,0,0.0,0.0
053014,日電貿永豐58購01,TW,0.0,-58.0,0.0,0.0,0,0.0,0.0
053018,事欣科永豐5B購01,TW,0.0,181.0,-15.0,0.0,0,0.0,0.0
053019,康舒永豐58購02,TW,0.0,93.0,0.0,0.0,0,0.0,0.0
053020,鈺邦永豐59購01,TW,0.0,-321.0,0.0,0.0,0,0.0,0.0
053022,汎銓永豐59購01,TW,0.0,21.0,0.0,0.0,0,0.0,0.0
053023,三集瑞永豐5B購01,TW,0.0,121.0,0.0,0.0,0,0.0,0.0
053024,勤誠永豐59購01,TW,0.0,-531.0,0.0,0.0,0,0.0,0.0
053027,台達電富邦71購01,TW,0.0,0.0,0.0,0.0,0,0.0,0.0
053030,鴻海富邦71購01,TW,0.0,199.0,0.0,0.0,0,0.0,0.0
053031,國巨富邦58購03,TW,0.0,109.0,0.0,0.0,0,0.0,0.0
053032,國巨富邦61購01,TW,0.0,166.0,0.0,0.0,0,0.0,0.0
053033,台積電富邦71購01,TW,0.0,75.0,60.0,0.0,0,0.0,0.0
053034,聯發科富邦71購01,TW,0.0,91.0,0.0,0.0,0,0.0,0.0
053035,欣興富邦5C購02,TW,0.0,100.0,0.0,0.0,0,0.0,0.0
053036,康舒富邦57購01,TW,0.0,-275.0,0.0,0.0,0,0.0,0.0
053037,康舒富邦5C購01,TW,0.0,-2789.0,0.0,0.0,0,0.0,0.0
053038,洋基富邦5C購01,TW,0.0,-323.0,0.0,0.0,0,0.0,0.0
053039,惠特富邦59購01,TW,0.0,-315.0,0.0,0.0,0,0.0,0.0
053041,日本反凱基61購01,TW,0.0,-772.0,0.0,0.0,0,0.0,0.0
053042,士電凱基57購01,TW,0.0,-261.0,0.0,0.0,0,0.0,0.0
053045,金寶凱基57購03,TW,0.0,9.0,0.0,0.0,0,0.0,0.0
053046,國巨凱基57購06,TW,0.0,4.0,0.0,0.0,0,0.0,0.0
053047,華泰凱基59購01,TW,0.0,-325.0,0.0,0.0,0,0.0,0.0
053048,台積電凱基57購15,TW,0.0,-313.0,0.0,0.0,0,0.0,0.0
053050,瑞昱凱基58購01,TW,0.0,500.0,0.0,0.0,0,0.0,0.0
053051,正崴凱基57購01,TW,0.0,2684.0,0.0,0.0,0,0.0,0.0
053052,漢唐凱基57購06,TW,0.0,0.0,0.0,0.0,0,0.0,0.0
053056,大立光凱基59購02,TW,0.0,21.0,0.0,0.0,0,0.0,0.0
053059,康舒凱基57購04,TW,0.0,-1272.0,0.0,0.0,0,0.0,0.0
053061,惠特凱基58購01,TW,0.0,14.0,0.0,0.0,0,0.0,0.0
053063,惠特凱基58購03,TW,0.0,-11.0,0.0,0.0,0,0.0,0.0
05306U,台積電中信58售03,TW,0.0,2.0,0.0,0.0,0,0.0,0.0
053071,T50反1元大64購09,TW,0.0,-20.0,0.0,0.0,0,0.0,0.0
053072,香港2X元大59購01,TW,0.0,-22.0,0.0,0.0,0,0.0,0.0
053073,台泥元大57購06,TW,0.0,-10.0,0.0,0.0,0,0.0,0.0
053074,亞力元大57購02,TW,0.0,380.0,0.0,0.0,0,0.0,0.0
053075,中砂元大57購08,TW,0.0,-5.0,0.0,0.0,0,0.0,0.0
053077,聯電元大57購03,TW,0.0,2.0,0.0,0.0,0,0.0,0.0
053082,金寶元大57購04,TW,0.0,-847.0,0.0,0.0,0,0.0,0.0
053085,華通元大61購02,TW,0.0,34.0,0.0,0.0,0,0.0,0.0
053086,台積電元大57購14,TW,0.0,46.0,0.0,0.0,0,0.0,0.0
053088,華碩元大57購02,TW,0.0,-20.0,0.0,0.0,0,0.0,0.0
053091,大同元大59購01,TW,0.0,-36.0,0.0,0.0,0,0.0,0.0
053092,大同元大5A購01,TW,0.0,-654.0,0.0,0.0,0,0.0,0.0
053093,漢唐元大59購03,TW,0.0,-1345.0,0.0,0.0,0,0.0,0.0
053095,超豐元大57購04,TW,0.0,146.0,0.0,0.0,0,0.0,0.0
053098,兆赫元大57購04,TW,0.0,13.0,0.0,0.0,0,0.0,0.0
053099,華航元大59購01,TW,0.0,-162.0,0.0,0.0,0,0.0,0.0
053100,大立光元大57購09,TW,0.0,43.0,0.0,0.0,0,0.0,0.0
053101,大立光元大57購10,TW,0.0,54.0,0.0,0.0,0,0.0,0.0
053106,宏達電統一5A購01,TW,0.0,-10.0,0.0,0.0,0,0.0,0.0
053108,牧德元大57購06,TW,0.0,2.0,0.0,0.0,0,0.0,0.0
053109,世芯元大57購18,TW,0.0,-1183.0,0.0,0.0,0,0.0,0.0
053110,世芯元大57購19,TW,0.0,-106.0,0.0,0.0,0,0.0,0.0
053112,力成元大57購07,TW,0.0,1544.0,0.0,0.0,0,0.0,0.0
053113,力成元大57購08,TW,0.0,-4148.0,0.0,0.0,0,0.0,0.0
053114,力成元大57購09,TW,0.0,-534.0,0.0,0.0,0,0.0,0.0
053115,康舒元大57購08,TW,0.0,-301.0,0.0,0.0,0,0.0,0.0
053116,康舒元大57購09,TW,0.0,-600.0,0.0,0.0,0,0.0,0.0
053118,惠特元大57購01,TW,0.0,663.0,0.0,0.0,0,0.0,0.0
053119,南茂元大59購02,TW,0.0,250.0,0.0,0.0,0,0.0,0.0
053124,中興電群益57購02,TW,0.0,-166.0,0.0,0.0,0,0.0,0.0
053125,中興電群益5B購01,TW,0.0,-140.0,0.0,0.0,0,0.0,0.0
053126,和大群益57購01,TW,0.0,-849.0,0.0,0.0,0,0.0,0.0
053128,川湖群益57購06,TW,0.0,40.0,0.0,0.0,0,0.0,0.0
053129,金寶群益57購02,TW,0.0,43.0,0.0,0.0,0,0.0,0.0
053130,金寶群益58購02,TW,0.0,-10.0,0.0,0.0,0,0.0,0.0
053131,國巨群益57購07,TW,0.0,21.0,0.0,0.0,0,0.0,0.0
053132,台積電群益57購22,TW,0.0,2.0,0.0,0.0,0,0.0,0.0
053135,漢唐群益58購03,TW,0.0,296.0,0.0,0.0,0,0.0,0.0
053136,漢唐群益59購02,TW,0.0,531.0,0.0,0.0,0,0.0,0.0
053138,美律群益58購01,TW,0.0,-343.0,0.0,0.0,0,0.0,0.0
053140,日月光群益57購04,TW,0.0,3.0,0.0,0.0,0,0.0,0.0
053143,昇陽半群益57購06,TW,0.0,23.0,0.0,0.0,0,0.0,0.0
053147,巨大群益58購01,TW,0.0,100.0,0.0,0.0,0,0.0,0.0
053148,道瓊銀國票58購05,TW,0.0,-38.0,0.0,0.0,0,0.0,0.0
053150,宇隆國票58購01,TW,0.0,300.0,0.0,0.0,0,0.0,0.0
053151,金寶國票58購01,TW,0.0,19.0,0.0,0.0,0,0.0,0.0
053152,仁寶國票58購01,TW,0.0,-70.0,0.0,0.0,0,0.0,0.0
053153,國巨國票57購04,TW,0.0,-14.0,0.0,0.0,0,0.0,0.0
053154,宏碁國票58購02,TW,0.0,-32.0,0.0,0.0,0,0.0,0.0
053156,漢唐國票5C購01,TW,0.0,-494.0,0.0,0.0,0,0.0,0.0
053157,仲琦國票58購01,TW,0.0,-18.0,0.0,0.0,0,0.0,0.0
053158,兆赫國票57購01,TW,0.0,23.0,0.0,0.0,0,0.0,0.0
053159,兆赫國票59購01,TW,0.0,185.0,0.0,0.0,0,0.0,0.0
053160,晶技國票58購01,TW,0.0,1.0,0.0,0.0,0,0.0,0.0
053161,明泰國票58購01,TW,0.0,-197.0,0.0,0.0,0,0.0,0.0
053163,台勝科國票5B購01,TW,0.0,-3.0,0.0,0.0,0,0.0,0.0
053164,日月光國票58購02,TW,0.0,-18.0,0.0,0.0,0,0.0,0.0
053165,力成國票58購03,TW,0.0,-408.0,12.0,0.0,0,0.0,0.0
053166,矽格國票59購01,TW,0.0,5.0,0.0,0.0,0,0.0,0.0
053167,康舒國票58購01,TW,0.0,-730.0,0.0,0.0,0,0.0,0.0
053169,雲豹國票58購01,TW,0.0,-40.0,0.0,0.0,0,0.0,0.0
053170,兆聯國票58購01,TW,0.0,0.0,0.0,0.0,0,0.0,0.0
053171,致新國票58購01,TW,0.0,-1935.0,0.0,0.0,0,0.0,0.0
053172,達方國票58購01,TW,0.0,-872.0,0.0,0.0,0,0.0,0.0
053174,可寧衛國票58購05,TW,0.0,-20.0,0.0,0.0,0,0.0,0.0
053176,可寧衛國票58購11,TW,0.0,-20.0,0.0,0.0,0,0.0,0.0
053179,A50正2國票58購03,TW,0.0,4.0,0.0,0.0,0,0.0,0.0
053180,道瓊銀國票57購04,TW,0.0,-61.0,0.0,0.0,0,0.0,0.0
053181,道瓊銀國票58購06,TW,0.0,-302.0,0.0,0.0,0,0.0,0.0
053182,國喬國票59購01,TW,0.0,-66.0,0.0,0.0,0,0.0,0.0
053184,華通國票5A購01,TW,0.0,0.0,0.0,0.0,0,0.0,0.0
053185,華通國票62購01,TW,0.0,-35.0,0.0,0.0,0,0.0,0.0
053187,仲琦國票59購01,TW,0.0,-35.0,0.0,0.0,0,0.0,0.0
053188,事欣科國票57購03,TW,0.0,99.0,0.0,0.0,0,0.0,0.0
053189,康舒國票58購02,TW,0.0,2.0,0.0,0.0,0,0.0,0.0
053190,南茂國票58購02,TW,0.0,217.0,0.0,0.0,0,0.0,0.0
053192,電子類國票58購02,TW,0.0,-10.0,0.0,0.0,0,0.0,0.0
053201,崇越國泰58購01,TW,0.0,80.0,0.0,0.0,0,0.0,0.0
053202,鈺邦國泰58購01,TW,0.0,403.0,0.0,0.0,0,0.0,0.0
053205,台塑永豐5A購01,TW,0.0,1.0,0.0,0.0,0,0.0,0.0
053210,永光永豐5B購01,TW,0.0,1.0,0.0,0.0,0,0.0,0.0
053211,宇隆永豐58購01,TW,0.0,10.0,0.0,0.0,0,0.0,0.0
053212,金寶永豐59購01,TW,0.0,-1580.0,0.0,0.0,0,0.0,0.0
053214,國巨永豐58購03,TW,0.0,20.0,0.0,0.0,0,0.0,0.0
053215,廣宇永豐59購01,TW,0.0,-223.0,0.0,0.0,0,0.0,0.0
053216,精英永豐58購01,TW,0.0,-30.0,0.0,0.0,0,0.0,0.0
053217,漢翔永豐57購02,TW,0.0,10.0,0.0,0.0,0,0.0,0.0
053219,昇貿永豐59購01,TW,0.0,181.0,0.0,0.0,0,0.0,0.0
053220,達邁永豐59購01,TW,0.0,-5.0,0.0,0.0,0,0.0,0.0
053222,佳必琪永豐5A購01,TW,0.0,-45.0,0.0,0.0,0,0.0,0.0
053223,洋基永豐57購01,TW,0.0,-159.0,0.0,0.0,0,0.0,0.0
053224,惠特永豐58購01,TW,0.0,-6.0,0.0,0.0,0,0.0,0.0
053226,昇貿兆豐59購01,TW,0.0,15.0,0.0,0.0,0,0.0,0.0
053228,T50正2富邦61購06,TW,0.0,0.0,0.0,0.0,0,0.0,0.0
053229,道瓊銀富邦5A購02,TW,0.0,738.0,0.0,0.0,0,0.0,0.0
053233,金寶富邦5C購01,TW,0.0,35.0,0.0,0.0,0,0.0,0.0
053236,揚博富邦59購01,TW,0.0,54.0,0.0,0.0,0,0.0,0.0
053237,永豐金富邦59購01,TW,0.0,82.0,0.0,0.0,0,0.0,0.0
053238,亞光富邦57購01,TW,0.0,92.0,0.0,0.0,0,0.0,0.0
053239,健鼎富邦59購01,TW,0.0,60.0,0.0,0.0,0,0.0,0.0
053241,緯創富邦61購03,TW,0.0,325.0,0.0,0.0,0,0.0,0.0
053242,亞翔富邦61購01,TW,0.0,1.0,0.0,0.0,0,0.0,0.0
053243,帆宣富邦57購01,TW,0.0,-10.0,0.0,0.0,0,0.0,0.0
053244,矽格富邦59購01,TW,0.0,231.0,0.0,0.0,0,0.0,0.0
053248,元金2X元富61購01,TW,0.0,0.0,0.0,0.0,0,0.0,0.0
053249,道瓊銀元富61購01,TW,0.0,0.0,0.0,0.0,0,0.0,0.0
053250,華通元富57購04,TW,0.0,61.0,0.0,0.0,0,0.0,0.0
053253,國巨元富57購04,TW,0.0,21.0,0.0,0.0,0,0.0,0.0
053255,惠特元富57購03,TW,0.0,-10.0,0.0,0.0,0,0.0,0.0
053256,道瓊銀統一61購02,TW,0.0,-538.0,0.0,0.0,0,0.0,0.0
053257,道瓊銀統一63購01,TW,0.0,-529.0,0.0,0.0,0,0.0,0.0
053258,南亞統一71購02,TW,0.0,353.0,0.0,0.0,0,0.0,0.0
053259,中興電統一61購02,TW,0.0,1420.0,0.0,0.0,0,0.0,0.0
053260,亞力統一71購02,TW,0.0,-108.0,0.0,0.0,0,0.0,0.0
053261,台玻統一64購01,TW,0.0,-4.0,0.0,0.0,0,0.0,0.0
053262,台玻統一71購01,TW,0.0,-1042.0,0.0,0.0,0,0.0,0.0
053263,第一銅統一71購01,TW,0.0,5.0,0.0,0.0,0,0.0,0.0
053264,上銀統一61購01,TW,0.0,9.0,0.0,0.0,0,0.0,0.0
053265,光寶科統一61購01,TW,0.0,-1.0,0.0,0.0,0,0.0,0.0
053266,聯電統一71購01,TW,0.0,1092.0,0.0,0.0,0,0.0,0.0
053267,聯電統一71購02,TW,0.0,39.0,0.0,0.0,0,0.0,0.0
053268,金寶統一71購03,TW,0.0,165.0,0.0,0.0,0,0.0,0.0
053269,國巨統一61購03,TW,0.0,31.0,0.0,0.0,0,0.0,0.0
053270,國巨統一71購01,TW,0.0,22.0,0.0,0.0,0,0.0,0.0
053272,大同統一61購01,TW,0.0,-97.0,0.0,0.0,0,0.0,0.0
053274,大同統一71購02,TW,0.0,-104.0,0.0,0.0,0,0.0,0.0
053276,志聖統一61購03,TW,0.0,-386.0,0.0,0.0,0,0.0,0.0
053277,益登統一61購01,TW,0.0,-1123.0,0.0,0.0,0,0.0,0.0
053278,昇貿統一71購01,TW,0.0,23.0,0.0,0.0,0,0.0,0.0
053279,矽格統一61購01,TW,0.0,91.0,0.0,0.0,0,0.0,0.0
053280,康舒統一71購02,TW,0.0,42.0,0.0,0.0,0,0.0,0.0
053281,洋基統一71購01,TW,0.0,-41.0,0.0,0.0,0,0.0,0.0
053282,惠特統一61購03,TW,0.0,-1536.0,0.0,0.0,0,0.0,0.0
053283,惠特統一71購01,TW,0.0,-387.0,0.0,0.0,0,0.0,0.0
053284,富世達統一61購03,TW,0.0,-393.0,0.0,0.0,0,0.0,0.0
053285,振樺電統一61購01,TW,0.0,4764.0,0.0,0.0,0,0.0,0.0
053286,T50反1凱基63購01,TW,0.0,183.0,0.0,0.0,0,0.0,0.0
053288,香港2X凱基57購03,TW,0.0,-60.0,0.0,0.0,0,0.0,0.0
053289,道瓊銀凱基57購03,TW,0.0,-60.0,0.0,0.0,0,0.0,0.0
053291,中興電凱基57購03,TW,0.0,10.0,0.0,0.0,0,0.0,0.0
053293,中砂凱基59購02,TW,0.0,17.0,0.0,0.0,0,0.0,0.0
053294,華新凱基58購04,TW,0.0,-110.0,0.0,0.0,0,0.0,0.0
053296,上銀凱基57購01,TW,0.0,10.0,0.0,0.0,0,0.0,0.0
053298,聯電凱基57購03,TW,0.0,-3.0,0.0,0.0,0,0.0,0.0
053299,台達電凱基5A購03,TW,0.0,-2.0,0.0,0.0,0,0.0,0.0
053300,金寶凱基57購04,TW,0.0,157.0,0.0,0.0,0,0.0,0.0
053301,華通凱基57購13,TW,0.0,-195.0,0.0,0.0,0,0.0,0.0
053302,華泰凱基61購01,TW,0.0,-3.0,0.0,0.0,0,0.0,0.0
053303,台積電凱基59購04,TW,0.0,-73.0,0.0,0.0,0,0.0,0.0
053304,瑞昱凱基57購03,TW,0.0,195.0,0.0,0.0,0,0.0,0.0
053305,超豐凱基57購04,TW,0.0,352.0,0.0,0.0,0,0.0,0.0
053306,全新凱基5C購01,TW,0.0,18.0,0.0,0.0,0,0.0,0.0
053307,健鼎凱基57購02,TW,0.0,-2.0,0.0,0.0,0,0.0,0.0
053309,昇貿凱基59購02,TW,0.0,-602.0,0.0,0.0,0,0.0,0.0
053310,牧德凱基5A購01,TW,0.0,11.0,0.0,0.0,0,0.0,0.0
053311,力成凱基57購03,TW,0.0,98.0,0.0,0.0,0,0.0,0.0
053312,康舒凱基57購05,TW,0.0,50.0,0.0,0.0,0,0.0,0.0
053313,南茂凱基5A購01,TW,0.0,-10.0,0.0,0.0,0,0.0,0.0
053314,上証2X群益57購01,TW,0.0,130.0,0.0,0.0,0,0.0,0.0
053315,元黃金群益63購01,TW,0.0,-10.0,0.0,0.0,0,0.0,0.0
053316,道瓊銀群益63購01,TW,0.0,-180.0,0.0,0.0,0,0.0,0.0
053319,華新群益58購04,TW,0.0,-2.0,0.0,0.0,0,0.0,0.0
053320,金寶群益59購01,TW,0.0,105.0,0.0,0.0,0,0.0,0.0
053324,達明群益57購01,TW,0.0,258.0,0.0,0.0,0,0.0,0.0
053337,SP黃豆元大57購02,TW,0.0,-10.0,0.0,0.0,0,0.0,0.0
053338,道瓊銀元大59購04,TW,0.0,-267.0,0.0,0.0,0,0.0,0.0
053339,道瓊銀元大5A購01,TW,0.0,-9.0,0.0,0.0,0,0.0,0.0
053341,東元元大59購02,TW,0.0,225.0,0.0,0.0,0,0.0,0.0
053342,華新元大57購05,TW,0.0,489.0,0.0,0.0,0,0.0,0.0
053343,華新元大57購06,TW,0.0,200.0,0.0,0.0,0,0.0,0.0
053345,聯電元大57購06,TW,0.0,45.0,0.0,0.0,0,0.0,0.0
053346,聯電元大57購07,TW,0.0,1.0,0.0,0.0,0,0.0,0.0
053350,華通元大57購20,TW,0.0,40.0,0.0,0.0,0,0.0,0.0
053351,華通元大57購21,TW,0.0,4.0,0.0,0.0,0,0.0,0.0
053353,華通元大57購22,TW,0.0,30.0,0.0,0.0,0,0.0,0.0
053354,鴻海元大5C購03,TW,0.0,59.0,0.0,0.0,0,0.0,0.0
053356,華城統一56購01,TW,0.0,3.0,0.0,0.0,0,0.0,0.0
053357,華城統一5A購01,TW,0.0,-8.0,0.0,0.0,0,0.0,0.0
053358,華城統一5A購02,TW,0.0,-447.0,4.0,0.0,0,0.0,0.0
053359,華泰元大5B購01,TW,0.0,-114.0,0.0,0.0,0,0.0,0.0
053360,怡利電統一5A購01,TW,0.0,100.0,0.0,0.0,0,0.0,0.0
053361,華泰元大5C購01,TW,0.0,-153.0,0.0,0.0,0,0.0,0.0
053362,台積電元大57購16,TW,0.0,-60.0,0.0,0.0,0,0.0,0.0
053363,台積電元大57購17,TW,0.0,-8.0,0.0,0.0,0,0.0,0.0
053364,台積電元大57購18,TW,0.0,-6.0,0.0,0.0,0,0.0,0.0
053367,大同元大57購07,TW,0.0,103.0,0.0,0.0,0,0.0,0.0
053370,大同元大59購02,TW,0.0,-107.0,0.0,0.0,0,0.0,0.0
053372,大同元大5B購01,TW,0.0,-635.0,0.0,0.0,0,0.0,0.0
053373,漢唐元大57購08,TW,0.0,613.0,0.0,0.0,0,0.0,0.0
053374,漢唐元大57購09,TW,0.0,-1296.0,0.0,0.0,0,0.0,0.0
053375,漢唐元大59購04,TW,0.0,-1022.0,0.0,0.0,0,0.0,0.0
053378,全新元大57購06,TW,0.0,2.0,0.0,0.0,0,0.0,0.0
053379,大立光元大57購11,TW,0.0,7.0,0.0,0.0,0,0.0,0.0
053380,大立光元大57購12,TW,0.0,759.0,0.0,0.0,0,0.0,0.0
053382,健鼎元大5A購01,TW,0.0,102.0,0.0,0.0,0,0.0,0.0
053383,台勝科元大57購03,TW,0.0,-8.0,0.0,0.0,0,0.0,0.0
053384,亞翔元大5C購01,TW,0.0,-146.0,0.0,0.0,0,0.0,0.0
053385,力成元大57購10,TW,0.0,-160.0,0.0,0.0,0,0.0,0.0
053386,力成元大57購11,TW,0.0,-45.0,0.0,0.0,0,0.0,0.0
053387,力成元大57購12,TW,0.0,-1866.0,0.0,0.0,0,0.0,0.0
053388,矽格元大5A購02,TW,0.0,179.0,0.0,0.0,0,0.0,0.0
053390,緯穎元大57購09,TW,0.0,-16.0,0.0,0.0,0,0.0,0.0
053391,洋基元大57購08,TW,0.0,-611.0,0.0,0.0,0,0.0,0.0
053392,洋基元大5A購01,TW,0.0,-966.0,0.0,0.0,0,0.0,0.0
053393,南茂元大59購03,TW,0.0,-125.0,0.0,0.0,0,0.0,0.0
053395,南亞永豐59購02,TW,0.0,-8.0,0.0,0.0,0,0.0,0.0
053397,堤維西永豐58購01,TW,0.0,-18.0,0.0,0.0,0,0.0,0.0
053398,和大永豐57購01,TW,0.0,-130.0,0.0,0.0,0,0.0,0.0
053401,金寶永豐57購03,TW,0.0,-1.0,0.0,0.0,0,0.0,0.0
053402,台積電永豐61購05,TW,0.0,-50.0,0.0,0.0,0,0.0,0.0
053403,台積電永豐61購06,TW,0.0,-23.0,0.0,0.0,0,0.0,0.0
053404,凱美永豐59購01,TW,0.0,-11.0,0.0,0.0,0,0.0,0.0
053405,超豐永豐5A購01,TW,0.0,-196.0,0.0,0.0,0,0.0,0.0
053407,大立光永豐57購03,TW,0.0,11.0,0.0,0.0,0,0.0,0.0
053408,大立光永豐5C購01,TW,0.0,30.0,0.0,0.0,0,0.0,0.0
053409,欣興永豐57購04,TW,0.0,1.0,0.0,0.0,0,0.0,0.0
053412,世芯永豐5B購02,TW,0.0,1.0,0.0,0.0,0,0.0,0.0
053413,世芯永豐61購01,TW,0.0,-44.0,0.0,0.0,0,0.0,0.0
053414,帆宣永豐58購02,TW,0.0,10.0,0.0,0.0,0,0.0,0.0
053417,惠特永豐59購01,TW,0.0,-109.0,0.0,0.0,0,0.0,0.0
053419,福懋科永豐58購01,TW,0.0,-50.0,0.0,0.0,0,0.0,0.0
053420,福懋科永豐59購01,TW,0.0,17.0,0.0,0.0,0,0.0,0.0
053422,台積電兆豐58購01,TW,0.0,10.0,0.0,0.0,0,0.0,0.0
053423,漢唐兆豐61購02,TW,0.0,12.0,0.0,0.0,0,0.0,0.0
053424,聯發科兆豐5B購01,TW,0.0,-14.0,0.0,0.0,0,0.0,0.0
053425,景碩兆豐58購01,TW,0.0,1.0,0.0,0.0,0,0.0,0.0
053427,神達兆豐59購01,TW,0.0,-160.0,0.0,0.0,0,0.0,0.0
053428,日月光兆豐57購02,TW,0.0,5.0,0.0,0.0,0,0.0,0.0
053429,日月光兆豐58購01,TW,0.0,8.0,0.0,0.0,0,0.0,0.0
053430,臻鼎兆豐61購01,TW,0.0,2.0,0.0,0.0,0,0.0,0.0
053431,力成兆豐57購02,TW,0.0,-10.0,0.0,0.0,0,0.0,0.0
053432,南亞富邦59購03,TW,0.0,1655.0,0.0,0.0,0,0.0,0.0
053434,南亞富邦5A購01,TW,0.0,711.0,0.0,0.0,0,0.0,0.0
053435,中砂富邦59購02,TW,0.0,100.0,0.0,0.0,0,0.0,0.0
053436,中鋼富邦59購02,TW,0.0,-45.0,0.0,0.0,0,0.0,0.0
053438,仁寶富邦59購01,TW,0.0,75.0,0.0,0.0,0,0.0,0.0
053439,華泰富邦58購01,TW,0.0,-278.0,0.0,0.0,0,0.0,0.0
053440,漢唐富邦59購02,TW,0.0,-208.0,0.0,0.0,0,0.0,0.0
053441,漢唐富邦5A購02,TW,0.0,-172.0,0.0,0.0,0,0.0,0.0
053442,友達富邦5B購01,TW,0.0,9.0,0.0,0.0,0,0.0,0.0
053445,大立光富邦59購04,TW,0.0,7.0,0.0,0.0,0,0.0,0.0
053447,奇鋐富邦5A購01,TW,0.0,5.0,0.0,0.0,0,0.0,0.0
053448,欣興富邦61購02,TW,0.0,17.0,0.0,0.0,0,0.0,0.0
053450,世芯富邦59購03,TW,0.0,4.0,0.0,0.0,0,0.0,0.0
053452,日月光富邦61購02,TW,0.0,-163.0,0.0,0.0,0,0.0,0.0
053453,材料富邦5A購01,TW,0.0,69.0,0.0,0.0,0,0.0,0.0
053454,臻鼎富邦59購02,TW,0.0,3.0,0.0,0.0,0,0.0,0.0
053455,祥碩富邦59購01,TW,0.0,150.0,0.0,0.0,0,0.0,0.0
053456,祥碩富邦5A購01,TW,0.0,49.0,0.0,0.0,0,0.0,0.0
053457,精成科富邦59購02,TW,0.0,156.0,0.0,0.0,0,0.0,0.0
053458,AES富邦59購03,TW,0.0,1496.0,0.0,0.0,0,0.0,0.0
053460,東元國泰58購03,TW,0.0,0.0,0.0,0.0,0,0.0,0.0
053462,金寶國泰58購02,TW,0.0,-350.0,0.0,0.0,0,0.0,0.0
053463,金寶國泰58購03,TW,0.0,20.0,0.0,0.0,0,0.0,0.0
053464,友達國泰58購04,TW,0.0,-214.0,0.0,0.0,0,0.0,0.0
053468,台灣50凱基5C購04,TW,0.0,26.0,0.0,0.0,0,0.0,0.0
053469,臺指2X凱基5A購01,TW,0.0,24.0,0.0,0.0,0,0.0,0.0
053470,道瓊銀凱基57購05,TW,0.0,90.0,0.0,0.0,0,0.0,0.0
053471,道瓊銀凱基57購06,TW,0.0,-31.0,0.0,0.0,0,0.0,0.0
053475,華新凱基57購05,TW,0.0,-525.0,0.0,0.0,0,0.0,0.0
053476,台玻凱基57購02,TW,0.0,-16.0,0.0,0.0,0,0.0,0.0
053478,宇隆凱基58購01,TW,0.0,-51.0,0.0,0.0,0,0.0,0.0
053479,聯電凱基57購04,TW,0.0,14.0,0.0,0.0,0,0.0,0.0
053480,台達電凱基57購05,TW,0.0,-1.0,0.0,0.0,0,0.0,0.0
053481,金寶凱基57購05,TW,0.0,46.0,0.0,0.0,0,0.0,0.0
053482,金寶凱基57購06,TW,0.0,-272.0,0.0,0.0,0,0.0,0.0
053484,廣宇凱基58購02,TW,0.0,-670.0,0.0,0.0,0,0.0,0.0
053485,華泰凱基5C購01,TW,0.0,-368.0,0.0,0.0,0,0.0,0.0
053486,台積電凱基6C購05,TW,0.0,14.0,0.0,0.0,0,0.0,0.0
053487,凌陽凱基57購01,TW,0.0,-86.0,0.0,0.0,0,0.0,0.0
053488,漢唐凱基61購02,TW,0.0,-75.0,0.0,0.0,0,0.0,0.0
053489,友達凱基59購02,TW,0.0,26.0,0.0,0.0,0,0.0,0.0
053492,強茂凱基58購04,TW,0.0,-247.0,0.0,0.0,0,0.0,0.0
053493,欣興凱基59購01,TW,0.0,4.0,0.0,0.0,0,0.0,0.0
053496,祥碩凱基58購04,TW,0.0,282.0,0.0,0.0,0,0.0,0.0
053497,亞翔凱基57購04,TW,0.0,20.0,0.0,0.0,0,0.0,0.0
053502,道瓊銀統一5C購01,TW,0.0,82.0,0.0,0.0,0,0.0,0.0
053503,道瓊銀統一64購01,TW,0.0,-200.0,0.0,0.0,0,0.0,0.0
053504,台塑統一61購02,TW,0.0,31.0,0.0,0.0,0,0.0,0.0
053505,台塑統一71購01,TW,0.0,5.0,0.0,0.0,0,0.0,0.0
053506,南亞統一61購05,TW,0.0,577.0,0.0,0.0,0,0.0,0.0
053507,南亞統一67購01,TW,0.0,-1.0,0.0,0.0,0,0.0,0.0
053508,國喬統一61購01,TW,0.0,50.0,0.0,0.0,0,0.0,0.0
053510,亞力統一64購02,TW,0.0,321.0,0.0,0.0,0,0.0,0.0
053511,中砂統一64購01,TW,0.0,-21.0,0.0,0.0,0,0.0,0.0
053512,中砂統一64購02,TW,0.0,12.0,0.0,0.0,0,0.0,0.0
053513,中砂統一71購01,TW,0.0,-36.0,0.0,0.0,0,0.0,0.0
053514,台玻統一5C購02,TW,0.0,-82.0,0.0,0.0,0,0.0,0.0
053515,台玻統一61購03,TW,0.0,-529.0,0.0,0.0,0,0.0,0.0
053516,台玻統一64購02,TW,0.0,-104.0,0.0,0.0,0,0.0,0.0
053517,台達電統一61購03,TW,0.0,-3.0,0.0,0.0,0,0.0,0.0
053518,台達電統一71購02,TW,0.0,300.0,0.0,0.0,0,0.0,0.0
053519,廣宇統一61購01,TW,0.0,210.0,0.0,0.0,0,0.0,0.0
053520,佳能統一71購01,TW,0.0,25.0,0.0,0.0,0,0.0,0.0
053521,友達統一61購01,TW,0.0,-580.0,0.0,0.0,0,0.0,0.0
053522,友達統一61購02,TW,0.0,-1352.0,0.0,0.0,0,0.0,0.0
053523,友達統一61購03,TW,0.0,730.0,0.0,0.0,0,0.0,0.0
053524,友達統一61購04,TW,0.0,37.0,0.0,0.0,0,0.0,0.0
053525,友達統一71購01,TW,0.0,-63.0,11.0,0.0,0,0.0,0.0
053526,超豐統一67購01,TW,0.0,-236.0,0.0,0.0,0,0.0,0.0
053528,聯鈞統一71購01,TW,0.0,29.0,0.0,0.0,0,0.0,0.0
053529,世芯統一71購01,TW,0.0,-53.0,0.0,0.0,0,0.0,0.0
053530,日月光統一61購02,TW,0.0,96.0,0.0,0.0,0,0.0,0.0
053531,日月光統一71購01,TW,0.0,-134.0,0.0,0.0,0,0.0,0.0
053532,臻鼎統一64購02,TW,0.0,121.0,0.0,0.0,0,0.0,0.0
053533,帆宣統一61購02,TW,0.0,222.0,0.0,0.0,0,0.0,0.0
053534,力成統一67購01,TW,0.0,39.0,0.0,0.0,0,0.0,0.0
053535,帝寶統一61購01,TW,0.0,-10.0,0.0,0.0,0,0.0,0.0
053537,泓德統一64購01,TW,0.0,-20.0,0.0,0.0,0,0.0,0.0
053538,泓德統一71購01,TW,0.0,100.0,0.0,0.0,0,0.0,0.0
053539,福懋科統一61購01,TW,0.0,-191.0,0.0,0.0,0,0.0,0.0
053540,福懋科統一61購02,TW,0.0,-22.0,0.0,0.0,0,0.0,0.0
053541,福懋科統一61購03,TW,0.0,-742.0,0.0,0.0,0,0.0,0.0
053542,福懋科統一71購01,TW,0.0,-1.0,0.0,0.0,0,0.0,0.0
053543,道瓊銀群益61購03,TW,0.0,-63.0,0.0,0.0,0,0.0,0.0
053544,道瓊銀群益61購04,TW,0.0,-64.0,0.0,0.0,0,0.0,0.0
053545,中砂群益59購01,TW,0.0,-110.0,0.0,0.0,0,0.0,0.0
053546,台玻群益57購02,TW,0.0,3.0,0.0,0.0,0,0.0,0.0
053548,上銀群益59購01,TW,0.0,-1.0,0.0,0.0,0,0.0,0.0
053550,聯電群益57購04,TW,0.0,20.0,0.0,0.0,0,0.0,0.0
053552,廣宇群益59購02,TW,0.0,68.0,0.0,0.0,0,0.0,0.0
053553,台積電群益57購23,TW,0.0,0.0,0.0,0.0,0,0.0,0.0
053554,台積電群益57購24,TW,0.0,-28.0,0.0,0.0,0,0.0,0.0
053556,友達群益57購05,TW,0.0,-520.0,0.0,0.0,0,0.0,0.0
053557,友達群益59購03,TW,0.0,22.0,0.0,0.0,0,0.0,0.0
053561,南電群益57購04,TW,0.0,-2.0,0.0,0.0,0,0.0,0.0
053564,日本2X元大58購01,TW,0.0,-10.0,0.0,0.0,0,0.0,0.0
053565,A50正2元大59購01,TW,0.0,-15.0,0.0,0.0,0,0.0,0.0
053566,道瓊銀元大5B購01,TW,0.0,23.0,0.0,0.0,0,0.0,0.0
053568,中砂元大57購09,TW,0.0,12.0,0.0,0.0,0,0.0,0.0
053570,聯電元大57購09,TW,0.0,12.0,0.0,0.0,0,0.0,0.0
053571,聯電元大57購10,TW,0.0,29.0,0.0,0.0,0,0.0,0.0
053572,台達電元大57購19,TW,0.0,13.0,0.0,0.0,0,0.0,0.0
053573,台達電元大5C購03,TW,0.0,4.0,0.0,0.0,0,0.0,0.0
053574,金寶元大57購05,TW,0.0,-1562.0,0.0,0.0,0,0.0,0.0
053575,金寶元大59購02,TW,0.0,-190.0,0.0,0.0,0,0.0,0.0
053576,鴻海元大5C購04,TW,0.0,2.0,0.0,0.0,0,0.0,0.0
053577,華泰元大5B購02,TW,0.0,-1519.0,0.0,0.0,0,0.0,0.0
053578,華泰元大5C購02,TW,0.0,912.0,0.0,0.0,0,0.0,0.0
053579,台積電元大57購19,TW,0.0,-125.0,0.0,0.0,0,0.0,0.0
053581,台積電元大57購21,TW,0.0,96.0,0.0,0.0,0,0.0,0.0
053582,瑞昱元大57購05,TW,0.0,43.0,0.0,0.0,0,0.0,0.0
053583,友達元大5A購04,TW,0.0,-33.0,0.0,0.0,0,0.0,0.0
053585,怡利電統一5A購02,TW,0.0,99.0,0.0,0.0,0,0.0,0.0
053586,超豐元大57購05,TW,0.0,-1248.0,0.0,0.0,0,0.0,0.0
053587,京元電元大57購12,TW,0.0,208.0,0.0,0.0,0,0.0,0.0
053590,大立光元大57購14,TW,0.0,1801.0,0.0,0.0,0,0.0,0.0
053591,大立光元大57購15,TW,0.0,244.0,0.0,0.0,0,0.0,0.0
053592,大立光元大57購16,TW,0.0,35.0,0.0,0.0,0,0.0,0.0
053593,欣興元大57購11,TW,0.0,1.0,0.0,0.0,0,0.0,0.0
053594,訊芯統一5A購01,TW,0.0,-137.0,0.0,0.0,0,0.0,0.0
053595,訊芯統一5A購02,TW,0.0,-1326.0,-8.0,0.0,0,0.0,0.0
053597,昇貿元大61購01,TW,0.0,-3121.0,0.0,0.0,0,0.0,0.0
053599,日月光元大57購05,TW,0.0,-1.0,0.0,0.0,0,0.0,0.0
053600,亞翔元大5C購02,TW,0.0,-69.0,0.0,0.0,0,0.0,0.0
053602,力成元大57購14,TW,0.0,-605.0,5.0,0.0,0,0.0,0.0
053603,矽格元大5A購03,TW,0.0,266.0,0.0,0.0,0,0.0,0.0
053606,樺漢元大57購01,TW,0.0,-1873.0,0.0,0.0,0,0.0,0.0
053608,洋基元大57購09,TW,0.0,180.0,0.0,0.0,0,0.0,0.0
053609,洋基元大5A購02,TW,0.0,-353.0,0.0,0.0,0,0.0,0.0
053610,昇陽半元大57購09,TW,0.0,54.0,0.0,0.0,0,0.0,0.0
053612,至上元大57購04,TW,0.0,38.0,0.0,0.0,0,0.0,0.0
053617,亞力永豐57購02,TW,0.0,3.0,0.0,0.0,0,0.0,0.0
053619,美時永豐61購01,TW,0.0,-315.0,0.0,0.0,0,0.0,0.0
053620,聯電永豐57購03,TW,0.0,15.0,0.0,0.0,0,0.0,0.0
053623,菱生永豐58購01,TW,0.0,-58.0,0.0,0.0,0,0.0,0.0
053625,凱美永豐57購02,TW,0.0,494.0,0.0,0.0,0,0.0,0.0
053626,正崴永豐57購01,TW,0.0,40.0,0.0,0.0,0,0.0,0.0
053627,友達永豐57購02,TW,0.0,451.0,0.0,0.0,0,0.0,0.0
053629,華新科永豐59購01,TW,0.0,2.0,0.0,0.0,0,0.0,0.0
053634,景碩永豐57購02,TW,0.0,20.0,0.0,0.0,0,0.0,0.0
053636,全訊永豐58購01,TW,0.0,74.0,0.0,0.0,0,0.0,0.0
053637,力成永豐58購03,TW,0.0,-1201.0,0.0,0.0,0,0.0,0.0
053639,福懋科永豐5A購01,TW,0.0,-20.0,0.0,0.0,0,0.0,0.0
053640,元金2X統一61購01,TW,0.0,-371.0,0.0,0.0,0,0.0,0.0
053641,南亞統一61購06,TW,0.0,-37.0,0.0,0.0,0,0.0,0.0
053643,美時統一71購01,TW,0.0,1461.0,0.0,0.0,0,0.0,0.0
053644,台玻統一64購03,TW,0.0,-287.0,0.0,0.0,0,0.0,0.0
053645,華泰統一61購02,TW,0.0,-772.0,0.0,0.0,0,0.0,0.0
053646,華泰統一71購02,TW,0.0,-94.0,0.0,0.0,0,0.0,0.0
053647,建準統一61購01,TW,0.0,-46.0,0.0,0.0,0,0.0,0.0
053648,欣興統一61購05,TW,0.0,-31.0,0.0,0.0,0,0.0,0.0
053649,欣興統一61購06,TW,0.0,135.0,0.0,0.0,0,0.0,0.0
053650,欣興統一61購07,TW,0.0,-3.0,0.0,0.0,0,0.0,0.0
053651,欣興統一71購03,TW,0.0,-14.0,0.0,0.0,0,0.0,0.0
053652,聯鈞統一71購02,TW,0.0,97.0,0.0,0.0,0,0.0,0.0
053653,定穎控統一5B購01,TW,0.0,-57.0,0.0,0.0,0,0.0,0.0
053654,定穎控統一64購01,TW,0.0,350.0,0.0,0.0,0,0.0,0.0
053655,定穎控統一65購01,TW,0.0,-115.0,0.0,0.0,0,0.0,0.0
053656,定穎控統一65購02,TW,0.0,916.0,0.0,0.0,0,0.0,0.0
053657,定穎控統一71購01,TW,0.0,40.0,0.0,0.0,0,0.0,0.0
053658,定穎控統一71購02,TW,0.0,136.0,0.0,0.0,0,0.0,0.0
053659,臻鼎統一61購03,TW,0.0,17.0,0.0,0.0,0,0.0,0.0
053660,啟碁統一71購01,TW,0.0,-91.0,0.0,0.0,0,0.0,0.0
053661,雲豹統一67購01,TW,0.0,-26.0,0.0,0.0,0,0.0,0.0
053665,南電統一61購05,TW,0.0,1458.0,0.0,0.0,0,0.0,0.0
053666,華城元富5A購01,TW,0.0,-564.0,0.0,0.0,0,0.0,0.0
053667,南電統一61購06,TW,0.0,1564.0,0.0,0.0,0,0.0,0.0
053668,南電統一64購02,TW,0.0,888.0,0.0,0.0,0,0.0,0.0
053669,南電統一71購01,TW,0.0,-68.0,0.0,0.0,0,0.0,0.0
05366U,宏達電國票58售02,TW,0.0,-11.0,0.0,0.0,0,0.0,0.0
053670,福懋科統一71購02,TW,0.0,-10.0,0.0,0.0,0,0.0,0.0
053672,富邦金台新57購01,TW,0.0,-378.0,0.0,0.0,0,0.0,0.0
053673,定穎控台新57購01,TW,0.0,1230.0,0.0,0.0,0,0.0,0.0
053674,聯電兆豐59購03,TW,0.0,6.0,0.0,0.0,0,0.0,0.0
053675,華泰兆豐61購01,TW,0.0,133.0,0.0,0.0,0,0.0,0.0
053677,元黃金富邦61購01,TW,0.0,-44.0,0.0,0.0,0,0.0,0.0
053678,元金2X富邦61購01,TW,0.0,-10.0,0.0,0.0,0,0.0,0.0
053683,國巨富邦61購02,TW,0.0,354.0,0.0,0.0,0,0.0,0.0
053684,超豐富邦5C購01,TW,0.0,2548.0,0.0,0.0,0,0.0,0.0
053685,元大金富邦57購02,TW,0.0,-13.0,0.0,0.0,0,0.0,0.0
053686,日電貿富邦59購01,TW,0.0,378.0,0.0,0.0,0,0.0,0.0
053689,定穎控富邦5A購01,TW,0.0,-14.0,0.0,0.0,0,0.0,0.0
053690,力成富邦61購03,TW,0.0,220.0,0.0,0.0,0,0.0,0.0
053691,道瓊反凱基64購01,TW,0.0,-734.0,0.0,0.0,0,0.0,0.0
053693,台泥凱基57購03,TW,0.0,-1.0,0.0,0.0,0,0.0,0.0
053695,士電凱基57購02,TW,0.0,2.0,0.0,0.0,0,0.0,0.0
053696,亞力凱基57購04,TW,0.0,8.0,0.0,0.0,0,0.0,0.0
053700,台玻凱基57購03,TW,0.0,13.0,0.0,0.0,0,0.0,0.0
053702,仁寶凱基58購01,TW,0.0,55.0,0.0,0.0,0,0.0,0.0
053703,國巨凱基57購08,TW,0.0,30.0,0.0,0.0,0,0.0,0.0
053704,華泰凱基5B購01,TW,0.0,-317.0,0.0,0.0,0,0.0,0.0
053705,台積電凱基58購15,TW,0.0,25.0,0.0,0.0,0,0.0,0.0
053706,瑞昱凱基57購04,TW,0.0,-6.0,0.0,0.0,0,0.0,0.0
053707,友達凱基57購05,TW,0.0,-80.0,0.0,0.0,0,0.0,0.0
053708,超豐凱基57購05,TW,0.0,720.0,0.0,0.0,0,0.0,0.0
053709,強茂凱基58購05,TW,0.0,81.0,0.0,0.0,0,0.0,0.0
053710,華新科凱基57購01,TW,0.0,20.0,0.0,0.0,0,0.0,0.0
053711,大立光凱基5A購01,TW,0.0,3.0,0.0,0.0,0,0.0,0.0
053716,啟碁凱基5A購01,TW,0.0,2.0,0.0,0.0,0,0.0,0.0
053717,迅得凱基57購01,TW,0.0,47.0,0.0,0.0,0,0.0,0.0
053718,富世達凱基57購12,TW,0.0,-18.0,0.0,0.0,0,0.0,0.0
053719,南電凱基58購05,TW,0.0,-18.0,0.0,0.0,0,0.0,0.0
053720,福懋科凱基57購03,TW,0.0,389.0,0.0,0.0,0,0.0,0.0
053721,中興電國泰58購01,TW,0.0,-10.0,0.0,0.0,0,0.0,0.0
053722,國巨國泰58購03,TW,0.0,7.0,0.0,0.0,0,0.0,0.0
053725,定穎控國泰58購01,TW,0.0,10.0,0.0,0.0,0,0.0,0.0
053726,定穎控國泰58購02,TW,0.0,-20.0,0.0,0.0,0,0.0,0.0
053727,定穎控國泰58購03,TW,0.0,350.0,0.0,0.0,0,0.0,0.0
053728,力成國泰58購02,TW,0.0,299.0,0.0,0.0,0,0.0,0.0
053731,力成國泰58購03,TW,0.0,259.0,0.0,0.0,0,0.0,0.0
053732,力成國泰58購04,TW,0.0,-200.0,0.0,0.0,0,0.0,0.0
053736,道瓊銀群益57購03,TW,0.0,65.0,0.0,0.0,0,0.0,0.0
053738,士電群益57購02,TW,0.0,20.0,0.0,0.0,0,0.0,0.0
053739,士電群益57購03,TW,0.0,-300.0,0.0,0.0,0,0.0,0.0
053743,台玻群益57購03,TW,0.0,-3.0,0.0,0.0,0,0.0,0.0
053746,國巨群益57購08,TW,0.0,319.0,0.0,0.0,0,0.0,0.0
053748,友達群益57購06,TW,0.0,-578.0,0.0,0.0,0,0.0,0.0
053750,強茂群益57購03,TW,0.0,1.0,0.0,0.0,0,0.0,0.0
053751,欣興群益57購08,TW,0.0,1.0,0.0,0.0,0,0.0,0.0
053753,日電貿群益59購02,TW,0.0,18.0,0.0,0.0,0,0.0,0.0
053754,景碩群益5B購03,TW,0.0,12.0,0.0,0.0,0,0.0,0.0
053755,定穎控群益57購02,TW,0.0,-5.0,0.0,0.0,0,0.0,0.0
053758,啟碁群益58購01,TW,0.0,21.0,0.0,0.0,0,0.0,0.0
053761,南電群益61購01,TW,0.0,3.0,0.0,0.0,0,0.0,0.0
053763,FB科技元大58購01,TW,0.0,1.0,0.0,0.0,0,0.0,0.0
053765,道瓊銀元大5C購01,TW,0.0,-2.0,0.0,0.0,0,0.0,0.0
053766,台泥元大59購01,TW,0.0,-160.0,0.0,0.0,0,0.0,0.0
053767,中砂元大57購10,TW,0.0,16.0,0.0,0.0,0,0.0,0.0
053770,美時元大5A購01,TW,0.0,164.0,0.0,0.0,0,0.0,0.0
053771,台玻元大57購08,TW,0.0,-86.0,0.0,0.0,0,0.0,0.0
053772,台玻元大57購09,TW,0.0,-4.0,0.0,0.0,0,0.0,0.0
053773,聯電元大57購11,TW,0.0,1.0,0.0,0.0,0,0.0,0.0
053774,聯電元大57購12,TW,0.0,11.0,0.0,0.0,0,0.0,0.0
053776,台達電元大5C購04,TW,0.0,2.0,0.0,0.0,0,0.0,0.0
053777,華泰元大5A購02,TW,0.0,-899.0,0.0,0.0,0,0.0,0.0
053778,台積電元大57購23,TW,0.0,-97.0,0.0,0.0,0,0.0,0.0
053779,台積電元大61購06,TW,0.0,270.0,0.0,0.0,0,0.0,0.0
053781,矽統元大57購01,TW,0.0,-154.0,0.0,0.0,0,0.0,0.0
053782,微星元大57購03,TW,0.0,290.0,0.0,0.0,0,0.0,0.0
053783,瑞昱元大5A購01,TW,0.0,67.0,0.0,0.0,0,0.0,0.0
053784,友達元大5A購05,TW,0.0,-2346.0,0.0,0.0,0,0.0,0.0
053785,超豐元大57購06,TW,0.0,1954.0,0.0,0.0,0,0.0,0.0
053787,亞光元大57購09,TW,0.0,-81.0,0.0,0.0,0,0.0,0.0
053788,益登元大57購03,TW,0.0,674.0,0.0,0.0,0,0.0,0.0
053791,景碩元大57購07,TW,0.0,5.0,0.0,0.0,0,0.0,0.0
053792,東台元大57購01,TW,0.0,-2098.0,0.0,0.0,0,0.0,0.0
053793,事欣科元大61購01,TW,0.0,466.0,0.0,0.0,0,0.0,0.0
053795,力成元大5C購01,TW,0.0,-1301.0,0.0,0.0,0,0.0,0.0
053796,矽格元大59購01,TW,0.0,3925.0,0.0,0.0,0,0.0,0.0
053797,樺漢元大57購02,TW,0.0,4.0,0.0,0.0,0,0.0,0.0
053799,矽力元大5A購01,TW,0.0,23.0,0.0,0.0,0,0.0,0.0
053802,惠特元大57購02,TW,0.0,-947.0,0.0,0.0,0,0.0,0.0
053803,至上元大57購05,TW,0.0,-27.0,0.0,0.0,0,0.0,0.0
053804,振樺電元大57購02,TW,0.0,4.0,0.0,0.0,0,0.0,0.0
053806,中興電台新57購01,TW,0.0,-66.0,0.0,0.0,0,0.0,0.0
053807,台玻台新57購02,TW,0.0,0.0,0.0,0.0,0,0.0,0.0
053808,台玻台新57購03,TW,0.0,-14.0,0.0,0.0,0,0.0,0.0
053810,南亞兆豐61購01,TW,0.0,0.0,0.0,0.0,0,0.0,0.0
053811,亞力兆豐59購01,TW,0.0,-907.0,0.0,0.0,0,0.0,0.0
053812,華新科兆豐59購01,TW,0.0,-16.0,0.0,0.0,0,0.0,0.0
053814,和大富邦59購01,TW,0.0,-107.0,0.0,0.0,0,0.0,0.0
053815,台玻富邦57購02,TW,0.0,-58.0,0.0,0.0,0,0.0,0.0
053816,川湖富邦61購01,TW,0.0,3.0,0.0,0.0,0,0.0,0.0
053817,台達電富邦59購03,TW,0.0,4.0,0.0,0.0,0,0.0,0.0
053818,台積電富邦57購05,TW,0.0,-44.0,0.0,0.0,0,0.0,0.0
053819,大同富邦5C購01,TW,0.0,-260.0,0.0,0.0,0,0.0,0.0
053821,華新科富邦58購01,TW,0.0,58.0,0.0,0.0,0,0.0,0.0
053822,新興富邦58購02,TW,0.0,116.0,0.0,0.0,0,0.0,0.0
053823,欣興富邦57購02,TW,0.0,88.0,0.0,0.0,0,0.0,0.0
053824,昇貿富邦5A購01,TW,0.0,-2297.0,0.0,0.0,0,0.0,0.0
053828,道瓊銀凱基57購07,TW,0.0,-10.0,0.0,0.0,0,0.0,0.0
053829,台塑凱基59購02,TW,0.0,-30.0,0.0,0.0,0,0.0,0.0
053830,中興電凱基57購04,TW,0.0,93.0,0.0,0.0,0,0.0,0.0
053831,台玻凱基57購04,TW,0.0,-139.0,0.0,0.0,0,0.0,0.0
053832,川湖凱基59購02,TW,0.0,-7.0,0.0,0.0,0,0.0,0.0
053833,宇隆凱基57購02,TW,0.0,107.0,0.0,0.0,0,0.0,0.0
053835,台積電凱基58購16,TW,0.0,-328.0,0.0,0.0,0,0.0,0.0
053836,微星凱基57購01,TW,0.0,502.0,0.0,0.0,0,0.0,0.0
053837,友達凱基59購03,TW,0.0,-4.0,0.0,0.0,0,0.0,0.0
053838,強茂凱基5B購01,TW,0.0,-56.0,0.0,0.0,0,0.0,0.0
053839,亞光凱基57購03,TW,0.0,-10.0,0.0,0.0,0,0.0,0.0
053840,欣興凱基59購02,TW,0.0,12.0,0.0,0.0,0,0.0,0.0
053841,日電貿凱基57購03,TW,0.0,186.0,0.0,0.0,0,0.0,0.0
053844,聯鈞凱基57購03,TW,0.0,-4.0,0.0,0.0,0,0.0,0.0
053845,台勝科凱基5B購01,TW,0.0,4.0,0.0,0.0,0,0.0,0.0
053847,祥碩凱基57購04,TW,0.0,-12.0,0.0,0.0,0,0.0,0.0
053848,亞翔凱基5B購01,TW,0.0,-32.0,0.0,0.0,0,0.0,0.0
053850,啟碁凱基57購02,TW,0.0,0.0,0.0,0.0,0,0.0,0.0
053852,緯穎凱基57購07,TW,0.0,0.0,0.0,0.0,0,0.0,0.0
053853,振樺電凱基57購01,TW,0.0,-75.0,0.0,0.0,0,0.0,0.0
053855,臺股指凱基61購05,TW,0.0,-5.0,0.0,0.0,0,0.0,0.0
053856,T50正2統一61購01,TW,0.0,-83.0,0.0,0.0,0,0.0,0.0
053857,南亞統一61購07,TW,0.0,-100.0,0.0,0.0,0,0.0,0.0
053858,國巨統一61購04,TW,0.0,173.0,0.0,0.0,0,0.0,0.0
053859,強茂統一61購02,TW,0.0,-326.0,0.0,0.0,0,0.0,0.0
053860,景碩統一61購03,TW,0.0,129.0,0.0,0.0,0,0.0,0.0
053861,新日興統一61購01,TW,0.0,-122.0,0.0,0.0,0,0.0,0.0
053862,雲豹統一61購02,TW,0.0,-10.0,0.0,0.0,0,0.0,0.0
053863,南亞國票58購01,TW,0.0,93.0,0.0,0.0,0,0.0,0.0
053865,和大國票58購01,TW,0.0,-180.0,0.0,0.0,0,0.0,0.0
053867,台玻國票58購01,TW,0.0,-32.0,0.0,0.0,0,0.0,0.0
053868,光罩國票58購01,TW,0.0,-116.0,0.0,0.0,0,0.0,0.0
053869,致茂國票63購01,TW,0.0,79.0,0.0,0.0,0,0.0,0.0
053870,菱生國票58購02,TW,0.0,1439.0,0.0,0.0,0,0.0,0.0
053871,凌陽國票58購01,TW,0.0,-572.0,0.0,0.0,0,0.0,0.0
053872,瑞軒國票58購02,TW,0.0,6.0,0.0,0.0,0,0.0,0.0
053873,華新科國票58購02,TW,0.0,46.0,0.0,0.0,0,0.0,0.0
053875,達邁國票58購01,TW,0.0,-36.0,0.0,0.0,0,0.0,0.0
053876,東台國票58購01,TW,0.0,1010.0,0.0,0.0,0,0.0,0.0
053877,帆宣國票58購02,TW,0.0,122.0,0.0,0.0,0,0.0,0.0
053879,惠特國票58購02,TW,0.0,199.0,0.0,0.0,0,0.0,0.0
053880,南電國票58購02,TW,0.0,14.0,0.0,0.0,0,0.0,0.0
053881,南電國票5A購01,TW,0.0,8.0,0.0,0.0,0,0.0,0.0
053887,欣興國泰58購02,TW,0.0,3.0,0.0,0.0,0,0.0,0.0
053892,T50反1永豐5C購01,TW,0.0,-30.0,0.0,0.0,0,0.0,0.0
053893,南亞永豐57購05,TW,0.0,210.0,0.0,0.0,0,0.0,0.0
053896,宏泰永豐57購01,TW,0.0,0.0,0.0,0.0,0,0.0,0.0
053899,聯電永豐58購02,TW,0.0,-76.0,0.0,0.0,0,0.0,0.0
053900,國巨永豐59購02,TW,0.0,1.0,0.0,0.0,0,0.0,0.0
053901,台積電永豐71購03,TW,0.0,-235.0,0.0,0.0,0,0.0,0.0
053903,漢唐永豐58購04,TW,0.0,-838.0,0.0,0.0,0,0.0,0.0
053904,強茂永豐59購01,TW,0.0,-45.0,0.0,0.0,0,0.0,0.0
053908,新日興永豐58購02,TW,0.0,-90.0,0.0,0.0,0,0.0,0.0
053909,融程電永豐58購01,TW,0.0,-214.0,0.0,0.0,0,0.0,0.0
053911,上品永豐57購01,TW,0.0,20.0,0.0,0.0,0,0.0,0.0
053912,眾達永豐58購01,TW,0.0,1.0,0.0,0.0,0,0.0,0.0
053914,三集瑞永豐61購01,TW,0.0,-213.0,0.0,0.0,0,0.0,0.0
053916,大研醫永豐5A購01,TW,0.0,35.0,0.0,0.0,0,0.0,0.0
053917,南電永豐58購01,TW,0.0,-4.0,0.0,0.0,0,0.0,0.0
053919,FBNQ2X群益57購03,TW,0.0,-8.0,0.0,0.0,0,0.0,0.0
053921,台泥群益5A購01,TW,0.0,-65.0,0.0,0.0,0,0.0,0.0
053923,士電群益59購01,TW,0.0,24.0,0.0,0.0,0,0.0,0.0
053926,美時群益59購01,TW,0.0,-10.0,0.0,0.0,0,0.0,0.0
053927,台玻群益57購04,TW,0.0,-83.0,0.0,0.0,0,0.0,0.0
053928,川湖群益59購01,TW,0.0,-378.0,0.0,0.0,0,0.0,0.0
05392U,緯穎統一58售03,TW,0.0,400.0,0.0,0.0,0,0.0,0.0
053931,楠梓電群益57購02,TW,0.0,10.0,0.0,0.0,0,0.0,0.0
053933,仁寶群益57購01,TW,0.0,-60.0,0.0,0.0,0,0.0,0.0
053934,國巨群益57購09,TW,0.0,13.0,0.0,0.0,0,0.0,0.0
053935,台積電群益5B購03,TW,0.0,-11.0,0.0,0.0,0,0.0,0.0
053936,聯強群益57購01,TW,0.0,-5.0,0.0,0.0,0,0.0,0.0
053937,宏碁群益57購01,TW,0.0,-21.0,0.0,0.0,0,0.0,0.0
053938,英業達群益57購01,TW,0.0,46.0,0.0,0.0,0,0.0,0.0
053940,微星群益57購01,TW,0.0,192.0,0.0,0.0,0,0.0,0.0
053943,強茂群益57購04,TW,0.0,8.0,0.0,0.0,0,0.0,0.0
053944,大立光群益57購07,TW,0.0,120.0,0.0,0.0,0,0.0,0.0
053945,嘉晶群益57購01,TW,0.0,2.0,0.0,0.0,0,0.0,0.0
053947,聯詠群益57購01,TW,0.0,-32.0,0.0,0.0,0,0.0,0.0
053950,蔚華科群益5B購01,TW,0.0,133.0,0.0,0.0,0,0.0,0.0
053953,融程電群益57購01,TW,0.0,-784.0,0.0,0.0,0,0.0,0.0
053956,定穎控群益57購03,TW,0.0,5.0,0.0,0.0,0,0.0,0.0
053960,力成群益57購02,TW,0.0,306.0,0.0,0.0,0,0.0,0.0
053961,啟碁群益59購02,TW,0.0,12.0,0.0,0.0,0,0.0,0.0
053963,樺漢群益57購01,TW,0.0,703.0,0.0,0.0,0,0.0,0.0
053966,三集瑞群益57購01,TW,0.0,-418.0,0.0,0.0,0,0.0,0.0
053968,兆聯群益57購04,TW,0.0,-10.0,0.0,0.0,0,0.0,0.0
053969,南電群益57購06,TW,0.0,-19.0,0.0,0.0,0,0.0,0.0
053970,至上群益57購02,TW,0.0,-247.0,0.0,0.0,0,0.0,0.0
053971,巨大群益59購01,TW,0.0,-10.0,0.0,0.0,0,0.0,0.0
053972,台灣50元大57購06,TW,0.0,3.0,0.0,0.0,0,0.0,0.0
053974,T50反1元大59購02,TW,0.0,1168.0,0.0,0.0,0,0.0,0.0
053975,T50反1元大61購04,TW,0.0,6.0,0.0,0.0,0,0.0,0.0
053976,元金2X元大5A購01,TW,0.0,-32.0,0.0,0.0,0,0.0,0.0
053977,道瓊銀元大61購01,TW,0.0,-22.0,0.0,0.0,0,0.0,0.0
053978,南亞元大57購07,TW,0.0,481.0,0.0,0.0,0,0.0,0.0
053979,南亞元大5B購04,TW,0.0,185.0,0.0,0.0,0,0.0,0.0
053980,東元元大5A購02,TW,0.0,-325.0,0.0,0.0,0,0.0,0.0
053981,東元元大5B購03,TW,0.0,516.0,0.0,0.0,0,0.0,0.0
053982,中興電元大57購02,TW,0.0,4247.0,0.0,0.0,0,0.0,0.0
053983,中興電元大5B購01,TW,0.0,-721.0,0.0,0.0,0,0.0,0.0
053985,華新元大57購09,TW,0.0,-78.0,0.0,0.0,0,0.0,0.0
053986,美時元大57購02,TW,0.0,5.0,0.0,0.0,0,0.0,0.0
053987,美時元大5A購02,TW,0.0,151.0,0.0,0.0,0,0.0,0.0
053988,宇隆元大57購03,TW,0.0,464.0,0.0,0.0,0,0.0,0.0
053989,聯電元大57購13,TW,0.0,5.0,0.0,0.0,0,0.0,0.0
053990,聯電元大57購14,TW,0.0,152.0,0.0,0.0,0,0.0,0.0
053991,聯電元大5A購02,TW,0.0,30.0,0.0,0.0,0,0.0,0.0
053994,楠梓電元大57購02,TW,0.0,432.0,0.0,0.0,0,0.0,0.0
053995,華碩元大57購03,TW,0.0,-71.0,0.0,0.0,0,0.0,0.0
053996,矽統元大57購02,TW,0.0,-51.0,0.0,0.0,0,0.0,0.0
053997,菱生元大57購02,TW,0.0,-13.0,0.0,0.0,0,0.0,0.0
053998,友達元大57購06,TW,0.0,255.0,0.0,0.0,0,0.0,0.0
053999,友達元大5B購01,TW,0.0,-238.0,0.0,0.0,0,0.0,0.0
054000,超豐元大57購07,TW,0.0,692.0,0.0,0.0,0,0.0,0.0
054001,長榮元大5A購02,TW,0.0,252.0,0.0,0.0,0,0.0,0.0
054002,陽明元大57購01,TW,0.0,-205.0,0.0,0.0,0,0.0,0.0
054005,大立光元大57購17,TW,0.0,-51.0,0.0,0.0,0,0.0,0.0
054007,亞光元大57購10,TW,0.0,-90.0,0.0,0.0,0,0.0,0.0
054010,世芯元大57購20,TW,0.0,-22.0,0.0,0.0,0,0.0,0.0
054011,日月光元大57購06,TW,0.0,35.0,0.0,0.0,0,0.0,0.0
054012,康普元大57購01,TW,0.0,24.0,0.0,0.0,0,0.0,0.0
054013,上品元大57購01,TW,0.0,5.0,0.0,0.0,0,0.0,0.0
054015,達興元大5A購01,TW,0.0,-84.0,0.0,0.0,0,0.0,0.0
054016,祥碩元大57購05,TW,0.0,96.0,0.0,0.0,0,0.0,0.0
054017,祥碩元大61購01,TW,0.0,-82.0,0.0,0.0,0,0.0,0.0
054018,中磊元大57購01,TW,0.0,412.0,0.0,0.0,0,0.0,0.0
054020,中磊元大57購02,TW,0.0,59.0,0.0,0.0,0,0.0,0.0
054022,和椿元大57購01,TW,0.0,-5227.0,0.0,0.0,0,0.0,0.0
054024,龍德船元大57購02,TW,0.0,274.0,0.0,0.0,0,0.0,0.0
054025,昇陽半元大57購11,TW,0.0,12.0,0.0,0.0,0,0.0,0.0
054026,南電元大57購05,TW,0.0,20.0,0.0,0.0,0,0.0,0.0
054027,燿華台新57購01,TW,0.0,10.0,0.0,0.0,0,0.0,0.0
054028,道瓊銀永豐61購01,TW,0.0,7.0,0.0,0.0,0,0.0,0.0
054030,鴻海永豐61購02,TW,0.0,127.0,0.0,0.0,0,0.0,0.0
054032,矽統永豐58購01,TW,0.0,-42.0,0.0,0.0,0,0.0,0.0
054033,矽統永豐5A購01,TW,0.0,-788.0,0.0,0.0,0,0.0,0.0
054035,漢翔永豐59購01,TW,0.0,-20.0,0.0,0.0,0,0.0,0.0
054036,長榮太永豐58購01,TW,0.0,-273.0,0.0,0.0,0,0.0,0.0
054037,大立光永豐58購02,TW,0.0,7.0,0.0,0.0,0,0.0,0.0
054038,嘉晶永豐5A購01,TW,0.0,2.0,0.0,0.0,0,0.0,0.0
054039,敦泰永豐57購01,TW,0.0,-196.0,0.0,0.0,0,0.0,0.0
054041,國精化永豐58購01,TW,0.0,178.0,0.0,0.0,0,0.0,0.0
054042,國精化永豐59購01,TW,0.0,208.0,0.0,0.0,0,0.0,0.0
054043,國精化永豐5B購01,TW,0.0,-451.0,0.0,0.0,0,0.0,0.0
054048,中興電兆豐61購01,TW,0.0,-2088.0,0.0,0.0,0,0.0,0.0
054050,道瓊銀富邦64購01,TW,0.0,25.0,0.0,0.0,0,0.0,0.0
054051,嘉晶富邦5B購01,TW,0.0,13.0,0.0,0.0,0,0.0,0.0
054053,瀚宇博富邦5C購01,TW,0.0,-6.0,0.0,0.0,0,0.0,0.0
054055,T50正2凱基5A購03,TW,0.0,-12.0,0.0,0.0,0,0.0,0.0
054062,亞力凱基58購01,TW,0.0,-51.0,0.0,0.0,0,0.0,0.0
054064,台玻凱基57購06,TW,0.0,-917.0,0.0,0.0,0,0.0,0.0
054067,台積電凱基57購17,TW,0.0,800.0,0.0,0.0,0,0.0,0.0
054068,英業達凱基5A購01,TW,0.0,-54.0,0.0,0.0,0,0.0,0.0
054069,華碩凱基57購02,TW,0.0,1.0,0.0,0.0,0,0.0,0.0
05406U,滬深2X中信56售01,TW,0.0,4.0,0.0,0.0,0,0.0,0.0
054070,燿華凱基57購04,TW,0.0,40.0,0.0,0.0,0,0.0,0.0
054071,瑞昱凱基57購05,TW,0.0,-91.0,0.0,0.0,0,0.0,0.0
054072,超豐凱基58購01,TW,0.0,377.0,0.0,0.0,0,0.0,0.0
054074,強茂凱基59購01,TW,0.0,-62.0,0.0,0.0,0,0.0,0.0
054075,長榮航凱基57購02,TW,0.0,200.0,0.0,0.0,0,0.0,0.0
054077,長榮太凱基57購01,TW,0.0,60.0,0.0,0.0,0,0.0,0.0
054078,嘉晶凱基59購01,TW,0.0,106.0,0.0,0.0,0,0.0,0.0
054079,亞光凱基57購04,TW,0.0,-1239.0,0.0,0.0,0,0.0,0.0
054080,聯詠凱基57購01,TW,0.0,44.0,0.0,0.0,0,0.0,0.0
054083,國精化凱基57購01,TW,0.0,64.0,0.0,0.0,0,0.0,0.0
054087,矽力凱基5B購01,TW,0.0,9.0,0.0,0.0,0,0.0,0.0
054088,惠特凱基57購01,TW,0.0,-37.0,0.0,0.0,0,0.0,0.0
054089,龍德船凱基57購02,TW,0.0,-3.0,0.0,0.0,0,0.0,0.0
054090,台塑群益57購01,TW,0.0,-10.0,0.0,0.0,0,0.0,0.0
054093,台玻群益57購05,TW,0.0,-70.0,0.0,0.0,0,0.0,0.0
054094,宇隆群益57購02,TW,0.0,-4.0,0.0,0.0,0,0.0,0.0
054096,台積電群益59購04,TW,0.0,2.0,0.0,0.0,0,0.0,0.0
054098,友達群益57購07,TW,0.0,8.0,0.0,0.0,0,0.0,0.0
054100,長榮太群益57購03,TW,0.0,-19.0,0.0,0.0,0,0.0,0.0
054103,日電貿群益57購02,TW,0.0,4.0,0.0,0.0,0,0.0,0.0
054106,牧德群益57購02,TW,0.0,-2.0,0.0,0.0,0,0.0,0.0
054107,國精化群益57購01,TW,0.0,333.0,0.0,0.0,0,0.0,0.0
054109,佳必琪群益57購02,TW,0.0,40.0,0.0,0.0,0,0.0,0.0
054111,緯穎群益57購06,TW,0.0,97.0,0.0,0.0,0,0.0,0.0
054112,龍德船群益59購01,TW,0.0,385.0,0.0,0.0,0,0.0,0.0
054113,龍德船群益61購01,TW,0.0,8.0,0.0,0.0,0,0.0,0.0
054116,道瓊銀元富61購02,TW,0.0,20.0,0.0,0.0,0,0.0,0.0
054117,國巨元富57購06,TW,0.0,333.0,0.0,0.0,0,0.0,0.0
054119,華泰元富5A購01,TW,0.0,48.0,0.0,0.0,0,0.0,0.0
054120,燿華元富57購03,TW,0.0,-344.0,0.0,0.0,0,0.0,0.0
054122,欣興元富58購03,TW,0.0,1.0,0.0,0.0,0,0.0,0.0
054124,定穎控元富57購04,TW,0.0,3542.0,0.0,0.0,0,0.0,0.0
054125,國精化元富57購01,TW,0.0,190.0,0.0,0.0,0,0.0,0.0
054126,宏泰國泰58購01,TW,0.0,-2.0,0.0,0.0,0,0.0,0.0
054127,台玻國泰58購03,TW,0.0,-267.0,0.0,0.0,0,0.0,0.0
054129,宇隆國泰58購01,TW,0.0,46.0,0.0,0.0,0,0.0,0.0
054130,燿華國泰58購01,TW,0.0,44.0,0.0,0.0,0,0.0,0.0
054131,瑞鼎國泰58購02,TW,0.0,-207.0,0.0,0.0,0,0.0,0.0
054136,亞力國票57購03,TW,0.0,-53.0,0.0,0.0,0,0.0,0.0
054137,亞力國票58購01,TW,0.0,-2.0,0.0,0.0,0,0.0,0.0
054138,台玻國票58購03,TW,0.0,11.0,0.0,0.0,0,0.0,0.0
054139,台玻國票58購04,TW,0.0,40.0,0.0,0.0,0,0.0,0.0
054140,台玻國票58購05,TW,0.0,-91.0,0.0,0.0,0,0.0,0.0
054141,上銀國票58購01,TW,0.0,-255.0,0.0,0.0,0,0.0,0.0
054143,順德國票58購01,TW,0.0,10.0,0.0,0.0,0,0.0,0.0
054144,矽統國票58購02,TW,0.0,72.0,0.0,0.0,0,0.0,0.0
054145,晶技國票58購02,TW,0.0,50.0,0.0,0.0,0,0.0,0.0
054147,中租國票58購01,TW,0.0,465.0,0.0,0.0,0,0.0,0.0
054149,大研醫國票58購01,TW,0.0,-989.0,0.0,0.0,0,0.0,0.0
054152,道瓊銀元大57購06,TW,0.0,1.0,0.0,0.0,0,0.0,0.0
054153,美費半元大58購01,TW,0.0,3.0,0.0,0.0,0,0.0,0.0
054155,士電元大57購01,TW,0.0,62.0,0.0,0.0,0,0.0,0.0
054156,士電元大59購01,TW,0.0,-1120.0,0.0,0.0,0,0.0,0.0
054157,士電元大5C購01,TW,0.0,-22038.0,0.0,0.0,0,0.0,0.0
054158,東元元大5A購03,TW,0.0,1497.0,0.0,0.0,0,0.0,0.0
054159,中興電元大57購03,TW,0.0,-730.0,0.0,0.0,0,0.0,0.0
054160,中興電元大5A購01,TW,0.0,-399.0,0.0,0.0,0,0.0,0.0
054161,中興電元大5B購02,TW,0.0,-497.0,0.0,0.0,0,0.0,0.0
054163,亞力元大57購04,TW,0.0,-760.0,0.0,0.0,0,0.0,0.0
054164,華新元大57購10,TW,0.0,-669.0,0.0,0.0,0,0.0,0.0
054165,台玻元大57購11,TW,0.0,2.0,0.0,0.0,0,0.0,0.0
054166,台玻元大57購12,TW,0.0,-324.0,12.0,0.0,0,0.0,0.0
054167,聯電元大5A購03,TW,0.0,28.0,0.0,0.0,0,0.0,0.0
054168,聯電元大61購02,TW,0.0,69.0,0.0,0.0,0,0.0,0.0
054169,台達電元大57購22,TW,0.0,0.0,0.0,0.0,0,0.0,0.0
054170,鴻海元大57購04,TW,0.0,-82.0,0.0,0.0,0,0.0,0.0
054171,華泰元大57購04,TW,0.0,-507.0,0.0,0.0,0,0.0,0.0
054172,台積電元大5B購01,TW,0.0,-23.0,0.0,0.0,0,0.0,0.0
054173,瑞昱元大57購06,TW,0.0,20.0,0.0,0.0,0,0.0,0.0
054175,陽明元大57購02,TW,0.0,20.0,0.0,0.0,0,0.0,0.0
054176,陽明元大57購03,TW,0.0,-33.0,0.0,0.0,0,0.0,0.0
054177,陽明元大57購04,TW,0.0,-506.0,0.0,0.0,0,0.0,0.0
054178,大立光元大57購18,TW,0.0,60.0,0.0,0.0,0,0.0,0.0
054179,大立光元大57購19,TW,0.0,40.0,0.0,0.0,0,0.0,0.0
054180,欣興元大57購14,TW,0.0,45.0,0.0,0.0,0,0.0,0.0
054181,新日興元大57購07,TW,0.0,-130.0,0.0,0.0,0,0.0,0.0
054182,世芯元大57購21,TW,0.0,9.0,0.0,0.0,0,0.0,0.0
054183,世芯元大57購22,TW,0.0,-1542.0,0.0,0.0,0,0.0,0.0
054184,日月光元大57購07,TW,0.0,300.0,0.0,0.0,0,0.0,0.0
054185,定穎控元大57購03,TW,0.0,-67.0,0.0,0.0,0,0.0,0.0
054186,事欣科元大5B購01,TW,0.0,618.0,0.0,0.0,0,0.0,0.0
054187,臻鼎元大57購04,TW,0.0,5.0,0.0,0.0,0,0.0,0.0
054189,全訊元大57購01,TW,0.0,7.0,0.0,0.0,0,0.0,0.0
054190,祥碩元大61購02,TW,0.0,-1891.0,0.0,0.0,0,0.0,0.0
054191,力成元大5A購04,TW,0.0,-1425.0,0.0,0.0,0,0.0,0.0
054192,啟碁元大57購04,TW,0.0,15.0,0.0,0.0,0,0.0,0.0
054193,矽力元大57購02,TW,0.0,-6.0,0.0,0.0,0,0.0,0.0
054194,矽力元大57購03,TW,0.0,41.0,0.0,0.0,0,0.0,0.0
054196,緯穎元大57購14,TW,0.0,5.0,0.0,0.0,0,0.0,0.0
054198,龍德船元大57購03,TW,0.0,30.0,0.0,0.0,0,0.0,0.0
054200,龍德船元大57購05,TW,0.0,-40.0,0.0,0.0,0,0.0,0.0
054202,昇陽半元大57購13,TW,0.0,40.0,0.0,0.0,0,0.0,0.0
054203,長華元大57購01,TW,0.0,130.0,0.0,0.0,0,0.0,0.0
054205,士電兆豐59購01,TW,0.0,-100.0,0.0,0.0,0,0.0,0.0
054206,上銀兆豐61購01,TW,0.0,32.0,0.0,0.0,0,0.0,0.0
054209,旭隼兆豐61購01,TW,0.0,70.0,0.0,0.0,0,0.0,0.0
054210,台灣50富邦61購07,TW,0.0,-18.0,0.0,0.0,0,0.0,0.0
054211,T50反1富邦61購03,TW,0.0,-50.0,0.0,0.0,0,0.0,0.0
054212,T50反1富邦61購04,TW,0.0,647.0,0.0,0.0,0,0.0,0.0
054213,光寶科富邦61購03,TW,0.0,2.0,0.0,0.0,0,0.0,0.0
054214,聯電富邦61購02,TW,0.0,50.0,0.0,0.0,0,0.0,0.0
054215,聯電富邦61購03,TW,0.0,150.0,0.0,0.0,0,0.0,0.0
054216,國巨富邦59購02,TW,0.0,1183.0,0.0,0.0,0,0.0,0.0
054219,欣興富邦5C購03,TW,0.0,1.0,0.0,0.0,0,0.0,0.0
054220,日月光富邦57購02,TW,0.0,5.0,0.0,0.0,0,0.0,0.0
054221,龍德船富邦5C購01,TW,0.0,162.0,0.0,0.0,0,0.0,0.0
054222,富世達富邦59購02,TW,0.0,-570.0,0.0,0.0,0,0.0,0.0
054223,光寶科台新57購01,TW,0.0,2.0,0.0,0.0,0,0.0,0.0
054225,台達電台新57購02,TW,0.0,-33.0,0.0,0.0,0,0.0,0.0
054226,台灣50凱基57購07,TW,0.0,-1.0,0.0,0.0,0,0.0,0.0
054228,元金2X凱基5B購04,TW,0.0,7.0,0.0,0.0,0,0.0,0.0
054229,道瓊銀凱基5C購02,TW,0.0,-4.0,0.0,0.0,0,0.0,0.0
054230,南亞凱基57購05,TW,0.0,19.0,0.0,0.0,0,0.0,0.0
054231,士電凱基59購01,TW,0.0,-69.0,0.0,0.0,0,0.0,0.0
054234,上銀凱基58購01,TW,0.0,37.0,0.0,0.0,0,0.0,0.0
054235,聯電凱基59購03,TW,0.0,2.0,0.0,0.0,0,0.0,0.0
054236,台達電凱基57購06,TW,0.0,0.0,0.0,0.0,0,0.0,0.0
054237,華泰凱基57購03,TW,0.0,27.0,0.0,0.0,0,0.0,0.0
054238,英業達凱基58購01,TW,0.0,-156.0,0.0,0.0,0,0.0,0.0
054239,矽統凱基57購01,TW,0.0,-767.0,0.0,0.0,0,0.0,0.0
054241,技嘉凱基57購01,TW,0.0,296.0,0.0,0.0,0,0.0,0.0
054250,嘉澤凱基57購04,TW,0.0,6.0,0.0,0.0,0,0.0,0.0
054251,定穎控凱基61購01,TW,0.0,24.0,0.0,0.0,0,0.0,0.0
054252,亞翔凱基5C購01,TW,0.0,-44.0,0.0,0.0,0,0.0,0.0
054255,同欣電凱基58購02,TW,0.0,-169.0,0.0,0.0,0,0.0,0.0
054256,啟碁凱基59購01,TW,0.0,20.0,0.0,0.0,0,0.0,0.0
054257,AES凱基59購01,TW,0.0,302.0,0.0,0.0,0,0.0,0.0
054258,富世達凱基59購01,TW,0.0,-196.0,0.0,0.0,0,0.0,0.0
054259,福懋科凱基57購04,TW,0.0,0.0,0.0,0.0,0,0.0,0.0
054260,泰金寶凱基57購01,TW,0.0,-45.0,0.0,0.0,0,0.0,0.0
054261,臺股指凱基57購14,TW,0.0,-1.0,0.0,0.0,0,0.0,0.0
054266,南亞元富57購05,TW,0.0,21.0,0.0,0.0,0,0.0,0.0
054267,南亞元富5A購01,TW,0.0,-66.0,0.0,0.0,0,0.0,0.0
054271,華新元富57購01,TW,0.0,-75.0,0.0,0.0,0,0.0,0.0
054273,宇隆元富58購01,TW,0.0,13.0,0.0,0.0,0,0.0,0.0
054274,國巨元富57購07,TW,0.0,24.0,0.0,0.0,0,0.0,0.0
054276,華碩元富57購01,TW,0.0,50.0,0.0,0.0,0,0.0,0.0
054277,矽統元富57購02,TW,0.0,26.0,0.0,0.0,0,0.0,0.0
054279,華新科元富57購05,TW,0.0,22.0,0.0,0.0,0,0.0,0.0
054280,華新科元富57購06,TW,0.0,348.0,0.0,0.0,0,0.0,0.0
054281,長榮航元富57購01,TW,0.0,-4.0,0.0,0.0,0,0.0,0.0
054282,敦泰元富57購01,TW,0.0,-302.0,0.0,0.0,0,0.0,0.0
054284,力成元富57購04,TW,0.0,-220.0,0.0,0.0,0,0.0,0.0
054286,亞聚國票58購01,TW,0.0,-187.0,0.0,0.0,0,0.0,0.0
054287,大亞國票58購01,TW,0.0,0.0,0.0,0.0,0,0.0,0.0
054288,台達電國票58購05,TW,0.0,269.0,0.0,0.0,0,0.0,0.0
054290,台達電國票59購01,TW,0.0,-65.0,0.0,0.0,0,0.0,0.0
054291,英業達國票58購01,TW,0.0,-327.0,0.0,0.0,0,0.0,0.0
054292,飛宏國票57購01,TW,0.0,-20.0,0.0,0.0,0,0.0,0.0
054294,瑞軒國票58購03,TW,0.0,141.0,0.0,0.0,0,0.0,0.0
054295,瑞軒國票58購04,TW,0.0,-76.0,0.0,0.0,0,0.0,0.0
054296,聯陽國票58購01,TW,0.0,-59.0,0.0,0.0,0,0.0,0.0
054297,欣興國票58購03,TW,0.0,2.0,0.0,0.0,0,0.0,0.0
054299,華晶科國票58購01,TW,0.0,-5154.0,0.0,0.0,0,0.0,0.0
054302,中磊國票58購01,TW,0.0,-414.0,0.0,0.0,0,0.0,0.0
054304,啟碁國票61購01,TW,0.0,33.0,0.0,0.0,0,0.0,0.0
054309,台達電國泰58購03,TW,0.0,18.0,0.0,0.0,0,0.0,0.0
054310,英業達國泰58購01,TW,0.0,-4.0,0.0,0.0,0,0.0,0.0
054312,飛宏國泰58購02,TW,0.0,-3.0,0.0,0.0,0,0.0,0.0
054314,健鼎國泰58購01,TW,0.0,28.0,0.0,0.0,0,0.0,0.0
054316,旭隼國泰58購01,TW,0.0,-618.0,0.0,0.0,0,0.0,0.0
054317,龍德船國泰58購01,TW,0.0,-150.0,0.0,0.0,0,0.0,0.0
054320,大亞永豐58購01,TW,0.0,-499.0,0.0,0.0,0,0.0,0.0
054321,宇隆永豐57購01,TW,0.0,92.0,0.0,0.0,0,0.0,0.0
054323,光寶科永豐5B購01,TW,0.0,13.0,0.0,0.0,0,0.0,0.0
054324,台達電永豐58購05,TW,0.0,-12.0,0.0,0.0,0,0.0,0.0
054325,台達電永豐59購04,TW,0.0,-36.0,0.0,0.0,0,0.0,0.0
054326,國巨永豐58購04,TW,0.0,38.0,0.0,0.0,0,0.0,0.0
054327,國巨永豐5B購01,TW,0.0,6.0,0.0,0.0,0,0.0,0.0
054328,順德永豐57購01,TW,0.0,2.0,0.0,0.0,0,0.0,0.0
054329,英業達永豐58購01,TW,0.0,117.0,0.0,0.0,0,0.0,0.0
054330,燿華永豐58購02,TW,0.0,-87.0,-1.0,0.0,0,0.0,0.0
054331,微星永豐59購01,TW,0.0,-698.0,0.0,0.0,0,0.0,0.0
054332,超豐永豐58購01,TW,0.0,588.0,0.0,0.0,0,0.0,0.0
054334,強茂永豐57購03,TW,0.0,3011.0,0.0,0.0,0,0.0,0.0
054336,華新科永豐59購02,TW,0.0,86.0,0.0,0.0,0,0.0,0.0
054338,健鼎永豐57購02,TW,0.0,-56.0,0.0,0.0,0,0.0,0.0
054340,辛耘永豐58購01,TW,0.0,3.0,0.0,0.0,0,0.0,0.0
054344,同欣電永豐57購02,TW,0.0,-128.0,0.0,0.0,0,0.0,0.0
054346,泰金寶永豐5B購01,TW,0.0,111.0,0.0,0.0,0,0.0,0.0
054347,T50反1元大5B購05,TW,0.0,-80.0,0.0,0.0,0,0.0,0.0
054348,T50反1元大62購04,TW,0.0,-80.0,0.0,0.0,0,0.0,0.0
054350,南亞元大57購08,TW,0.0,-60.0,0.0,0.0,0,0.0,0.0
054351,南亞元大57購09,TW,0.0,232.0,0.0,0.0,0,0.0,0.0
054353,士電元大61購01,TW,0.0,-2706.0,0.0,0.0,0,0.0,0.0
054355,中興電元大5A購02,TW,0.0,-93.0,0.0,0.0,0,0.0,0.0
054358,台達電元大57購23,TW,0.0,-4.0,0.0,0.0,0,0.0,0.0
054359,鴻海元大57購05,TW,0.0,-45.0,0.0,0.0,0,0.0,0.0
054360,廣宇元大5A購01,TW,0.0,-227.0,0.0,0.0,0,0.0,0.0
054361,廣宇元大61購01,TW,0.0,-816.0,0.0,0.0,0,0.0,0.0
054362,台積電元大5B購02,TW,0.0,-4.0,0.0,0.0,0,0.0,0.0
054363,敬鵬元大57購01,TW,0.0,642.0,0.0,0.0,0,0.0,0.0
054364,華碩元大57購04,TW,0.0,-106.0,0.0,0.0,0,0.0,0.0
054365,矽統元大57購03,TW,0.0,-150.0,0.0,0.0,0,0.0,0.0
054367,大立光統一5A購01,TW,0.0,1389.0,0.0,0.0,0,0.0,0.0
054369,矽統元大57購04,TW,0.0,-104.0,0.0,0.0,0,0.0,0.0
054370,矽統元大57購05,TW,0.0,-137.0,0.0,0.0,0,0.0,0.0
054372,友達元大57購07,TW,0.0,-240.0,0.0,0.0,0,0.0,0.0
054373,飛宏元大57購01,TW,0.0,-9.0,0.0,0.0,0,0.0,0.0
054375,瑞軒元大57購01,TW,0.0,-32.0,0.0,0.0,0,0.0,0.0
054376,長榮太元大57購03,TW,0.0,44.0,0.0,0.0,0,0.0,0.0
054377,長榮太元大59購02,TW,0.0,-311.0,0.0,0.0,0,0.0,0.0
054378,大立光元大57購20,TW,0.0,72.0,0.0,0.0,0,0.0,0.0
054379,大立光元大5C購01,TW,0.0,1.0,0.0,0.0,0,0.0,0.0
054380,嘉晶元大57購04,TW,0.0,-23.0,0.0,0.0,0,0.0,0.0
054381,欣興元大57購15,TW,0.0,36.0,0.0,0.0,0,0.0,0.0
054382,華晶科元大57購02,TW,0.0,-2428.0,0.0,0.0,0,0.0,0.0
054383,世芯元大57購23,TW,0.0,4.0,0.0,0.0,0,0.0,0.0
054384,世芯元大57購24,TW,0.0,-47.0,0.0,0.0,0,0.0,0.0
054385,定穎控元大57購04,TW,0.0,-194.0,0.0,0.0,0,0.0,0.0
054386,力成元大5A購05,TW,0.0,-4573.0,0.0,0.0,0,0.0,0.0
054387,啟碁元大5A購01,TW,0.0,36.0,0.0,0.0,0,0.0,0.0
054389,矽力元大57購05,TW,0.0,6.0,0.0,0.0,0,0.0,0.0
054390,矽力元大59購04,TW,0.0,23.0,0.0,0.0,0,0.0,0.0
054391,緯穎元大5B購02,TW,0.0,5.0,0.0,0.0,0,0.0,0.0
054392,昇陽半元大57購14,TW,0.0,2.0,0.0,0.0,0,0.0,0.0
054393,福懋科元大57購05,TW,0.0,1.0,0.0,0.0,0,0.0,0.0
054394,泰金寶元大57購02,TW,0.0,-16.0,0.0,0.0,0,0.0,0.0
054396,道瓊銀群益61購06,TW,0.0,-244.0,0.0,0.0,0,0.0,0.0
054397,台泥群益57購03,TW,0.0,-23.0,0.0,0.0,0,0.0,0.0
054399,東元群益57購02,TW,0.0,500.0,0.0,0.0,0,0.0,0.0
054401,大亞群益59購01,TW,0.0,100.0,0.0,0.0,0,0.0,0.0
054402,光寶科群益57購03,TW,0.0,99.0,0.0,0.0,0,0.0,0.0
054403,光寶科群益59購01,TW,0.0,425.0,0.0,0.0,0,0.0,0.0
054404,聯電群益59購03,TW,0.0,1.0,0.0,0.0,0,0.0,0.0
054408,台達電群益57購10,TW,0.0,16.0,0.0,0.0,0,0.0,0.0
054409,國巨群益57購10,TW,0.0,4.0,0.0,0.0,0,0.0,0.0
054410,順德群益57購02,TW,0.0,-12.0,0.0,0.0,0,0.0,0.0
054411,英業達群益59購01,TW,0.0,9.0,0.0,0.0,0,0.0,0.0
054412,華碩群益57購01,TW,0.0,-50.0,0.0,0.0,0,0.0,0.0
054413,矽統群益57購01,TW,0.0,-116.0,0.0,0.0,0,0.0,0.0
054417,微星群益58購01,TW,0.0,28.0,0.0,0.0,0,0.0,0.0
054418,瑞昱群益57購05,TW,0.0,-293.0,0.0,0.0,0,0.0,0.0
054419,台光電群益59購01,TW,0.0,7.0,0.0,0.0,0,0.0,0.0
054420,凌陽群益57購01,TW,0.0,-447.0,0.0,0.0,0,0.0,0.0
054422,強茂群益61購01,TW,0.0,72.0,0.0,0.0,0,0.0,0.0
054423,華新科群益58購01,TW,0.0,83.0,0.0,0.0,0,0.0,0.0
054424,普安群益57購02,TW,0.0,-52.0,0.0,0.0,0,0.0,0.0
054425,華航群益57購01,TW,0.0,300.0,0.0,0.0,0,0.0,0.0
054426,長榮航群益59購02,TW,0.0,-290.0,0.0,0.0,0,0.0,0.0
054427,亞光群益57購04,TW,0.0,-83.0,0.0,0.0,0,0.0,0.0
054431,欣興群益5B購02,TW,0.0,1.0,0.0,0.0,0,0.0,0.0
054434,帆宣群益57購01,TW,0.0,-28.0,0.0,0.0,0,0.0,0.0
054435,佳必琪群益57購03,TW,0.0,0.0,0.0,0.0,0,0.0,0.0
054439,力成群益58購03,TW,0.0,-1040.0,0.0,0.0,0,0.0,0.0
054440,同欣電群益58購01,TW,0.0,-192.0,0.0,0.0,0,0.0,0.0
054441,啟碁群益5A購01,TW,0.0,2.0,0.0,0.0,0,0.0,0.0
054443,兆聯群益57購05,TW,0.0,-9.0,0.0,0.0,0,0.0,0.0
054444,泰金寶群益57購01,TW,0.0,-3.0,0.0,0.0,0,0.0,0.0
054445,東陽統一61購01,TW,0.0,413.0,0.0,0.0,0,0.0,0.0
054446,士電統一5B購01,TW,0.0,-153.0,0.0,0.0,0,0.0,0.0
054447,士電統一63購01,TW,0.0,-189.0,0.0,0.0,0,0.0,0.0
054448,中興電統一5C購01,TW,0.0,-30.0,0.0,0.0,0,0.0,0.0
054449,中興電統一64購01,TW,0.0,-120.0,0.0,0.0,0,0.0,0.0
054450,堤維西統一61購01,TW,0.0,-40.0,0.0,0.0,0,0.0,0.0
054451,華新統一64購01,TW,0.0,-19.0,0.0,0.0,0,0.0,0.0
054452,大亞統一63購02,TW,0.0,-110.0,0.0,0.0,0,0.0,0.0
054453,聯電統一61購04,TW,0.0,-23.0,0.0,0.0,0,0.0,0.0
054454,聯電統一61購05,TW,0.0,315.0,0.0,0.0,0,0.0,0.0
054455,聯電統一61購06,TW,0.0,1223.0,0.0,0.0,0,0.0,0.0
054456,聯電統一63購01,TW,0.0,33.0,0.0,0.0,0,0.0,0.0
054457,聯電統一71購03,TW,0.0,-449.0,0.0,0.0,0,0.0,0.0
054458,台達電統一61購04,TW,0.0,19.0,0.0,0.0,0,0.0,0.0
054459,國巨統一71購02,TW,0.0,-891.0,0.0,0.0,0,0.0,0.0
054460,台積電統一61購06,TW,0.0,94.0,0.0,0.0,0,0.0,0.0
054462,英業達統一61購02,TW,0.0,-138.0,0.0,0.0,0,0.0,0.0
054463,矽統統一61購03,TW,0.0,-564.0,0.0,0.0,0,0.0,0.0
054464,燿華統一61購01,TW,0.0,-13.0,0.0,0.0,0,0.0,0.0
054466,大同統一61購02,TW,0.0,15.0,0.0,0.0,0,0.0,0.0
054467,友達統一5C購01,TW,0.0,-228.0,0.0,0.0,0,0.0,0.0
054468,京元電統一64購02,TW,0.0,-25.0,0.0,0.0,0,0.0,0.0
054469,聯發科統一71購01,TW,0.0,1.0,0.0,0.0,0,0.0,0.0
054470,飛宏統一5B購01,TW,0.0,-561.0,0.0,0.0,0,0.0,0.0
054471,飛宏統一71購01,TW,0.0,-40.0,0.0,0.0,0,0.0,0.0
054473,強茂統一71購02,TW,0.0,-195.0,0.0,0.0,0,0.0,0.0
054474,華新科統一61購04,TW,0.0,-72.0,0.0,0.0,0,0.0,0.0
054475,華新科統一71購01,TW,0.0,26.0,0.0,0.0,0,0.0,0.0
054476,華新科統一71購02,TW,0.0,-16.0,0.0,0.0,0,0.0,0.0
054477,長榮太統一5B購01,TW,0.0,-339.0,0.0,0.0,0,0.0,0.0
054478,大立光統一65購01,TW,0.0,-450.0,0.0,0.0,0,0.0,0.0
054481,嘉晶統一71購01,TW,0.0,18.0,0.0,0.0,0,0.0,0.0
054483,欣興統一71購04,TW,0.0,-378.0,0.0,0.0,0,0.0,0.0
054484,景碩統一71購03,TW,0.0,72.0,0.0,0.0,0,0.0,0.0
054485,昇貿統一61購01,TW,0.0,-1025.0,0.0,0.0,0,0.0,0.0
054486,新日興統一5C購02,TW,0.0,-918.0,0.0,0.0,0,0.0,0.0
054487,聯鈞統一61購03,TW,0.0,224.0,0.0,0.0,0,0.0,0.0
054489,日月光統一71購02,TW,0.0,-70.0,0.0,0.0,0,0.0,0.0
054490,定穎控統一63購01,TW,0.0,-136.0,0.0,0.0,0,0.0,0.0
054491,國精化統一61購01,TW,0.0,593.0,-1.0,0.0,0,0.0,0.0
054492,上品統一64購01,TW,0.0,-1430.0,0.0,0.0,0,0.0,0.0
054493,全訊統一61購01,TW,0.0,-37.0,0.0,0.0,0,0.0,0.0
054494,帆宣統一5C購03,TW,0.0,3.0,0.0,0.0,0,0.0,0.0
054495,力成統一5B購01,TW,0.0,22.0,0.0,0.0,0,0.0,0.0
054496,啟碁統一61購01,TW,0.0,-55.0,0.0,0.0,0,0.0,0.0
054497,啟碁統一61購02,TW,0.0,35.0,0.0,0.0,0,0.0,0.0
054498,啟碁統一66購01,TW,0.0,-52.0,0.0,0.0,0,0.0,0.0
054499,啟碁統一71購02,TW,0.0,-411.0,0.0,0.0,0,0.0,0.0
054500,矽力統一5C購01,TW,0.0,2.0,0.0,0.0,0,0.0,0.0
054501,緯穎統一5C購01,TW,0.0,7.0,0.0,0.0,0,0.0,0.0
054502,緯穎統一61購05,TW,0.0,-2.0,0.0,0.0,0,0.0,0.0
054503,惠特統一5B購01,TW,0.0,-5.0,0.0,0.0,0,0.0,0.0
054504,龍德船統一5B購01,TW,0.0,20.0,0.0,0.0,0,0.0,0.0
054508,同欣電台新57購01,TW,0.0,8.0,0.0,0.0,0,0.0,0.0
054510,東元凱基5B購02,TW,0.0,-1830.0,0.0,0.0,0,0.0,0.0
054511,美時凱基59購01,TW,0.0,-57.0,0.0,0.0,0,0.0,0.0
054512,宇隆凱基57購03,TW,0.0,-122.0,0.0,0.0,0,0.0,0.0
054513,光寶科凱基5C購01,TW,0.0,-77.0,0.0,0.0,0,0.0,0.0
054514,國巨凱基57購09,TW,0.0,-2.0,0.0,0.0,0,0.0,0.0
054515,廣宇凱基61購01,TW,0.0,15.0,0.0,0.0,0,0.0,0.0
054516,佳世達凱基58購01,TW,0.0,-20.0,0.0,0.0,0,0.0,0.0
054517,敬鵬凱基57購01,TW,0.0,52.0,1.0,0.0,0,0.0,0.0
054518,華碩凱基57購03,TW,0.0,0.0,0.0,0.0,0,0.0,0.0
054523,大立光凱基57購04,TW,0.0,47.0,0.0,0.0,0,0.0,0.0
054524,華晶科凱基57購02,TW,0.0,-253.0,0.0,0.0,0,0.0,0.0
054525,昇貿凱基59購03,TW,0.0,-88.0,0.0,0.0,0,0.0,0.0
054527,世芯凱基57購14,TW,0.0,-10.0,0.0,0.0,0,0.0,0.0
054528,定穎控凱基61購02,TW,0.0,-27.0,0.0,0.0,0,0.0,0.0
054529,臻鼎凱基5A購01,TW,0.0,-9.0,0.0,0.0,0,0.0,0.0
054530,祥碩凱基5C購01,TW,0.0,357.0,0.0,0.0,0,0.0,0.0
054531,同欣電凱基57購03,TW,0.0,72.0,0.0,0.0,0,0.0,0.0
054532,啟碁凱基5C購01,TW,0.0,14.0,0.0,0.0,0,0.0,0.0
054533,旭隼凱基57購01,TW,0.0,-1361.0,0.0,0.0,0,0.0,0.0
054536,雲豹凱基58購01,TW,0.0,-100.0,0.0,0.0,0,0.0,0.0
054539,聯電兆豐59購04,TW,0.0,17.0,0.0,0.0,0,0.0,0.0
054540,國巨兆豐57購02,TW,0.0,10.0,0.0,0.0,0,0.0,0.0
054541,國巨兆豐59購01,TW,0.0,31.0,0.0,0.0,0,0.0,0.0
054542,英業達兆豐57購01,TW,0.0,-20.0,0.0,0.0,0,0.0,0.0
054545,中興電富邦57購01,TW,0.0,-280.0,0.0,0.0,0,0.0,0.0
054546,英業達富邦57購01,TW,0.0,-432.0,0.0,0.0,0,0.0,0.0
054549,台新金富邦57購01,TW,0.0,-36.0,0.0,0.0,0,0.0,0.0
054550,緯創富邦5B購02,TW,0.0,-236.0,0.0,0.0,0,0.0,0.0
054552,士電統一61購03,TW,0.0,-523.0,0.0,0.0,0,0.0,0.0
054553,大亞統一61購01,TW,0.0,20.0,0.0,0.0,0,0.0,0.0
054554,光寶科統一61購02,TW,0.0,-34.0,0.0,0.0,0,0.0,0.0
054555,一詮統一71購01,TW,0.0,-10.0,0.0,0.0,0,0.0,0.0
054556,啟碁統一61購03,TW,0.0,550.0,0.0,0.0,0,0.0,0.0
054559,鴻海永豐5A購03,TW,0.0,30.0,0.0,0.0,0,0.0,0.0
054560,鴻海永豐5B購03,TW,0.0,32.0,0.0,0.0,0,0.0,0.0
054561,台積電永豐61購07,TW,0.0,-4.0,0.0,0.0,0,0.0,0.0
054563,台積電永豐71購04,TW,0.0,-335.0,0.0,0.0,0,0.0,0.0
054564,佳世達永豐57購02,TW,0.0,-59.0,0.0,0.0,0,0.0,0.0
054565,燿華永豐57購04,TW,0.0,-568.0,0.0,0.0,0,0.0,0.0
054570,聯發科永豐58購04,TW,0.0,22.0,0.0,0.0,0,0.0,0.0
054580,緯創永豐58購03,TW,0.0,-630.0,0.0,0.0,0,0.0,0.0
054581,日月光永豐57購03,TW,0.0,-23.0,0.0,0.0,0,0.0,0.0
054582,定穎控永豐57購05,TW,0.0,-225.0,0.0,0.0,0,0.0,0.0
054583,定穎控永豐5A購01,TW,0.0,-23.0,0.0,0.0,0,0.0,0.0
054584,今國光永豐5A購01,TW,0.0,-306.0,0.0,0.0,0,0.0,0.0
054585,和椿永豐58購01,TW,0.0,781.0,0.0,0.0,0,0.0,0.0
054587,矽格永豐5A購01,TW,0.0,987.0,0.0,0.0,0,0.0,0.0
054588,啟碁永豐57購02,TW,0.0,221.0,0.0,0.0,0,0.0,0.0
054590,T50反1群益57購02,TW,0.0,180.0,0.0,0.0,0,0.0,0.0
054592,元金2X群益61購01,TW,0.0,-81.0,0.0,0.0,0,0.0,0.0
054594,上銀群益5B購01,TW,0.0,86.0,0.0,0.0,0,0.0,0.0
054596,佳世達群益57購01,TW,0.0,-70.0,0.0,0.0,0,0.0,0.0
054597,敬鵬群益58購01,TW,0.0,59.0,0.0,0.0,0,0.0,0.0
054599,佳能群益58購03,TW,0.0,4.0,0.0,0.0,0,0.0,0.0
054600,技嘉群益59購01,TW,0.0,72.0,0.0,0.0,0,0.0,0.0
054602,聯發科群益57購10,TW,0.0,11.0,0.0,0.0,0,0.0,0.0
054605,健鼎群益57購03,TW,0.0,-10.0,0.0,0.0,0,0.0,0.0
054608,同欣電群益59購01,TW,0.0,-415.0,0.0,0.0,0,0.0,0.0
054609,啟碁群益61購01,TW,0.0,105.0,0.0,0.0,0,0.0,0.0
054610,雲豹群益57購02,TW,0.0,320.0,0.0,0.0,0,0.0,0.0
054611,可寧衛群益61購03,TW,0.0,-10.0,0.0,0.0,0,0.0,0.0
054614,道瓊銀元富57購08,TW,0.0,-153.0,0.0,0.0,0,0.0,0.0
054615,士電元富57購01,TW,0.0,100.0,0.0,0.0,0,0.0,0.0
054618,上銀元富57購01,TW,0.0,2.0,0.0,0.0,0,0.0,0.0
054622,聯電元富57購08,TW,0.0,170.0,0.0,0.0,0,0.0,0.0
054623,聯電元富57購09,TW,0.0,150.0,0.0,0.0,0,0.0,0.0
054624,聯電元富57購10,TW,0.0,12.0,0.0,0.0,0,0.0,0.0
054626,國巨元富57購09,TW,0.0,268.0,0.0,0.0,0,0.0,0.0
054627,華泰元富58購01,TW,0.0,-943.0,0.0,0.0,0,0.0,0.0
054628,燿華元富58購01,TW,0.0,1.0,0.0,0.0,0,0.0,0.0
054629,正崴元富57購01,TW,0.0,3768.0,0.0,0.0,0,0.0,0.0
054631,超豐元富58購01,TW,0.0,10.0,0.0,0.0,0,0.0,0.0
054632,聯發科元富67購02,TW,0.0,-2.0,0.0,0.0,0,0.0,0.0
054633,緯創元富57購03,TW,0.0,-27.0,0.0,0.0,0,0.0,0.0
054634,緯創元富61購01,TW,0.0,-62.0,0.0,0.0,0,0.0,0.0
054637,今國光元富57購02,TW,0.0,-32.0,0.0,0.0,0,0.0,0.0
054642,龍德船元富57購01,TW,0.0,-23.0,0.0,0.0,0,0.0,0.0
054643,福懋科國票57購01,TW,0.0,240.0,0.0,0.0,0,0.0,0.0
054645,福懋科國票58購01,TW,0.0,66.0,0.0,0.0,0,0.0,0.0
054646,聯發科國泰58購01,TW,0.0,1.0,0.0,0.0,0,0.0,0.0
054649,台灣50元大63購01,TW,0.0,-8.0,0.0,0.0,0,0.0,0.0
054652,道瓊銀元大5A購02,TW,0.0,-4.0,0.0,0.0,0,0.0,0.0
054653,南亞元大57購10,TW,0.0,114.0,0.0,0.0,0,0.0,0.0
054655,南亞元大57購11,TW,0.0,306.0,0.0,0.0,0,0.0,0.0
054656,南亞元大57購12,TW,0.0,-113.0,0.0,0.0,0,0.0,0.0
054657,士電元大5A購01,TW,0.0,106.0,0.0,0.0,0,0.0,0.0
054658,士電元大61購02,TW,0.0,-3886.0,0.0,0.0,0,0.0,0.0
054659,東元元大57購04,TW,0.0,-64.0,0.0,0.0,0,0.0,0.0
054660,中興電元大5A購03,TW,0.0,-641.0,0.0,0.0,0,0.0,0.0
054661,大亞元大57購01,TW,0.0,514.0,0.0,0.0,0,0.0,0.0
054662,美時元大58購01,TW,0.0,-780.0,0.0,0.0,0,0.0,0.0
054663,美時元大5B購01,TW,0.0,-210.0,0.0,0.0,0,0.0,0.0
054664,美時元大61購02,TW,0.0,-355.0,0.0,0.0,0,0.0,0.0
054665,宇隆元大57購04,TW,0.0,8.0,0.0,0.0,0,0.0,0.0
054666,光寶科元大57購07,TW,0.0,1.0,0.0,0.0,0,0.0,0.0
054667,聯電元大57購16,TW,0.0,4.0,0.0,0.0,0,0.0,0.0
054669,聯電元大58購02,TW,0.0,72.0,0.0,0.0,0,0.0,0.0
054670,鴻海元大57購06,TW,0.0,131.0,0.0,0.0,0,0.0,0.0
054671,廣宇元大57購04,TW,0.0,-178.0,0.0,0.0,0,0.0,0.0
054672,廣宇元大5A購02,TW,0.0,2492.0,0.0,0.0,0,0.0,0.0
054673,廣宇元大61購02,TW,0.0,-1100.0,0.0,0.0,0,0.0,0.0
054674,華泰元大57購05,TW,0.0,125.0,0.0,0.0,0,0.0,0.0
054675,台積電元大5B購03,TW,0.0,-138.0,0.0,0.0,0,0.0,0.0
054676,英業達元大57購02,TW,0.0,134.0,0.0,0.0,0,0.0,0.0
054677,燿華元大59購01,TW,0.0,-209.0,0.0,0.0,0,0.0,0.0
054678,友達元大57購08,TW,0.0,-61.0,0.0,0.0,0,0.0,0.0
054681,大立光元大5C購02,TW,0.0,5.0,0.0,0.0,0,0.0,0.0
054682,昇貿元大57購05,TW,0.0,-381.0,0.0,0.0,0,0.0,0.0
054684,世芯元大57購25,TW,0.0,-243.0,0.0,0.0,0,0.0,0.0
054685,世芯元大57購26,TW,0.0,-84.0,0.0,0.0,0,0.0,0.0
054686,日月光元大57購08,TW,0.0,-111.0,0.0,0.0,0,0.0,0.0
054687,定穎控元大57購05,TW,0.0,150.0,0.0,0.0,0,0.0,0.0
054688,定穎控元大57購06,TW,0.0,0.0,0.0,0.0,0,0.0,0.0
054689,和碩元大57購01,TW,0.0,136.0,0.0,0.0,0,0.0,0.0
054690,祥碩元大57購06,TW,0.0,-846.0,0.0,0.0,0,0.0,0.0
054691,和椿元大57購02,TW,0.0,-1508.0,0.0,0.0,0,0.0,0.0
054692,力成元大57購15,TW,0.0,-531.0,0.0,0.0,0,0.0,0.0
054693,力成元大59購03,TW,0.0,-23.0,0.0,0.0,0,0.0,0.0
054694,力成元大61購01,TW,0.0,-588.0,0.0,0.0,0,0.0,0.0
054695,啟碁元大5A購02,TW,0.0,52.0,0.0,0.0,0,0.0,0.0
054698,福懋科元大57購06,TW,0.0,75.0,0.0,0.0,0,0.0,0.0
054699,可寧衛元大5B購01,TW,0.0,-73.0,0.0,0.0,0,0.0,0.0
054700,臺股指元大61購16,TW,0.0,2.0,0.0,0.0,0,0.0,0.0
054701,道瓊銀統一61購03,TW,0.0,-681.0,0.0,0.0,0,0.0,0.0
054702,台化統一61購01,TW,0.0,-174.0,0.0,0.0,0,0.0,0.0
054703,川湖統一61購02,TW,0.0,17.0,0.0,0.0,0,0.0,0.0
054704,聯電統一61購08,TW,0.0,1268.0,5.0,0.0,0,0.0,0.0
054705,華通統一71購03,TW,0.0,507.0,0.0,0.0,0,0.0,0.0
054706,華通統一71購04,TW,0.0,289.0,0.0,0.0,0,0.0,0.0
054707,仁寶統一61購01,TW,0.0,-44.0,0.0,0.0,0,0.0,0.0
054708,英業達統一61購03,TW,0.0,-184.0,0.0,0.0,0,0.0,0.0
054709,燿華統一61購02,TW,0.0,21.0,0.0,0.0,0,0.0,0.0
054710,佳能統一61購01,TW,0.0,-10.0,0.0,0.0,0,0.0,0.0
054711,聯發科統一61購02,TW,0.0,220.0,0.0,0.0,0,0.0,0.0
054712,定穎控統一71購03,TW,0.0,-167.0,0.0,0.0,0,0.0,0.0
054716,南亞永豐58購05,TW,0.0,255.0,0.0,0.0,0,0.0,0.0
054725,東鹼永豐58購01,TW,0.0,-12.0,0.0,0.0,0,0.0,0.0
054726,美時永豐58購02,TW,0.0,2.0,0.0,0.0,0,0.0,0.0
054727,上銀永豐58購02,TW,0.0,220.0,0.0,0.0,0,0.0,0.0
054728,華通永豐57購05,TW,0.0,84.0,0.0,0.0,0,0.0,0.0
054729,華通永豐57購06,TW,0.0,33.0,0.0,0.0,0,0.0,0.0
054730,台積電永豐61購08,TW,0.0,-297.0,0.0,0.0,0,0.0,0.0
054731,所羅門永豐58購01,TW,0.0,-189.0,0.0,0.0,0,0.0,0.0
054732,燿華永豐59購03,TW,0.0,72.0,0.0,0.0,0,0.0,0.0
054734,亞光永豐59購01,TW,0.0,-121.0,0.0,0.0,0,0.0,0.0
054735,定穎控永豐59購03,TW,0.0,0.0,0.0,0.0,0,0.0,0.0
054736,事欣科永豐58購01,TW,0.0,-10.0,0.0,0.0,0,0.0,0.0
054737,佳必琪永豐59購01,TW,0.0,6.0,0.0,0.0,0,0.0,0.0
054738,佳必琪永豐59購02,TW,0.0,-73.0,0.0,0.0,0,0.0,0.0
054739,今國光永豐59購02,TW,0.0,-210.0,0.0,0.0,0,0.0,0.0
054740,至上永豐57購02,TW,0.0,-621.0,0.0,0.0,0,0.0,0.0
054742,上証2X凱基5B購01,TW,0.0,-8.0,0.0,0.0,0,0.0,0.0
054748,台塑凱基57購03,TW,0.0,-1.0,0.0,0.0,0,0.0,0.0
054749,南亞凱基5B購02,TW,0.0,60.0,0.0,0.0,0,0.0,0.0
054750,中興電凱基5B購01,TW,0.0,-191.0,0.0,0.0,0,0.0,0.0
054751,上銀凱基57購03,TW,0.0,212.0,0.0,0.0,0,0.0,0.0
054752,宇隆凱基58購02,TW,0.0,70.0,0.0,0.0,0,0.0,0.0
054753,聯電凱基57購08,TW,0.0,8.0,0.0,0.0,0,0.0,0.0
054754,華通凱基58購04,TW,0.0,122.0,0.0,0.0,0,0.0,0.0
054755,華泰凱基5A購01,TW,0.0,30.0,0.0,0.0,0,0.0,0.0
054756,燿華凱基58購01,TW,0.0,-365.0,0.0,0.0,0,0.0,0.0
054757,燿華凱基58購02,TW,0.0,147.0,0.0,0.0,0,0.0,0.0
054758,佳能凱基57購01,TW,0.0,-10.0,0.0,0.0,0,0.0,0.0
054759,技嘉凱基59購01,TW,0.0,19.0,0.0,0.0,0,0.0,0.0
054760,漢唐凱基5A購02,TW,0.0,74.0,0.0,0.0,0,0.0,0.0
054761,聯發科凱基57購09,TW,0.0,26.0,0.0,0.0,0,0.0,0.0
054763,強茂凱基5B購02,TW,0.0,2.0,0.0,0.0,0,0.0,0.0
054764,智原凱基58購01,TW,0.0,13.0,0.0,0.0,0,0.0,0.0
054765,健鼎凱基57購04,TW,0.0,6.0,0.0,0.0,0,0.0,0.0
054766,昇貿凱基61購01,TW,0.0,-319.0,0.0,0.0,0,0.0,0.0
054767,新日興凱基57購03,TW,0.0,-130.0,0.0,0.0,0,0.0,0.0
054770,定穎控凱基57購03,TW,0.0,-703.0,0.0,0.0,0,0.0,0.0
054773,亞翔凱基57購05,TW,0.0,-14.0,0.0,0.0,0,0.0,0.0
054774,今國光凱基57購03,TW,0.0,211.0,0.0,0.0,0,0.0,0.0
054775,矽力凱基5B購02,TW,0.0,19.0,0.0,0.0,0,0.0,0.0
054778,華通台新57購05,TW,0.0,16.0,0.0,0.0,0,0.0,0.0
054779,國巨台新57購02,TW,0.0,4.0,0.0,0.0,0,0.0,0.0
054780,元黃金群益5B購02,TW,0.0,-16.0,0.0,0.0,0,0.0,0.0
054781,元金2X群益61購02,TW,0.0,-207.0,0.0,0.0,0,0.0,0.0
054783,南亞群益57購07,TW,0.0,36.0,0.0,0.0,0,0.0,0.0
054785,南亞群益57購09,TW,0.0,-299.0,0.0,0.0,0,0.0,0.0
054786,東元群益57購03,TW,0.0,-10.0,0.0,0.0,0,0.0,0.0
054788,大成鋼群益59購01,TW,0.0,-9.0,0.0,0.0,0,0.0,0.0
054789,上銀群益58購01,TW,0.0,-78.0,0.0,0.0,0,0.0,0.0
054790,華通群益5B購01,TW,0.0,5.0,0.0,0.0,0,0.0,0.0
054791,鴻海群益58購11,TW,0.0,41.0,0.0,0.0,0,0.0,0.0
054792,鴻海群益58購12,TW,0.0,8.0,0.0,0.0,0,0.0,0.0
054793,國巨群益57購12,TW,0.0,6.0,0.0,0.0,0,0.0,0.0
054794,華泰群益57購03,TW,0.0,-5.0,0.0,0.0,0,0.0,0.0
054795,敬鵬群益57購02,TW,0.0,2.0,0.0,0.0,0,0.0,0.0
054796,華碩群益57購02,TW,0.0,-23.0,0.0,0.0,0,0.0,0.0
054797,燿華群益57購03,TW,0.0,10.0,0.0,0.0,0,0.0,0.0
054800,超豐群益59購01,TW,0.0,530.0,0.0,0.0,0,0.0,0.0
054802,聯發科群益59購02,TW,0.0,1.0,0.0,0.0,0,0.0,0.0
054805,一詮群益59購01,TW,0.0,-8.0,0.0,0.0,0,0.0,0.0
054806,一詮群益5B購01,TW,0.0,-40.0,0.0,0.0,0,0.0,0.0
054807,揚博群益58購01,TW,0.0,-20.0,0.0,0.0,0,0.0,0.0
054808,亞光群益58購01,TW,0.0,-220.0,0.0,0.0,0,0.0,0.0
054812,達邁群益57購02,TW,0.0,10.0,0.0,0.0,0,0.0,0.0
054813,世芯群益57購09,TW,0.0,13.0,0.0,0.0,0,0.0,0.0
054814,海華群益59購01,TW,0.0,-479.0,0.0,0.0,0,0.0,0.0
054815,定穎控群益59購02,TW,0.0,17.0,0.0,0.0,0,0.0,0.0
054817,乙盛群益57購02,TW,0.0,0.0,0.0,0.0,0,0.0,0.0
054820,今國光群益57購02,TW,0.0,111.0,0.0,0.0,0,0.0,0.0
054821,啟碁群益61購03,TW,0.0,-380.0,0.0,0.0,0,0.0,0.0
054828,華通元富57購05,TW,0.0,323.0,0.0,0.0,0,0.0,0.0
054830,華通元富61購01,TW,0.0,10.0,0.0,0.0,0,0.0,0.0
054831,昆盈元富57購02,TW,0.0,194.0,0.0,0.0,0,0.0,0.0
054832,燿華元富58購02,TW,0.0,60.0,0.0,0.0,0,0.0,0.0
054833,佳能元富57購02,TW,0.0,410.0,0.0,0.0,0,0.0,0.0
054835,事欣科元富57購01,TW,0.0,162.0,0.0,0.0,0,0.0,0.0
054836,同欣電元富57購01,TW,0.0,-232.0,0.0,0.0,0,0.0,0.0
054837,元黃金國票57購03,TW,0.0,10.0,0.0,0.0,0,0.0,0.0
054839,華通國票58購02,TW,0.0,-86.0,0.0,0.0,0,0.0,0.0
054840,燿華國票57購03,TW,0.0,-470.0,0.0,0.0,0,0.0,0.0
054841,燿華國票57購04,TW,0.0,-156.0,0.0,0.0,0,0.0,0.0
054842,啟碁國票63購01,TW,0.0,72.0,0.0,0.0,0,0.0,0.0
054843,元黃金元大59購02,TW,0.0,-6.0,0.0,0.0,0,0.0,0.0
054845,中興電元大58購01,TW,0.0,-4.0,0.0,0.0,0,0.0,0.0
054847,美時元大61購03,TW,0.0,-2111.0,0.0,0.0,0,0.0,0.0
054849,聯電元大57購19,TW,0.0,15.0,0.0,0.0,0,0.0,0.0
054850,聯電元大58購03,TW,0.0,-184.0,0.0,0.0,0,0.0,0.0
054851,華通元大57購24,TW,0.0,-103.0,0.0,0.0,0,0.0,0.0
054852,華通元大57購25,TW,0.0,10.0,0.0,0.0,0,0.0,0.0
054853,華通元大59購03,TW,0.0,169.0,0.0,0.0,0,0.0,0.0
054854,華通元大61購03,TW,0.0,106.0,0.0,0.0,0,0.0,0.0
054855,鴻海元大57購07,TW,0.0,11.0,0.0,0.0,0,0.0,0.0
054856,仁寶元大61購03,TW,0.0,-141.0,0.0,0.0,0,0.0,0.0
054857,廣宇元大57購05,TW,0.0,-468.0,0.0,0.0,0,0.0,0.0
054858,華泰元大57購06,TW,0.0,-350.0,0.0,0.0,0,0.0,0.0
054859,台積電元大5A購08,TW,0.0,-29.0,0.0,0.0,0,0.0,0.0
054860,佳世達元大57購02,TW,0.0,-364.0,0.0,0.0,0,0.0,0.0
054861,敬鵬元大57購02,TW,0.0,39.0,0.0,0.0,0,0.0,0.0
054862,燿華元大57購06,TW,0.0,-145.0,0.0,0.0,0,0.0,0.0
054863,燿華元大59購02,TW,0.0,-211.0,0.0,0.0,0,0.0,0.0
054864,燿華元大5B購01,TW,0.0,-505.0,0.0,0.0,0,0.0,0.0
054865,燿華元大5C購01,TW,0.0,826.0,0.0,0.0,0,0.0,0.0
054866,友達元大57購09,TW,0.0,-34.0,0.0,0.0,0,0.0,0.0
054867,超豐元大57購08,TW,0.0,232.0,0.0,0.0,0,0.0,0.0
054869,聯發科元大57購22,TW,0.0,6.0,0.0,0.0,0,0.0,0.0
054870,聯發科元大57購23,TW,0.0,10.0,0.0,0.0,0,0.0,0.0
054873,聯發科元大5A購05,TW,0.0,101.0,0.0,0.0,0,0.0,0.0
054874,大立光元大57購22,TW,0.0,461.0,0.0,0.0,0,0.0,0.0
054876,聯詠元大57購02,TW,0.0,347.0,0.0,0.0,0,0.0,0.0
054877,台勝科元大57購04,TW,0.0,13.0,0.0,0.0,0,0.0,0.0
054878,台勝科元大57購05,TW,0.0,-16.0,0.0,0.0,0,0.0,0.0
054879,世芯元大57購27,TW,0.0,-45.0,0.0,0.0,0,0.0,0.0
054880,定穎控元大57購07,TW,0.0,215.0,0.0,0.0,0,0.0,0.0
054881,和碩元大57購02,TW,0.0,-5.0,0.0,0.0,0,0.0,0.0
054882,力成元大61購02,TW,0.0,927.0,0.0,0.0,0,0.0,0.0
054883,同欣電元大57購06,TW,0.0,38.0,0.0,0.0,0,0.0,0.0
054884,同欣電元大61購03,TW,0.0,-2.0,0.0,0.0,0,0.0,0.0
054885,啟碁元大59購01,TW,0.0,3.0,0.0,0.0,0,0.0,0.0
054886,啟碁元大61購02,TW,0.0,123.0,0.0,0.0,0,0.0,0.0
054887,矽力元大57購07,TW,0.0,12.0,0.0,0.0,0,0.0,0.0
054889,昇陽半元大57購16,TW,0.0,149.0,0.0,0.0,0,0.0,0.0
054891,電子類元大59購01,TW,0.0,-2.0,0.0,0.0,0,0.0,0.0
054894,鴻海國泰5C購02,TW,0.0,-30.0,0.0,0.0,0,0.0,0.0
054895,英業達國泰58購02,TW,0.0,90.0,0.0,0.0,0,0.0,0.0
054897,所羅門元富5A購01,TW,0.0,-563.0,0.0,0.0,0,0.0,0.0
054902,國泰金元富5A購01,TW,0.0,47.0,0.0,0.0,0,0.0,0.0
054904,今國光國泰58購02,TW,0.0,5.0,0.0,0.0,0,0.0,0.0
054905,同欣電國泰58購01,TW,0.0,-49.0,0.0,0.0,0,0.0,0.0
054910,佳能國泰58購01,TW,0.0,-124.0,0.0,0.0,0,0.0,0.0
054911,華新科國泰58購01,TW,0.0,16.0,0.0,0.0,0,0.0,0.0
054916,南茂國泰58購03,TW,0.0,-2.0,0.0,0.0,0,0.0,0.0
054917,東元兆豐61購01,TW,0.0,-10.0,0.0,0.0,0,0.0,0.0
054919,大成鋼兆豐59購01,TW,0.0,192.0,0.0,0.0,0,0.0,0.0
054920,一詮兆豐59購01,TW,0.0,31.0,0.0,0.0,0,0.0,0.0
054921,立積兆豐61購01,TW,0.0,-250.0,0.0,0.0,0,0.0,0.0
054922,矽創兆豐61購01,TW,0.0,101.0,0.0,0.0,0,0.0,0.0
054923,聯電台新57購03,TW,0.0,0.0,0.0,0.0,0,0.0,0.0
054924,元黃金永豐61購01,TW,0.0,-15.0,0.0,0.0,0,0.0,0.0
054928,東元永豐59購01,TW,0.0,-600.0,0.0,0.0,0,0.0,0.0
054929,長興永豐5A購02,TW,0.0,-100.0,0.0,0.0,0,0.0,0.0
054932,聯電永豐57購05,TW,0.0,30.0,0.0,0.0,0,0.0,0.0
054933,聯電永豐58購03,TW,0.0,-308.0,2.0,0.0,0,0.0,0.0
054934,廣宇永豐59購02,TW,0.0,41.0,0.0,0.0,0,0.0,0.0
054935,台積電永豐71購05,TW,0.0,107.0,1.0,0.0,0,0.0,0.0
054936,矽統永豐58購02,TW,0.0,-795.0,0.0,0.0,0,0.0,0.0
054937,聯發科永豐57購06,TW,0.0,30.0,0.0,0.0,0,0.0,0.0
054938,聯發科永豐59購04,TW,0.0,1.0,0.0,0.0,0,0.0,0.0
054939,一詮永豐58購02,TW,0.0,-20.0,-1.0,0.0,0,0.0,0.0
054941,景碩永豐58購05,TW,0.0,3.0,0.0,0.0,0,0.0,0.0
054942,聯鈞永豐59購02,TW,0.0,1.0,0.0,0.0,0,0.0,0.0
054943,世芯永豐57購05,TW,0.0,5.0,0.0,0.0,0,0.0,0.0
054944,定穎控永豐59購04,TW,0.0,-50.0,0.0,0.0,0,0.0,0.0
054945,事欣科永豐5A購02,TW,0.0,-260.0,0.0,0.0,0,0.0,0.0
054946,亞翔永豐5A購01,TW,0.0,-410.0,0.0,0.0,0,0.0,0.0
054947,力成永豐58購04,TW,0.0,-75.0,0.0,0.0,0,0.0,0.0
054948,康舒永豐5A購01,TW,0.0,-842.0,0.0,0.0,0,0.0,0.0
054950,緯穎永豐57購06,TW,0.0,170.0,0.0,0.0,0,0.0,0.0
054951,富世達永豐58購02,TW,0.0,-7.0,0.0,0.0,0,0.0,0.0
054952,三集瑞永豐59購01,TW,0.0,20.0,0.0,0.0,0,0.0,0.0
054953,元黃金群益5B購03,TW,0.0,-35.0,0.0,0.0,0,0.0,0.0
054954,元金2X群益5C購01,TW,0.0,-41.0,0.0,0.0,0,0.0,0.0
054955,道瓊銀群益57購04,TW,0.0,-10.0,0.0,0.0,0,0.0,0.0
054956,道瓊銀群益57購05,TW,0.0,-295.0,0.0,0.0,0,0.0,0.0
054957,道瓊銅群益57購01,TW,0.0,200.0,0.0,0.0,0,0.0,0.0
054961,長興群益57購03,TW,0.0,1484.0,0.0,0.0,0,0.0,0.0
054962,上銀群益57購04,TW,0.0,165.0,0.0,0.0,0,0.0,0.0
054963,聯電群益57購07,TW,0.0,3.0,0.0,0.0,0,0.0,0.0
054964,聯電群益57購08,TW,0.0,1.0,0.0,0.0,0,0.0,0.0
054965,聯電群益5B購01,TW,0.0,33.0,0.0,0.0,0,0.0,0.0
054966,鴻海群益5A購05,TW,0.0,-1.0,0.0,0.0,0,0.0,0.0
054967,廣宇群益58購02,TW,0.0,20.0,0.0,0.0,0,0.0,0.0
054968,台積電群益57購28,TW,0.0,-20.0,0.0,0.0,0,0.0,0.0
054969,矽統群益57購02,TW,0.0,-54.0,0.0,0.0,0,0.0,0.0
054970,佳能群益58購04,TW,0.0,-500.0,0.0,0.0,0,0.0,0.0
054971,技嘉群益59購02,TW,0.0,-28.0,0.0,0.0,0,0.0,0.0
054972,偉詮電群益57購01,TW,0.0,-10.0,0.0,0.0,0,0.0,0.0
054973,強茂群益57購05,TW,0.0,-12.0,0.0,0.0,0,0.0,0.0
054974,一詮群益58購02,TW,0.0,-20.0,0.0,0.0,0,0.0,0.0
054975,智原群益57購02,TW,0.0,2.0,0.0,0.0,0,0.0,0.0
054976,健鼎群益59購01,TW,0.0,6.0,0.0,0.0,0,0.0,0.0
054978,京鼎群益57購01,TW,0.0,1493.0,0.0,0.0,0,0.0,0.0
054979,宏致群益58購01,TW,0.0,10.0,0.0,0.0,0,0.0,0.0
054980,鈞興群益57購01,TW,0.0,30.0,0.0,0.0,0,0.0,0.0
054982,今國光群益58購01,TW,0.0,462.0,0.0,0.0,0,0.0,0.0
054983,保瑞群益59購01,TW,0.0,229.0,0.0,0.0,0,0.0,0.0
054984,力智群益58購01,TW,0.0,-232.0,0.0,0.0,0,0.0,0.0
054985,台灣50元大57購09,TW,0.0,0.0,0.0,0.0,0,0.0,0.0
054991,道瓊銀元大59購05,TW,0.0,35.0,0.0,0.0,0,0.0,0.0
054992,南亞元大57購13,TW,0.0,37.0,0.0,0.0,0,0.0,0.0
054993,南亞元大61購01,TW,0.0,-163.0,0.0,0.0,0,0.0,0.0
054994,台化元大57購02,TW,0.0,-49.0,0.0,0.0,0,0.0,0.0
054995,台化元大58購01,TW,0.0,-20.0,0.0,0.0,0,0.0,0.0
054997,長興元大57購03,TW,0.0,-525.0,0.0,0.0,0,0.0,0.0
054999,美時元大5C購01,TW,0.0,-553.0,0.0,0.0,0,0.0,0.0
055000,大成鋼元大57購02,TW,0.0,-756.0,0.0,0.0,0,0.0,0.0
055001,宇隆元大59購01,TW,0.0,199.0,0.0,0.0,0,0.0,0.0
055002,聯電元大57購20,TW,0.0,453.0,0.0,0.0,0,0.0,0.0
055003,聯電元大57購21,TW,0.0,75.0,0.0,0.0,0,0.0,0.0
055004,聯電元大57購22,TW,0.0,8.0,0.0,0.0,0,0.0,0.0
055005,鴻海元大57購08,TW,0.0,402.0,0.0,0.0,0,0.0,0.0
055006,廣宇元大57購06,TW,0.0,-203.0,0.0,0.0,0,0.0,0.0
055007,台積電元大57購28,TW,0.0,-6.0,0.0,0.0,0,0.0,0.0
055008,矽統元大57購06,TW,0.0,630.0,0.0,0.0,0,0.0,0.0
055010,昆盈元大57購01,TW,0.0,576.0,0.0,0.0,0,0.0,0.0
055011,瑞昱元大57購07,TW,0.0,296.0,0.0,0.0,0,0.0,0.0
055012,超豐元大57購09,TW,0.0,-388.0,0.0,0.0,0,0.0,0.0
055015,聯發科元大57購27,TW,0.0,26.0,0.0,0.0,0,0.0,0.0
055016,聯發科元大57購28,TW,0.0,52.0,0.0,0.0,0,0.0,0.0
055018,一詮元大57購01,TW,0.0,39.0,0.0,0.0,0,0.0,0.0
055019,一詮元大57購02,TW,0.0,1.0,0.0,0.0,0,0.0,0.0
055023,世芯元大57購28,TW,0.0,-20.0,0.0,0.0,0,0.0,0.0
055024,定穎控元大57購08,TW,0.0,14.0,0.0,0.0,0,0.0,0.0
055027,祥碩元大57購07,TW,0.0,-408.0,0.0,0.0,0,0.0,0.0
055028,祥碩元大57購08,TW,0.0,212.0,0.0,0.0,0,0.0,0.0
055029,祥碩元大57購09,TW,0.0,15.0,0.0,0.0,0,0.0,0.0
055030,力成元大57購16,TW,0.0,-275.0,0.0,0.0,0,0.0,0.0
055032,康舒元大57購11,TW,0.0,-251.0,0.0,0.0,0,0.0,0.0
055033,矽力元大57購08,TW,0.0,5.0,0.0,0.0,0,0.0,0.0
055034,迅得元大57購02,TW,0.0,-197.0,0.0,0.0,0,0.0,0.0
055035,南茂元大58購02,TW,0.0,-201.0,0.0,0.0,0,0.0,0.0
055036,可寧衛元大58購02,TW,0.0,1.0,0.0,0.0,0,0.0,0.0
055038,臺股指元大57購18,TW,0.0,10.0,0.0,0.0,0,0.0,0.0
055040,香港2X凱基59購01,TW,0.0,-600.0,0.0,0.0,0,0.0,0.0
055041,元金反凱基61購01,TW,0.0,-10.0,0.0,0.0,0,0.0,0.0
055042,元金2X凱基59購02,TW,0.0,202.0,0.0,0.0,0,0.0,0.0
055045,東元凱基5A購02,TW,0.0,52.0,0.0,0.0,0,0.0,0.0
055046,長興凱基57購03,TW,0.0,139.0,0.0,0.0,0,0.0,0.0
055049,聯電凱基58購03,TW,0.0,-129.0,0.0,0.0,0,0.0,0.0
055050,國巨凱基59購03,TW,0.0,17.0,0.0,0.0,0,0.0,0.0
055051,矽統凱基58購01,TW,0.0,-728.0,0.0,0.0,0,0.0,0.0
055053,京元電凱基57購12,TW,0.0,-600.0,0.0,0.0,0,0.0,0.0
055055,一詮凱基59購02,TW,0.0,33.0,0.0,0.0,0,0.0,0.0
055056,長榮太凱基57購02,TW,0.0,-66.0,0.0,0.0,0,0.0,0.0
055057,大立光凱基57購05,TW,0.0,172.0,0.0,0.0,0,0.0,0.0
055059,亞光凱基58購01,TW,0.0,-1883.0,0.0,0.0,0,0.0,0.0
055060,景碩凱基57購07,TW,0.0,12.0,0.0,0.0,0,0.0,0.0
055061,台勝科凱基57購02,TW,0.0,-41.0,0.0,0.0,0,0.0,0.0
055062,世芯凱基58購06,TW,0.0,-226.0,0.0,0.0,0,0.0,0.0
055063,日月光凱基57購04,TW,0.0,-4.0,0.0,0.0,0,0.0,0.0
055065,全訊凱基57購01,TW,0.0,-2.0,0.0,0.0,0,0.0,0.0
055066,祥碩凱基61購01,TW,0.0,-20.0,0.0,0.0,0,0.0,0.0
055067,力成凱基57購05,TW,0.0,-1740.0,0.0,0.0,0,0.0,0.0
055068,康舒凱基5B購01,TW,0.0,-145.0,0.0,0.0,0,0.0,0.0
055069,緯穎凱基57購09,TW,0.0,46.0,0.0,0.0,0,0.0,0.0
055070,南茂凱基58購03,TW,0.0,-699.0,0.0,0.0,0,0.0,0.0
055072,南亞兆豐62購01,TW,0.0,-2.0,0.0,0.0,0,0.0,0.0
055077,元金2X凱基59購03,TW,0.0,-2.0,0.0,0.0,0,0.0,0.0
055078,元金2X凱基62購01,TW,0.0,-4.0,0.0,0.0,0,0.0,0.0
055079,道瓊銀凱基59購06,TW,0.0,-80.0,0.0,0.0,0,0.0,0.0
055083,長興凱基58購02,TW,0.0,-127.0,0.0,0.0,0,0.0,0.0
055084,聯電凱基59購04,TW,0.0,-16.0,0.0,0.0,0,0.0,0.0
055085,聯電凱基5A購01,TW,0.0,-141.0,0.0,0.0,0,0.0,0.0
055086,聯電凱基62購01,TW,0.0,-7.0,0.0,0.0,0,0.0,0.0
055087,廣宇凱基59購01,TW,0.0,0.0,0.0,0.0,0,0.0,0.0
055088,台積電凱基62購01,TW,0.0,23.0,0.0,0.0,0,0.0,0.0
055089,金像電凱基58購03,TW,0.0,30.0,0.0,0.0,0,0.0,0.0
055091,一詮凱基5C購01,TW,0.0,5.0,0.0,0.0,0,0.0,0.0
055093,新唐凱基58購01,TW,0.0,-5.0,0.0,0.0,0,0.0,0.0
055094,眾達凱基58購01,TW,0.0,-3.0,0.0,0.0,0,0.0,0.0
055095,矽力凱基58購01,TW,0.0,31.0,0.0,0.0,0,0.0,0.0
055096,保瑞凱基5A購01,TW,0.0,0.0,0.0,0.0,0,0.0,0.0
055098,南茂凱基58購04,TW,0.0,-49.0,0.0,0.0,0,0.0,0.0
055101,台化永豐58購03,TW,0.0,3.0,0.0,0.0,0,0.0,0.0
055105,長興永豐5B購01,TW,0.0,-504.0,0.0,0.0,0,0.0,0.0
055106,第一銅永豐59購01,TW,0.0,-4.0,0.0,0.0,0,0.0,0.0
055107,聯電永豐59購02,TW,0.0,2.0,0.0,0.0,0,0.0,0.0
055108,順德永豐59購01,TW,0.0,2.0,0.0,0.0,0,0.0,0.0
055112,文曄永豐59購01,TW,0.0,36.0,0.0,0.0,0,0.0,0.0
055113,景碩永豐58購06,TW,0.0,20.0,0.0,0.0,0,0.0,0.0
055114,宏致永豐59購01,TW,0.0,-406.0,0.0,0.0,0,0.0,0.0
055115,世芯永豐5B購03,TW,0.0,-95.0,0.0,0.0,0,0.0,0.0
055116,達明永豐59購01,TW,0.0,42.0,0.0,0.0,0,0.0,0.0
055117,新唐永豐59購01,TW,0.0,5.0,0.0,0.0,0,0.0,0.0
055119,眾達永豐5B購01,TW,0.0,14.0,0.0,0.0,0,0.0,0.0
055120,亞翔永豐5A購02,TW,0.0,-34.0,0.0,0.0,0,0.0,0.0
055121,今國光永豐5A購02,TW,0.0,-1053.0,0.0,0.0,0,0.0,0.0
055123,元黃金元大5B購01,TW,0.0,13.0,0.0,0.0,0,0.0,0.0
055124,元黃金元大5B購02,TW,0.0,114.0,0.0,0.0,0,0.0,0.0
055125,元金2X元大58購03,TW,0.0,-68.0,0.0,0.0,0,0.0,0.0
055126,道瓊銀元大58購06,TW,0.0,-4.0,0.0,0.0,0,0.0,0.0
055127,道瓊銀元大59購06,TW,0.0,-6.0,0.0,0.0,0,0.0,0.0
055128,道瓊銅元大5A購01,TW,0.0,-101.0,0.0,0.0,0,0.0,0.0
055129,南亞元大58購03,TW,0.0,73.0,0.0,0.0,0,0.0,0.0
055131,長興元大58購01,TW,0.0,805.0,0.0,0.0,0,0.0,0.0
055132,上銀元大58購01,TW,0.0,-805.0,0.0,0.0,0,0.0,0.0
055133,上銀元大58購02,TW,0.0,2047.0,0.0,0.0,0,0.0,0.0
055134,上銀元大61購03,TW,0.0,414.0,0.0,0.0,0,0.0,0.0
055135,聯電元大58購04,TW,0.0,-20.0,0.0,0.0,0,0.0,0.0
055136,聯電元大58購05,TW,0.0,-243.0,0.0,0.0,0,0.0,0.0
055137,聯電元大58購06,TW,0.0,882.0,0.0,0.0,0,0.0,0.0
055138,聯電元大58購07,TW,0.0,133.0,0.0,0.0,0,0.0,0.0
055139,華通元大58購05,TW,0.0,115.0,0.0,0.0,0,0.0,0.0
055140,鴻海元大58購05,TW,0.0,582.0,0.0,0.0,0,0.0,0.0
055141,鴻海元大5C購05,TW,0.0,77.0,0.0,0.0,0,0.0,0.0
055142,仁寶元大58購03,TW,0.0,120.0,0.0,0.0,0,0.0,0.0
055143,華泰元大58購01,TW,0.0,-125.0,0.0,0.0,0,0.0,0.0
055144,華泰元大58購02,TW,0.0,-160.0,0.0,0.0,0,0.0,0.0
055145,台積電元大58購01,TW,0.0,-1224.0,0.0,0.0,0,0.0,0.0
055149,聯發科元大59購06,TW,0.0,6.0,0.0,0.0,0,0.0,0.0
055150,聯發科元大5A購06,TW,0.0,25.0,0.0,0.0,0,0.0,0.0
055151,聯發科元大61購11,TW,0.0,68.0,0.0,0.0,0,0.0,0.0
055152,一詮元大58購03,TW,0.0,96.0,0.0,0.0,0,0.0,0.0
055157,景碩元大58購04,TW,0.0,1.0,0.0,0.0,0,0.0,0.0
055158,景碩元大58購05,TW,0.0,129.0,0.0,0.0,0,0.0,0.0
055159,景碩元大58購06,TW,0.0,36.0,0.0,0.0,0,0.0,0.0
055160,景碩元大58購07,TW,0.0,36.0,0.0,0.0,0,0.0,0.0
055162,世芯元大61購01,TW,0.0,-5.0,0.0,0.0,0,0.0,0.0
055163,定穎控元大58購07,TW,0.0,259.0,0.0,0.0,0,0.0,0.0
055164,定穎控元大58購08,TW,0.0,-14.0,0.0,0.0,0,0.0,0.0
055165,祥碩元大58購05,TW,0.0,-27.0,0.0,0.0,0,0.0,0.0
055166,祥碩元大58購06,TW,0.0,-149.0,0.0,0.0,0,0.0,0.0
055167,祥碩元大58購07,TW,0.0,-469.0,0.0,0.0,0,0.0,0.0
055168,力成元大58購04,TW,0.0,-1001.0,0.0,0.0,0,0.0,0.0
055169,矽力元大58購01,TW,0.0,-1018.0,0.0,0.0,0,0.0,0.0
055170,至上元大58購05,TW,0.0,-8.0,0.0,0.0,0,0.0,0.0
055171,台塑兆豐5A購01,TW,0.0,-2.0,0.0,0.0,0,0.0,0.0
055172,聯電兆豐5A購01,TW,0.0,-45.0,0.0,0.0,0,0.0,0.0
055173,聯電兆豐5A購02,TW,0.0,661.0,0.0,0.0,0,0.0,0.0
055176,景碩兆豐5A購01,TW,0.0,1.0,0.0,0.0,0,0.0,0.0
055178,力成兆豐5A購01,TW,0.0,54.0,0.0,0.0,0,0.0,0.0
055179,世紀鋼兆豐62購01,TW,0.0,-355.0,0.0,0.0,0,0.0,0.0
055181,友達台新58購01,TW,0.0,2.0,0.0,0.0,0,0.0,0.0
055183,元金2X永豐58購02,TW,0.0,-11.0,0.0,0.0,0,0.0,0.0
055185,華新永豐58購05,TW,0.0,-36.0,0.0,0.0,0,0.0,0.0
055188,大成鋼永豐59購01,TW,0.0,-396.0,0.0,0.0,0,0.0,0.0
055189,宇隆永豐5A購01,TW,0.0,17.0,0.0,0.0,0,0.0,0.0
055191,鴻海永豐5B購04,TW,0.0,-2.0,0.0,0.0,0,0.0,0.0
055194,同欣電永豐59購01,TW,0.0,-9.0,0.0,0.0,0,0.0,0.0
055196,致新永豐58購01,TW,0.0,-322.0,0.0,0.0,0,0.0,0.0
055198,元金2X凱基58購03,TW,0.0,700.0,0.0,0.0,0,0.0,0.0
055200,道瓊銀凱基5A購04,TW,0.0,-43.0,0.0,0.0,0,0.0,0.0
055201,道瓊銀凱基5C購03,TW,0.0,-2.0,0.0,0.0,0,0.0,0.0
055203,一詮統一58購01,TW,0.0,40.0,0.0,0.0,0,0.0,0.0
055204,一詮統一5A購01,TW,0.0,-3.0,0.0,0.0,0,0.0,0.0
055205,南亞凱基58購03,TW,0.0,-40.0,0.0,0.0,0,0.0,0.0
055206,中興電凱基5A購02,TW,0.0,-154.0,0.0,0.0,0,0.0,0.0
055208,大成鋼凱基58購02,TW,0.0,-149.0,0.0,0.0,0,0.0,0.0
055209,華通凱基5A購01,TW,0.0,92.0,0.0,0.0,0,0.0,0.0
055210,華泰凱基5C購02,TW,0.0,-5.0,0.0,0.0,0,0.0,0.0
055211,佳能凱基59購02,TW,0.0,-34.0,0.0,0.0,0,0.0,0.0
055215,智原凱基5A購01,TW,0.0,6.0,0.0,0.0,0,0.0,0.0
055216,京鼎凱基58購01,TW,0.0,276.0,0.0,0.0,0,0.0,0.0
055218,祥碩凱基61購02,TW,0.0,236.0,0.0,0.0,0,0.0,0.0
055219,今國光凱基58購01,TW,0.0,42.0,0.0,0.0,0,0.0,0.0
055220,力成凱基58購01,TW,0.0,-1250.0,0.0,0.0,0,0.0,0.0
055223,兆聯凱基58購03,TW,0.0,-34.0,0.0,0.0,0,0.0,0.0
055224,至上凱基59購02,TW,0.0,1403.0,0.0,0.0,0,0.0,0.0
055225,臺股指凱基5A購20,TW,0.0,1.0,0.0,0.0,0,0.0,0.0
055228,道瓊銀國票58購07,TW,0.0,-1473.0,0.0,0.0,0,0.0,0.0
055229,中鋼國票5A購01,TW,0.0,-10.0,0.0,0.0,0,0.0,0.0
055230,大成鋼國票59購01,TW,0.0,-13.0,0.0,0.0,0,0.0,0.0
055231,宇隆國票59購01,TW,0.0,31.0,0.0,0.0,0,0.0,0.0
055232,漢翔國票59購01,TW,0.0,-8.0,0.0,0.0,0,0.0,0.0
055233,矽力國票59購01,TW,0.0,-55.0,0.0,0.0,0,0.0,0.0
055234,T50正2元大58購04,TW,0.0,12.0,0.0,0.0,0,0.0,0.0
055236,元黃金元大5C購01,TW,0.0,47.0,0.0,0.0,0,0.0,0.0
055242,道瓊銅元大5C購01,TW,0.0,490.0,0.0,0.0,0,0.0,0.0
055243,南亞元大58購04,TW,0.0,492.0,0.0,0.0,0,0.0,0.0
055245,中興電元大5A購04,TW,0.0,-30.0,0.0,0.0,0,0.0,0.0
055246,和大元大58購01,TW,0.0,-516.0,0.0,0.0,0,0.0,0.0
055247,華新元大58購08,TW,0.0,-1353.0,0.0,0.0,0,0.0,0.0
055249,中鋼元大5C購01,TW,0.0,-514.0,0.0,0.0,0,0.0,0.0
055250,大成鋼元大58購03,TW,0.0,-861.0,0.0,0.0,0,0.0,0.0
055251,上銀元大58購03,TW,0.0,325.0,0.0,0.0,0,0.0,0.0
055252,上銀元大58購04,TW,0.0,222.0,0.0,0.0,0,0.0,0.0
055253,宇隆元大58購01,TW,0.0,247.0,0.0,0.0,0,0.0,0.0
055256,聯電元大5C購01,TW,0.0,2.0,0.0,0.0,0,0.0,0.0
055258,華通元大58購08,TW,0.0,53.0,0.0,0.0,0,0.0,0.0
055259,鴻海元大5C購06,TW,0.0,60.0,0.0,0.0,0,0.0,0.0
055260,台積電元大5C購02,TW,0.0,234.0,0.0,0.0,0,0.0,0.0
055261,矽統元大58購01,TW,0.0,-457.0,0.0,0.0,0,0.0,0.0
055263,友達元大58購03,TW,0.0,10.0,0.0,0.0,0,0.0,0.0
055265,聯發科元大61購12,TW,0.0,11.0,0.0,0.0,0,0.0,0.0
055266,華新科元大58購03,TW,0.0,19.0,0.0,0.0,0,0.0,0.0
055267,華新科元大59購02,TW,0.0,32.0,0.0,0.0,0,0.0,0.0
055268,新興元大58購01,TW,0.0,321.0,0.0,0.0,0,0.0,0.0
055270,健鼎元大58購01,TW,0.0,-27.0,0.0,0.0,0,0.0,0.0
055271,健鼎元大5A購02,TW,0.0,-1185.0,0.0,0.0,0,0.0,0.0
055272,世芯元大61購02,TW,0.0,2.0,0.0,0.0,0,0.0,0.0
055273,神達元大61購01,TW,0.0,-141.0,0.0,0.0,0,0.0,0.0
055274,定穎控元大58購09,TW,0.0,-265.0,0.0,0.0,0,0.0,0.0
055275,鈞興元大58購01,TW,0.0,905.0,0.0,0.0,0,0.0,0.0
055276,達明元大58購01,TW,0.0,-26.0,0.0,0.0,0,0.0,0.0
055277,新唐元大58購01,TW,0.0,5.0,0.0,0.0,0,0.0,0.0
055278,眾達元大58購01,TW,0.0,9.0,0.0,0.0,0,0.0,0.0
055279,祥碩元大58購08,TW,0.0,162.0,0.0,0.0,0,0.0,0.0
055280,和椿元大58購01,TW,0.0,-412.0,0.0,0.0,0,0.0,0.0
055281,龍德船元大59購01,TW,0.0,-70.0,0.0,0.0,0,0.0,0.0
055282,至上元大58購06,TW,0.0,260.0,0.0,0.0,0,0.0,0.0
055283,羅昇元大58購01,TW,0.0,1576.0,0.0,0.0,0,0.0,0.0
055286,世紀鋼元大58購02,TW,0.0,560.0,0.0,0.0,0,0.0,0.0
055288,臺股指元大58購10,TW,0.0,80.0,0.0,0.0,0,0.0,0.0
055289,元黃金群益62購01,TW,0.0,-46.0,0.0,0.0,0,0.0,0.0
055290,FBNQ2X群益59購01,TW,0.0,-15.0,0.0,0.0,0,0.0,0.0
055293,元金2X群益62購01,TW,0.0,-17.0,0.0,0.0,0,0.0,0.0
055295,道瓊銀群益62購01,TW,0.0,-10.0,0.0,0.0,0,0.0,0.0
055297,東元群益58購04,TW,0.0,100.0,0.0,0.0,0,0.0,0.0
055303,矽統群益58購01,TW,0.0,-270.0,0.0,0.0,0,0.0,0.0
055304,佳能群益5A購01,TW,0.0,84.0,0.0,0.0,0,0.0,0.0
055305,台光電群益5C購01,TW,0.0,6.0,0.0,0.0,0,0.0,0.0
055306,偉詮電群益58購01,TW,0.0,-24.0,0.0,0.0,0,0.0,0.0
055307,昇貿群益58購04,TW,0.0,-1296.0,0.0,0.0,0,0.0,0.0
055308,世芯群益58購04,TW,0.0,138.0,0.0,0.0,0,0.0,0.0
055309,日月光群益59購02,TW,0.0,376.0,0.0,0.0,0,0.0,0.0
055312,祥碩群益58購04,TW,0.0,437.0,0.0,0.0,0,0.0,0.0
055315,保瑞群益59購02,TW,0.0,1.0,0.0,0.0,0,0.0,0.0
055316,台塑化群益58購01,TW,0.0,1.0,0.0,0.0,0,0.0,0.0
055317,緯穎群益58購03,TW,0.0,0.0,0.0,0.0,0,0.0,0.0
055318,惠特群益5A購01,TW,0.0,-175.0,0.0,0.0,0,0.0,0.0
055320,臺股指群益59購23,TW,0.0,34.0,0.0,0.0,0,0.0,0.0
055325,元金2X凱基58購06,TW,0.0,-100.0,0.0,0.0,0,0.0,0.0
055330,東元凱基5A購03,TW,0.0,24.0,0.0,0.0,0,0.0,0.0
055331,亞德客凱基58購01,TW,0.0,-24.0,0.0,0.0,0,0.0,0.0
055336,國巨凱基58購06,TW,0.0,7.0,0.0,0.0,0,0.0,0.0
055338,矽統凱基58購02,TW,0.0,-199.0,0.0,0.0,0,0.0,0.0
055339,聯發科凱基58購07,TW,0.0,2.0,0.0,0.0,0,0.0,0.0
055341,強茂凱基5C購01,TW,0.0,-18.0,0.0,0.0,0,0.0,0.0
055342,漢翔凱基5B購01,TW,0.0,-40.0,0.0,0.0,0,0.0,0.0
055343,亞光凱基58購02,TW,0.0,-113.0,0.0,0.0,0,0.0,0.0
055344,景碩凱基5C購02,TW,0.0,1.0,0.0,0.0,0,0.0,0.0
055345,神達凱基61購01,TW,0.0,-446.0,0.0,0.0,0,0.0,0.0
055346,達明凱基58購01,TW,0.0,-46.0,0.0,0.0,0,0.0,0.0
055350,訊芯凱基58購02,TW,0.0,8.0,0.0,0.0,0,0.0,0.0
055351,緯穎凱基58購04,TW,0.0,5.0,0.0,0.0,0,0.0,0.0
055352,一詮元富5A購01,TW,0.0,10.0,0.0,0.0,0,0.0,0.0
055353,世紀鋼凱基58購01,TW,0.0,-502.0,0.0,0.0,0,0.0,0.0
055357,元金2X群益58購01,TW,0.0,-15.0,0.0,0.0,0,0.0,0.0
055358,亞德客群益5A購01,TW,0.0,-25.0,0.0,0.0,0,0.0,0.0
055361,景碩群益62購01,TW,0.0,5.0,0.0,0.0,0,0.0,0.0
055362,臻鼎群益58購03,TW,0.0,1.0,0.0,0.0,0,0.0,0.0
055363,臻鼎群益58購04,TW,0.0,12.0,0.0,0.0,0,0.0,0.0
055364,惠特群益59購02,TW,0.0,-201.0,0.0,0.0,0,0.0,0.0
055365,元黃金永豐62購01,TW,0.0,-20.0,0.0,0.0,0,0.0,0.0
055366,元金2X永豐62購01,TW,0.0,-89.0,0.0,0.0,0,0.0,0.0
055369,亞德客永豐59購01,TW,0.0,-675.0,0.0,0.0,0,0.0,0.0
055370,聯發科永豐5B購03,TW,0.0,1.0,0.0,0.0,0,0.0,0.0
055371,增你強永豐5A購01,TW,0.0,0.0,0.0,0.0,0,0.0,0.0
055372,世芯永豐5C購03,TW,0.0,-54.0,0.0,0.0,0,0.0,0.0
055376,達明國泰59購01,TW,0.0,-1090.0,0.0,0.0,0,0.0,0.0
055379,元黃金富邦63購01,TW,0.0,-17.0,0.0,0.0,0,0.0,0.0
055380,元金2X富邦61購02,TW,0.0,46.0,0.0,0.0,0,0.0,0.0
055381,元金2X富邦65購01,TW,0.0,6.0,0.0,0.0,0,0.0,0.0
055383,道瓊銀富邦65購01,TW,0.0,-8.0,0.0,0.0,0,0.0,0.0
055385,南亞富邦5B購01,TW,0.0,376.0,0.0,0.0,0,0.0,0.0
055386,南亞富邦5B購02,TW,0.0,-90.0,0.0,0.0,0,0.0,0.0
055387,台化富邦5B購01,TW,0.0,125.0,0.0,0.0,0,0.0,0.0
055388,長興富邦5C購01,TW,0.0,-214.0,0.0,0.0,0,0.0,0.0
055391,大成鋼富邦5B購01,TW,0.0,258.0,0.0,0.0,0,0.0,0.0
055392,華通富邦61購03,TW,0.0,-23.0,0.0,0.0,0,0.0,0.0
055393,仁寶富邦5A購01,TW,0.0,893.0,0.0,0.0,0,0.0,0.0
055394,國巨富邦63購01,TW,0.0,844.0,0.0,0.0,0,0.0,0.0
055395,華泰富邦59購01,TW,0.0,155.0,0.0,0.0,0,0.0,0.0
055396,台積電富邦61購05,TW,0.0,5.0,0.0,0.0,0,0.0,0.0
055400,矽統富邦5A購01,TW,0.0,-1918.0,0.0,0.0,0,0.0,0.0
055401,瑞昱富邦5A購01,TW,0.0,-619.0,0.0,0.0,0,0.0,0.0
055402,漢唐富邦5A購03,TW,0.0,766.0,0.0,0.0,0,0.0,0.0
055404,京元電富邦5B購01,TW,0.0,-10.0,0.0,0.0,0,0.0,0.0
055406,聯發科富邦63購02,TW,0.0,2.0,0.0,0.0,0,0.0,0.0
055407,長榮富邦5A購01,TW,0.0,-116.0,0.0,0.0,0,0.0,0.0
055408,大立光富邦5A購01,TW,0.0,390.0,0.0,0.0,0,0.0,0.0
055410,智原富邦59購01,TW,0.0,50.0,0.0,0.0,0,0.0,0.0
055412,景碩富邦5B購01,TW,0.0,43.0,0.0,0.0,0,0.0,0.0
055413,昇貿富邦5A購02,TW,0.0,-328.0,0.0,0.0,0,0.0,0.0
055414,台勝科富邦5B購01,TW,0.0,49.0,0.0,0.0,0,0.0,0.0
055416,世芯富邦5A購02,TW,0.0,3.0,0.0,0.0,0,0.0,0.0
055417,世芯富邦5B購01,TW,0.0,-149.0,0.0,0.0,0,0.0,0.0
055419,定穎控富邦5A購02,TW,0.0,-85.0,0.0,0.0,0,0.0,0.0
055421,亞翔富邦5A購01,TW,0.0,-39.0,0.0,0.0,0,0.0,0.0
055422,今國光富邦5A購01,TW,0.0,90.0,0.0,0.0,0,0.0,0.0
055424,矽力富邦5B購01,TW,0.0,27.0,0.0,0.0,0,0.0,0.0
055425,元黃金國票58購01,TW,0.0,0.0,0.0,0.0,0,0.0,0.0
055427,元金2X國票58購03,TW,0.0,-100.0,0.0,0.0,0,0.0,0.0
055430,正新國票59購01,TW,0.0,-1.0,0.0,0.0,0,0.0,0.0
055431,華通國票59購02,TW,0.0,1598.0,0.0,0.0,0,0.0,0.0
055432,敬鵬國票59購01,TW,0.0,127.0,0.0,0.0,0,0.0,0.0
055433,台光電國票66購01,TW,0.0,1.0,0.0,0.0,0,0.0,0.0
055434,信邦國票59購01,TW,0.0,-84.0,0.0,0.0,0,0.0,0.0
055435,增你強國票59購01,TW,0.0,-4.0,0.0,0.0,0,0.0,0.0
055436,智原國票59購01,TW,0.0,40.0,0.0,0.0,0,0.0,0.0
05543U,臺股指凱基5C售01,TW,0.0,-26.0,0.0,0.0,0,0.0,0.0
055442,健鼎國票59購01,TW,0.0,-9.0,0.0,0.0,0,0.0,0.0
055443,景碩國票59購01,TW,0.0,23.0,0.0,0.0,0,0.0,0.0
055444,緯創國票59購02,TW,0.0,-72.0,0.0,0.0,0,0.0,0.0
055445,融程電國票59購01,TW,0.0,1031.0,0.0,0.0,0,0.0,0.0
055446,達明國票59購01,TW,0.0,-45.0,0.0,0.0,0,0.0,0.0
055447,事欣科國票58購01,TW,0.0,73.0,0.0,0.0,0,0.0,0.0
055451,元黃金元大5B購03,TW,0.0,-50.0,0.0,0.0,0,0.0,0.0
055452,元金2X元大5A購03,TW,0.0,-4.0,0.0,0.0,0,0.0,0.0
055453,元金2X元大61購01,TW,0.0,-30.0,0.0,0.0,0,0.0,0.0
055454,道瓊銀元大58購08,TW,0.0,4.0,0.0,0.0,0,0.0,0.0
055455,道瓊銀元大59購08,TW,0.0,-4.0,0.0,0.0,0,0.0,0.0
055458,南亞元大58購05,TW,0.0,304.0,0.0,0.0,0,0.0,0.0
055459,台化元大58購02,TW,0.0,-249.0,0.0,0.0,0,0.0,0.0
055460,台化元大58購03,TW,0.0,-64.0,0.0,0.0,0,0.0,0.0
055462,士電元大58購02,TW,0.0,19.0,0.0,0.0,0,0.0,0.0
055463,士電元大58購03,TW,0.0,-229.0,0.0,0.0,0,0.0,0.0
055464,東元元大58購02,TW,0.0,-1195.0,0.0,0.0,0,0.0,0.0
055465,中興電元大5A購05,TW,0.0,203.0,0.0,0.0,0,0.0,0.0
055468,華新元大5C購01,TW,0.0,-218.0,0.0,0.0,0,0.0,0.0
055470,聯電元大5C購02,TW,0.0,60.0,0.0,0.0,0,0.0,0.0
055471,華通元大58購09,TW,0.0,19.0,0.0,0.0,0,0.0,0.0
055472,鴻海元大58購06,TW,0.0,238.0,0.0,0.0,0,0.0,0.0
055473,鴻海元大5C購07,TW,0.0,61.0,0.0,0.0,0,0.0,0.0
055474,台積電元大5C購03,TW,0.0,-11.0,0.0,0.0,0,0.0,0.0
055475,佳能元大58購03,TW,0.0,-4274.0,0.0,0.0,0,0.0,0.0
055476,聯發科元大5A購08,TW,0.0,10.0,0.0,0.0,0,0.0,0.0
055477,飛宏元大58購01,TW,0.0,-926.0,0.0,0.0,0,0.0,0.0
055478,亞光元大58購03,TW,0.0,-466.0,0.0,0.0,0,0.0,0.0
055480,健鼎元大58購02,TW,0.0,-359.0,0.0,0.0,0,0.0,0.0
055481,健鼎元大5A購03,TW,0.0,46.0,0.0,0.0,0,0.0,0.0
055482,緯創元大58購05,TW,0.0,-11.0,0.0,0.0,0,0.0,0.0
055483,新日興元大58購01,TW,0.0,-384.0,0.0,0.0,0,0.0,0.0
055484,神達元大58購02,TW,0.0,-388.0,0.0,0.0,0,0.0,0.0
055485,神達元大61購02,TW,0.0,-1303.0,0.0,0.0,0,0.0,0.0
055486,定穎控元大58購10,TW,0.0,-490.0,0.0,0.0,0,0.0,0.0
055487,力成元大58購05,TW,0.0,-916.0,0.0,0.0,0,0.0,0.0
055488,康舒元大58購04,TW,0.0,-107.0,0.0,0.0,0,0.0,0.0
055489,矽力元大58購02,TW,0.0,-12.0,0.0,0.0,0,0.0,0.0
055490,至上元大58購07,TW,0.0,2842.0,0.0,0.0,0,0.0,0.0
055492,臻鼎兆豐62購01,TW,0.0,2.0,0.0,0.0,0,0.0,0.0
055493,臻鼎兆豐62購02,TW,0.0,22.0,0.0,0.0,0,0.0,0.0
055494,元黃金富邦63購02,TW,0.0,-7.0,0.0,0.0,0,0.0,0.0
055495,元金2X富邦63購01,TW,0.0,75.0,0.0,0.0,0,0.0,0.0
055496,道瓊銀富邦63購02,TW,0.0,-2.0,0.0,0.0,0,0.0,0.0
055497,道瓊銀富邦65購02,TW,0.0,-222.0,0.0,0.0,0,0.0,0.0
055499,華泰富邦59購02,TW,0.0,-93.0,0.0,0.0,0,0.0,0.0
055500,同欣電富邦5B購01,TW,0.0,-739.0,0.0,0.0,0,0.0,0.0
055501,強茂台新58購01,TW,0.0,7.0,0.0,0.0,0,0.0,0.0
055503,元黃金群益61購01,TW,0.0,-29.0,0.0,0.0,0,0.0,0.0
055504,元金2X群益5C購02,TW,0.0,-5.0,0.0,0.0,0,0.0,0.0
055506,道瓊銀群益65購01,TW,0.0,-17.0,0.0,0.0,0,0.0,0.0
055509,宇隆群益5A購01,TW,0.0,396.0,0.0,0.0,0,0.0,0.0
055510,宇隆群益5B購01,TW,0.0,32.0,0.0,0.0,0,0.0,0.0
055513,矽統群益58購02,TW,0.0,219.0,0.0,0.0,0,0.0,0.0
055514,聯發科群益5A購02,TW,0.0,6.0,0.0,0.0,0,0.0,0.0
055515,飛宏群益58購02,TW,0.0,-91.0,0.0,0.0,0,0.0,0.0
055516,強茂群益59購01,TW,0.0,118.0,0.0,0.0,0,0.0,0.0
055518,漢翔群益58購01,TW,0.0,0.0,0.0,0.0,0,0.0,0.0
055519,增你強群益58購01,TW,0.0,201.0,0.0,0.0,0,0.0,0.0
055523,事欣科群益58購01,TW,0.0,615.0,0.0,0.0,0,0.0,0.0
055527,元黃金元富58購02,TW,0.0,-5.0,0.0,0.0,0,0.0,0.0
055528,元金反元富5A購01,TW,0.0,-296.0,0.0,0.0,0,0.0,0.0
055529,元金2X元富58購02,TW,0.0,46.0,0.0,0.0,0,0.0,0.0
055531,道瓊銀元富58購01,TW,0.0,-6.0,0.0,0.0,0,0.0,0.0
055533,道瓊銀元富58購03,TW,0.0,-443.0,0.0,0.0,0,0.0,0.0
055534,道瓊銀元富58購04,TW,0.0,1.0,0.0,0.0,0,0.0,0.0
055536,長興元富58購01,TW,0.0,18.0,0.0,0.0,0,0.0,0.0
055537,長興元富5B購01,TW,0.0,-1.0,0.0,0.0,0,0.0,0.0
055540,聯電元富5A購06,TW,0.0,-13.0,0.0,0.0,0,0.0,0.0
055549,增你強元富58購01,TW,0.0,60.0,0.0,0.0,0,0.0,0.0
055551,達明元富58購01,TW,0.0,-1879.0,0.0,0.0,0,0.0,0.0
055552,緯穎元富58購06,TW,0.0,-16.0,0.0,0.0,0,0.0,0.0
055555,元金2X凱基58購07,TW,0.0,626.0,0.0,0.0,0,0.0,0.0
055559,道瓊銅凱基5A購02,TW,0.0,-2.0,0.0,0.0,0,0.0,0.0
055560,南亞凱基58購04,TW,0.0,-33.0,0.0,0.0,0,0.0,0.0
055562,士電凱基58購01,TW,0.0,-18.0,0.0,0.0,0,0.0,0.0
055563,中興電凱基59購01,TW,0.0,30.0,0.0,0.0,0,0.0,0.0
055564,亞力凱基58購02,TW,0.0,-364.0,0.0,0.0,0,0.0,0.0
055565,亞力凱基58購03,TW,0.0,-218.0,0.0,0.0,0,0.0,0.0
055567,大亞凱基58購01,TW,0.0,28.0,0.0,0.0,0,0.0,0.0
055568,聯發科元富5A購01,TW,0.0,1.0,0.0,0.0,0,0.0,0.0
055570,中鋼凱基5B購03,TW,0.0,-60.0,0.0,0.0,0,0.0,0.0
055572,華通凱基58購05,TW,0.0,12.0,0.0,0.0,0,0.0,0.0
055573,宏碁凱基58購01,TW,0.0,970.0,0.0,0.0,0,0.0,0.0
055574,佳能凱基58購02,TW,0.0,-99.0,0.0,0.0,0,0.0,0.0
055576,聯詠凱基58購01,TW,0.0,3.0,0.0,0.0,0,0.0,0.0
055577,欣興凱基58購04,TW,0.0,-7.0,0.0,0.0,0,0.0,0.0
055579,健鼎凱基5A購01,TW,0.0,8.0,0.0,0.0,0,0.0,0.0
055580,緯創凱基58購03,TW,0.0,68.0,0.0,0.0,0,0.0,0.0
055581,融程電凱基58購01,TW,0.0,-527.0,0.0,0.0,0,0.0,0.0
055582,世芯凱基58購07,TW,0.0,1.0,0.0,0.0,0,0.0,0.0
055583,中磊凱基59購01,TW,0.0,-83.0,0.0,0.0,0,0.0,0.0
055584,力成凱基58購02,TW,0.0,-32.0,0.0,0.0,0,0.0,0.0
055585,康舒凱基58購03,TW,0.0,-139.0,0.0,0.0,0,0.0,0.0
055594,道瓊銀國泰59購01,TW,0.0,-1205.0,0.0,0.0,0,0.0,0.0
055596,道瓊銀國泰59購03,TW,0.0,0.0,0.0,0.0,0,0.0,0.0
055597,亞德客國泰59購01,TW,0.0,267.0,0.0,0.0,0,0.0,0.0
055599,亞光國泰59購01,TW,0.0,-10.0,0.0,0.0,0,0.0,0.0
055604,元金反國票58購02,TW,0.0,-2.0,0.0,0.0,0,0.0,0.0
055605,元金2X國票58購04,TW,0.0,5.0,0.0,0.0,0,0.0,0.0
055608,華通國票59購03,TW,0.0,2.0,0.0,0.0,0,0.0,0.0
055610,昇陽半國票59購01,TW,0.0,4.0,0.0,0.0,0,0.0,0.0
055613,道瓊銀中信62購01,TW,0.0,-150.0,0.0,0.0,0,0.0,0.0
055614,華通中信5A購01,TW,0.0,512.0,0.0,0.0,0,0.0,0.0
055616,亞翔中信5C購07,TW,0.0,50.0,0.0,0.0,0,0.0,0.0
055617,鴻海永豐58購05,TW,0.0,-709.0,0.0,0.0,0,0.0,0.0
055618,宏碁永豐59購01,TW,0.0,-28.0,0.0,0.0,0,0.0,0.0
055619,欣興永豐58購06,TW,0.0,10.0,0.0,0.0,0,0.0,0.0
055622,欣興永豐5C購02,TW,0.0,-9.0,0.0,0.0,0,0.0,0.0
055623,欣興永豐64購01,TW,0.0,-7.0,0.0,0.0,0,0.0,0.0
055626,元黃金統一61購01,TW,0.0,-92.0,0.0,0.0,0,0.0,0.0
055627,元黃金統一66購01,TW,0.0,-3.0,0.0,0.0,0,0.0,0.0
055630,元金2X統一61購02,TW,0.0,-110.0,0.0,0.0,0,0.0,0.0
055633,元金2X統一66購01,TW,0.0,0.0,0.0,0.0,0,0.0,0.0
055634,元金2X統一72購01,TW,0.0,-130.0,0.0,0.0,0,0.0,0.0
055637,道瓊銀統一61購04,TW,0.0,0.0,0.0,0.0,0,0.0,0.0
055638,道瓊銀統一62購01,TW,0.0,-645.0,0.0,0.0,0,0.0,0.0
055640,道瓊銀統一62購03,TW,0.0,-32.0,0.0,0.0,0,0.0,0.0
055642,道瓊銀統一72購01,TW,0.0,558.0,0.0,0.0,0,0.0,0.0
055644,台塑統一5C購01,TW,0.0,-13.0,0.0,0.0,0,0.0,0.0
055645,台化統一5C購01,TW,0.0,-307.0,0.0,0.0,0,0.0,0.0
055646,亞力統一62購01,TW,0.0,-233.0,0.0,0.0,0,0.0,0.0
055647,亞德客統一61購01,TW,0.0,131.0,0.0,0.0,0,0.0,0.0
055648,華新統一62購01,TW,0.0,-290.0,0.0,0.0,0,0.0,0.0
055649,長興統一62購01,TW,0.0,-274.0,0.0,0.0,0,0.0,0.0
055650,長興統一62購02,TW,0.0,-124.0,0.0,0.0,0,0.0,0.0
055651,長興統一72購01,TW,0.0,-168.0,0.0,0.0,0,0.0,0.0
055652,美時統一62購01,TW,0.0,-1.0,0.0,0.0,0,0.0,0.0
055655,中鋼統一62購01,TW,0.0,-326.0,0.0,0.0,0,0.0,0.0
055656,上銀統一5C購01,TW,0.0,2047.0,0.0,0.0,0,0.0,0.0
055657,上銀統一62購02,TW,0.0,71.0,0.0,0.0,0,0.0,0.0
055658,華通統一62購02,TW,0.0,1109.0,0.0,0.0,0,0.0,0.0
055659,華通統一62購03,TW,0.0,1.0,0.0,0.0,0,0.0,0.0
055660,華通統一62購04,TW,0.0,-1551.0,0.0,0.0,0,0.0,0.0
055661,華通統一65購01,TW,0.0,-411.0,0.0,0.0,0,0.0,0.0
055662,華通統一68購01,TW,0.0,-988.0,0.0,0.0,0,0.0,0.0
055663,順德統一62購01,TW,0.0,6.0,0.0,0.0,0,0.0,0.0
055666,台光電統一62購02,TW,0.0,41.0,0.0,0.0,0,0.0,0.0
055667,台光電統一62購03,TW,0.0,78.0,0.0,0.0,0,0.0,0.0
055668,超豐統一62購01,TW,0.0,878.0,0.0,0.0,0,0.0,0.0
055669,京元電統一72購01,TW,0.0,-279.0,0.0,0.0,0,0.0,0.0
055670,新興統一5C購01,TW,0.0,-207.0,0.0,0.0,0,0.0,0.0
055671,新興統一62購01,TW,0.0,-70.0,0.0,0.0,0,0.0,0.0
055672,奇鋐統一62購01,TW,0.0,-80.0,0.0,0.0,0,0.0,0.0
055673,亞光統一62購01,TW,0.0,-624.0,0.0,0.0,0,0.0,0.0
055674,亞光統一62購02,TW,0.0,344.0,0.0,0.0,0,0.0,0.0
055675,亞光統一62購03,TW,0.0,-23.0,0.0,0.0,0,0.0,0.0
055676,文曄統一62購01,TW,0.0,130.0,0.0,0.0,0,0.0,0.0
055677,欣興統一61購08,TW,0.0,62.0,0.0,0.0,0,0.0,0.0
055678,欣興統一62購01,TW,0.0,-20.0,0.0,0.0,0,0.0,0.0
055680,欣興統一62購03,TW,0.0,24.0,0.0,0.0,0,0.0,0.0
055681,欣興統一62購04,TW,0.0,-53.0,0.0,0.0,0,0.0,0.0
055682,欣興統一65購01,TW,0.0,17.0,0.0,0.0,0,0.0,0.0
055683,欣興統一65購02,TW,0.0,31.0,0.0,0.0,0,0.0,0.0
055684,健鼎統一61購01,TW,0.0,-151.0,0.0,0.0,0,0.0,0.0
055685,健鼎統一62購01,TW,0.0,-12.0,0.0,0.0,0,0.0,0.0
055686,健鼎統一72購01,TW,0.0,-160.0,0.0,0.0,0,0.0,0.0
055687,貿聯統一64購02,TW,0.0,-9.0,0.0,0.0,0,0.0,0.0
055688,達明統一62購01,TW,0.0,-192.0,0.0,0.0,0,0.0,0.0
055689,達明統一72購01,TW,0.0,18.0,0.0,0.0,0,0.0,0.0
055690,新唐統一62購01,TW,0.0,-50.0,0.0,0.0,0,0.0,0.0
055691,臻鼎統一62購01,TW,0.0,50.0,0.0,0.0,0,0.0,0.0
055692,臻鼎統一64購03,TW,0.0,47.0,0.0,0.0,0,0.0,0.0
055693,聯茂統一64購01,TW,0.0,21.0,0.0,0.0,0,0.0,0.0
055694,矽力統一62購01,TW,0.0,186.0,0.0,0.0,0,0.0,0.0
055695,訊芯統一62購01,TW,0.0,-2.0,0.0,0.0,0,0.0,0.0
055696,台塑化統一5C購01,TW,0.0,2.0,0.0,0.0,0,0.0,0.0
055698,台虹統一62購01,TW,0.0,110.0,0.0,0.0,0,0.0,0.0
055702,元黃金元大59購04,TW,0.0,-22.0,0.0,0.0,0,0.0,0.0
055703,元金2X元大58購04,TW,0.0,-5.0,0.0,0.0,0,0.0,0.0
055704,元金2X元大58購05,TW,0.0,31.0,0.0,0.0,0,0.0,0.0
055705,元金2X元大59購02,TW,0.0,51.0,0.0,0.0,0,0.0,0.0
055707,道瓊銀元大58購10,TW,0.0,-4.0,0.0,0.0,0,0.0,0.0
055708,道瓊銀元大59購09,TW,0.0,-3.0,0.0,0.0,0,0.0,0.0
055709,台塑元大58購01,TW,0.0,-490.0,0.0,0.0,0,0.0,0.0
055710,台塑元大58購02,TW,0.0,316.0,0.0,0.0,0,0.0,0.0
055711,士電元大58購04,TW,0.0,-686.0,0.0,0.0,0,0.0,0.0
055712,士電元大58購05,TW,0.0,-1073.0,0.0,0.0,0,0.0,0.0
055713,士電元大58購06,TW,0.0,15.0,0.0,0.0,0,0.0,0.0
055714,亞力元大58購01,TW,0.0,932.0,0.0,0.0,0,0.0,0.0
055715,亞力元大58購02,TW,0.0,-610.0,0.0,0.0,0,0.0,0.0
055718,長興元大58購02,TW,0.0,-44.0,0.0,0.0,0,0.0,0.0
055719,大成鋼元大58購04,TW,0.0,459.0,0.0,0.0,0,0.0,0.0
055720,上銀元大58購05,TW,0.0,10.0,0.0,0.0,0,0.0,0.0
055722,聯電元大5A購04,TW,0.0,2.0,0.0,0.0,0,0.0,0.0
055724,鴻海元大58購07,TW,0.0,36.0,0.0,0.0,0,0.0,0.0
055725,仁寶元大58購04,TW,0.0,-597.0,0.0,0.0,0,0.0,0.0
055726,仁寶元大58購05,TW,0.0,45.0,0.0,0.0,0,0.0,0.0
055727,仁寶元大5A購01,TW,0.0,-6.0,0.0,0.0,0,0.0,0.0
055728,華泰元大58購03,TW,0.0,-556.0,0.0,0.0,0,0.0,0.0
055729,宏碁元大58購01,TW,0.0,106.0,0.0,0.0,0,0.0,0.0
055730,宏碁元大58購02,TW,0.0,1.0,0.0,0.0,0,0.0,0.0
055731,所羅門元大58購01,TW,0.0,-1136.0,0.0,0.0,0,0.0,0.0
055732,佳能元大58購04,TW,0.0,124.0,0.0,0.0,0,0.0,0.0
055733,佳能元大58購05,TW,0.0,-421.0,0.0,0.0,0,0.0,0.0
055734,佳能元大58購06,TW,0.0,-672.0,0.0,0.0,0,0.0,0.0
055735,凱美元大58購01,TW,0.0,179.0,0.0,0.0,0,0.0,0.0
055738,亞光元大58購04,TW,0.0,-203.0,0.0,0.0,0,0.0,0.0
055739,信邦元大58購01,TW,0.0,61.0,0.0,0.0,0,0.0,0.0
055740,增你強元大58購01,TW,0.0,12.0,0.0,0.0,0,0.0,0.0
055741,欣興元大58購02,TW,0.0,7.0,0.0,0.0,0,0.0,0.0
055742,欣興元大58購03,TW,0.0,13.0,0.0,0.0,0,0.0,0.0
055743,健鼎元大58購03,TW,0.0,-138.0,0.0,0.0,0,0.0,0.0
055744,宏致元大58購02,TW,0.0,-17.0,0.0,0.0,0,0.0,0.0
055745,世芯元大59購05,TW,0.0,64.0,0.0,0.0,0,0.0,0.0
055746,定穎控元大58購11,TW,0.0,338.0,0.0,0.0,0,0.0,0.0
055752,同欣電元大58購01,TW,0.0,20.0,0.0,0.0,0,0.0,0.0
055753,旭隼元大58購02,TW,0.0,-528.0,0.0,0.0,0,0.0,0.0
055754,至上元大58購08,TW,0.0,-404.0,0.0,0.0,0,0.0,0.0
055755,元金2X永豐61購01,TW,0.0,59.0,0.0,0.0,0,0.0,0.0
055756,上銀永豐59購01,TW,0.0,-90.0,0.0,0.0,0,0.0,0.0
055757,華泰永豐59購01,TW,0.0,48.0,0.0,0.0,0,0.0,0.0
055758,聯發科永豐5A購03,TW,0.0,20.0,0.0,0.0,0,0.0,0.0
055760,皇昌永豐58購01,TW,0.0,-90.0,0.0,0.0,0,0.0,0.0
055761,奇鋐永豐58購07,TW,0.0,-130.0,0.0,0.0,0,0.0,0.0
055762,奇鋐永豐5A購02,TW,0.0,-120.0,0.0,0.0,0,0.0,0.0
055765,至上永豐58購05,TW,0.0,-85.0,0.0,0.0,0,0.0,0.0
055767,欣興兆豐62購01,TW,0.0,-10.0,0.0,0.0,0,0.0,0.0
055768,欣興兆豐62購02,TW,0.0,7.0,0.0,0.0,0,0.0,0.0
055769,美利達兆豐62購01,TW,0.0,-34.0,0.0,0.0,0,0.0,0.0
055770,台灣50富邦5C購07,TW,0.0,10.0,0.0,0.0,0,0.0,0.0
055771,華新富邦5C購01,TW,0.0,48.0,0.0,0.0,0,0.0,0.0
055772,中信金富邦5A購01,TW,0.0,-196.0,0.0,0.0,0,0.0,0.0
055773,欣興富邦63購01,TW,0.0,23.0,0.0,0.0,0,0.0,0.0
055774,聯鈞富邦5C購01,TW,0.0,9.0,0.0,0.0,0,0.0,0.0
055775,日月光富邦5A購01,TW,0.0,58.0,0.0,0.0,0,0.0,0.0
055776,至上台新58購01,TW,0.0,-30.0,0.0,0.0,0,0.0,0.0
055785,永續半凱基59購01,TW,0.0,-23.0,0.0,0.0,0,0.0,0.0
055786,科技息凱基58購01,TW,0.0,185.0,0.0,0.0,0,0.0,0.0
055787,台塑凱基58購03,TW,0.0,-8.0,0.0,0.0,0,0.0,0.0
055788,華新凱基58購06,TW,0.0,-48.0,0.0,0.0,0,0.0,0.0
055789,長興凱基58購03,TW,0.0,3.0,0.0,0.0,0,0.0,0.0
055790,上銀凱基5A購01,TW,0.0,-2.0,0.0,0.0,0,0.0,0.0
055791,聯電凱基5A購02,TW,0.0,10.0,0.0,0.0,0,0.0,0.0
055792,仁寶凱基58購02,TW,0.0,-10.0,0.0,0.0,0,0.0,0.0
055794,華泰凱基58購01,TW,0.0,10.0,0.0,0.0,0,0.0,0.0
055795,敬鵬凱基59購01,TW,0.0,-103.0,0.0,0.0,0,0.0,0.0
055796,所羅門凱基58購01,TW,0.0,-57.0,0.0,0.0,0,0.0,0.0
055797,聯發科凱基58購08,TW,0.0,1.0,0.0,0.0,0,0.0,0.0
055799,志聖凱基58購03,TW,0.0,5.0,0.0,0.0,0,0.0,0.0
055801,奇鋐凱基58購03,TW,0.0,-82.0,0.0,0.0,0,0.0,0.0
055802,亞光凱基59購04,TW,0.0,-127.0,0.0,0.0,0,0.0,0.0
055803,信邦凱基58購01,TW,0.0,6.0,0.0,0.0,0,0.0,0.0
055805,嘉澤凱基5A購02,TW,0.0,18.0,0.0,0.0,0,0.0,0.0
055806,定穎控凱基5B購02,TW,0.0,-20.0,0.0,0.0,0,0.0,0.0
055811,富世達凱基58購06,TW,0.0,106.0,0.0,0.0,0,0.0,0.0
055812,致新凱基58購01,TW,0.0,-1115.0,0.0,0.0,0,0.0,0.0
055813,至上凱基58購02,TW,0.0,0.0,0.0,0.0,0,0.0,0.0
055814,宇瞻凱基58購01,TW,0.0,2.0,0.0,0.0,0,0.0,0.0
055817,元金2X統一72購02,TW,0.0,2.0,0.0,0.0,0,0.0,0.0
055818,元金2X統一72購03,TW,0.0,1009.0,0.0,0.0,0,0.0,0.0
055820,道瓊銀統一72購03,TW,0.0,-30.0,0.0,0.0,0,0.0,0.0
055821,南亞統一65購01,TW,0.0,1116.0,0.0,0.0,0,0.0,0.0
055822,金像電統一65購02,TW,0.0,-46.0,0.0,0.0,0,0.0,0.0
055823,超豐統一62購02,TW,0.0,1221.0,0.0,0.0,0,0.0,0.0
055824,奇鋐統一61購03,TW,0.0,17.0,0.0,0.0,0,0.0,0.0
055825,奇鋐統一65購02,TW,0.0,-67.0,0.0,0.0,0,0.0,0.0
055826,欣興統一72購01,TW,0.0,94.0,0.0,0.0,0,0.0,0.0
055828,健鼎統一62購02,TW,0.0,-292.0,0.0,0.0,0,0.0,0.0
055829,健鼎統一72購02,TW,0.0,-75.0,0.0,0.0,0,0.0,0.0
055830,新日興統一62購01,TW,0.0,-781.0,0.0,0.0,0,0.0,0.0
055831,台勝科統一61購03,TW,0.0,-2.0,0.0,0.0,0,0.0,0.0
055832,定穎控統一62購01,TW,0.0,-29.0,0.0,0.0,0,0.0,0.0
055834,訊芯統一72購01,TW,0.0,30.0,0.0,0.0,0,0.0,0.0
055835,AES統一65購01,TW,0.0,-79.0,0.0,0.0,0,0.0,0.0
055836,富世達統一62購03,TW,0.0,-272.0,0.0,0.0,0,0.0,0.0
055837,富世達統一72購01,TW,0.0,-2274.0,0.0,0.0,0,0.0,0.0
055838,台虹統一72購01,TW,0.0,108.0,0.0,0.0,0,0.0,0.0
055840,宇瞻統一62購02,TW,0.0,-20.0,0.0,0.0,0,0.0,0.0
055842,宇瞻統一72購01,TW,0.0,25.0,0.0,0.0,0,0.0,0.0
055847,元金2X國票59購03,TW,0.0,6.0,0.0,0.0,0,0.0,0.0
055848,元金2X國票5A購02,TW,0.0,820.0,0.0,0.0,0,0.0,0.0
055853,美時國票59購01,TW,0.0,-1108.0,0.0,0.0,0,0.0,0.0
055854,金像電國票59購01,TW,0.0,-7.0,0.0,0.0,0,0.0,0.0
055855,偉詮電國票59購01,TW,0.0,-17.0,0.0,0.0,0,0.0,0.0
055856,普安國票58購01,TW,0.0,-5.0,0.0,0.0,0,0.0,0.0
055857,奇鋐國票66購01,TW,0.0,-715.0,0.0,0.0,0,0.0,0.0
055858,增你強國票59購02,TW,0.0,52.0,0.0,0.0,0,0.0,0.0
055859,健鼎國票59購02,TW,0.0,-6.0,0.0,0.0,0,0.0,0.0
055860,上緯控國票58購01,TW,0.0,-1193.0,0.0,0.0,0,0.0,0.0
055861,事欣科國票59購01,TW,0.0,522.0,0.0,0.0,0,0.0,0.0
055864,旭隼國票59購02,TW,0.0,-100.0,0.0,0.0,0,0.0,0.0
055866,至上國票59購01,TW,0.0,-30.0,0.0,0.0,0,0.0,0.0
055869,T50反1國泰59購01,TW,0.0,398.0,0.0,0.0,0,0.0,0.0
055874,南亞元大58購06,TW,0.0,38.0,0.0,0.0,0,0.0,0.0
055877,中興電元大58購03,TW,0.0,-20.0,0.0,0.0,0,0.0,0.0
055878,亞力元大58購03,TW,0.0,110.0,0.0,0.0,0,0.0,0.0
055882,第一銅元大58購01,TW,0.0,100.0,0.0,0.0,0,0.0,0.0
055883,宇隆元大58購02,TW,0.0,-87.0,0.0,0.0,0,0.0,0.0
055884,聯電元大58購10,TW,0.0,-1.0,0.0,0.0,0,0.0,0.0
055885,聯電元大58購11,TW,0.0,100.0,0.0,0.0,0,0.0,0.0
055887,聯電元大5A購05,TW,0.0,30.0,0.0,0.0,0,0.0,0.0
055888,鴻海元大58購08,TW,0.0,58.0,0.0,0.0,0,0.0,0.0
055890,鴻海元大58購10,TW,0.0,23.0,0.0,0.0,0,0.0,0.0
055891,台積電元大58購05,TW,0.0,-10.0,0.0,0.0,0,0.0,0.0
055892,微星元大58購01,TW,0.0,428.0,0.0,0.0,0,0.0,0.0
055894,長榮航元大58購01,TW,0.0,396.0,0.0,0.0,0,0.0,0.0
055898,健鼎元大58購04,TW,0.0,-1361.0,0.0,0.0,0,0.0,0.0
055901,世芯元大59購06,TW,0.0,20.0,0.0,0.0,0,0.0,0.0
055902,神達元大58購03,TW,0.0,-299.0,0.0,0.0,0,0.0,0.0
055903,神達元大58購04,TW,0.0,27.0,0.0,0.0,0,0.0,0.0
055904,定穎控元大58購12,TW,0.0,-553.0,0.0,0.0,0,0.0,0.0
055905,祥碩元大58購09,TW,0.0,10.0,0.0,0.0,0,0.0,0.0
055908,同欣電元大58購02,TW,0.0,2.0,0.0,0.0,0,0.0,0.0
055909,同欣電元大5A購01,TW,0.0,-45.0,0.0,0.0,0,0.0,0.0
055910,矽力元大58購03,TW,0.0,-136.0,0.0,0.0,0,0.0,0.0
055911,保瑞元大58購01,TW,0.0,-275.0,0.0,0.0,0,0.0,0.0
055914,宇瞻元大58購01,TW,0.0,13.0,0.0,0.0,0,0.0,0.0
055915,臺股指元大58購13,TW,0.0,1.0,0.0,0.0,0,0.0,0.0
055918,元金2X元富58購05,TW,0.0,1.0,0.0,0.0,0,0.0,0.0
055920,元金2X元富58購06,TW,0.0,165.0,0.0,0.0,0,0.0,0.0
055921,元金2X元富58購07,TW,0.0,360.0,0.0,0.0,0,0.0,0.0
055924,道瓊銀元富58購05,TW,0.0,22.0,0.0,0.0,0,0.0,0.0
055931,道瓊銀元富62購01,TW,0.0,-469.0,0.0,0.0,0,0.0,0.0
055932,道瓊銀元富62購02,TW,0.0,5.0,0.0,0.0,0,0.0,0.0
055935,國巨元富58購02,TW,0.0,21.0,0.0,0.0,0,0.0,0.0
055937,奇鋐元富5A購03,TW,0.0,-43.0,0.0,0.0,0,0.0,0.0
055939,增你強元富58購03,TW,0.0,1.0,0.0,0.0,0,0.0,0.0
055943,昇貿元富5A購01,TW,0.0,-88.0,10.0,0.0,0,0.0,0.0
055944,昇貿元富5A購02,TW,0.0,-119.0,0.0,0.0,0,0.0,0.0
055946,嘉澤元富5A購02,TW,0.0,-41.0,0.0,0.0,0,0.0,0.0
055947,世芯元富58購05,TW,0.0,29.0,0.0,0.0,0,0.0,0.0
055948,世芯元富62購01,TW,0.0,4.0,0.0,0.0,0,0.0,0.0
055949,日月光元富58購01,TW,0.0,6.0,0.0,0.0,0,0.0,0.0
05594U,世芯凱基57售01,TW,0.0,1788.0,0.0,0.0,0,0.0,0.0
055950,日月光元富58購02,TW,0.0,20.0,0.0,0.0,0,0.0,0.0
055951,定穎控元富5A購01,TW,0.0,20.0,0.0,0.0,0,0.0,0.0
055952,緯穎元富62購01,TW,0.0,-1032.0,0.0,0.0,0,0.0,0.0
055954,龍德船元富62購01,TW,0.0,-12.0,0.0,0.0,0,0.0,0.0
055959,T50正2群益58購03,TW,0.0,-29.0,0.0,0.0,0,0.0,0.0
055960,元黃金群益62購04,TW,0.0,-30.0,0.0,0.0,0,0.0,0.0
055967,台化群益58購02,TW,0.0,-30.0,0.0,0.0,0,0.0,0.0
055969,中砂群益5B購01,TW,0.0,103.0,0.0,0.0,0,0.0,0.0
055971,宏碁群益58購01,TW,0.0,40.0,0.0,0.0,0,0.0,0.0
055973,台光電群益5B購01,TW,0.0,-4.0,0.0,0.0,0,0.0,0.0
055974,毅嘉群益58購02,TW,0.0,-13.0,0.0,0.0,0,0.0,0.0
055975,聯發科群益58購03,TW,0.0,12.0,0.0,0.0,0,0.0,0.0
055977,奇鋐群益58購03,TW,0.0,-50.0,0.0,0.0,0,0.0,0.0
055978,健鼎群益59購02,TW,0.0,35.0,0.0,0.0,0,0.0,0.0
055979,緯創群益58購02,TW,0.0,173.0,0.0,0.0,0,0.0,0.0
055980,昇貿群益58購05,TW,0.0,444.0,0.0,0.0,0,0.0,0.0
055981,聯鈞群益58購02,TW,0.0,12.0,0.0,0.0,0,0.0,0.0
055983,嘉澤群益59購02,TW,0.0,-6.0,0.0,0.0,0,0.0,0.0
055984,世芯群益58購05,TW,0.0,-300.0,0.0,0.0,0,0.0,0.0
055985,世芯群益62購01,TW,0.0,-1348.0,0.0,0.0,0,0.0,0.0
055987,中磊群益5C購01,TW,0.0,-69.0,0.0,0.0,0,0.0,0.0
055989,緯穎群益58購04,TW,0.0,0.0,0.0,0.0,0,0.0,0.0
055991,宇瞻群益5A購01,TW,0.0,-21.0,0.0,0.0,0,0.0,0.0
055992,世芯兆豐5A購01,TW,0.0,-16.0,0.0,0.0,0,0.0,0.0
055993,矽力兆豐62購01,TW,0.0,27.0,0.0,0.0,0,0.0,0.0
055994,佳能富邦59購01,TW,0.0,782.0,0.0,0.0,0,0.0,0.0
055999,第一銅國泰59購01,TW,0.0,-35.0,0.0,0.0,0,0.0,0.0
056000,大成鋼國泰59購01,TW,0.0,-1.0,0.0,0.0,0,0.0,0.0
056002,台光電國泰59購01,TW,0.0,46.0,0.0,0.0,0,0.0,0.0
056003,漢唐國泰59購01,TW,0.0,35.0,0.0,0.0,0,0.0,0.0
056009,至上國泰59購01,TW,0.0,77.0,0.0,0.0,0,0.0,0.0
056010,東鹼國票59購01,TW,0.0,191.0,0.0,0.0,0,0.0,0.0
056011,長興國票58購05,TW,0.0,228.0,0.0,0.0,0,0.0,0.0
056012,第一銅國票58購01,TW,0.0,57.0,0.0,0.0,0,0.0,0.0
056013,敬鵬國票59購02,TW,0.0,-79.0,0.0,0.0,0,0.0,0.0
056014,台光電國票59購02,TW,0.0,5.0,0.0,0.0,0,0.0,0.0
056016,盟立國票59購01,TW,0.0,10.0,0.0,0.0,0,0.0,0.0
056021,聯詠國票59購01,TW,0.0,100.0,0.0,0.0,0,0.0,0.0
056023,世芯國票58購05,TW,0.0,140.0,0.0,0.0,0,0.0,0.0
056025,世芯國票59購03,TW,0.0,-16.0,0.0,0.0,0,0.0,0.0
056026,定穎控國票59購03,TW,0.0,600.0,0.0,0.0,0,0.0,0.0
056027,台耀國票59購01,TW,0.0,203.0,0.0,0.0,0,0.0,0.0
056028,臻鼎國票58購02,TW,0.0,17.0,0.0,0.0,0,0.0,0.0
056030,亞翔國票59購01,TW,0.0,-168.0,0.0,0.0,0,0.0,0.0
056031,同欣電國票5C購01,TW,0.0,-483.0,0.0,0.0,0,0.0,0.0
056032,訊芯國票62購01,TW,0.0,4.0,0.0,0.0,0,0.0,0.0
056033,南亞永豐59購03,TW,0.0,18.0,0.0,0.0,0,0.0,0.0
056034,中興電永豐59購01,TW,0.0,-913.0,0.0,0.0,0,0.0,0.0
056035,敬鵬永豐58購01,TW,0.0,-175.0,0.0,0.0,0,0.0,0.0
056038,友達永豐58購02,TW,0.0,16.0,0.0,0.0,0,0.0,0.0
056039,長榮永豐5C購01,TW,0.0,-266.0,0.0,0.0,0,0.0,0.0
056040,華航永豐59購01,TW,0.0,0.0,0.0,0.0,0,0.0,0.0
056041,亞光永豐58購01,TW,0.0,-141.0,0.0,0.0,0,0.0,0.0
056042,蔚華科永豐59購01,TW,0.0,-646.0,0.0,0.0,0,0.0,0.0
056044,臻鼎永豐59購02,TW,0.0,0.0,0.0,0.0,0,0.0,0.0
056045,中磊永豐59購01,TW,0.0,42.0,0.0,0.0,0,0.0,0.0
056050,台郡永豐59購01,TW,0.0,-7.0,0.0,0.0,0,0.0,0.0
056052,世芯台新58購01,TW,0.0,400.0,0.0,0.0,0,0.0,0.0
056054,中興電統一62購01,TW,0.0,-40.0,0.0,0.0,0,0.0,0.0
056055,亞德客統一62購01,TW,0.0,-863.0,0.0,0.0,0,0.0,0.0
056056,亞德客統一72購01,TW,0.0,-7.0,0.0,0.0,0,0.0,0.0
056058,上銀統一62購03,TW,0.0,9.0,0.0,0.0,0,0.0,0.0
056059,光寶科統一72購01,TW,0.0,-1090.0,0.0,0.0,0,0.0,0.0
056060,智邦統一61購02,TW,0.0,62.0,0.0,0.0,0,0.0,0.0
056061,敬鵬統一5C購01,TW,0.0,20.0,0.0,0.0,0,0.0,0.0
056062,敬鵬統一62購01,TW,0.0,-1869.0,0.0,0.0,0,0.0,0.0
056063,致茂統一61購03,TW,0.0,1.0,0.0,0.0,0,0.0,0.0
056064,金像電統一5C購02,TW,0.0,-104.0,0.0,0.0,0,0.0,0.0
056065,金像電統一62購02,TW,0.0,-3.0,0.0,0.0,0,0.0,0.0
056066,金像電統一67購01,TW,0.0,90.0,0.0,0.0,0,0.0,0.0
056067,金像電統一72購01,TW,0.0,-263.0,0.0,0.0,0,0.0,0.0
056068,金像電統一72購02,TW,0.0,-1171.0,0.0,0.0,0,0.0,0.0
056069,佳能統一62購02,TW,0.0,-230.0,0.0,0.0,0,0.0,0.0
056070,台光電統一62購04,TW,0.0,21.0,0.0,0.0,0,0.0,0.0
056071,台光電統一72購01,TW,0.0,-98.0,0.0,0.0,0,0.0,0.0
056072,友達統一65購01,TW,0.0,451.0,0.0,0.0,0,0.0,0.0
056073,聯發科統一64購02,TW,0.0,19.0,0.0,0.0,0,0.0,0.0
056074,聯發科統一72購01,TW,0.0,-220.0,0.0,0.0,0,0.0,0.0
056075,聯發科統一72購02,TW,0.0,-86.0,0.0,0.0,0,0.0,0.0
056076,盟立統一62購01,TW,0.0,34.0,0.0,0.0,0,0.0,0.0
056077,志聖統一72購01,TW,0.0,22.0,0.0,0.0,0,0.0,0.0
056078,立隆電統一61購02,TW,0.0,-1.0,0.0,0.0,0,0.0,0.0
056079,奇鋐統一72購01,TW,0.0,-346.0,0.0,0.0,0,0.0,0.0
056080,奇鋐統一72購02,TW,0.0,-210.0,0.0,0.0,0,0.0,0.0
056081,亞光統一62購04,TW,0.0,-147.0,0.0,0.0,0,0.0,0.0
056082,文曄統一62購02,TW,0.0,-33.0,0.0,0.0,0,0.0,0.0
056083,嘉澤統一62購01,TW,0.0,47.0,0.0,0.0,0,0.0,0.0
056084,世芯統一62購01,TW,0.0,4.0,0.0,0.0,0,0.0,0.0
056087,臻鼎統一65購01,TW,0.0,-18.0,0.0,0.0,0,0.0,0.0
056088,瀚宇博統一5C購03,TW,0.0,120.0,0.0,0.0,0,0.0,0.0
056090,亞翔統一62購02,TW,0.0,-82.0,0.0,0.0,0,0.0,0.0
056091,同欣電統一72購01,TW,0.0,-37.0,0.0,0.0,0,0.0,0.0
056092,訊芯統一62購02,TW,0.0,-17.0,0.0,0.0,0,0.0,0.0
056093,訊芯統一65購01,TW,0.0,6.0,0.0,0.0,0,0.0,0.0
056094,訊芯統一66購01,TW,0.0,-15.0,0.0,0.0,0,0.0,0.0
056095,訊芯統一72購02,TW,0.0,247.0,0.0,0.0,0,0.0,0.0
056096,富世達統一61購04,TW,0.0,885.0,0.0,0.0,0,0.0,0.0
056097,富世達統一72購02,TW,0.0,-12.0,0.0,0.0,0,0.0,0.0
056100,宇瞻統一65購02,TW,0.0,4.0,0.0,0.0,0,0.0,0.0
056101,宇瞻統一72購03,TW,0.0,-2.0,0.0,0.0,0,0.0,0.0
056105,元金2X元大58購06,TW,0.0,23.0,0.0,0.0,0,0.0,0.0
056106,元金2X元大59購03,TW,0.0,-14.0,0.0,0.0,0,0.0,0.0
056108,道瓊銀元大58購12,TW,0.0,-491.0,0.0,0.0,0,0.0,0.0
056109,台塑元大58購03,TW,0.0,-99.0,0.0,0.0,0,0.0,0.0
056110,台塑元大59購03,TW,0.0,76.0,0.0,0.0,0,0.0,0.0
056111,台塑元大5B購01,TW,0.0,-18.0,0.0,0.0,0,0.0,0.0
056112,中興電元大58購04,TW,0.0,-257.0,0.0,0.0,0,0.0,0.0
056114,上銀元大5B購01,TW,0.0,96.0,0.0,0.0,0,0.0,0.0
056115,聯電元大58購13,TW,0.0,1.0,0.0,0.0,0,0.0,0.0
056116,聯電元大5B購04,TW,0.0,3.0,0.0,0.0,0,0.0,0.0
056117,聯電元大61購04,TW,0.0,11.0,0.0,0.0,0,0.0,0.0
056118,鴻海元大58購11,TW,0.0,32.0,0.0,0.0,0,0.0,0.0
056119,鴻海元大61購05,TW,0.0,230.0,0.0,0.0,0,0.0,0.0
056120,仁寶元大58購06,TW,0.0,278.0,0.0,0.0,0,0.0,0.0
056121,廣宇元大58購02,TW,0.0,-274.0,0.0,0.0,0,0.0,0.0
056122,台積電元大61購07,TW,0.0,10.0,0.0,0.0,0,0.0,0.0
056123,宏碁元大58購03,TW,0.0,-340.0,0.0,0.0,0,0.0,0.0
056124,敬鵬元大58購01,TW,0.0,3906.0,0.0,0.0,0,0.0,0.0
056125,佳能元大58購07,TW,0.0,-59.0,0.0,0.0,0,0.0,0.0
056126,佳能元大58購08,TW,0.0,662.0,0.0,0.0,0,0.0,0.0
056127,仲琦元大58購01,TW,0.0,99.0,0.0,0.0,0,0.0,0.0
056128,盟立元大58購02,TW,0.0,8.0,0.0,0.0,0,0.0,0.0
056129,漢翔元大5A購02,TW,0.0,48.0,0.0,0.0,0,0.0,0.0
056130,奇鋐元大61購01,TW,0.0,101.0,0.0,0.0,0,0.0,0.0
056133,欣興元大58購09,TW,0.0,6.0,0.0,0.0,0,0.0,0.0
056134,欣興元大58購10,TW,0.0,28.0,0.0,0.0,0,0.0,0.0
056135,欣興元大61購01,TW,0.0,86.0,0.0,0.0,0,0.0,0.0
056139,嘉澤元大58購02,TW,0.0,-15.0,0.0,0.0,0,0.0,0.0
05613U,緯穎中信59售02,TW,0.0,-14.0,0.0,0.0,0,0.0,0.0
056140,定穎控元大61購03,TW,0.0,4249.0,0.0,0.0,0,0.0,0.0
056141,達興元大58購02,TW,0.0,-6.0,0.0,0.0,0,0.0,0.0
056142,達興元大5A購02,TW,0.0,-17.0,0.0,0.0,0,0.0,0.0
056143,乙盛元大58購01,TW,0.0,8.0,0.0,0.0,0,0.0,0.0
056144,台郡元大58購01,TW,0.0,-281.0,0.0,0.0,0,0.0,0.0
056145,同欣電元大58購03,TW,0.0,305.0,0.0,0.0,0,0.0,0.0
056146,同欣電元大5A購02,TW,0.0,-3713.0,0.0,0.0,0,0.0,0.0
056147,同欣電元大5B購01,TW,0.0,684.0,0.0,0.0,0,0.0,0.0
056148,康舒元大58購05,TW,0.0,-549.0,0.0,0.0,0,0.0,0.0
056149,訊芯元大58購01,TW,0.0,10.0,0.0,0.0,0,0.0,0.0
056152,保瑞元大5B購01,TW,0.0,-195.0,0.0,0.0,0,0.0,0.0
056153,宇瞻元大58購02,TW,0.0,32.0,0.0,0.0,0,0.0,0.0
056154,可寧衛元大58購05,TW,0.0,-100.0,0.0,0.0,0,0.0,0.0
056155,元黃金群益65購02,TW,0.0,-36.0,0.0,0.0,0,0.0,0.0
056156,SP黃豆群益62購02,TW,0.0,2.0,0.0,0.0,0,0.0,0.0
056157,元金2X群益65購01,TW,0.0,-1.0,0.0,0.0,0,0.0,0.0
056159,道瓊銅群益58購01,TW,0.0,4.0,0.0,0.0,0,0.0,0.0
056160,南亞群益58購01,TW,0.0,122.0,0.0,0.0,0,0.0,0.0
056162,亞德客群益5A購02,TW,0.0,318.0,0.0,0.0,0,0.0,0.0
056163,大亞群益58購02,TW,0.0,0.0,0.0,0.0,0,0.0,0.0
056164,宇隆群益5C購01,TW,0.0,262.0,0.0,0.0,0,0.0,0.0
056165,國巨群益58購07,TW,0.0,-15.0,0.0,0.0,0,0.0,0.0
056166,國巨群益58購08,TW,0.0,1.0,0.0,0.0,0,0.0,0.0
056167,敬鵬群益59購01,TW,0.0,-122.0,0.0,0.0,0,0.0,0.0
056168,台光電群益62購01,TW,0.0,308.0,0.0,0.0,0,0.0,0.0
056169,毅嘉群益58購03,TW,0.0,-5.0,0.0,0.0,0,0.0,0.0
056170,嘉晶群益58購01,TW,0.0,10.0,0.0,0.0,0,0.0,0.0
056171,聯詠群益58購01,TW,0.0,2.0,0.0,0.0,0,0.0,0.0
056172,欣興群益59購06,TW,0.0,40.0,0.0,0.0,0,0.0,0.0
056173,欣興群益5A購05,TW,0.0,0.0,0.0,0.0,0,0.0,0.0
056175,緯創群益58購03,TW,0.0,-28.0,0.0,0.0,0,0.0,0.0
056176,緯創群益58購04,TW,0.0,-379.0,0.0,0.0,0,0.0,0.0
056177,昇貿群益58購06,TW,0.0,265.0,0.0,0.0,0,0.0,0.0
056180,嘉澤群益58購04,TW,0.0,-20.0,0.0,0.0,0,0.0,0.0
056181,定穎控群益5A購01,TW,0.0,-35.0,0.0,0.0,0,0.0,0.0
056183,臻鼎群益5A購01,TW,0.0,1045.0,0.0,0.0,0,0.0,0.0
056184,眾達群益58購02,TW,0.0,6.0,0.0,0.0,0,0.0,0.0
056185,乙盛群益58購01,TW,0.0,-14.0,0.0,0.0,0,0.0,0.0
056187,旭隼群益5A購01,TW,0.0,50.0,0.0,0.0,0,0.0,0.0
056189,緯穎群益58購05,TW,0.0,-20.0,0.0,0.0,0,0.0,0.0
056190,龍德船群益58購03,TW,0.0,-34.0,0.0,0.0,0,0.0,0.0
056192,兆聯群益58購01,TW,0.0,-10.0,0.0,0.0,0,0.0,0.0
056193,昇陽半群益58購02,TW,0.0,180.0,0.0,0.0,0,0.0,0.0
056194,福懋科群益59購01,TW,0.0,-5.0,0.0,0.0,0,0.0,0.0
056197,台灣50凱基5B購03,TW,0.0,0.0,0.0,0.0,0,0.0,0.0
056198,T50正2凱基5B購05,TW,0.0,8.0,0.0,0.0,0,0.0,0.0
056199,元黃金凱基58購08,TW,0.0,10.0,0.0,0.0,0,0.0,0.0
056201,日本2X凱基59購02,TW,0.0,10.0,10.0,0.0,0,0.0,0.0
056207,台化凱基59購02,TW,0.0,-9.0,0.0,0.0,0,0.0,0.0
056208,亞力凱基58購04,TW,0.0,-135.0,0.0,0.0,0,0.0,0.0
056210,美時凱基61購01,TW,0.0,-16.0,0.0,0.0,0,0.0,0.0
056212,宏碁凱基58購02,TW,0.0,5.0,0.0,0.0,0,0.0,0.0
056213,敬鵬凱基58購01,TW,0.0,-166.0,0.0,0.0,0,0.0,0.0
056215,佳能凱基58購03,TW,0.0,37.0,0.0,0.0,0,0.0,0.0
056216,微星凱基58購01,TW,0.0,152.0,0.0,0.0,0,0.0,0.0
056217,台光電凱基58購02,TW,0.0,74.0,0.0,0.0,0,0.0,0.0
056218,友達凱基58購03,TW,0.0,-21.0,0.0,0.0,0,0.0,0.0
056220,奇鋐凱基5A購04,TW,0.0,-646.0,0.0,0.0,0,0.0,0.0
056222,健鼎凱基58購01,TW,0.0,55.0,0.0,0.0,0,0.0,0.0
056223,緯創凱基58購04,TW,0.0,-387.0,0.0,0.0,0,0.0,0.0
056224,昇貿凱基58購03,TW,0.0,-37.0,-26.0,0.0,0,0.0,0.0
056225,世芯凱基58購08,TW,0.0,0.0,0.0,0.0,0,0.0,0.0
056227,定穎控凱基58購03,TW,0.0,293.0,0.0,0.0,0,0.0,0.0
056228,正文凱基58購01,TW,0.0,-22.0,0.0,0.0,0,0.0,0.0
056229,臻鼎凱基58購04,TW,0.0,-1.0,0.0,0.0,0,0.0,0.0
056230,聯茂凱基61購01,TW,0.0,-30.0,0.0,0.0,0,0.0,0.0
056231,力成凱基61購01,TW,0.0,-329.0,0.0,0.0,0,0.0,0.0
056232,同欣電凱基5A購01,TW,0.0,19.0,0.0,0.0,0,0.0,0.0
056234,緯穎凱基5C購02,TW,0.0,-2.0,0.0,0.0,0,0.0,0.0
056235,福懋科凱基58購01,TW,0.0,145.0,0.0,0.0,0,0.0,0.0
056236,大成鋼國泰59購02,TW,0.0,-10.0,0.0,0.0,0,0.0,0.0
056237,敬鵬國泰59購01,TW,0.0,400.0,0.0,0.0,0,0.0,0.0
056241,瀚宇博國泰59購01,TW,0.0,-1.0,0.0,0.0,0,0.0,0.0
056242,訊芯國泰59購01,TW,0.0,41.0,0.0,0.0,0,0.0,0.0
056243,勤誠國泰59購01,TW,0.0,-400.0,0.0,0.0,0,0.0,0.0
056245,亞德客統一72購02,TW,0.0,14.0,0.0,0.0,0,0.0,0.0
056246,永光統一62購01,TW,0.0,-51.0,0.0,0.0,0,0.0,0.0
056247,宏碁統一62購01,TW,0.0,36.0,0.0,0.0,0,0.0,0.0
056248,敬鵬統一72購01,TW,0.0,-28.0,0.0,0.0,0,0.0,0.0
056249,強茂統一62購01,TW,0.0,609.0,0.0,0.0,0,0.0,0.0
056250,新日興統一62購02,TW,0.0,-492.0,0.0,0.0,0,0.0,0.0
056251,新日興統一62購03,TW,0.0,60.0,0.0,0.0,0,0.0,0.0
056253,定穎控統一62購02,TW,0.0,176.0,0.0,0.0,0,0.0,0.0
056254,大銀統一62購02,TW,0.0,27.0,0.0,0.0,0,0.0,0.0
056255,立積統一62購03,TW,0.0,-1352.0,0.0,0.0,0,0.0,0.0
056256,聯茂統一62購01,TW,0.0,10.0,0.0,0.0,0,0.0,0.0
056257,同欣電統一62購01,TW,0.0,-306.0,0.0,0.0,0,0.0,0.0
056258,訊芯統一72購03,TW,0.0,-54.0,0.0,0.0,0,0.0,0.0
056259,勤誠統一62購03,TW,0.0,-48.0,0.0,0.0,0,0.0,0.0
056260,道瓊銀中信62購02,TW,0.0,-2.0,0.0,0.0,0,0.0,0.0
056262,聯電中信62購01,TW,0.0,6.0,0.0,0.0,0,0.0,0.0
056263,亞力永豐59購01,TW,0.0,-254.0,0.0,0.0,0,0.0,0.0
056269,牧德永豐5A購01,TW,0.0,-550.0,0.0,0.0,0,0.0,0.0
056270,達興永豐59購01,TW,0.0,-145.0,0.0,0.0,0,0.0,0.0
056271,旭隼永豐59購01,TW,0.0,-968.0,0.0,0.0,0,0.0,0.0
056272,汎銓永豐5A購01,TW,0.0,56.0,0.0,0.0,0,0.0,0.0
056273,寶成永豐59購01,TW,0.0,-53.0,0.0,0.0,0,0.0,0.0
056274,亞翔台新58購01,TW,0.0,2.0,0.0,0.0,0,0.0,0.0
056278,南亞元大58購07,TW,0.0,-95.0,0.0,0.0,0,0.0,0.0
056279,台化元大58購04,TW,0.0,-82.0,0.0,0.0,0,0.0,0.0
056280,中興電元大58購05,TW,0.0,-737.0,0.0,0.0,0,0.0,0.0
056285,鴻海元大58購12,TW,0.0,41.0,0.0,0.0,0,0.0,0.0
056286,鴻海元大61購06,TW,0.0,22.0,0.0,0.0,0,0.0,0.0
056287,台積電元大61購08,TW,0.0,1.0,0.0,0.0,0,0.0,0.0
056288,佳能元大58購09,TW,0.0,210.0,0.0,0.0,0,0.0,0.0
056292,友達元大58購04,TW,0.0,-306.0,0.0,0.0,0,0.0,0.0
056293,友達元大58購05,TW,0.0,-33.0,0.0,0.0,0,0.0,0.0
056294,超豐元大58購01,TW,0.0,15.0,0.0,0.0,0,0.0,0.0
056295,聯發科元大61購13,TW,0.0,-2.0,0.0,0.0,0,0.0,0.0
056296,奇鋐元大61購02,TW,0.0,-36.0,0.0,0.0,0,0.0,0.0
056302,健鼎元大58購05,TW,0.0,-199.0,0.0,0.0,0,0.0,0.0
056303,嘉澤元大58購03,TW,0.0,90.0,0.0,0.0,0,0.0,0.0
056305,嘉澤元大58購05,TW,0.0,0.0,0.0,0.0,0,0.0,0.0
056307,世芯元大61購03,TW,0.0,56.0,0.0,0.0,0,0.0,0.0
056308,定穎控元大58購13,TW,0.0,140.0,0.0,0.0,0,0.0,0.0
056309,定穎控元大58購14,TW,0.0,-3.0,0.0,0.0,0,0.0,0.0
056310,定穎控元大58購15,TW,0.0,-3.0,0.0,0.0,0,0.0,0.0
056311,定穎控元大61購04,TW,0.0,513.0,0.0,0.0,0,0.0,0.0
056312,臻鼎元大58購06,TW,0.0,1.0,0.0,0.0,0,0.0,0.0
056314,立積元大58購01,TW,0.0,-330.0,0.0,0.0,0,0.0,0.0
056315,祥碩元大58購10,TW,0.0,-900.0,0.0,0.0,0,0.0,0.0
056316,佳必琪元大5B購01,TW,0.0,57.0,0.0,0.0,0,0.0,0.0
056317,康舒元大58購06,TW,0.0,-989.0,0.0,0.0,0,0.0,0.0
056319,康舒元大59購02,TW,0.0,-646.0,0.0,0.0,0,0.0,0.0
056324,訊芯元大5B購01,TW,0.0,20.0,0.0,0.0,0,0.0,0.0
056325,勤誠元大58購02,TW,0.0,715.0,0.0,0.0,0,0.0,0.0
056326,勤誠元大58購03,TW,0.0,1708.0,0.0,0.0,0,0.0,0.0
056327,道瓊銀國票58購10,TW,0.0,-45.0,0.0,0.0,0,0.0,0.0
056328,士電國票58購01,TW,0.0,116.0,0.0,0.0,0,0.0,0.0
056329,士電國票59購01,TW,0.0,-17.0,0.0,0.0,0,0.0,0.0
056331,佳能國票59購01,TW,0.0,115.0,0.0,0.0,0,0.0,0.0
056332,萬海國票59購01,TW,0.0,-17.0,0.0,0.0,0,0.0,0.0
056334,雲豹國票59購01,TW,0.0,-36.0,0.0,0.0,0,0.0,0.0
056338,台化群益58購03,TW,0.0,-99.0,0.0,0.0,0,0.0,0.0
056339,長興群益59購01,TW,0.0,-57.0,0.0,0.0,0,0.0,0.0
056341,宇隆群益58購02,TW,0.0,15.0,0.0,0.0,0,0.0,0.0
056342,金像電群益58購02,TW,0.0,-20.0,0.0,0.0,0,0.0,0.0
056344,友達群益58購02,TW,0.0,-97.0,0.0,0.0,0,0.0,0.0
056345,友達群益5A購01,TW,0.0,-53.0,0.0,0.0,0,0.0,0.0
056346,長榮航群益58購02,TW,0.0,191.0,0.0,0.0,0,0.0,0.0
056347,奇鋐群益58購04,TW,0.0,-36.0,0.0,0.0,0,0.0,0.0
056348,信邦群益58購01,TW,0.0,-23.0,0.0,0.0,0,0.0,0.0
056349,健鼎群益5A購01,TW,0.0,-97.0,0.0,0.0,0,0.0,0.0
056350,世芯群益58購06,TW,0.0,78.0,0.0,0.0,0,0.0,0.0
056351,立積群益5A購02,TW,0.0,-97.0,0.0,0.0,0,0.0,0.0
056352,中磊群益58購01,TW,0.0,110.0,0.0,0.0,0,0.0,0.0
056353,中磊群益59購01,TW,0.0,-207.0,0.0,0.0,0,0.0,0.0
056354,緯穎群益58購06,TW,0.0,0.0,0.0,0.0,0,0.0,0.0
056355,至上群益59購01,TW,0.0,-2.0,0.0,0.0,0,0.0,0.0
056360,美費半凱基5A購01,TW,0.0,5.0,0.0,0.0,0,0.0,0.0
056361,台塑凱基5B購01,TW,0.0,3.0,0.0,0.0,0,0.0,0.0
056363,中興電凱基59購02,TW,0.0,-115.0,0.0,0.0,0,0.0,0.0
056364,亞德客凱基5A購01,TW,0.0,-121.0,0.0,0.0,0,0.0,0.0
056365,大亞凱基58購02,TW,0.0,-756.0,0.0,0.0,0,0.0,0.0
056366,長興凱基58購04,TW,0.0,17.0,0.0,0.0,0,0.0,0.0
056369,仁寶凱基58購03,TW,0.0,-75.0,0.0,0.0,0,0.0,0.0
056371,廣宇凱基58購03,TW,0.0,381.0,0.0,0.0,0,0.0,0.0
056372,金像電凱基5C購01,TW,0.0,-186.0,0.0,0.0,0,0.0,0.0
056374,亞光凱基58購03,TW,0.0,-100.0,0.0,0.0,0,0.0,0.0
056376,嘉澤凱基58購03,TW,0.0,17.0,0.0,0.0,0,0.0,0.0
056377,材料凱基5A購01,TW,0.0,1.0,0.0,0.0,0,0.0,0.0
056378,達興凱基58購02,TW,0.0,-30.0,0.0,0.0,0,0.0,0.0
056379,亞翔凱基58購01,TW,0.0,-20.0,0.0,0.0,0,0.0,0.0
056384,惠特凱基5A購01,TW,0.0,-12.0,0.0,0.0,0,0.0,0.0
056385,勤誠凱基58購02,TW,0.0,55.0,0.0,0.0,0,0.0,0.0
056386,勤誠凱基59購02,TW,0.0,642.0,0.0,0.0,0,0.0,0.0
056388,道瓊銀元富58購15,TW,0.0,-10.0,0.0,0.0,0,0.0,0.0
056390,鴻海元富62購01,TW,0.0,850.0,0.0,0.0,0,0.0,0.0
056391,鴻海元富62購02,TW,0.0,0.0,0.0,0.0,0,0.0,0.0
056395,京元電元富58購01,TW,0.0,1.0,0.0,0.0,0,0.0,0.0
056398,聯發科元富67購05,TW,0.0,8.0,0.0,0.0,0,0.0,0.0
056401,奇鋐元富5A購05,TW,0.0,3.0,0.0,0.0,0,0.0,0.0
056402,定穎控元富5A購02,TW,0.0,-10.0,0.0,0.0,0,0.0,0.0
056404,鈞興元富58購01,TW,0.0,61.0,0.0,0.0,0,0.0,0.0
056408,力成元富58購01,TW,0.0,-2024.0,0.0,0.0,0,0.0,0.0
056409,矽力元富58購01,TW,0.0,3.0,0.0,0.0,0,0.0,0.0
056411,至上元富5A購01,TW,0.0,-60.0,0.0,0.0,0,0.0,0.0
056412,至上元富5A購02,TW,0.0,1303.0,0.0,0.0,0,0.0,0.0
056413,宏全元富58購01,TW,0.0,350.0,0.0,0.0,0,0.0,0.0
056414,世紀鋼元富58購01,TW,0.0,92.0,0.0,0.0,0,0.0,0.0
056415,增你強國票59購03,TW,0.0,3.0,0.0,0.0,0,0.0,0.0
056416,瀚荃國票58購01,TW,0.0,-20.0,0.0,0.0,0,0.0,0.0
056418,宏碁國泰59購01,TW,0.0,0.0,0.0,0.0,0,0.0,0.0
056419,雄獅國泰59購01,TW,0.0,20.0,0.0,0.0,0,0.0,0.0
056420,材料國泰59購01,TW,0.0,33.0,0.0,0.0,0,0.0,0.0
056421,康舒國泰59購01,TW,0.0,-273.0,0.0,0.0,0,0.0,0.0
056422,AES國泰59購01,TW,0.0,5.0,0.0,0.0,0,0.0,0.0
056424,南亞中信5A購01,TW,0.0,-103.0,0.0,0.0,0,0.0,0.0
056426,美時中信62購01,TW,0.0,-384.0,0.0,0.0,0,0.0,0.0
056427,上銀中信58購01,TW,0.0,5.0,0.0,0.0,0,0.0,0.0
056428,聯電中信58購01,TW,0.0,-303.0,0.0,0.0,0,0.0,0.0
056429,聯電中信62購02,TW,0.0,-131.0,0.0,0.0,0,0.0,0.0
056430,台光電中信58購02,TW,0.0,20.0,0.0,0.0,0,0.0,0.0
056431,台光電中信59購02,TW,0.0,6.0,0.0,0.0,0,0.0,0.0
056432,友達中信5C購01,TW,0.0,-58.0,0.0,0.0,0,0.0,0.0
056433,強茂中信5A購01,TW,0.0,-197.0,0.0,0.0,0,0.0,0.0
056434,奇鋐中信58購03,TW,0.0,-121.0,0.0,0.0,0,0.0,0.0
056436,欣興中信5A購03,TW,0.0,4.0,0.0,0.0,0,0.0,0.0
056438,嘉澤中信58購01,TW,0.0,-16.0,0.0,0.0,0,0.0,0.0
05643U,緯穎中信57售01,TW,0.0,10.0,0.0,0.0,0,0.0,0.0
056440,日月光中信58購01,TW,0.0,-21.0,0.0,0.0,0,0.0,0.0
056441,定穎控中信59購01,TW,0.0,104.0,0.0,0.0,0,0.0,0.0
056442,力成中信5A購02,TW,0.0,-294.0,0.0,0.0,0,0.0,0.0
056443,至上中信5A購03,TW,0.0,54.0,0.0,0.0,0,0.0,0.0
056444,華泰永豐59購02,TW,0.0,-58.0,0.0,0.0,0,0.0,0.0
056446,毅嘉永豐58購02,TW,0.0,2.0,0.0,0.0,0,0.0,0.0
056448,緯穎永豐5A購02,TW,0.0,-298.0,0.0,0.0,0,0.0,0.0
056449,至上永豐59購01,TW,0.0,-10.0,0.0,0.0,0,0.0,0.0
056451,漢唐兆豐62購01,TW,0.0,644.0,0.0,0.0,0,0.0,0.0
056452,台化凱基58購01,TW,0.0,-33.0,0.0,0.0,0,0.0,0.0
056455,鴻海凱基59購03,TW,0.0,29.0,0.0,0.0,0,0.0,0.0
056456,台積電凱基58購17,TW,0.0,-166.0,0.0,0.0,0,0.0,0.0
056457,台積電凱基58購18,TW,0.0,477.0,0.0,0.0,0,0.0,0.0
056458,大同凱基58購01,TW,0.0,160.0,0.0,0.0,0,0.0,0.0
056461,大同凱基5A購01,TW,0.0,563.0,0.0,0.0,0,0.0,0.0
056462,佳能凱基58購04,TW,0.0,-284.0,0.0,0.0,0,0.0,0.0
056463,台光電凱基5A購02,TW,0.0,-54.0,0.0,0.0,0,0.0,0.0
056464,友達凱基58購04,TW,0.0,2.0,0.0,0.0,0,0.0,0.0
056465,超豐凱基58購02,TW,0.0,30.0,-4.0,0.0,0,0.0,0.0
056471,定穎控凱基58購04,TW,0.0,-115.0,0.0,0.0,0,0.0,0.0
056474,中磊凱基58購01,TW,0.0,-21.0,0.0,0.0,0,0.0,0.0
056475,佳必琪凱基58購02,TW,0.0,1.0,0.0,0.0,0,0.0,0.0
056477,龍德船凱基59購02,TW,0.0,-54.0,0.0,0.0,0,0.0,0.0
056478,道瓊銀統一64購02,TW,0.0,-2579.0,0.0,0.0,0,0.0,0.0
056480,上銀統一72購01,TW,0.0,11.0,0.0,0.0,0,0.0,0.0
056481,宏碁統一62購02,TW,0.0,-221.0,0.0,0.0,0,0.0,0.0
056482,敬鵬統一62購02,TW,0.0,117.0,0.0,0.0,0,0.0,0.0
056483,敬鵬統一72購02,TW,0.0,-87.0,0.0,0.0,0,0.0,0.0
056484,台光電統一72購02,TW,0.0,17.0,0.0,0.0,0,0.0,0.0
056485,志聖統一72購02,TW,0.0,-9.0,0.0,0.0,0,0.0,0.0
056486,聯鈞統一62購02,TW,0.0,-15.0,0.0,0.0,0,0.0,0.0
056487,嘉澤統一72購01,TW,0.0,-219.0,0.0,0.0,0,0.0,0.0
056488,臻鼎統一72購01,TW,0.0,-74.0,0.0,0.0,0,0.0,0.0
056490,同欣電統一72購02,TW,0.0,-11.0,0.0,0.0,0,0.0,0.0
056491,勤誠統一61購02,TW,0.0,127.0,0.0,0.0,0,0.0,0.0
056492,勤誠統一63購01,TW,0.0,-720.0,0.0,0.0,0,0.0,0.0
056493,勤誠統一72購01,TW,0.0,147.0,0.0,0.0,0,0.0,0.0
056495,臺股指統一5C購01,TW,0.0,-1.0,0.0,0.0,0,0.0,0.0
056496,元黃金元富58購04,TW,0.0,165.0,0.0,0.0,0,0.0,0.0
056501,光寶科元富5A購02,TW,0.0,0.0,0.0,0.0,0,0.0,0.0
056504,富世達元富58購01,TW,0.0,-1175.0,0.0,0.0,0,0.0,0.0
056505,致新元富58購01,TW,0.0,-25.0,0.0,0.0,0,0.0,0.0
056506,瀚荃元富58購01,TW,0.0,-70.0,0.0,0.0,0,0.0,0.0
056507,亞光台新58購01,TW,0.0,122.0,0.0,0.0,0,0.0,0.0
056509,道瓊銀群益65購05,TW,0.0,-723.0,0.0,0.0,0,0.0,0.0
056510,道瓊銅群益58購02,TW,0.0,-32.0,0.0,0.0,0,0.0,0.0
056511,中興電群益58購03,TW,0.0,0.0,0.0,0.0,0,0.0,0.0
056512,亞德客群益58購01,TW,0.0,-185.0,0.0,0.0,0,0.0,0.0
056514,聯電群益58購02,TW,0.0,6.0,0.0,0.0,0,0.0,0.0
056516,金像電群益58購03,TW,0.0,-1.0,0.0,0.0,0,0.0,0.0
056518,亞光群益58購02,TW,0.0,-4.0,0.0,0.0,0,0.0,0.0
056522,達興群益58購02,TW,0.0,-271.0,0.0,0.0,0,0.0,0.0
056523,亞翔群益58購02,TW,0.0,-40.0,0.0,0.0,0,0.0,0.0
056524,康舒群益58購01,TW,0.0,105.0,0.0,0.0,0,0.0,0.0
056525,康舒群益58購02,TW,0.0,108.0,0.0,0.0,0,0.0,0.0
056527,瀚荃群益58購01,TW,0.0,-222.0,0.0,0.0,0,0.0,0.0
056528,勤誠群益62購01,TW,0.0,-221.0,0.0,0.0,0,0.0,0.0
056530,元黃金元大5A購04,TW,0.0,-10.0,0.0,0.0,0,0.0,0.0
056531,元黃金元大5C購02,TW,0.0,6.0,0.0,0.0,0,0.0,0.0
056533,元金2X元大5A購04,TW,0.0,-2.0,0.0,0.0,0,0.0,0.0
056534,道瓊銀元大59購10,TW,0.0,95.0,0.0,0.0,0,0.0,0.0
056536,南亞元大58購08,TW,0.0,659.0,0.0,0.0,0,0.0,0.0
056537,南亞元大58購09,TW,0.0,-74.0,0.0,0.0,0,0.0,0.0
056538,南亞元大58購10,TW,0.0,667.0,0.0,0.0,0,0.0,0.0
05653U,元債2X元大58售02,TW,0.0,-10.0,0.0,0.0,0,0.0,0.0
056540,台化元大58購05,TW,0.0,-7.0,0.0,0.0,0,0.0,0.0
056541,中興電元大58購06,TW,0.0,559.0,0.0,0.0,0,0.0,0.0
056542,長興元大58購03,TW,0.0,-34.0,0.0,0.0,0,0.0,0.0
056544,大成鋼元大58購05,TW,0.0,390.0,0.0,0.0,0,0.0,0.0
056545,上銀元大58購07,TW,0.0,173.0,0.0,0.0,0,0.0,0.0
056546,上銀元大5B購03,TW,0.0,19.0,0.0,0.0,0,0.0,0.0
056547,聯電元大58購14,TW,0.0,56.0,0.0,0.0,0,0.0,0.0
056548,聯電元大61購06,TW,0.0,36.0,0.0,0.0,0,0.0,0.0
056549,鴻海元大61購07,TW,0.0,336.0,0.0,0.0,0,0.0,0.0
056550,仁寶元大58購07,TW,0.0,-105.0,0.0,0.0,0,0.0,0.0
056551,華泰元大58購04,TW,0.0,-105.0,0.0,0.0,0,0.0,0.0
056552,台積電元大61購09,TW,0.0,-71.0,0.0,0.0,0,0.0,0.0
056553,華碩元大58購01,TW,0.0,-4.0,0.0,0.0,0,0.0,0.0
056554,佳能元大58購10,TW,0.0,-941.0,0.0,0.0,0,0.0,0.0
056555,台光電元大58購03,TW,0.0,12.0,0.0,0.0,0,0.0,0.0
056557,台光電元大58購05,TW,0.0,1.0,0.0,0.0,0,0.0,0.0
056558,超豐元大58購02,TW,0.0,495.0,0.0,0.0,0,0.0,0.0
056559,聯發科元大58購03,TW,0.0,10.0,0.0,0.0,0,0.0,0.0
056560,聯發科元大61購14,TW,0.0,56.0,0.0,0.0,0,0.0,0.0
056561,雄獅元大58購01,TW,0.0,79.0,0.0,0.0,0,0.0,0.0
056562,聯詠元大58購01,TW,0.0,4.0,0.0,0.0,0,0.0,0.0
056566,欣興元大61購02,TW,0.0,5.0,0.0,0.0,0,0.0,0.0
056567,緯創元大58購07,TW,0.0,50.0,0.0,0.0,0,0.0,0.0
056568,緯創元大58購08,TW,0.0,63.0,0.0,0.0,0,0.0,0.0
056569,緯創元大61購02,TW,0.0,141.0,0.0,0.0,0,0.0,0.0
056571,乙盛元大58購02,TW,0.0,-69.0,0.0,0.0,0,0.0,0.0
056572,乙盛元大5B購01,TW,0.0,-109.0,0.0,0.0,0,0.0,0.0
056574,保瑞元大58購02,TW,0.0,135.0,0.0,0.0,0,0.0,0.0
056575,保瑞元大5A購01,TW,0.0,-699.0,0.0,0.0,0,0.0,0.0
056576,惠特元大5A購01,TW,0.0,-459.0,0.0,0.0,0,0.0,0.0
056577,汎銓元大58購01,TW,0.0,25.0,0.0,0.0,0,0.0,0.0
056578,汎銓元大5B購01,TW,0.0,14.0,0.0,0.0,0,0.0,0.0
056579,勤誠元大58購04,TW,0.0,133.0,0.0,0.0,0,0.0,0.0
056584,光寶科台新58購01,TW,0.0,-234.0,0.0,0.0,0,0.0,0.0
056585,龍德船台新58購01,TW,0.0,0.0,0.0,0.0,0,0.0,0.0
056587,道瓊銀富邦5C購04,TW,0.0,15.0,0.0,0.0,0,0.0,0.0
056588,中興電富邦58購01,TW,0.0,-326.0,0.0,0.0,0,0.0,0.0
056589,華新富邦58購02,TW,0.0,-139.0,0.0,0.0,0,0.0,0.0
056592,台光電富邦5B購01,TW,0.0,6.0,0.0,0.0,0,0.0,0.0
056593,台光電富邦63購01,TW,0.0,34.0,0.0,0.0,0,0.0,0.0
056594,友達富邦59購02,TW,0.0,0.0,0.0,0.0,0,0.0,0.0
056595,聯發科富邦58購02,TW,0.0,30.0,0.0,0.0,0,0.0,0.0
056597,聯詠富邦58購01,TW,0.0,7.0,0.0,0.0,0,0.0,0.0
056599,大量富邦5C購01,TW,0.0,32.0,0.0,0.0,0,0.0,0.0
056600,緯創富邦5C購03,TW,0.0,-232.0,0.0,0.0,0,0.0,0.0
056601,亞翔富邦59購01,TW,0.0,-237.0,0.0,0.0,0,0.0,0.0
056604,T50正2永豐58購04,TW,0.0,10.0,0.0,0.0,0,0.0,0.0
056606,鴻海永豐5C購03,TW,0.0,-311.0,0.0,0.0,0,0.0,0.0
056607,台積電永豐72購01,TW,0.0,-238.0,0.0,0.0,0,0.0,0.0
056608,智邦永豐5A購02,TW,0.0,0.0,0.0,0.0,0,0.0,0.0
056609,金像電永豐59購02,TW,0.0,-124.0,0.0,0.0,0,0.0,0.0
056610,盟立永豐59購01,TW,0.0,19.0,0.0,0.0,0,0.0,0.0
056611,大立光永豐58購03,TW,0.0,91.0,0.0,0.0,0,0.0,0.0
056613,世芯永豐61購03,TW,0.0,-20.0,0.0,0.0,0,0.0,0.0
056614,緯穎永豐5C購02,TW,0.0,-6.0,0.0,0.0,0,0.0,0.0
056615,AES永豐59購03,TW,0.0,-353.0,0.0,0.0,0,0.0,0.0
056619,台塑統一72購01,TW,0.0,-6.0,0.0,0.0,0,0.0,0.0
056620,南亞統一72購01,TW,0.0,156.0,20.0,0.0,0,0.0,0.0
056621,台化統一72購02,TW,0.0,-305.0,0.0,0.0,0,0.0,0.0
056623,上銀統一64購01,TW,0.0,120.0,0.0,0.0,0,0.0,0.0
056624,上銀統一72購02,TW,0.0,-59.0,0.0,0.0,0,0.0,0.0
056627,廣宇統一65購01,TW,0.0,-128.0,0.0,0.0,0,0.0,0.0
056628,華泰統一65購01,TW,0.0,15.0,0.0,0.0,0,0.0,0.0
056629,台積電統一65購02,TW,0.0,-126.0,0.0,0.0,0,0.0,0.0
056630,台積電統一72購01,TW,0.0,-1010.0,0.0,0.0,0,0.0,0.0
056631,智邦統一72購01,TW,0.0,80.0,0.0,0.0,0,0.0,0.0
056633,台光電統一66購01,TW,0.0,-1163.0,0.0,0.0,0,0.0,0.0
056634,聯發科統一65購02,TW,0.0,-24.0,0.0,0.0,0,0.0,0.0
056636,信邦統一72購01,TW,0.0,-31.0,0.0,0.0,0,0.0,0.0
056637,日電貿統一64購01,TW,0.0,-14.0,0.0,0.0,0,0.0,0.0
056638,大量統一65購01,TW,0.0,63.0,0.0,0.0,0,0.0,0.0
056639,世芯統一72購01,TW,0.0,-306.0,0.0,0.0,0,0.0,0.0
056640,日月光統一62購01,TW,0.0,-30.0,0.0,0.0,0,0.0,0.0
056641,定穎控統一72購01,TW,0.0,252.0,0.0,0.0,0,0.0,0.0
056643,大銀統一72購01,TW,0.0,23.0,0.0,0.0,0,0.0,0.0
056644,乙盛統一72購01,TW,0.0,400.0,0.0,0.0,0,0.0,0.0
056645,帆宣統一72購01,TW,0.0,-44.0,0.0,0.0,0,0.0,0.0
056646,今國光統一65購01,TW,0.0,-187.0,0.0,0.0,0,0.0,0.0
056647,台塑化統一62購01,TW,0.0,1540.0,0.0,0.0,0,0.0,0.0
056649,宇瞻統一65購04,TW,0.0,181.0,0.0,0.0,0,0.0,0.0
056651,滬深反凱基5A購01,TW,0.0,-129.0,0.0,0.0,0,0.0,0.0
056653,道瓊銀凱基58購14,TW,0.0,1069.0,0.0,0.0,0,0.0,0.0
056654,南亞凱基5B購03,TW,0.0,15.0,0.0,0.0,0,0.0,0.0
056655,台化凱基58購02,TW,0.0,-35.0,0.0,0.0,0,0.0,0.0
056656,中興電凱基58購02,TW,0.0,-39.0,0.0,0.0,0,0.0,0.0
056657,大成鋼凱基58購03,TW,0.0,113.0,0.0,0.0,0,0.0,0.0
056658,上銀凱基5C購01,TW,0.0,157.0,0.0,0.0,0,0.0,0.0
056659,鴻海凱基58購06,TW,0.0,10.0,0.0,0.0,0,0.0,0.0
056661,華泰凱基58購02,TW,0.0,-2.0,0.0,0.0,0,0.0,0.0
056662,台積電凱基58購19,TW,0.0,-20.0,0.0,0.0,0,0.0,0.0
056663,台積電凱基58購20,TW,0.0,-5.0,0.0,0.0,0,0.0,0.0
056665,金像電凱基58購06,TW,0.0,-53.0,0.0,0.0,0,0.0,0.0
056666,台光電凱基61購01,TW,0.0,-8.0,0.0,0.0,0,0.0,0.0
056669,雄獅凱基58購01,TW,0.0,10.0,0.0,0.0,0,0.0,0.0
056670,亞光凱基58購04,TW,0.0,1.0,0.0,0.0,0,0.0,0.0
056671,聯詠凱基59購02,TW,0.0,16.0,0.0,0.0,0,0.0,0.0
056673,世芯凱基61購02,TW,0.0,2.0,0.0,0.0,0,0.0,0.0
056674,日月光凱基59購03,TW,0.0,-24.0,0.0,0.0,0,0.0,0.0
056675,材料凱基5A購02,TW,0.0,220.0,0.0,0.0,0,0.0,0.0
056677,達興凱基5A購01,TW,0.0,-7.0,0.0,0.0,0,0.0,0.0
056678,乙盛凱基5A購01,TW,0.0,21.0,0.0,0.0,0,0.0,0.0
056679,康舒凱基5A購02,TW,0.0,-260.0,0.0,0.0,0,0.0,0.0
056680,樺漢凱基58購01,TW,0.0,11.0,0.0,0.0,0,0.0,0.0
056683,臺股指凱基5C購05,TW,0.0,-22.0,0.0,0.0,0,0.0,0.0
056685,東元國票58購01,TW,0.0,-123.0,0.0,0.0,0,0.0,0.0
056687,亞德客國票58購01,TW,0.0,-137.0,0.0,0.0,0,0.0,0.0
056688,亞德客國票59購01,TW,0.0,-103.0,0.0,0.0,0,0.0,0.0
056691,智邦國票63購01,TW,0.0,1.0,0.0,0.0,0,0.0,0.0
056692,華碩國票58購01,TW,0.0,100.0,0.0,0.0,0,0.0,0.0
056693,華碩國票59購01,TW,0.0,-32.0,0.0,0.0,0,0.0,0.0
056694,友達國票58購03,TW,0.0,-30.0,0.0,0.0,0,0.0,0.0
056695,友達國票59購03,TW,0.0,-49.0,0.0,0.0,0,0.0,0.0
056696,偉詮電國票59購02,TW,0.0,-37.0,0.0,0.0,0,0.0,0.0
056697,超豐國票59購01,TW,0.0,133.0,0.0,0.0,0,0.0,0.0
056698,盟立國票5A購01,TW,0.0,1.0,0.0,0.0,0,0.0,0.0
056699,蔚華科國票58購01,TW,0.0,71.0,0.0,0.0,0,0.0,0.0
056701,京鼎國票59購01,TW,0.0,-623.0,0.0,0.0,0,0.0,0.0
056702,TPK國票59購01,TW,0.0,28.0,0.0,0.0,0,0.0,0.0
056703,上緯控國票59購01,TW,0.0,-16.0,0.0,0.0,0,0.0,0.0
056704,日月光國票59購03,TW,0.0,70.0,0.0,0.0,0,0.0,0.0
056706,達興國票59購01,TW,0.0,0.0,0.0,0.0,0,0.0,0.0
056707,AES國票58購02,TW,0.0,30.0,0.0,0.0,0,0.0,0.0
056709,汎銓國票58購02,TW,0.0,11.0,0.0,0.0,0,0.0,0.0
056711,宇瞻國票62購01,TW,0.0,6.0,0.0,0.0,0,0.0,0.0
056712,香港2X元富58購01,TW,0.0,20.0,0.0,0.0,0,0.0,0.0
056716,元金2X元富62購01,TW,0.0,0.0,0.0,0.0,0,0.0,0.0
056717,元金2X元富62購03,TW,0.0,-1.0,0.0,0.0,0,0.0,0.0
056726,今國光元富58購01,TW,0.0,20.0,0.0,0.0,0,0.0,0.0
056727,同欣電元富5B購01,TW,0.0,-63.0,0.0,0.0,0,0.0,0.0
056728,兆聯元富58購01,TW,0.0,0.0,2.0,0.0,0,0.0,0.0
056735,鴻海群益5B購04,TW,0.0,0.0,0.0,0.0,0,0.0,0.0
056736,台積電群益58購11,TW,0.0,-334.0,0.0,0.0,0,0.0,0.0
056737,台積電群益5C購06,TW,0.0,-9.0,0.0,0.0,0,0.0,0.0
056738,金像電群益5A購02,TW,0.0,-19.0,0.0,0.0,0,0.0,0.0
056741,友達群益58購03,TW,0.0,-68.0,0.0,0.0,0,0.0,0.0
056742,聯發科群益58購04,TW,0.0,39.0,0.0,0.0,0,0.0,0.0
056743,盟立群益58購02,TW,0.0,8.0,0.0,0.0,0,0.0,0.0
056745,普安群益58購02,TW,0.0,12.0,0.0,0.0,0,0.0,0.0
056746,富邦金群益58購01,TW,0.0,125.0,0.0,0.0,0,0.0,0.0
056747,元大金群益58購01,TW,0.0,-1.0,0.0,0.0,0,0.0,0.0
056748,台新金群益58購01,TW,0.0,77.0,0.0,0.0,0,0.0,0.0
056749,永豐金群益58購01,TW,0.0,1130.0,0.0,0.0,0,0.0,0.0
056750,中信金群益59購01,TW,0.0,-26.0,0.0,0.0,0,0.0,0.0
056753,世芯群益58購07,TW,0.0,2.0,0.0,0.0,0,0.0,0.0
056755,立積群益58購02,TW,0.0,-10.0,0.0,0.0,0,0.0,0.0
056757,緯穎群益58購08,TW,0.0,184.0,0.0,0.0,0,0.0,0.0
056758,至上群益58購01,TW,0.0,-213.0,0.0,0.0,0,0.0,0.0
056759,宇瞻群益5A購03,TW,0.0,104.0,0.0,0.0,0,0.0,0.0
056761,台泥元大58購03,TW,0.0,-602.0,0.0,0.0,0,0.0,0.0
056762,中興電元大58購07,TW,0.0,-20.0,0.0,0.0,0,0.0,0.0
056763,亞力元大58購04,TW,0.0,-685.0,0.0,0.0,0,0.0,0.0
056764,亞德客元大58購01,TW,0.0,141.0,0.0,0.0,0,0.0,0.0
056765,亞德客元大58購02,TW,0.0,-921.0,0.0,0.0,0,0.0,0.0
056766,亞德客元大58購03,TW,0.0,-364.0,0.0,0.0,0,0.0,0.0
056767,大亞元大58購02,TW,0.0,-320.0,0.0,0.0,0,0.0,0.0
056769,長興元大5B購01,TW,0.0,70.0,0.0,0.0,0,0.0,0.0
056771,中鋼元大58購03,TW,0.0,-150.0,0.0,0.0,0,0.0,0.0
056772,大成鋼元大58購06,TW,0.0,165.0,0.0,0.0,0,0.0,0.0
056773,大成鋼元大5B購01,TW,0.0,-161.0,0.0,0.0,0,0.0,0.0
056775,宇隆元大58購03,TW,0.0,33.0,0.0,0.0,0,0.0,0.0
056776,台積電元大61購10,TW,0.0,141.0,0.0,0.0,0,0.0,0.0
056777,宏碁元大58購04,TW,0.0,184.0,0.0,0.0,0,0.0,0.0
056778,大同元大58購02,TW,0.0,-60.0,0.0,0.0,0,0.0,0.0
056779,大同元大61購01,TW,0.0,-1001.0,0.0,0.0,0,0.0,0.0
056780,佳能元大58購11,TW,0.0,-35.0,0.0,0.0,0,0.0,0.0
056781,台光電元大58購06,TW,0.0,9.0,0.0,0.0,0,0.0,0.0
056784,友達元大58購06,TW,0.0,-10.0,0.0,0.0,0,0.0,0.0
056785,友達元大61購07,TW,0.0,-40.0,0.0,0.0,0,0.0,0.0
056787,聯發科元大58購05,TW,0.0,17.0,0.0,0.0,0,0.0,0.0
056788,華航元大58購01,TW,0.0,800.0,0.0,0.0,0,0.0,0.0
056789,華立元大58購01,TW,0.0,-435.0,0.0,0.0,0,0.0,0.0
05678U,元債2X凱基58售02,TW,0.0,-65.0,0.0,0.0,0,0.0,0.0
056790,聯詠元大58購02,TW,0.0,91.0,0.0,0.0,0,0.0,0.0
056791,聯詠元大58購03,TW,0.0,100.0,0.0,0.0,0,0.0,0.0
056794,欣興元大61購03,TW,0.0,5.0,0.0,0.0,0,0.0,0.0
056799,康普元大58購01,TW,0.0,32.0,0.0,0.0,0,0.0,0.0
056800,臻鼎元大58購08,TW,0.0,3.0,0.0,0.0,0,0.0,0.0
056803,中磊元大58購01,TW,0.0,-1494.0,0.0,0.0,0,0.0,0.0
056804,康舒元大58購07,TW,0.0,-336.0,0.0,0.0,0,0.0,0.0
056805,康舒元大58購08,TW,0.0,-76.0,0.0,0.0,0,0.0,0.0
056806,康舒元大61購02,TW,0.0,-9.0,0.0,0.0,0,0.0,0.0
056807,保瑞元大5A購02,TW,0.0,-118.0,0.0,0.0,0,0.0,0.0
056808,台塑化元大58購02,TW,0.0,16.0,0.0,0.0,0,0.0,0.0
056809,瀚荃元大58購01,TW,0.0,-1819.0,0.0,0.0,0,0.0,0.0
056810,勤誠元大58購05,TW,0.0,10.0,0.0,0.0,0,0.0,0.0
056811,宇瞻元大58購04,TW,0.0,-35.0,0.0,0.0,0,0.0,0.0
056813,鴻海台新58購01,TW,0.0,-125.0,0.0,0.0,0,0.0,0.0
056814,宇隆國票59購02,TW,0.0,588.0,0.0,0.0,0,0.0,0.0
056816,金像電國票59購02,TW,0.0,-536.0,0.0,0.0,0,0.0,0.0
056817,超豐國票58購02,TW,0.0,126.0,0.0,0.0,0,0.0,0.0
056819,盟立國票58購02,TW,0.0,1.0,0.0,0.0,0,0.0,0.0
056820,富邦金國票58購01,TW,0.0,-7.0,0.0,0.0,0,0.0,0.0
056821,鴻海元富5B購01,TW,0.0,608.0,0.0,0.0,0,0.0,0.0
056822,威健國票59購01,TW,0.0,299.0,0.0,0.0,0,0.0,0.0
056824,台勝科國票59購02,TW,0.0,-142.0,0.0,0.0,0,0.0,0.0
056825,日月光國票5B購01,TW,0.0,35.0,0.0,0.0,0,0.0,0.0
056827,今國光國票58購02,TW,0.0,23.0,0.0,0.0,0,0.0,0.0
056828,今國光國票59購01,TW,0.0,10.0,0.0,0.0,0,0.0,0.0
056829,汎銓國票59購01,TW,0.0,11.0,0.0,0.0,0,0.0,0.0
056830,上銀國泰59購01,TW,0.0,21.0,0.0,0.0,0,0.0,0.0
056832,光寶科國泰59購01,TW,0.0,20.0,0.0,0.0,0,0.0,0.0
056833,智邦國泰59購01,TW,0.0,56.0,0.0,0.0,0,0.0,0.0
056837,亞翔國泰59購01,TW,0.0,-4.0,0.0,0.0,0,0.0,0.0
056838,FB科技富邦5C購01,TW,0.0,79.0,0.0,0.0,0,0.0,0.0
056840,川湖富邦5B購01,TW,0.0,-1.0,0.0,0.0,0,0.0,0.0
056841,金像電富邦5C購03,TW,0.0,-107.0,0.0,0.0,0,0.0,0.0
056842,力成富邦5B購01,TW,0.0,-2.0,0.0,0.0,0,0.0,0.0
056843,緯穎富邦5A購02,TW,0.0,-20.0,0.0,0.0,0,0.0,0.0
056844,道瓊銅統一72購02,TW,0.0,-14.0,0.0,0.0,0,0.0,0.0
056845,台化統一62購02,TW,0.0,-6.0,0.0,0.0,0,0.0,0.0
056846,和大統一62購01,TW,0.0,-160.0,0.0,0.0,0,0.0,0.0
056847,上銀統一72購03,TW,0.0,-385.0,0.0,0.0,0,0.0,0.0
056848,台積電統一72購02,TW,0.0,-130.0,0.0,0.0,0,0.0,0.0
056849,智邦統一63購01,TW,0.0,10.0,0.0,0.0,0,0.0,0.0
056850,致茂統一72購01,TW,0.0,-20.0,0.0,0.0,0,0.0,0.0
056852,聯發科統一72購04,TW,0.0,-22.0,0.0,0.0,0,0.0,0.0
056853,盟立統一72購01,TW,0.0,-17.0,0.0,0.0,0,0.0,0.0
056854,盟立統一72購02,TW,0.0,434.0,0.0,0.0,0,0.0,0.0
056855,信邦統一62購01,TW,0.0,-1490.0,0.0,0.0,0,0.0,0.0
056856,聯詠統一62購01,TW,0.0,-313.0,0.0,0.0,0,0.0,0.0
056857,欣興統一66購01,TW,0.0,177.0,0.0,0.0,0,0.0,0.0
056858,大量統一72購01,TW,0.0,-196.0,0.0,0.0,0,0.0,0.0
056859,大量統一72購02,TW,0.0,-62.0,0.0,0.0,0,0.0,0.0
056860,聯鈞統一63購01,TW,0.0,2.0,0.0,0.0,0,0.0,0.0
056861,聯鈞統一65購03,TW,0.0,-160.0,0.0,0.0,0,0.0,0.0
056863,世芯統一72購02,TW,0.0,-545.0,0.0,0.0,0,0.0,0.0
056865,日月光統一61購03,TW,0.0,514.0,0.0,0.0,0,0.0,0.0
056866,達興統一62購01,TW,0.0,-211.0,0.0,0.0,0,0.0,0.0
056867,乙盛統一61購01,TW,0.0,-44.0,0.0,0.0,0,0.0,0.0
056868,乙盛統一72購02,TW,0.0,-47.0,0.0,0.0,0,0.0,0.0
056870,宇瞻統一64購01,TW,0.0,350.0,0.0,0.0,0,0.0,0.0
056871,宇瞻統一72購05,TW,0.0,25.0,0.0,0.0,0,0.0,0.0
056872,元黃金永豐62購02,TW,0.0,-25.0,0.0,0.0,0,0.0,0.0
056873,元金2X永豐62購02,TW,0.0,-240.0,0.0,0.0,0,0.0,0.0
056875,華泰永豐5B購01,TW,0.0,-145.0,0.0,0.0,0,0.0,0.0
056876,佳能永豐5A購01,TW,0.0,-26.0,0.0,0.0,0,0.0,0.0
056878,威健永豐58購01,TW,0.0,7.0,0.0,0.0,0,0.0,0.0
056879,威健永豐5A購01,TW,0.0,-25.0,0.0,0.0,0,0.0,0.0
056880,欣興永豐61購01,TW,0.0,20.0,0.0,0.0,0,0.0,0.0
056884,日月光永豐59購02,TW,0.0,-51.0,0.0,0.0,0,0.0,0.0
056885,鴻海元富58購02,TW,0.0,10.0,0.0,0.0,0,0.0,0.0
056886,鴻海元富58購03,TW,0.0,0.0,0.0,0.0,0,0.0,0.0
056888,文曄元富58購01,TW,0.0,-8.0,0.0,0.0,0,0.0,0.0
056890,大量元富58購02,TW,0.0,113.0,0.0,0.0,0,0.0,0.0
056891,元金2X群益58購04,TW,0.0,-101.0,0.0,0.0,0,0.0,0.0
056892,台化群益58購04,TW,0.0,-11.0,0.0,0.0,0,0.0,0.0
056894,大成鋼群益62購01,TW,0.0,-190.0,0.0,0.0,0,0.0,0.0
056895,上銀群益58購02,TW,0.0,-1.0,0.0,0.0,0,0.0,0.0
056896,台積電群益5C購07,TW,0.0,5.0,0.0,0.0,0,0.0,0.0
056897,智邦群益5A購02,TW,0.0,-16.0,0.0,0.0,0,0.0,0.0
056898,矽統群益58購03,TW,0.0,-75.0,0.0,0.0,0,0.0,0.0
056899,台光電群益5A購02,TW,0.0,1.0,0.0,0.0,0,0.0,0.0
056900,亞光群益58購03,TW,0.0,-137.0,0.0,0.0,0,0.0,0.0
056901,威健群益58購01,TW,0.0,4.0,0.0,0.0,0,0.0,0.0
056902,威健群益59購01,TW,0.0,9.0,0.0,0.0,0,0.0,0.0
056903,世芯群益58購08,TW,0.0,-24.0,0.0,0.0,0,0.0,0.0
056906,日月光群益58購04,TW,0.0,-13.0,0.0,0.0,0,0.0,0.0
056907,材料群益5B購01,TW,0.0,-6.0,0.0,0.0,0,0.0,0.0
056910,台郡群益58購02,TW,0.0,-41.0,0.0,0.0,0,0.0,0.0
056912,元黃金元大58購08,TW,0.0,70.0,0.0,0.0,0,0.0,0.0
056913,元黃金元大59購05,TW,0.0,-2.0,0.0,0.0,0,0.0,0.0
056914,元金2X元大58購07,TW,0.0,-31.0,0.0,0.0,0,0.0,0.0
056916,道瓊銀元大59購11,TW,0.0,-23.0,0.0,0.0,0,0.0,0.0
056918,台塑元大58購05,TW,0.0,-391.0,0.0,0.0,0,0.0,0.0
056919,台化元大58購06,TW,0.0,-90.0,0.0,0.0,0,0.0,0.0
056920,東元元大58購03,TW,0.0,1012.0,0.0,0.0,0,0.0,0.0
056921,大亞元大58購03,TW,0.0,-40.0,0.0,0.0,0,0.0,0.0
056922,長興元大58購05,TW,0.0,4.0,0.0,0.0,0,0.0,0.0
056923,長興元大5B購02,TW,0.0,-72.0,0.0,0.0,0,0.0,0.0
056924,美時元大58購07,TW,0.0,43.0,0.0,0.0,0,0.0,0.0
056925,美時元大58購08,TW,0.0,3.0,0.0,0.0,0,0.0,0.0
056926,大成鋼元大58購07,TW,0.0,-286.0,0.0,0.0,0,0.0,0.0
056929,聯電元大61購07,TW,0.0,46.0,0.0,0.0,0,0.0,0.0
056930,廣宇元大58購03,TW,0.0,-53.0,0.0,0.0,0,0.0,0.0
056931,台積電元大58購08,TW,0.0,-52.0,0.0,0.0,0,0.0,0.0
056932,台積電元大61購11,TW,0.0,-70.0,0.0,0.0,0,0.0,0.0
056933,宏碁元大58購05,TW,0.0,-83.0,0.0,0.0,0,0.0,0.0
056934,宏碁元大5B購01,TW,0.0,1.0,0.0,0.0,0,0.0,0.0
056936,大同元大58購04,TW,0.0,105.0,0.0,0.0,0,0.0,0.0
056937,佳能元大58購12,TW,0.0,43.0,0.0,0.0,0,0.0,0.0
056938,微星元大58購02,TW,0.0,-131.0,0.0,0.0,0,0.0,0.0
056939,盟立元大58購03,TW,0.0,21.0,0.0,0.0,0,0.0,0.0
056940,盟立元大58購04,TW,0.0,17.0,0.0,0.0,0,0.0,0.0
056941,漢翔元大58購04,TW,0.0,635.0,0.0,0.0,0,0.0,0.0
056942,華立元大58購02,TW,0.0,357.0,0.0,0.0,0,0.0,0.0
056943,亞光元大58購05,TW,0.0,-255.0,0.0,0.0,0,0.0,0.0
056944,亞光元大58購06,TW,0.0,22.0,0.0,0.0,0,0.0,0.0
056945,亞光元大61購01,TW,0.0,24.0,0.0,0.0,0,0.0,0.0
056947,威健元大58購01,TW,0.0,111.0,0.0,0.0,0,0.0,0.0
056949,聯詠元大5B購01,TW,0.0,9.0,0.0,0.0,0,0.0,0.0
056950,文曄元大58購01,TW,0.0,55.0,0.0,0.0,0,0.0,0.0
056953,欣興元大61購04,TW,0.0,36.0,0.0,0.0,0,0.0,0.0
056959,今國光元大58購01,TW,0.0,440.0,0.0,0.0,0,0.0,0.0
056960,同欣電元大58購04,TW,0.0,-1661.0,0.0,0.0,0,0.0,0.0
056961,同欣電元大5B購02,TW,0.0,-1556.0,0.0,0.0,0,0.0,0.0
056962,同欣電元大5C購01,TW,0.0,-164.0,0.0,0.0,0,0.0,0.0
056963,康舒元大58購09,TW,0.0,127.0,0.0,0.0,0,0.0,0.0
056964,康舒元大58購10,TW,0.0,23.0,0.0,0.0,0,0.0,0.0
056965,康舒元大61購03,TW,0.0,-90.0,0.0,0.0,0,0.0,0.0
056966,矽力元大5B購02,TW,0.0,4.0,0.0,0.0,0,0.0,0.0
056973,道瓊銀凱基5C購05,TW,0.0,110.0,0.0,0.0,0,0.0,0.0
056974,道瓊銀凱基65購01,TW,0.0,12.0,0.0,0.0,0,0.0,0.0
056976,亞德客凱基58購02,TW,0.0,27.0,0.0,0.0,0,0.0,0.0
056977,長興凱基58購05,TW,0.0,229.0,0.0,0.0,0,0.0,0.0
056979,中鋼凱基58購01,TW,0.0,-100.0,0.0,0.0,0,0.0,0.0
056980,鴻海凱基5A購02,TW,0.0,20.0,0.0,0.0,0,0.0,0.0
056981,台積電凱基58購21,TW,0.0,791.0,0.0,0.0,0,0.0,0.0
056982,台積電凱基6C購06,TW,0.0,25.0,0.0,0.0,0,0.0,0.0
056983,智邦凱基5A購02,TW,0.0,-478.0,0.0,0.0,0,0.0,0.0
056984,宏碁凱基58購03,TW,0.0,0.0,0.0,0.0,0,0.0,0.0
056985,大同凱基5A購02,TW,0.0,-126.0,0.0,0.0,0,0.0,0.0
056986,友達凱基5A購03,TW,0.0,66.0,0.0,0.0,0,0.0,0.0
056988,大立光凱基58購04,TW,0.0,0.0,0.0,0.0,0,0.0,0.0
056990,威健凱基58購01,TW,0.0,99.0,0.0,0.0,0,0.0,0.0
056991,文曄凱基58購01,TW,0.0,-2.0,0.0,0.0,0,0.0,0.0
056995,大量凱基58購01,TW,0.0,3.0,0.0,0.0,0,0.0,0.0
056998,臻鼎凱基58購06,TW,0.0,2.0,0.0,0.0,0,0.0,0.0
056999,達興凱基5A購02,TW,0.0,-74.0,0.0,0.0,0,0.0,0.0
057000,佳必琪凱基5B購01,TW,0.0,2.0,0.0,0.0,0,0.0,0.0
057003,采鈺凱基59購01,TW,0.0,-4.0,0.0,0.0,0,0.0,0.0
057004,至上凱基58購03,TW,0.0,-69.0,0.0,0.0,0,0.0,0.0
057005,智邦統一72購02,TW,0.0,-434.0,0.0,0.0,0,0.0,0.0
057006,瑞昱統一64購01,TW,0.0,-212.0,0.0,0.0,0,0.0,0.0
057007,威健統一64購01,TW,0.0,130.0,0.0,0.0,0,0.0,0.0
057008,聯詠統一64購01,TW,0.0,140.0,0.0,0.0,0,0.0,0.0
057009,日月光統一72購01,TW,0.0,-861.0,0.0,0.0,0,0.0,0.0
057010,矽力統一62購02,TW,0.0,-409.0,0.0,0.0,0,0.0,0.0
057011,天虹統一72購02,TW,0.0,-27.0,0.0,0.0,0,0.0,0.0
057012,美時永豐5B購01,TW,0.0,0.0,0.0,0.0,0,0.0,0.0
057013,華通永豐5A購01,TW,0.0,-194.0,0.0,0.0,0,0.0,0.0
057014,台積電永豐72購02,TW,0.0,-34.0,0.0,0.0,0,0.0,0.0
057015,智邦永豐5C購01,TW,0.0,-14.0,0.0,0.0,0,0.0,0.0
057017,智原永豐59購01,TW,0.0,-1706.0,0.0,0.0,0,0.0,0.0
057018,至上永豐5B購01,TW,0.0,-170.0,0.0,0.0,0,0.0,0.0
057019,華通群益58購07,TW,0.0,-107.0,0.0,0.0,0,0.0,0.0
057020,華通群益62購01,TW,0.0,43.0,0.0,0.0,0,0.0,0.0
057023,南亞富邦5A購02,TW,0.0,-4.0,0.0,0.0,0,0.0,0.0
057024,台化富邦5A購01,TW,0.0,-179.0,0.0,0.0,0,0.0,0.0
057025,大成鋼富邦5A購02,TW,0.0,152.0,0.0,0.0,0,0.0,0.0
057026,大成鋼富邦5B購02,TW,0.0,366.0,0.0,0.0,0,0.0,0.0
057027,華通富邦63購01,TW,0.0,-1717.0,0.0,0.0,0,0.0,0.0
057030,宏碁富邦5A購01,TW,0.0,-131.0,0.0,0.0,0,0.0,0.0
057031,宏碁富邦5B購01,TW,0.0,-515.0,0.0,0.0,0,0.0,0.0
057032,瑞昱富邦5A購02,TW,0.0,-65.0,0.0,0.0,0,0.0,0.0
057033,志聖富邦5C購01,TW,0.0,1.0,0.0,0.0,0,0.0,0.0
057034,亞光富邦5C購01,TW,0.0,-9.0,0.0,0.0,0,0.0,0.0
057035,昇貿富邦5A購03,TW,0.0,380.0,0.0,0.0,0,0.0,0.0
057036,新日興富邦5A購01,TW,0.0,199.0,0.0,0.0,0,0.0,0.0
057037,新日興富邦5B購01,TW,0.0,-1087.0,0.0,0.0,0,0.0,0.0
057039,定穎控富邦5B購01,TW,0.0,132.0,0.0,0.0,0,0.0,0.0
057041,臻鼎富邦5B購01,TW,0.0,46.0,0.0,0.0,0,0.0,0.0
057042,今國光富邦5A購02,TW,0.0,-66.0,0.0,0.0,0,0.0,0.0
057045,矽力富邦5A購03,TW,0.0,10.0,0.0,0.0,0,0.0,0.0
057046,AES富邦5A購01,TW,0.0,-484.0,0.0,0.0,0,0.0,0.0
057049,道瓊銀凱基5A購07,TW,0.0,-694.0,0.0,0.0,0,0.0,0.0
057050,南亞凱基58購06,TW,0.0,-115.0,0.0,0.0,0,0.0,0.0
057051,南亞凱基59購07,TW,0.0,0.0,0.0,0.0,0,0.0,0.0
057052,台化凱基58購03,TW,0.0,-1.0,0.0,0.0,0,0.0,0.0
057053,大成鋼凱基58購04,TW,0.0,505.0,0.0,0.0,0,0.0,0.0
057054,聯電凱基59購06,TW,0.0,4.0,0.0,0.0,0,0.0,0.0
057055,華通凱基58購06,TW,0.0,20.0,0.0,0.0,0,0.0,0.0
057056,華通凱基61購02,TW,0.0,6.0,0.0,0.0,0,0.0,0.0
057057,鴻海凱基5A購03,TW,0.0,-2.0,0.0,0.0,0,0.0,0.0
057058,台積電凱基58購24,TW,0.0,-174.0,0.0,0.0,0,0.0,0.0
057059,台積電凱基63購02,TW,0.0,-6.0,0.0,0.0,0,0.0,0.0
057060,金像電凱基58購07,TW,0.0,-30.0,0.0,0.0,0,0.0,0.0
057061,台光電凱基5A購03,TW,0.0,-5.0,0.0,0.0,0,0.0,0.0
057062,超豐凱基58購03,TW,0.0,141.0,0.0,0.0,0,0.0,0.0
057064,富邦金凱基58購01,TW,0.0,60.0,0.0,0.0,0,0.0,0.0
057065,元大金凱基58購01,TW,0.0,-39.0,0.0,0.0,0,0.0,0.0
057066,奇鋐凱基65購01,TW,0.0,21.0,0.0,0.0,0,0.0,0.0
057067,奇鋐凱基65購02,TW,0.0,-73.0,0.0,0.0,0,0.0,0.0
057068,亞光凱基58購05,TW,0.0,-310.0,0.0,0.0,0,0.0,0.0
057069,聯詠凱基5A購02,TW,0.0,17.0,0.0,0.0,0,0.0,0.0
057070,日月光凱基5B購01,TW,0.0,1.0,0.0,0.0,0,0.0,0.0
057071,亞翔凱基5B購02,TW,0.0,-9.0,0.0,0.0,0,0.0,0.0
057072,同欣電凱基5B購01,TW,0.0,24.0,0.0,0.0,0,0.0,0.0
057073,康舒凱基58購04,TW,0.0,-163.0,0.0,0.0,0,0.0,0.0
057074,矽力凱基61購01,TW,0.0,24.0,0.0,0.0,0,0.0,0.0
057076,日本2X國票58購01,TW,0.0,-1.0,0.0,0.0,0,0.0,0.0
057077,智邦國票67購01,TW,0.0,-25.0,0.0,0.0,0,0.0,0.0
057078,台光電國票61購01,TW,0.0,-40.0,0.0,0.0,0,0.0,0.0
057079,偉詮電國票5B購01,TW,0.0,29.0,0.0,0.0,0,0.0,0.0
057080,矽統國泰59購01,TW,0.0,-186.0,0.0,0.0,0,0.0,0.0
057083,樺漢國泰59購01,TW,0.0,-57.0,0.0,0.0,0,0.0,0.0
057084,采鈺國泰59購01,TW,0.0,5.0,0.0,0.0,0,0.0,0.0
057085,台灣50元富58購07,TW,0.0,1.0,0.0,0.0,0,0.0,0.0
057086,南亞元富58購01,TW,0.0,40.0,0.0,0.0,0,0.0,0.0
057087,南亞元富58購02,TW,0.0,-162.0,0.0,0.0,0,0.0,0.0
057090,華通元富58購02,TW,0.0,-9.0,0.0,0.0,0,0.0,0.0
057091,華通元富58購03,TW,0.0,22.0,0.0,0.0,0,0.0,0.0
057092,華通元富58購04,TW,0.0,724.0,0.0,0.0,0,0.0,0.0
057093,友達元富58購01,TW,0.0,1.0,0.0,0.0,0,0.0,0.0
057095,瀚荃元富58購02,TW,0.0,-648.0,0.0,0.0,0,0.0,0.0
057097,道瓊銅元大5B購01,TW,0.0,590.0,0.0,0.0,0,0.0,0.0
057098,台塑元大58購06,TW,0.0,30.0,0.0,0.0,0,0.0,0.0
057099,台化元大58購07,TW,0.0,-50.0,0.0,0.0,0,0.0,0.0
057100,台化元大58購08,TW,0.0,-314.0,0.0,0.0,0,0.0,0.0
057101,台化元大5B購01,TW,0.0,-80.0,0.0,0.0,0,0.0,0.0
057102,台化元大5C購01,TW,0.0,0.0,0.0,0.0,0,0.0,0.0
057103,台化元大61購02,TW,0.0,166.0,0.0,0.0,0,0.0,0.0
057104,中興電元大58購09,TW,0.0,-1809.0,0.0,0.0,0,0.0,0.0
057105,亞德客元大58購04,TW,0.0,-59.0,0.0,0.0,0,0.0,0.0
057106,中鋼元大58購04,TW,0.0,18.0,0.0,0.0,0,0.0,0.0
057107,中鋼元大5B購01,TW,0.0,62.0,0.0,0.0,0,0.0,0.0
057108,大成鋼元大58購08,TW,0.0,-654.0,0.0,0.0,0,0.0,0.0
057109,華通元大58購11,TW,0.0,45.0,0.0,0.0,0,0.0,0.0
057110,華通元大58購12,TW,0.0,-72.0,0.0,0.0,0,0.0,0.0
057111,華通元大58購13,TW,0.0,-294.0,0.0,0.0,0,0.0,0.0
057112,華通元大58購14,TW,0.0,26.0,0.0,0.0,0,0.0,0.0
057113,華通元大5B購03,TW,0.0,-338.0,0.0,0.0,0,0.0,0.0
057114,華通元大61購04,TW,0.0,27.0,0.0,0.0,0,0.0,0.0
057115,台積電元大58購10,TW,0.0,578.0,0.0,0.0,0,0.0,0.0
057116,台積電元大61購12,TW,0.0,-70.0,0.0,0.0,0,0.0,0.0
057117,佳能元大58購13,TW,0.0,579.0,0.0,0.0,0,0.0,0.0
057118,凱美元大58購02,TW,0.0,-378.0,0.0,0.0,0,0.0,0.0
057119,威盛元大58購01,TW,0.0,-6.0,0.0,0.0,0,0.0,0.0
057120,億光元大58購01,TW,0.0,-51.0,0.0,0.0,0,0.0,0.0
057121,京元電元大58購04,TW,0.0,-198.0,0.0,0.0,0,0.0,0.0
057122,京元電元大58購05,TW,0.0,5.0,0.0,0.0,0,0.0,0.0
057123,聯發科元大58購06,TW,0.0,52.0,0.0,0.0,0,0.0,0.0
057125,聯發科元大61購15,TW,0.0,2.0,0.0,0.0,0,0.0,0.0
057126,強茂元大58購05,TW,0.0,30.0,0.0,0.0,0,0.0,0.0
057128,聯詠元大58購05,TW,0.0,388.0,0.0,0.0,0,0.0,0.0
057129,文曄元大58購02,TW,0.0,7.0,0.0,0.0,0,0.0,0.0
057133,大量元大59購01,TW,0.0,20.0,0.0,0.0,0,0.0,0.0
057134,大量元大5A購01,TW,0.0,1.0,0.0,0.0,0,0.0,0.0
057136,大量元大5C購01,TW,0.0,3.0,0.0,0.0,0,0.0,0.0
057137,定穎控元大58購16,TW,0.0,112.0,0.0,0.0,0,0.0,0.0
057138,定穎控元大58購17,TW,0.0,-63.0,0.0,0.0,0,0.0,0.0
057140,同欣電元大58購05,TW,0.0,-313.0,0.0,0.0,0,0.0,0.0
057141,同欣電元大58購06,TW,0.0,-1163.0,0.0,0.0,0,0.0,0.0
057142,同欣電元大58購07,TW,0.0,-150.0,0.0,0.0,0,0.0,0.0
057146,臺股指元大58購15,TW,0.0,10.0,0.0,0.0,0,0.0,0.0
057148,啟碁台新58購01,TW,0.0,-14.0,0.0,0.0,0,0.0,0.0
057149,台化統一62購03,TW,0.0,-186.0,0.0,0.0,0,0.0,0.0
057151,永光統一61購03,TW,0.0,33.0,0.0,0.0,0,0.0,0.0
057152,光寶科統一65購01,TW,0.0,-23.0,0.0,0.0,0,0.0,0.0
057153,台達電統一62購02,TW,0.0,8.0,0.0,0.0,0,0.0,0.0
057154,華通統一62購05,TW,0.0,-138.0,0.0,0.0,0,0.0,0.0
057155,華通統一65購02,TW,0.0,-342.0,0.0,0.0,0,0.0,0.0
057156,華通統一72購01,TW,0.0,-288.0,0.0,0.0,0,0.0,0.0
057157,台積電統一64購02,TW,0.0,-12.0,0.0,0.0,0,0.0,0.0
057158,台積電統一68購03,TW,0.0,-814.0,0.0,0.0,0,0.0,0.0
057159,智邦統一62購01,TW,0.0,-258.0,0.0,0.0,0,0.0,0.0
057160,所羅門統一64購01,TW,0.0,-2400.0,0.0,0.0,0,0.0,0.0
057161,所羅門統一72購01,TW,0.0,-170.0,0.0,0.0,0,0.0,0.0
057162,致茂統一61購04,TW,0.0,-5.0,0.0,0.0,0,0.0,0.0
057163,致茂統一62購01,TW,0.0,-5.0,0.0,0.0,0,0.0,0.0
057164,金像電統一62購04,TW,0.0,-10.0,0.0,0.0,0,0.0,0.0
057165,佳能統一64購02,TW,0.0,-1.0,0.0,0.0,0,0.0,0.0
057166,佳能統一72購02,TW,0.0,-20.0,0.0,0.0,0,0.0,0.0
057167,台光電統一63購01,TW,0.0,-86.0,0.0,0.0,0,0.0,0.0
057168,漢唐統一63購03,TW,0.0,-1182.0,0.0,0.0,0,0.0,0.0
057169,友達統一62購01,TW,0.0,-339.0,0.0,0.0,0,0.0,0.0
057170,京元電統一62購02,TW,0.0,17.0,0.0,0.0,0,0.0,0.0
057171,京元電統一62購03,TW,0.0,-1436.0,0.0,0.0,0,0.0,0.0
057172,德律統一61購01,TW,0.0,10.0,0.0,0.0,0,0.0,0.0
057173,文曄統一61購01,TW,0.0,51.0,0.0,0.0,0,0.0,0.0
057174,新日興統一72購01,TW,0.0,-141.0,0.0,0.0,0,0.0,0.0
057175,玉晶光統一62購01,TW,0.0,3525.0,0.0,0.0,0,0.0,0.0
057177,台勝科統一72購02,TW,0.0,-34.0,0.0,0.0,0,0.0,0.0
057178,日月光統一62購02,TW,0.0,-535.0,0.0,0.0,0,0.0,0.0
057179,日月光統一62購03,TW,0.0,-373.0,0.0,0.0,0,0.0,0.0
057180,日月光統一72購02,TW,0.0,-704.0,0.0,0.0,0,0.0,0.0
057181,智伸科統一72購01,TW,0.0,-86.0,0.0,0.0,0,0.0,0.0
057182,新唐統一72購01,TW,0.0,32.0,0.0,0.0,0,0.0,0.0
057183,達興統一5C購02,TW,0.0,2.0,0.0,0.0,0,0.0,0.0
057184,同欣電統一62購02,TW,0.0,-49.0,0.0,0.0,0,0.0,0.0
057185,康舒統一65購02,TW,0.0,-572.0,0.0,0.0,0,0.0,0.0
057186,啟碁統一61購04,TW,0.0,124.0,0.0,0.0,0,0.0,0.0
057187,啟碁統一62購01,TW,0.0,-350.0,0.0,0.0,0,0.0,0.0
057188,啟碁統一63購01,TW,0.0,-1453.0,0.0,0.0,0,0.0,0.0
057189,啟碁統一63購02,TW,0.0,-415.0,0.0,0.0,0,0.0,0.0
057190,啟碁統一65購01,TW,0.0,14.0,0.0,0.0,0,0.0,0.0
057191,啟碁統一68購01,TW,0.0,-129.0,0.0,0.0,0,0.0,0.0
057192,啟碁統一72購01,TW,0.0,-448.0,0.0,0.0,0,0.0,0.0
057193,啟碁統一72購02,TW,0.0,-196.0,0.0,0.0,0,0.0,0.0
057194,矽力統一62購03,TW,0.0,-8.0,0.0,0.0,0,0.0,0.0
057195,矽力統一62購04,TW,0.0,-100.0,0.0,0.0,0,0.0,0.0
057196,保瑞統一72購01,TW,0.0,-40.0,0.0,0.0,0,0.0,0.0
057197,南茂統一62購01,TW,0.0,-260.0,0.0,0.0,0,0.0,0.0
057198,台灣50兆豐62購01,TW,0.0,51.0,0.0,0.0,0,0.0,0.0
057199,華通兆豐5A購02,TW,0.0,160.0,0.0,0.0,0,0.0,0.0
057200,台積電兆豐5A購01,TW,0.0,-27.0,0.0,0.0,0,0.0,0.0
057201,台光電兆豐5A購02,TW,0.0,-16.0,0.0,0.0,0,0.0,0.0
057202,SGBR2X富邦63購02,TW,0.0,80.0,0.0,0.0,0,0.0,0.0
057203,盟立富邦5A購01,TW,0.0,6.0,0.0,0.0,0,0.0,0.0
057204,凱基金富邦59購01,TW,0.0,-582.0,0.0,0.0,0,0.0,0.0
057206,亞翔富邦5A購02,TW,0.0,543.0,0.0,0.0,0,0.0,0.0
057208,啟碁富邦5B購01,TW,0.0,28.0,0.0,0.0,0,0.0,0.0
057209,龍德船富邦5B購01,TW,0.0,-15.0,0.0,0.0,0,0.0,0.0
05720U,宏達電國票56售02,TW,0.0,-40.0,0.0,0.0,0,0.0,0.0
057210,南亞永豐58購06,TW,0.0,128.0,0.0,0.0,0,0.0,0.0
057211,華城永豐59購02,TW,0.0,-590.0,0.0,0.0,0,0.0,0.0
057212,華城永豐5A購01,TW,0.0,-402.0,0.0,0.0,0,0.0,0.0
057214,華通永豐5A購02,TW,0.0,-222.0,0.0,0.0,0,0.0,0.0
057215,國巨永豐5C購01,TW,0.0,40.0,0.0,0.0,0,0.0,0.0
057216,致茂永豐5A購02,TW,0.0,40.0,0.0,0.0,0,0.0,0.0
057221,億光永豐59購01,TW,0.0,14.0,0.0,0.0,0,0.0,0.0
057222,中工永豐59購01,TW,0.0,-60.0,0.0,0.0,0,0.0,0.0
057223,中工永豐5A購01,TW,0.0,-38.0,0.0,0.0,0,0.0,0.0
057224,神基永豐59購01,TW,0.0,-83.0,0.0,0.0,0,0.0,0.0
057225,大立光永豐58購04,TW,0.0,283.0,0.0,0.0,0,0.0,0.0
057226,大立光永豐5A購01,TW,0.0,231.0,0.0,0.0,0,0.0,0.0
057228,欣興永豐59購05,TW,0.0,-59.0,0.0,0.0,0,0.0,0.0
057229,欣興永豐5B購02,TW,0.0,11.0,0.0,0.0,0,0.0,0.0
057230,京鼎永豐58購01,TW,0.0,316.0,0.0,0.0,0,0.0,0.0
057232,辛耘永豐5A購01,TW,0.0,23.0,0.0,0.0,0,0.0,0.0
057233,定穎控永豐5A購03,TW,0.0,2.0,0.0,0.0,0,0.0,0.0
057234,眾達永豐5A購02,TW,0.0,-9.0,0.0,0.0,0,0.0,0.0
057235,亞翔永豐5B購01,TW,0.0,-168.0,0.0,0.0,0,0.0,0.0
057236,同欣電永豐5A購01,TW,0.0,0.0,0.0,0.0,0,0.0,0.0
057238,啟碁永豐59購01,TW,0.0,60.0,0.0,0.0,0,0.0,0.0
057239,啟碁永豐5A購01,TW,0.0,-3.0,0.0,0.0,0,0.0,0.0
057240,緯穎永豐59購04,TW,0.0,-2.0,0.0,0.0,0,0.0,0.0
057241,昇陽半永豐5B購01,TW,0.0,38.0,0.0,0.0,0,0.0,0.0
057242,宇瞻永豐5A購01,TW,0.0,-8.0,0.0,0.0,0,0.0,0.0
057245,SGBR2X凱基5A購02,TW,0.0,10.0,0.0,0.0,0,0.0,0.0
057247,華城凱基58購01,TW,0.0,414.0,0.0,0.0,0,0.0,0.0
057248,華城凱基58購02,TW,0.0,2.0,0.0,0.0,0,0.0,0.0
057249,華城凱基58購03,TW,0.0,-1209.0,0.0,0.0,0,0.0,0.0
057251,台達電凱基58購05,TW,0.0,258.0,0.0,0.0,0,0.0,0.0
057253,華通凱基58購07,TW,0.0,88.0,0.0,0.0,0,0.0,0.0
057254,華通凱基5A購02,TW,0.0,-129.0,0.0,0.0,0,0.0,0.0
057255,華通凱基5B購01,TW,0.0,-92.0,0.0,0.0,0,0.0,0.0
057256,鴻海凱基58購07,TW,0.0,1.0,0.0,0.0,0,0.0,0.0
057258,國巨凱基5A購01,TW,0.0,27.0,0.0,0.0,0,0.0,0.0
057259,台積電凱基59購08,TW,0.0,75.0,0.0,0.0,0,0.0,0.0
057261,億光凱基58購01,TW,0.0,-1221.0,0.0,0.0,0,0.0,0.0
057262,漢唐凱基5A購03,TW,0.0,328.0,0.0,0.0,0,0.0,0.0
057263,京元電凱基58購04,TW,0.0,-1660.0,0.0,0.0,0,0.0,0.0
057264,聯發科凱基58購11,TW,0.0,290.0,0.0,0.0,0,0.0,0.0
057265,中工凱基58購01,TW,0.0,-240.0,0.0,0.0,0,0.0,0.0
057268,欣興凱基61購02,TW,0.0,140.0,0.0,0.0,0,0.0,0.0
057269,欣興凱基61購03,TW,0.0,-5.0,0.0,0.0,0,0.0,0.0
057270,聯鈞凱基58購08,TW,0.0,-31.0,0.0,0.0,0,0.0,0.0
057271,上緯控凱基59購01,TW,0.0,-60.0,0.0,0.0,0,0.0,0.0
057274,啟碁凱基58購01,TW,0.0,-41.0,0.0,0.0,0,0.0,0.0
057276,啟碁凱基61購02,TW,0.0,-5.0,0.0,0.0,0,0.0,0.0
057279,AES凱基59購02,TW,0.0,-379.0,0.0,0.0,0,0.0,0.0
057282,日本2X國票59購01,TW,0.0,-150.0,0.0,0.0,0,0.0,0.0
057283,南亞國票59購01,TW,0.0,-131.0,0.0,0.0,0,0.0,0.0
057284,華城國票59購02,TW,0.0,-95.0,0.0,0.0,0,0.0,0.0
057286,中砂國票59購02,TW,0.0,-986.0,0.0,0.0,0,0.0,0.0
057287,光寶科國票59購01,TW,0.0,95.0,0.0,0.0,0,0.0,0.0
057288,台達電國票58購08,TW,0.0,-39.0,0.0,0.0,0,0.0,0.0
057289,台達電國票5A購03,TW,0.0,184.0,0.0,0.0,0,0.0,0.0
057290,台達電國票5A購04,TW,0.0,-9.0,0.0,0.0,0,0.0,0.0
057291,台達電國票5B購01,TW,0.0,34.0,0.0,0.0,0,0.0,0.0
057292,華通國票59購05,TW,0.0,-108.0,0.0,0.0,0,0.0,0.0
057293,致茂國票62購01,TW,0.0,-10.0,0.0,0.0,0,0.0,0.0
057294,中工國票58購01,TW,0.0,-250.0,0.0,0.0,0,0.0,0.0
057295,國精化國票58購01,TW,0.0,-184.0,0.0,0.0,0,0.0,0.0
057296,雙鍵國票58購01,TW,0.0,1.0,0.0,0.0,0,0.0,0.0
057297,事欣科國票59購02,TW,0.0,-815.0,0.0,0.0,0,0.0,0.0
057298,同欣電國票59購02,TW,0.0,-525.0,0.0,0.0,0,0.0,0.0
057299,啟碁國票59購01,TW,0.0,338.0,0.0,0.0,0,0.0,0.0
057300,GIS國票58購01,TW,0.0,-2.0,0.0,0.0,0,0.0,0.0
057301,台灣50元富58購09,TW,0.0,30.0,0.0,0.0,0,0.0,0.0
057302,台灣50元富58購10,TW,0.0,0.0,0.0,0.0,0,0.0,0.0
057303,南亞元富59購02,TW,0.0,-146.0,0.0,0.0,0,0.0,0.0
057304,華通元富58購07,TW,0.0,71.0,0.0,0.0,0,0.0,0.0
057305,華通元富59購04,TW,0.0,88.0,0.0,0.0,0,0.0,0.0
057306,台積電元富58購02,TW,0.0,130.0,0.0,0.0,0,0.0,0.0
057307,台積電元富58購03,TW,0.0,5.0,0.0,0.0,0,0.0,0.0
057308,台積電元富58購04,TW,0.0,1.0,0.0,0.0,0,0.0,0.0
057309,台積電元富58購05,TW,0.0,-670.0,0.0,0.0,0,0.0,0.0
057310,台積電元富58購06,TW,0.0,-683.0,0.0,0.0,0,0.0,0.0
057311,台積電元富58購07,TW,0.0,-5.0,0.0,0.0,0,0.0,0.0
057314,台積電元富58購10,TW,0.0,-440.0,0.0,0.0,0,0.0,0.0
057315,台積電元富72購01,TW,0.0,-323.0,0.0,0.0,0,0.0,0.0
057316,國精化元富58購01,TW,0.0,19.0,0.0,0.0,0,0.0,0.0
057317,亞翔元富58購01,TW,0.0,-29.0,0.0,0.0,0,0.0,0.0
057318,AES元富58購02,TW,0.0,-435.0,0.0,0.0,0,0.0,0.0
057319,AES元富59購04,TW,0.0,-27.0,0.0,0.0,0,0.0,0.0
057321,汎銓元富58購02,TW,0.0,7.0,0.0,0.0,0,0.0,0.0
057322,兆聯元富58購02,TW,0.0,-1.0,0.0,0.0,0,0.0,0.0
057326,台化元大58購09,TW,0.0,-45.0,0.0,0.0,0,0.0,0.0
057330,士電元大5B購01,TW,0.0,-114.0,0.0,0.0,0,0.0,0.0
057331,東元元大58購04,TW,0.0,20.0,0.0,0.0,0,0.0,0.0
057332,中興電元大58購10,TW,0.0,-292.0,0.0,0.0,0,0.0,0.0
057333,華城元大58購01,TW,0.0,-319.0,0.0,0.0,0,0.0,0.0
057334,華城元大5C購01,TW,0.0,-3272.0,0.0,0.0,0,0.0,0.0
057335,華榮元大58購01,TW,0.0,-46.0,0.0,0.0,0,0.0,0.0
057336,長興元大58購06,TW,0.0,-166.0,0.0,0.0,0,0.0,0.0
057338,聯電元大61購08,TW,0.0,2.0,0.0,0.0,0,0.0,0.0
057339,華通元大5B購04,TW,0.0,-181.0,0.0,0.0,0,0.0,0.0
057340,華通元大61購05,TW,0.0,-171.0,0.0,0.0,0,0.0,0.0
057341,華泰元大58購05,TW,0.0,-41.0,0.0,0.0,0,0.0,0.0
057342,台積電元大58購12,TW,0.0,-661.0,0.0,0.0,0,0.0,0.0
057343,台積電元大61購13,TW,0.0,7.0,0.0,0.0,0,0.0,0.0
057344,英業達元大58購01,TW,0.0,-87.0,0.0,0.0,0,0.0,0.0
057345,佳能元大58購14,TW,0.0,-391.0,0.0,0.0,0,0.0,0.0
057348,台光電元大58購10,TW,0.0,14.0,0.0,0.0,0,0.0,0.0
057349,偉詮電元大58購01,TW,0.0,146.0,0.0,0.0,0,0.0,0.0
057352,強茂元大5C購01,TW,0.0,-22.0,0.0,0.0,0,0.0,0.0
057353,華新科元大58購04,TW,0.0,1.0,0.0,0.0,0,0.0,0.0
057355,永豐金元大58購01,TW,0.0,478.0,0.0,0.0,0,0.0,0.0
057356,奇鋐元大5B購03,TW,0.0,-286.0,0.0,0.0,0,0.0,0.0
057357,奇鋐元大61購03,TW,0.0,-191.0,0.0,0.0,0,0.0,0.0
057358,文曄元大58購03,TW,0.0,16.0,0.0,0.0,0,0.0,0.0
057359,欣興元大58購23,TW,0.0,6.0,0.0,0.0,0,0.0,0.0
057360,欣興元大61購06,TW,0.0,-256.0,0.0,0.0,0,0.0,0.0
057361,定穎控元大5C購01,TW,0.0,-774.0,0.0,0.0,0,0.0,0.0
057362,國精化元大58購01,TW,0.0,-406.0,0.0,0.0,0,0.0,0.0
057363,新唐元大58購02,TW,0.0,4.0,0.0,0.0,0,0.0,0.0
057364,全訊元大58購01,TW,0.0,1476.0,0.0,0.0,0,0.0,0.0
057365,啟碁元大58購01,TW,0.0,33.0,0.0,0.0,0,0.0,0.0
057366,啟碁元大5C購01,TW,0.0,-30.0,0.0,0.0,0,0.0,0.0
057367,啟碁元大61購03,TW,0.0,67.0,0.0,0.0,0,0.0,0.0
057370,惠特元大58購01,TW,0.0,-49.0,0.0,0.0,0,0.0,0.0
057372,至上元大61購03,TW,0.0,-602.0,0.0,0.0,0,0.0,0.0
057374,SP黃豆群益66購01,TW,0.0,-20.0,0.0,0.0,0,0.0,0.0
057377,台化群益5B購01,TW,0.0,-56.0,0.0,0.0,0,0.0,0.0
057381,中砂群益59購02,TW,0.0,-40.0,0.0,0.0,0,0.0,0.0
057383,台達電群益58購05,TW,0.0,-27.0,0.0,0.0,0,0.0,0.0
057384,台達電群益59購02,TW,0.0,121.0,0.0,0.0,0,0.0,0.0
057387,華通群益5A購02,TW,0.0,-561.0,0.0,0.0,0,0.0,0.0
057388,鴻海群益5B購05,TW,0.0,-3.0,0.0,0.0,0,0.0,0.0
057392,台積電群益59購05,TW,0.0,-93.0,0.0,0.0,0,0.0,0.0
057393,光罩群益58購01,TW,0.0,5.0,0.0,0.0,0,0.0,0.0
057395,台光電群益58購07,TW,0.0,81.0,0.0,0.0,0,0.0,0.0
057396,凌陽群益58購01,TW,0.0,-162.0,0.0,0.0,0,0.0,0.0
057397,友達群益59購04,TW,0.0,9.0,0.0,0.0,0,0.0,0.0
057400,中工群益58購02,TW,0.0,124.0,0.0,0.0,0,0.0,0.0
057402,元大金群益58購02,TW,0.0,110.0,0.0,0.0,0,0.0,0.0
057404,大立光群益59購01,TW,0.0,-49.0,0.0,0.0,0,0.0,0.0
057405,奇鋐群益58購06,TW,0.0,-6.0,0.0,0.0,0,0.0,0.0
057408,欣興群益5A購07,TW,0.0,-125.0,0.0,0.0,0,0.0,0.0
057409,欣興群益5B購04,TW,0.0,41.0,0.0,0.0,0,0.0,0.0
057410,建漢群益59購01,TW,0.0,-166.0,0.0,0.0,0,0.0,0.0
057411,聯鈞群益59購02,TW,0.0,7.0,0.0,0.0,0,0.0,0.0
057412,辛耘群益58購01,TW,0.0,1.0,0.0,0.0,0,0.0,0.0
057413,日月光群益59購03,TW,0.0,-6.0,0.0,0.0,0,0.0,0.0
057414,雙鍵群益58購01,TW,0.0,2.0,0.0,0.0,0,0.0,0.0
057416,達興群益58購03,TW,0.0,-126.0,0.0,0.0,0,0.0,0.0
057418,同欣電群益58購02,TW,0.0,-51.0,0.0,0.0,0,0.0,0.0
057419,啟碁群益58購02,TW,0.0,2436.0,0.0,0.0,0,0.0,0.0
057422,勤誠群益58購05,TW,0.0,-10.0,0.0,0.0,0,0.0,0.0
057423,富鼎群益59購01,TW,0.0,144.0,0.0,0.0,0,0.0,0.0
057424,臺股指群益58購22,TW,0.0,40.0,0.0,0.0,0,0.0,0.0
057428,華城台新59購01,TW,0.0,-173.0,0.0,0.0,0,0.0,0.0
057429,南亞兆豐63購01,TW,0.0,2.0,0.0,0.0,0,0.0,0.0
057430,華城兆豐5B購01,TW,0.0,-496.0,0.0,0.0,0,0.0,0.0
057432,華通兆豐5B購03,TW,0.0,45.0,0.0,0.0,0,0.0,0.0
057433,鴻海兆豐63購01,TW,0.0,-222.0,0.0,0.0,0,0.0,0.0
057434,鴻海兆豐63購02,TW,0.0,-178.0,0.0,0.0,0,0.0,0.0
057435,智邦兆豐5B購01,TW,0.0,1.0,0.0,0.0,0,0.0,0.0
057436,友達兆豐5B購01,TW,0.0,27.0,0.0,0.0,0,0.0,0.0
057437,日月光兆豐5B購01,TW,0.0,-7.0,0.0,0.0,0,0.0,0.0
057438,啟碁兆豐5B購01,TW,0.0,527.0,0.0,0.0,0,0.0,0.0
057439,緯穎兆豐63購01,TW,0.0,6.0,0.0,0.0,0,0.0,0.0
057440,中興電富邦5B購01,TW,0.0,-352.0,0.0,0.0,0,0.0,0.0
057441,華城富邦5B購01,TW,0.0,-320.0,0.0,0.0,0,0.0,0.0
057442,華城富邦5C購01,TW,0.0,66.0,0.0,0.0,0,0.0,0.0
057443,光寶科富邦59購02,TW,0.0,-398.0,0.0,0.0,0,0.0,0.0
057444,聯電富邦59購02,TW,0.0,18.0,0.0,0.0,0,0.0,0.0
057445,華通富邦63購02,TW,0.0,-455.0,0.0,0.0,0,0.0,0.0
057446,鴻海富邦59購03,TW,0.0,-370.0,0.0,0.0,0,0.0,0.0
057447,國巨富邦63購02,TW,0.0,132.0,0.0,0.0,0,0.0,0.0
057448,台積電富邦59購01,TW,0.0,-853.0,0.0,0.0,0,0.0,0.0
057450,華新科富邦5B購01,TW,0.0,92.0,0.0,0.0,0,0.0,0.0
057451,緯創富邦63購01,TW,0.0,-440.0,0.0,0.0,0,0.0,0.0
057452,日月光富邦59購02,TW,0.0,4.0,0.0,0.0,0,0.0,0.0
057454,康舒富邦63購01,TW,0.0,-174.0,0.0,0.0,0,0.0,0.0
057455,昇陽半富邦5C購01,TW,0.0,2.0,0.0,0.0,0,0.0,0.0
057456,至上富邦61購01,TW,0.0,-390.0,0.0,0.0,0,0.0,0.0
057457,勤誠富邦59購03,TW,0.0,0.0,0.0,0.0,0,0.0,0.0
057460,臺股指富邦66購01,TW,0.0,6.0,0.0,0.0,0,0.0,0.0
057461,T50反1國泰5C購01,TW,0.0,104.0,0.0,0.0,0,0.0,0.0
057462,南亞國泰5A購01,TW,0.0,-10.0,0.0,0.0,0,0.0,0.0
057464,華通國泰5A購01,TW,0.0,25.0,0.0,0.0,0,0.0,0.0
057466,矽統國泰5A購01,TW,0.0,-731.0,0.0,0.0,0,0.0,0.0
057469,定穎控國泰5A購01,TW,0.0,1942.0,0.0,0.0,0,0.0,0.0
057472,泓德國泰5A購01,TW,0.0,19.0,0.0,0.0,0,0.0,0.0
057473,台灣50國票59購01,TW,0.0,7412.0,0.0,0.0,0,0.0,0.0
057478,台化國票59購01,TW,0.0,-118.0,0.0,0.0,0,0.0,0.0
057480,中砂國票5A購01,TW,0.0,-349.0,0.0,0.0,0,0.0,0.0
057482,華通國票5A購03,TW,0.0,309.0,0.0,0.0,0,0.0,0.0
057483,華通國票62購02,TW,0.0,-175.0,0.0,0.0,0,0.0,0.0
057484,國巨國票59購02,TW,0.0,401.0,0.0,0.0,0,0.0,0.0
057485,國巨國票5A購01,TW,0.0,60.0,0.0,0.0,0,0.0,0.0
057486,國巨國票5A購02,TW,0.0,120.0,0.0,0.0,0,0.0,0.0
057487,華泰國票5A購01,TW,0.0,-5.0,0.0,0.0,0,0.0,0.0
057488,台亞國票5A購01,TW,0.0,-13.0,0.0,0.0,0,0.0,0.0
057489,新興國票5A購01,TW,0.0,-93.0,0.0,0.0,0,0.0,0.0
057490,德律國票5A購01,TW,0.0,-15.0,0.0,0.0,0,0.0,0.0
057491,欣興國票5A購05,TW,0.0,167.0,0.0,0.0,0,0.0,0.0
057492,欣興國票5C購01,TW,0.0,102.0,0.0,0.0,0,0.0,0.0
057494,日月光國票5A購01,TW,0.0,-716.0,0.0,0.0,0,0.0,0.0
057495,雙鍵國票5A購01,TW,0.0,46.0,0.0,0.0,0,0.0,0.0
057496,新唐國票5A購01,TW,0.0,1.0,0.0,0.0,0,0.0,0.0
057498,台郡國票5A購01,TW,0.0,-47.0,0.0,0.0,0,0.0,0.0
057500,華城統一63購01,TW,0.0,-892.0,0.0,0.0,0,0.0,0.0
057501,華城統一66購01,TW,0.0,-326.0,0.0,0.0,0,0.0,0.0
057502,華城統一73購01,TW,0.0,-311.0,0.0,0.0,0,0.0,0.0
057503,華城統一73購02,TW,0.0,-117.0,0.0,0.0,0,0.0,0.0
057504,中砂統一63購01,TW,0.0,113.0,0.0,0.0,0,0.0,0.0
057505,中砂統一73購01,TW,0.0,-87.0,0.0,0.0,0,0.0,0.0
057506,川湖統一63購01,TW,0.0,-32.0,0.0,0.0,0,0.0,0.0
057507,光寶科統一63購01,TW,0.0,-345.0,0.0,0.0,0,0.0,0.0
057508,光寶科統一73購01,TW,0.0,-856.0,0.0,0.0,0,0.0,0.0
057509,華通統一65購03,TW,0.0,-343.0,0.0,0.0,0,0.0,0.0
057510,台積電統一73購01,TW,0.0,-30.0,0.0,0.0,0,0.0,0.0
057511,致茂統一63購02,TW,0.0,-888.0,0.0,0.0,0,0.0,0.0
057512,佳能統一61購02,TW,0.0,107.0,0.0,0.0,0,0.0,0.0
057513,京元電統一63購01,TW,0.0,0.0,0.0,0.0,0,0.0,0.0
057514,強茂統一63購01,TW,0.0,323.0,0.0,0.0,0,0.0,0.0
057515,長榮統一63購01,TW,0.0,93.0,0.0,0.0,0,0.0,0.0
057516,陽明統一63購01,TW,0.0,142.0,0.0,0.0,0,0.0,0.0
057517,長榮太統一63購01,TW,0.0,-9.0,0.0,0.0,0,0.0,0.0
057518,富邦金統一63購01,TW,0.0,-643.0,0.0,0.0,0,0.0,0.0
057519,國泰金統一63購01,TW,0.0,96.0,0.0,0.0,0,0.0,0.0
057520,凱基金統一63購01,TW,0.0,208.0,0.0,0.0,0,0.0,0.0
057521,中信金統一63購01,TW,0.0,51.0,0.0,0.0,0,0.0,0.0
057522,德律統一63購01,TW,0.0,-5.0,0.0,0.0,0,0.0,0.0
057523,文曄統一73購01,TW,0.0,-285.0,0.0,0.0,0,0.0,0.0
057524,欣興統一63購02,TW,0.0,-222.0,0.0,0.0,0,0.0,0.0
057525,欣興統一66購02,TW,0.0,-624.0,0.0,0.0,0,0.0,0.0
057526,緯創統一63購01,TW,0.0,-744.0,0.0,0.0,0,0.0,0.0
057527,京鼎統一63購01,TW,0.0,-368.0,0.0,0.0,0,0.0,0.0
057528,聯鈞統一63購02,TW,0.0,70.0,0.0,0.0,0,0.0,0.0
057529,辛耘統一63購01,TW,0.0,2.0,0.0,0.0,0,0.0,0.0
057530,辛耘統一66購01,TW,0.0,45.0,0.0,0.0,0,0.0,0.0
057531,世芯統一63購01,TW,0.0,22.0,0.0,0.0,0,0.0,0.0
057532,神達統一63購01,TW,0.0,-21.0,0.0,0.0,0,0.0,0.0
057533,日月光統一63購01,TW,0.0,91.0,0.0,0.0,0,0.0,0.0
057534,臻鼎統一63購01,TW,0.0,3.0,0.0,0.0,0,0.0,0.0
057535,達興統一73購01,TW,0.0,-62.0,0.0,0.0,0,0.0,0.0
057536,聯茂統一64購02,TW,0.0,1.0,0.0,0.0,0,0.0,0.0
057537,同欣電統一61購02,TW,0.0,175.0,0.0,0.0,0,0.0,0.0
057538,同欣電統一63購01,TW,0.0,-832.0,0.0,0.0,0,0.0,0.0
057539,啟碁統一63購03,TW,0.0,76.0,0.0,0.0,0,0.0,0.0
057540,啟碁統一65購02,TW,0.0,233.0,0.0,0.0,0,0.0,0.0
057541,啟碁統一73購01,TW,0.0,-36.0,0.0,0.0,0,0.0,0.0
057543,愛普統一63購02,TW,0.0,748.0,0.0,0.0,0,0.0,0.0
057544,愛普統一73購01,TW,0.0,-102.0,0.0,0.0,0,0.0,0.0
057545,龍德船統一63購01,TW,0.0,-46.0,0.0,0.0,0,0.0,0.0
057546,采鈺統一63購01,TW,0.0,8.0,0.0,0.0,0,0.0,0.0
057548,南亞永豐5B購01,TW,0.0,-4.0,0.0,0.0,0,0.0,0.0
057549,光寶科永豐5B購02,TW,0.0,-703.0,0.0,0.0,0,0.0,0.0
057550,聯電永豐5B購02,TW,0.0,0.0,0.0,0.0,0,0.0,0.0
057551,華通永豐5A購03,TW,0.0,-423.0,0.0,0.0,0,0.0,0.0
057552,華通永豐5C購01,TW,0.0,-165.0,0.0,0.0,0,0.0,0.0
057554,台積電永豐63購04,TW,0.0,104.0,0.0,0.0,0,0.0,0.0
057555,台積電永豐63購05,TW,0.0,-163.0,0.0,0.0,0,0.0,0.0
057556,光罩永豐59購01,TW,0.0,-33.0,0.0,0.0,0,0.0,0.0
057557,致茂永豐61購01,TW,0.0,27.0,0.0,0.0,0,0.0,0.0
057558,台光電永豐5B購01,TW,0.0,-2.0,0.0,0.0,0,0.0,0.0
057559,京元電永豐5B購01,TW,0.0,-247.0,0.0,0.0,0,0.0,0.0
057560,聯發科永豐64購02,TW,0.0,6.0,0.0,0.0,0,0.0,0.0
057561,立隆電永豐5B購01,TW,0.0,0.0,0.0,0.0,0,0.0,0.0
057562,華新科永豐5A購01,TW,0.0,46.0,0.0,0.0,0,0.0,0.0
057563,聯詠永豐5A購01,TW,0.0,-46.0,0.0,0.0,0,0.0,0.0
057564,欣興永豐59購06,TW,0.0,33.0,0.0,0.0,0,0.0,0.0
057565,欣興永豐5A購05,TW,0.0,-64.0,0.0,0.0,0,0.0,0.0
057566,欣興永豐5C購03,TW,0.0,131.0,0.0,0.0,0,0.0,0.0
057567,緯創永豐5B購01,TW,0.0,-309.0,0.0,0.0,0,0.0,0.0
057568,日月光永豐59購03,TW,0.0,-4.0,0.0,0.0,0,0.0,0.0
057569,新唐永豐5A購01,TW,0.0,8.0,0.0,0.0,0,0.0,0.0
057570,臻鼎永豐5B購01,TW,0.0,-7.0,0.0,0.0,0,0.0,0.0
057571,眾達永豐59購02,TW,0.0,-96.0,0.0,0.0,0,0.0,0.0
057572,達興永豐5A購01,TW,0.0,-13.0,0.0,0.0,0,0.0,0.0
057573,祥碩永豐5B購01,TW,0.0,98.0,9.0,0.0,0,0.0,0.0
057576,采鈺永豐5B購01,TW,0.0,-53.0,0.0,0.0,0,0.0,0.0
057578,兆聯永豐5A購01,TW,0.0,-80.0,0.0,0.0,0,0.0,0.0
057579,FB科技群益5A購01,TW,0.0,6.0,0.0,0.0,0,0.0,0.0
057580,FBNQ2X群益61購01,TW,0.0,25.0,0.0,0.0,0,0.0,0.0
057581,南亞群益59購03,TW,0.0,-98.0,0.0,0.0,0,0.0,0.0
057582,華城群益59購01,TW,0.0,-368.0,0.0,0.0,0,0.0,0.0
057583,中砂群益5A購01,TW,0.0,-33.0,0.0,0.0,0,0.0,0.0
057584,光寶科群益5B購01,TW,0.0,110.0,0.0,0.0,0,0.0,0.0
057585,華通群益5B購02,TW,0.0,149.0,0.0,0.0,0,0.0,0.0
057586,鴻海群益5A購06,TW,0.0,-17.0,0.0,0.0,0,0.0,0.0
057587,國巨群益59購02,TW,0.0,16.0,0.0,0.0,0,0.0,0.0
057588,國巨群益59購03,TW,0.0,100.0,0.0,0.0,0,0.0,0.0
057589,國巨群益59購04,TW,0.0,13.0,0.0,0.0,0,0.0,0.0
057591,台積電群益5A購04,TW,0.0,-67.0,0.0,0.0,0,0.0,0.0
057592,台積電群益63購01,TW,0.0,-25.0,0.0,0.0,0,0.0,0.0
057594,智邦群益62購01,TW,0.0,-50.0,0.0,0.0,0,0.0,0.0
057595,致茂群益5B購02,TW,0.0,18.0,0.0,0.0,0,0.0,0.0
057596,致茂群益5C購01,TW,0.0,-4.0,0.0,0.0,0,0.0,0.0
057597,台光電群益59購02,TW,0.0,-1.0,0.0,0.0,0,0.0,0.0
057598,京元電群益59購01,TW,0.0,138.0,0.0,0.0,0,0.0,0.0
057600,德律群益61購01,TW,0.0,-30.0,0.0,0.0,0,0.0,0.0
057601,欣興群益62購01,TW,0.0,-64.0,0.0,0.0,0,0.0,0.0
057605,天鈺群益5A購01,TW,0.0,-328.0,0.0,0.0,0,0.0,0.0
057607,力成群益59購03,TW,0.0,-48.0,0.0,0.0,0,0.0,0.0
057608,同欣電群益5B購01,TW,0.0,-13.0,0.0,0.0,0,0.0,0.0
057609,啟碁群益61購05,TW,0.0,0.0,0.0,0.0,0,0.0,0.0
057612,AES群益5A購01,TW,0.0,-161.0,0.0,0.0,0,0.0,0.0
057616,元金2X元大59購06,TW,0.0,-30.0,0.0,0.0,0,0.0,0.0
057617,元金2X元大5A購05,TW,0.0,60.0,0.0,0.0,0,0.0,0.0
057619,道瓊銀元大5B購03,TW,0.0,-936.0,0.0,0.0,0,0.0,0.0
057620,台塑元大59購04,TW,0.0,-62.0,0.0,0.0,0,0.0,0.0
057621,南亞元大59購08,TW,0.0,62.0,0.0,0.0,0,0.0,0.0
057622,南亞元大62購01,TW,0.0,-493.0,0.0,0.0,0,0.0,0.0
057623,華城元大59購01,TW,0.0,-605.0,0.0,0.0,0,0.0,0.0
057624,華城元大5A購01,TW,0.0,-47.0,0.0,0.0,0,0.0,0.0
057625,華城元大61購01,TW,0.0,-456.0,0.0,0.0,0,0.0,0.0
057626,中砂元大59購07,TW,0.0,192.0,0.0,0.0,0,0.0,0.0
057628,美時元大59購02,TW,0.0,143.0,0.0,0.0,0,0.0,0.0
057630,上銀元大5B購04,TW,0.0,-2.0,0.0,0.0,0,0.0,0.0
057631,上銀元大61購04,TW,0.0,-8.0,0.0,0.0,0,0.0,0.0
057632,光寶科元大59購02,TW,0.0,-215.0,0.0,0.0,0,0.0,0.0
057633,光寶科元大59購03,TW,0.0,-466.0,0.0,0.0,0,0.0,0.0
057634,光寶科元大62購01,TW,0.0,378.0,0.0,0.0,0,0.0,0.0
057635,聯電元大62購02,TW,0.0,139.0,0.0,0.0,0,0.0,0.0
057636,華通元大59購04,TW,0.0,71.0,0.0,0.0,0,0.0,0.0
057637,華通元大5C購05,TW,0.0,4.0,0.0,0.0,0,0.0,0.0
057638,華通元大62購02,TW,0.0,0.0,0.0,0.0,0,0.0,0.0
057639,華泰元大59購03,TW,0.0,37.0,0.0,0.0,0,0.0,0.0
057640,台積電元大62購10,TW,0.0,127.0,0.0,0.0,0,0.0,0.0
057642,英業達元大59購01,TW,0.0,-5.0,0.0,0.0,0,0.0,0.0
057643,佳能元大59購02,TW,0.0,-830.0,0.0,0.0,0,0.0,0.0
057644,技嘉元大59購03,TW,0.0,2332.0,0.0,0.0,0,0.0,0.0
057645,聯發科元大62購05,TW,0.0,50.0,0.0,0.0,0,0.0,0.0
057647,強茂元大59購02,TW,0.0,11.0,0.0,0.0,0,0.0,0.0
057648,強茂元大61購01,TW,0.0,229.0,0.0,0.0,0,0.0,0.0
057649,漢翔元大59購01,TW,0.0,-1.0,0.0,0.0,0,0.0,0.0
057650,奇鋐元大5C購01,TW,0.0,-125.0,0.0,0.0,0,0.0,0.0
057651,奇鋐元大62購02,TW,0.0,-201.0,0.0,0.0,0,0.0,0.0
057652,建漢元大59購01,TW,0.0,3.0,0.0,0.0,0,0.0,0.0
057654,緯創元大62購03,TW,0.0,-2.0,0.0,0.0,0,0.0,0.0
057655,定穎控元大59購02,TW,0.0,-165.0,0.0,0.0,0,0.0,0.0
057657,臻鼎元大59購03,TW,0.0,44.0,0.0,0.0,0,0.0,0.0
057658,達興元大59購02,TW,0.0,-742.0,0.0,0.0,0,0.0,0.0
057659,達興元大5C購01,TW,0.0,-418.0,0.0,0.0,0,0.0,0.0
057660,精成科元大59購02,TW,0.0,2.0,0.0,0.0,0,0.0,0.0
057661,精成科元大59購03,TW,0.0,-338.0,0.0,0.0,0,0.0,0.0
057663,采鈺元大59購02,TW,0.0,1.0,0.0,0.0,0,0.0,0.0
057665,采鈺元大5C購01,TW,0.0,4.0,0.0,0.0,0,0.0,0.0
057667,元黃金凱基65購01,TW,0.0,-80.0,0.0,0.0,0,0.0,0.0
057668,元金2X凱基61購06,TW,0.0,-1.0,0.0,0.0,0,0.0,0.0
057671,南亞凱基59購08,TW,0.0,28.0,0.0,0.0,0,0.0,0.0
057672,台化凱基5C購01,TW,0.0,-20.0,0.0,0.0,0,0.0,0.0
057675,中興電凱基5C購01,TW,0.0,-214.0,0.0,0.0,0,0.0,0.0
057677,長興凱基59購01,TW,0.0,492.0,0.0,0.0,0,0.0,0.0
057678,光寶科凱基5A購03,TW,0.0,-85.0,0.0,0.0,0,0.0,0.0
057680,華通凱基61購03,TW,0.0,-15.0,0.0,0.0,0,0.0,0.0
057681,鴻海凱基59購04,TW,0.0,-23.0,0.0,0.0,0,0.0,0.0
057682,台積電凱基61購02,TW,0.0,-200.0,0.0,0.0,0,0.0,0.0
057683,台積電凱基63購03,TW,0.0,-77.0,0.0,0.0,0,0.0,0.0
057684,英業達凱基59購01,TW,0.0,-70.0,0.0,0.0,0,0.0,0.0
057685,致茂凱基63購01,TW,0.0,1.0,0.0,0.0,0,0.0,0.0
057686,矽統凱基59購01,TW,0.0,-702.0,0.0,0.0,0,0.0,0.0
057687,佳能凱基59購03,TW,0.0,-174.0,0.0,0.0,0,0.0,0.0
057688,精金國票5B購01,TW,0.0,55.0,0.0,0.0,0,0.0,0.0
057689,京元電凱基59購03,TW,0.0,167.0,0.0,0.0,0,0.0,0.0
057690,強茂凱基61購01,TW,0.0,5.0,0.0,0.0,0,0.0,0.0
057691,中信金凱基59購01,TW,0.0,40.0,0.0,0.0,0,0.0,0.0
057693,德律凱基5C購01,TW,0.0,5.0,0.0,0.0,0,0.0,0.0
057694,文曄凱基59購01,TW,0.0,3.0,0.0,0.0,0,0.0,0.0
057695,欣興凱基5C購03,TW,0.0,146.0,0.0,0.0,0,0.0,0.0
057697,日月光凱基5A購03,TW,0.0,71.0,0.0,0.0,0,0.0,0.0
057699,達興凱基59購01,TW,0.0,-38.0,0.0,0.0,0,0.0,0.0
057700,中租凱基59購01,TW,0.0,291.0,0.0,0.0,0,0.0,0.0
057702,同欣電凱基5A購02,TW,0.0,-37.0,0.0,0.0,0,0.0,0.0
057705,南亞元富59購03,TW,0.0,-28.0,0.0,0.0,0,0.0,0.0
057706,華城元富5C購01,TW,0.0,-835.0,0.0,0.0,0,0.0,0.0
057707,中砂元富59購01,TW,0.0,3.0,0.0,0.0,0,0.0,0.0
057708,華通元富59購05,TW,0.0,105.0,0.0,0.0,0,0.0,0.0
057709,華通元富59購06,TW,0.0,88.0,0.0,0.0,0,0.0,0.0
057710,鴻海元富63購01,TW,0.0,-11.0,0.0,0.0,0,0.0,0.0
057711,國巨元富59購01,TW,0.0,77.0,0.0,0.0,0,0.0,0.0
057712,致茂元富59購01,TW,0.0,10.0,0.0,0.0,0,0.0,0.0
057713,京元電元富59購01,TW,0.0,-10.0,0.0,0.0,0,0.0,0.0
057715,長榮太元富59購01,TW,0.0,-71.0,0.0,0.0,0,0.0,0.0
057716,欣興元富59購04,TW,0.0,-14.0,0.0,0.0,0,0.0,0.0
057719,聯鈞元富59購04,TW,0.0,136.0,0.0,0.0,0,0.0,0.0
05771U,臺股指元大59售05,TW,0.0,-40.0,0.0,0.0,0,0.0,0.0
057721,日月光元富59購01,TW,0.0,-859.0,0.0,0.0,0,0.0,0.0
057722,定穎控元富59購01,TW,0.0,-10.0,0.0,0.0,0,0.0,0.0
057724,康舒元富59購01,TW,0.0,-110.0,0.0,0.0,0,0.0,0.0
057725,康舒元富59購02,TW,0.0,-204.0,0.0,0.0,0,0.0,0.0
057726,康舒元富5C購01,TW,0.0,-25.0,0.0,0.0,0,0.0,0.0
057727,緯穎元富5A購01,TW,0.0,-1641.0,0.0,0.0,0,0.0,0.0
057728,惠特元富5C購01,TW,0.0,106.0,0.0,0.0,0,0.0,0.0
057730,三集瑞元富59購01,TW,0.0,53.0,0.0,0.0,0,0.0,0.0
057731,三集瑞元富59購02,TW,0.0,15.0,0.0,0.0,0,0.0,0.0
057732,台灣50台新59購01,TW,0.0,0.0,0.0,0.0,0,0.0,0.0
057733,長興兆豐5B購01,TW,0.0,-118.0,0.0,0.0,0,0.0,0.0
057735,聯發科兆豐63購01,TW,0.0,22.0,0.0,0.0,0,0.0,0.0
057736,神基兆豐63購01,TW,0.0,564.0,0.0,0.0,0,0.0,0.0
057737,新唐兆豐63購01,TW,0.0,7.0,0.0,0.0,0,0.0,0.0
057738,臻鼎兆豐63購01,TW,0.0,20.0,0.0,0.0,0,0.0,0.0
057739,祥碩兆豐63購01,TW,0.0,-301.0,3.0,0.0,0,0.0,0.0
057740,勤誠兆豐5B購01,TW,0.0,30.0,0.0,0.0,0,0.0,0.0
057744,華城永豐59購03,TW,0.0,20.0,0.0,0.0,0,0.0,0.0
057745,鴻海永豐64購02,TW,0.0,-145.0,0.0,0.0,0,0.0,0.0
057746,鴻海永豐66購02,TW,0.0,-150.0,0.0,0.0,0,0.0,0.0
057747,華泰永豐59購03,TW,0.0,-10.0,0.0,0.0,0,0.0,0.0
057748,台積電永豐5C購04,TW,0.0,-1384.0,0.0,0.0,0,0.0,0.0
057749,致茂永豐5C購01,TW,0.0,-236.0,0.0,0.0,0,0.0,0.0
057750,台光電永豐5C購01,TW,0.0,-109.0,0.0,0.0,0,0.0,0.0
057751,漢唐永豐5A購01,TW,0.0,-226.0,0.0,0.0,0,0.0,0.0
057752,建準永豐59購01,TW,0.0,-79.0,0.0,0.0,0,0.0,0.0
057754,奇鋐永豐5C購03,TW,0.0,-1917.0,1.0,0.0,0,0.0,0.0
057757,世芯永豐64購02,TW,0.0,0.0,0.0,0.0,0,0.0,0.0
057758,日月光永豐5C購01,TW,0.0,-26.0,0.0,0.0,0,0.0,0.0
057759,國精化永豐5C購01,TW,0.0,-52.0,0.0,0.0,0,0.0,0.0
057760,聯茂永豐59購02,TW,0.0,6.0,0.0,0.0,0,0.0,0.0
057761,聯茂永豐5B購01,TW,0.0,-4.0,0.0,0.0,0,0.0,0.0
057762,台塑化永豐59購01,TW,0.0,-12.0,0.0,0.0,0,0.0,0.0
057764,汎銓永豐5C購02,TW,0.0,-10.0,0.0,0.0,0,0.0,0.0
057765,至上永豐5B購02,TW,0.0,881.0,0.0,0.0,0,0.0,0.0
057766,南茂永豐59購01,TW,0.0,4.0,0.0,0.0,0,0.0,0.0
057767,台化國泰5A購01,TW,0.0,-16.0,0.0,0.0,0,0.0,0.0
057770,日月光國泰5A購01,TW,0.0,121.0,0.0,0.0,0,0.0,0.0
057773,勤誠國泰5A購01,TW,0.0,3.0,0.0,0.0,0,0.0,0.0
057774,台灣50富邦63購02,TW,0.0,10.0,0.0,0.0,0,0.0,0.0
057775,台灣50富邦73購01,TW,0.0,6.0,0.0,0.0,0,0.0,0.0
057776,T50反1富邦63購02,TW,0.0,416.0,0.0,0.0,0,0.0,0.0
057778,南亞富邦5C購01,TW,0.0,1345.0,0.0,0.0,0,0.0,0.0
057779,台化富邦5C購01,TW,0.0,-59.0,0.0,0.0,0,0.0,0.0
057780,上銀富邦59購01,TW,0.0,33.0,0.0,0.0,0,0.0,0.0
057781,台積電富邦59購02,TW,0.0,26.0,0.0,0.0,0,0.0,0.0
057782,台積電富邦63購02,TW,0.0,-102.0,0.0,0.0,0,0.0,0.0
057783,台積電富邦63購03,TW,0.0,-204.0,0.0,0.0,0,0.0,0.0
057784,華碩富邦59購01,TW,0.0,-554.0,0.0,0.0,0,0.0,0.0
057785,友達富邦61購01,TW,0.0,-458.0,0.0,0.0,0,0.0,0.0
057786,京元電富邦5C購01,TW,0.0,36.0,0.0,0.0,0,0.0,0.0
057787,新興富邦5B購01,TW,0.0,0.0,0.0,0.0,0,0.0,0.0
057788,長榮太富邦5C購01,TW,0.0,-574.0,0.0,0.0,0,0.0,0.0
057789,奇鋐富邦5C購01,TW,0.0,-467.0,0.0,0.0,0,0.0,0.0
057790,日月光富邦59購03,TW,0.0,154.0,0.0,0.0,0,0.0,0.0
057791,緯穎富邦59購03,TW,0.0,-53.0,0.0,0.0,0,0.0,0.0
057792,兆聯富邦5A購01,TW,0.0,-314.0,0.0,0.0,0,0.0,0.0
057793,南茂富邦5B購01,TW,0.0,-83.0,0.0,0.0,0,0.0,0.0
057795,台灣50凱基59購05,TW,0.0,2.0,0.0,0.0,0,0.0,0.0
057798,T50反1凱基5C購03,TW,0.0,644.0,0.0,0.0,0,0.0,0.0
057799,T50反1凱基63購02,TW,0.0,-322.0,0.0,0.0,0,0.0,0.0
057801,台塑凱基59購03,TW,0.0,-1.0,0.0,0.0,0,0.0,0.0
057802,南亞凱基61購01,TW,0.0,184.0,0.0,0.0,0,0.0,0.0
057803,台化凱基5A購02,TW,0.0,-100.0,0.0,0.0,0,0.0,0.0
057804,華城凱基61購01,TW,0.0,46.0,0.0,0.0,0,0.0,0.0
057807,鴻海凱基5C購06,TW,0.0,-71.0,0.0,0.0,0,0.0,0.0
057808,國巨凱基59購05,TW,0.0,11.0,0.0,0.0,0,0.0,0.0
057809,台積電凱基5B購08,TW,0.0,-13.0,0.0,0.0,0,0.0,0.0
057810,台積電凱基73購01,TW,0.0,-3.0,0.0,0.0,0,0.0,0.0
057811,智邦凱基68購01,TW,0.0,-1.0,0.0,0.0,0,0.0,0.0
057813,技嘉凱基5A購01,TW,0.0,-240.0,0.0,0.0,0,0.0,0.0
057814,台光電凱基59購04,TW,0.0,28.0,0.0,0.0,0,0.0,0.0
057815,聯發科凱基5C購05,TW,0.0,1.0,0.0,0.0,0,0.0,0.0
057816,新興凱基59購02,TW,0.0,0.0,0.0,0.0,0,0.0,0.0
057817,奇鋐凱基61購02,TW,0.0,163.0,0.0,0.0,0,0.0,0.0
057819,聯鈞凱基5A購02,TW,0.0,-57.0,0.0,0.0,0,0.0,0.0
057820,世芯凱基59購03,TW,0.0,-5.0,0.0,0.0,0,0.0,0.0
057821,世芯凱基61購04,TW,0.0,14.0,0.0,0.0,0,0.0,0.0
057823,國精化凱基59購01,TW,0.0,-338.0,0.0,0.0,0,0.0,0.0
057824,力成凱基59購05,TW,0.0,-75.0,0.0,0.0,0,0.0,0.0
057825,啟碁凱基61購03,TW,0.0,-20.0,0.0,0.0,0,0.0,0.0
057826,愛普凱基59購04,TW,0.0,-40.0,0.0,0.0,0,0.0,0.0
057829,臺股指凱基5C購06,TW,0.0,44.0,0.0,0.0,0,0.0,0.0
057830,臺股指凱基5C購07,TW,0.0,-7.0,0.0,0.0,0,0.0,0.0
057834,台塑元大59購06,TW,0.0,-429.0,0.0,0.0,0,0.0,0.0
057835,南亞元大61購02,TW,0.0,-2345.0,4.0,0.0,0,0.0,0.0
057836,台化元大59購02,TW,0.0,-70.0,0.0,0.0,0,0.0,0.0
057837,台化元大59購03,TW,0.0,-25.0,0.0,0.0,0,0.0,0.0
057838,亞力元大59購01,TW,0.0,-433.0,0.0,0.0,0,0.0,0.0
057839,華城元大59購02,TW,0.0,-2188.0,0.0,0.0,0,0.0,0.0
057840,華城元大5A購02,TW,0.0,-223.0,0.0,0.0,0,0.0,0.0
057841,華城元大61購02,TW,0.0,1856.0,0.0,0.0,0,0.0,0.0
057843,上銀元大61購05,TW,0.0,-111.0,0.0,0.0,0,0.0,0.0
057844,光寶科元大59購04,TW,0.0,4.0,0.0,0.0,0,0.0,0.0
057845,光寶科元大59購05,TW,0.0,35.0,0.0,0.0,0,0.0,0.0
057846,光寶科元大61購03,TW,0.0,550.0,0.0,0.0,0,0.0,0.0
057847,台積電元大59購06,TW,0.0,-159.0,0.0,0.0,0,0.0,0.0
057848,台積電元大61購14,TW,0.0,-76.0,0.0,0.0,0,0.0,0.0
057849,光罩元大59購01,TW,0.0,270.0,0.0,0.0,0,0.0,0.0
057850,英業達元大59購02,TW,0.0,-17.0,0.0,0.0,0,0.0,0.0
057851,致茂元大59購05,TW,0.0,1528.0,0.0,0.0,0,0.0,0.0
057853,佳能元大59購03,TW,0.0,-553.0,0.0,0.0,0,0.0,0.0
057854,台光電元大59購01,TW,0.0,-152.0,0.0,0.0,0,0.0,0.0
057855,華新科元大59購03,TW,0.0,4.0,0.0,0.0,0,0.0,0.0
057856,華新科元大5C購01,TW,0.0,30.0,0.0,0.0,0,0.0,0.0
057857,華新科元大61購01,TW,0.0,159.0,0.0,0.0,0,0.0,0.0
057858,揚博元大59購01,TW,0.0,-302.0,0.0,0.0,0,0.0,0.0
057859,奇鋐元大59購07,TW,0.0,-256.0,0.0,0.0,0,0.0,0.0
057860,奇鋐元大5C購02,TW,0.0,-790.0,0.0,0.0,0,0.0,0.0
057861,奇鋐元大61購04,TW,0.0,-67.0,0.0,0.0,0,0.0,0.0
057862,增你強元大59購01,TW,0.0,342.0,0.0,0.0,0,0.0,0.0
057863,文曄元大59購01,TW,0.0,153.0,-2.0,0.0,0,0.0,0.0
057865,緯創元大5C購02,TW,0.0,-559.0,0.0,0.0,0,0.0,0.0
057866,緯創元大61購03,TW,0.0,80.0,0.0,0.0,0,0.0,0.0
057870,臻鼎元大59購05,TW,0.0,2.0,0.0,0.0,0,0.0,0.0
057871,眾達元大59購02,TW,0.0,174.0,0.0,0.0,0,0.0,0.0
057872,啟碁元大61購04,TW,0.0,-117.0,0.0,0.0,0,0.0,0.0
057874,勤誠元大59購02,TW,0.0,1721.0,0.0,0.0,0,0.0,0.0
057875,中興電永豐5A購01,TW,0.0,-174.0,0.0,0.0,0,0.0,0.0
057876,長興永豐5B購02,TW,0.0,1035.0,0.0,0.0,0,0.0,0.0
057877,楠梓電永豐5A購01,TW,0.0,-37.0,0.0,0.0,0,0.0,0.0
057878,仁寶永豐5B購01,TW,0.0,200.0,0.0,0.0,0,0.0,0.0
057879,光罩永豐5A購01,TW,0.0,0.0,0.0,0.0,0,0.0,0.0
057880,漢唐永豐5B購01,TW,0.0,-25.0,0.0,0.0,0,0.0,0.0
057881,志聖永豐5A購02,TW,0.0,2.0,0.0,0.0,0,0.0,0.0
057882,揚博永豐5A購02,TW,0.0,-113.0,0.0,0.0,0,0.0,0.0
057883,奇鋐永豐5B購03,TW,0.0,-14.0,0.0,0.0,0,0.0,0.0
057886,聯鈞永豐5B購02,TW,0.0,213.0,0.0,0.0,0,0.0,0.0
057887,達邁永豐5B購01,TW,0.0,-20.0,0.0,0.0,0,0.0,0.0
057888,眾達永豐5C購01,TW,0.0,501.0,0.0,0.0,0,0.0,0.0
057889,矽格永豐5A購02,TW,0.0,104.0,0.0,0.0,0,0.0,0.0
057893,富世達永豐5A購01,TW,0.0,-129.0,0.0,0.0,0,0.0,0.0
057894,三集瑞永豐5A購01,TW,0.0,257.0,0.0,0.0,0,0.0,0.0
057895,南亞國票5A購01,TW,0.0,324.0,0.0,0.0,0,0.0,0.0
057897,華城國票61購01,TW,0.0,40.0,0.0,0.0,0,0.0,0.0
057898,鴻海國票66購01,TW,0.0,-103.0,0.0,0.0,0,0.0,0.0
057899,光罩國票5A購01,TW,0.0,51.0,0.0,0.0,0,0.0,0.0
057900,台光電國票66購02,TW,0.0,-34.0,0.0,0.0,0,0.0,0.0
057901,志聖國票5A購01,TW,0.0,-53.0,0.0,0.0,0,0.0,0.0
057904,奇鋐國票69購01,TW,0.0,2.0,0.0,0.0,0,0.0,0.0
057905,聯鈞國票5A購02,TW,0.0,40.0,0.0,0.0,0,0.0,0.0
057906,嘉澤國票5A購02,TW,0.0,-9.0,0.0,0.0,0,0.0,0.0
057907,日月光國票65購01,TW,0.0,-1463.0,0.0,0.0,0,0.0,0.0
057908,國精化國票59購01,TW,0.0,-3396.0,0.0,0.0,0,0.0,0.0
057909,國精化國票5A購01,TW,0.0,-426.0,0.0,0.0,0,0.0,0.0
057910,眾達國票59購01,TW,0.0,36.0,0.0,0.0,0,0.0,0.0
057911,眾達國票5A購02,TW,0.0,6.0,0.0,0.0,0,0.0,0.0
057912,矽格國票61購02,TW,0.0,35.0,0.0,0.0,0,0.0,0.0
057914,緯穎國票5C購01,TW,0.0,-203.0,0.0,0.0,0,0.0,0.0
057915,洋基國票5A購01,TW,0.0,-48.0,0.0,0.0,0,0.0,0.0
057916,富世達國票66購01,TW,0.0,-22.0,0.0,0.0,0,0.0,0.0
057917,三集瑞國票5A購01,TW,0.0,-1493.0,0.0,0.0,0,0.0,0.0
057919,瀚荃國票59購01,TW,0.0,-1068.0,0.0,0.0,0,0.0,0.0
057920,南茂國票5A購01,TW,0.0,-178.0,0.0,0.0,0,0.0,0.0
057923,勤誠國票5A購01,TW,0.0,380.0,0.0,0.0,0,0.0,0.0
057924,台塑國泰5A購01,TW,0.0,144.0,0.0,0.0,0,0.0,0.0
057925,士電國泰5A購01,TW,0.0,0.0,0.0,0.0,0,0.0,0.0
057926,中興電國泰5A購01,TW,0.0,-396.0,0.0,0.0,0,0.0,0.0
057927,亞力國泰5A購01,TW,0.0,54.0,0.0,0.0,0,0.0,0.0
057928,楠梓電國泰5A購01,TW,0.0,-783.0,0.0,0.0,0,0.0,0.0
057929,新興國泰5A購01,TW,0.0,-64.0,0.0,0.0,0,0.0,0.0
057932,華城兆豐5B購02,TW,0.0,740.0,0.0,0.0,0,0.0,0.0
057933,金像電兆豐63購01,TW,0.0,55.0,0.0,0.0,0,0.0,0.0
057934,台光電兆豐5B購01,TW,0.0,111.0,0.0,0.0,0,0.0,0.0
057936,聯鈞兆豐5B購01,TW,0.0,30.0,0.0,0.0,0,0.0,0.0
057938,台積電台新59購02,TW,0.0,-92.0,0.0,0.0,0,0.0,0.0
057939,台灣50凱基59購07,TW,0.0,-66.0,0.0,0.0,0,0.0,0.0
057941,元金2X凱基66購01,TW,0.0,2.0,0.0,0.0,0,0.0,0.0
057944,華城凱基61購02,TW,0.0,-20.0,0.0,0.0,0,0.0,0.0
057945,美時凱基59購02,TW,0.0,-54.0,0.0,0.0,0,0.0,0.0
057946,光寶科凱基5A購04,TW,0.0,-237.0,0.0,0.0,0,0.0,0.0
057947,聯電凱基5B購02,TW,0.0,0.0,0.0,0.0,0,0.0,0.0
057948,楠梓電凱基5A購02,TW,0.0,39.0,0.0,0.0,0,0.0,0.0
057949,華泰凱基59購02,TW,0.0,-7.0,0.0,0.0,0,0.0,0.0
057950,台積電凱基5A購05,TW,0.0,5.0,0.0,0.0,0,0.0,0.0
057951,英業達凱基59購02,TW,0.0,-142.0,0.0,0.0,0,0.0,0.0
057952,華碩凱基59購01,TW,0.0,-6.0,0.0,0.0,0,0.0,0.0
057953,漢唐凱基5A購04,TW,0.0,-505.0,0.0,0.0,0,0.0,0.0
057954,聯發科凱基59購07,TW,0.0,2.0,0.0,0.0,0,0.0,0.0
057956,華新科凱基59購01,TW,0.0,27.0,0.0,0.0,0,0.0,0.0
057957,揚博凱基59購01,TW,0.0,49.0,0.0,0.0,0,0.0,0.0
057958,大立光凱基5A購03,TW,0.0,-1140.0,0.0,0.0,0,0.0,0.0
057959,德律凱基5A購01,TW,0.0,50.0,0.0,0.0,0,0.0,0.0
057960,聯鈞凱基59購02,TW,0.0,-123.0,0.0,0.0,0,0.0,0.0
057961,嘉澤凱基59購02,TW,0.0,-438.0,0.0,0.0,0,0.0,0.0
057962,牧德凱基59購01,TW,0.0,157.0,0.0,0.0,0,0.0,0.0
057963,定穎控凱基5B購03,TW,0.0,-1.0,0.0,0.0,0,0.0,0.0
057965,眾達凱基5A購01,TW,0.0,37.0,0.0,0.0,0,0.0,0.0
057966,佳必琪凱基5A購01,TW,0.0,17.0,0.0,0.0,0,0.0,0.0
057967,台塑化凱基59購01,TW,0.0,-112.0,0.0,0.0,0,0.0,0.0
057968,緯穎凱基59購09,TW,0.0,5.0,0.0,0.0,0,0.0,0.0
057969,洋基凱基59購02,TW,0.0,-101.0,0.0,0.0,0,0.0,0.0
057971,AES凱基5A購01,TW,0.0,423.0,0.0,0.0,0,0.0,0.0
057972,采鈺凱基59購03,TW,0.0,15.0,0.0,0.0,0,0.0,0.0
057973,南茂凱基61購01,TW,0.0,-159.0,0.0,0.0,0,0.0,0.0
057974,臺股指凱基5C購10,TW,0.0,30.0,0.0,0.0,0,0.0,0.0
057975,台塑元大59購07,TW,0.0,-25.0,0.0,0.0,0,0.0,0.0
057977,中興電元大59購01,TW,0.0,-330.0,0.0,0.0,0,0.0,0.0
057979,亞力元大59購03,TW,0.0,33.0,0.0,0.0,0,0.0,0.0
057980,華城元大59購03,TW,0.0,-25.0,0.0,0.0,0,0.0,0.0
057981,華城元大59購04,TW,0.0,-10.0,0.0,0.0,0,0.0,0.0
057982,光寶科元大61購04,TW,0.0,50.0,0.0,0.0,0,0.0,0.0
057983,聯電元大61購09,TW,0.0,18.0,0.0,0.0,0,0.0,0.0
057984,楠梓電元大59購01,TW,0.0,-5.0,0.0,0.0,0,0.0,0.0
057985,楠梓電元大59購02,TW,0.0,-39.0,0.0,0.0,0,0.0,0.0
057986,台積電元大59購07,TW,0.0,-1431.0,8.0,0.0,0,0.0,0.0
057987,台積電元大59購08,TW,0.0,-148.0,0.0,0.0,0,0.0,0.0
057988,台積電元大61購15,TW,0.0,568.0,0.0,0.0,0,0.0,0.0
057989,台光電元大59購03,TW,0.0,471.0,0.0,0.0,0,0.0,0.0
057990,台光電元大59購04,TW,0.0,-177.0,0.0,0.0,0,0.0,0.0
057991,偉詮電元大59購01,TW,0.0,-201.0,0.0,0.0,0,0.0,0.0
057992,聯發科元大61購16,TW,0.0,72.0,0.0,0.0,0,0.0,0.0
057994,凱基金元大59購01,TW,0.0,50.0,0.0,0.0,0,0.0,0.0
057995,奇鋐元大59購08,TW,0.0,-205.0,0.0,0.0,0,0.0,0.0
057996,奇鋐元大5C購03,TW,0.0,-150.0,0.0,0.0,0,0.0,0.0
057997,奇鋐元大61購05,TW,0.0,-152.0,0.0,0.0,0,0.0,0.0
057998,亞光元大59購02,TW,0.0,-489.0,0.0,0.0,0,0.0,0.0
057999,緯創元大61購04,TW,0.0,2.0,0.0,0.0,0,0.0,0.0
058000,嘉澤元大59購02,TW,0.0,53.0,0.0,0.0,0,0.0,0.0
058001,嘉澤元大5B購01,TW,0.0,14.0,0.0,0.0,0,0.0,0.0
058002,世芯元大61購04,TW,0.0,22.0,0.0,0.0,0,0.0,0.0
058003,上緯控元大59購01,TW,0.0,-742.0,0.0,0.0,0,0.0,0.0
058004,日月光元大59購05,TW,0.0,30.0,0.0,0.0,0,0.0,0.0
058005,定穎控元大61購05,TW,0.0,-528.0,0.0,0.0,0,0.0,0.0
058006,國精化元大59購01,TW,0.0,861.0,5.0,0.0,0,0.0,0.0
058007,臻鼎元大59購06,TW,0.0,-3.0,0.0,0.0,0,0.0,0.0
058008,臻鼎元大59購07,TW,0.0,2.0,0.0,0.0,0,0.0,0.0
058009,眾達元大59購03,TW,0.0,-13.0,0.0,0.0,0,0.0,0.0
058010,眾達元大59購04,TW,0.0,-25.0,0.0,0.0,0,0.0,0.0
058012,同欣電元大59購01,TW,0.0,-2133.0,0.0,0.0,0,0.0,0.0
058013,啟碁元大59購02,TW,0.0,47.0,0.0,0.0,0,0.0,0.0
058014,啟碁元大59購03,TW,0.0,-8.0,0.0,0.0,0,0.0,0.0
058015,啟碁元大59購04,TW,0.0,351.0,0.0,0.0,0,0.0,0.0
058016,啟碁元大59購05,TW,0.0,5.0,0.0,0.0,0,0.0,0.0
058017,啟碁元大61購05,TW,0.0,119.0,0.0,0.0,0,0.0,0.0
058019,汎銓元大59購02,TW,0.0,2362.0,0.0,0.0,0,0.0,0.0
058020,瀚荃元大59購01,TW,0.0,-3025.0,0.0,0.0,0,0.0,0.0
058021,南茂元大59購05,TW,0.0,-240.0,0.0,0.0,0,0.0,0.0
058022,南茂元大59購06,TW,0.0,-302.0,0.0,0.0,0,0.0,0.0
058024,勤誠元大59購03,TW,0.0,-10.0,0.0,0.0,0,0.0,0.0
058025,臺股指元大59購22,TW,0.0,-8.0,0.0,0.0,0,0.0,0.0
058026,臺股指元大59購23,TW,0.0,-10.0,0.0,0.0,0,0.0,0.0
058030,台化群益5B購02,TW,0.0,-10.0,0.0,0.0,0,0.0,0.0
058032,華城群益63購01,TW,0.0,27.0,0.0,0.0,0,0.0,0.0
058033,大成鋼群益59購02,TW,0.0,-52.0,0.0,0.0,0,0.0,0.0
058035,光寶科群益5A購01,TW,0.0,-51.0,0.0,0.0,0,0.0,0.0
058036,光寶科群益5B購02,TW,0.0,11.0,0.0,0.0,0,0.0,0.0
058037,鴻海群益5A購07,TW,0.0,649.0,0.0,0.0,0,0.0,0.0
058038,鴻海群益5C購06,TW,0.0,356.0,0.0,0.0,0,0.0,0.0
058041,台積電群益59購07,TW,0.0,-80.0,0.0,0.0,0,0.0,0.0
058042,台積電群益5B購04,TW,0.0,80.0,0.0,0.0,0,0.0,0.0
058044,佳能群益59購01,TW,0.0,1199.0,0.0,0.0,0,0.0,0.0
058045,漢唐群益5B購01,TW,0.0,-243.0,0.0,0.0,0,0.0,0.0
058046,偉詮電群益59購01,TW,0.0,-10.0,0.0,0.0,0,0.0,0.0
058047,偉詮電群益59購02,TW,0.0,-349.0,0.0,0.0,0,0.0,0.0
058049,義隆群益59購01,TW,0.0,84.0,0.0,0.0,0,0.0,0.0
058050,義隆群益59購02,TW,0.0,12.0,0.0,0.0,0,0.0,0.0
058051,強茂群益59購02,TW,0.0,-10.0,0.0,0.0,0,0.0,0.0
058052,華新科群益59購01,TW,0.0,15.0,0.0,0.0,0,0.0,0.0
058053,華新科群益59購02,TW,0.0,22.0,0.0,0.0,0,0.0,0.0
058055,奇鋐群益59購06,TW,0.0,0.0,0.0,0.0,0,0.0,0.0
058056,奇鋐群益59購07,TW,0.0,-172.0,0.0,0.0,0,0.0,0.0
058057,零壹群益5A購01,TW,0.0,312.0,0.0,0.0,0,0.0,0.0
058058,宏達電國票5B購01,TW,0.0,638.0,0.0,0.0,0,0.0,0.0
058060,緯創群益59購01,TW,0.0,43.0,0.0,0.0,0,0.0,0.0
058061,聯鈞群益59購04,TW,0.0,340.0,0.0,0.0,0,0.0,0.0
058063,嘉澤群益59購04,TW,0.0,-1.0,0.0,0.0,0,0.0,0.0
058064,嘉澤群益5A購02,TW,0.0,3.0,0.0,0.0,0,0.0,0.0
058066,達邁群益59購01,TW,0.0,-20.0,0.0,0.0,0,0.0,0.0
058067,世芯群益59購02,TW,0.0,20.0,0.0,0.0,0,0.0,0.0
058068,世芯群益59購03,TW,0.0,-468.0,0.0,0.0,0,0.0,0.0
058069,上緯控群益59購01,TW,0.0,-67.0,0.0,0.0,0,0.0,0.0
058070,日月光群益59購04,TW,0.0,-76.0,0.0,0.0,0,0.0,0.0
058071,鈞興群益5B購01,TW,0.0,334.0,0.0,0.0,0,0.0,0.0
058072,眾達群益5A購01,TW,0.0,61.0,0.0,0.0,0,0.0,0.0
058073,邁達特群益59購01,TW,0.0,-699.0,0.0,0.0,0,0.0,0.0
058074,邁達特群益59購02,TW,0.0,-699.0,0.0,0.0,0,0.0,0.0
058075,精誠群益5A購01,TW,0.0,61.0,0.0,0.0,0,0.0,0.0
058076,力成群益59購04,TW,0.0,-234.0,0.0,0.0,0,0.0,0.0
058078,天虹群益5A購01,TW,0.0,-25.0,0.0,0.0,0,0.0,0.0
058080,南茂群益59購02,TW,0.0,311.0,0.0,0.0,0,0.0,0.0
058081,長興國泰5A購01,TW,0.0,-17.0,0.0,0.0,0,0.0,0.0
058082,毅嘉國泰5A購01,TW,0.0,-81.0,0.0,0.0,0,0.0,0.0
058083,漢唐國泰5A購01,TW,0.0,-140.0,0.0,0.0,0,0.0,0.0
058087,惠特國泰5A購01,TW,0.0,-45.0,0.0,0.0,0,0.0,0.0
058088,惠特國泰5A購02,TW,0.0,-8.0,0.0,0.0,0,0.0,0.0
058089,兆聯國泰5A購02,TW,0.0,-14.0,0.0,0.0,0,0.0,0.0
058091,台積電兆豐5B購01,TW,0.0,85.0,0.0,0.0,0,0.0,0.0
058092,新興兆豐5B購01,TW,0.0,118.0,0.0,0.0,0,0.0,0.0
058093,大立光兆豐63購01,TW,0.0,504.0,0.0,0.0,0,0.0,0.0
058094,德律兆豐5B購01,TW,0.0,-3.0,0.0,0.0,0,0.0,0.0
058095,玉晶光兆豐63購01,TW,0.0,-2030.0,0.0,0.0,0,0.0,0.0
058096,貿聯兆豐63購01,TW,0.0,-3.0,0.0,0.0,0,0.0,0.0
058097,同欣電兆豐5B購01,TW,0.0,-987.0,0.0,0.0,0,0.0,0.0
058099,長興永豐5C購01,TW,0.0,-78.0,0.0,0.0,0,0.0,0.0
058101,美時永豐61購02,TW,0.0,-25.0,0.0,0.0,0,0.0,0.0
058102,台積電永豐5B購05,TW,0.0,-408.0,0.0,0.0,0,0.0,0.0
058103,光罩永豐5B購01,TW,0.0,-711.0,0.0,0.0,0,0.0,0.0
058105,創見永豐59購01,TW,0.0,-55.0,0.0,0.0,0,0.0,0.0
058106,創見永豐5A購01,TW,0.0,-97.0,0.0,0.0,0,0.0,0.0
058107,強茂永豐5A購01,TW,0.0,778.0,0.0,0.0,0,0.0,0.0
058108,皇昌永豐59購01,TW,0.0,-313.0,0.0,0.0,0,0.0,0.0
058109,長榮永豐5B購01,TW,0.0,0.0,0.0,0.0,0,0.0,0.0
058112,奇鋐永豐5B購04,TW,0.0,-62.0,0.0,0.0,0,0.0,0.0
058113,牧德永豐5A購02,TW,0.0,-136.0,0.0,0.0,0,0.0,0.0
058114,定穎控永豐5B購01,TW,0.0,-160.0,0.0,0.0,0,0.0,0.0
058115,采鈺永豐59購01,TW,0.0,103.0,0.0,0.0,0,0.0,0.0
058116,台虹永豐5A購01,TW,0.0,-398.0,0.0,0.0,0,0.0,0.0
058117,元石油國票59購01,TW,0.0,-1.0,0.0,0.0,0,0.0,0.0
058118,元石油國票5A購01,TW,0.0,-4.0,0.0,0.0,0,0.0,0.0
058120,元油反國票59購01,TW,0.0,-10.0,0.0,0.0,0,0.0,0.0
058125,光罩國票5A購02,TW,0.0,130.0,0.0,0.0,0,0.0,0.0
058126,瑞昱國票59購01,TW,0.0,71.0,0.0,0.0,0,0.0,0.0
058127,瑞昱國票5A購01,TW,0.0,162.0,0.0,0.0,0,0.0,0.0
058128,創見國票5A購01,TW,0.0,-22.0,0.0,0.0,0,0.0,0.0
058129,志聖國票5A購02,TW,0.0,417.0,0.0,0.0,0,0.0,0.0
058130,志聖國票5B購01,TW,0.0,-1.0,0.0,0.0,0,0.0,0.0
058131,中工國票5A購01,TW,0.0,-164.0,0.0,0.0,0,0.0,0.0
058134,德律國票5A購02,TW,0.0,20.0,0.0,0.0,0,0.0,0.0
058135,牧德國票5A購01,TW,0.0,-210.0,0.0,0.0,0,0.0,0.0
058136,辛耘國票59購01,TW,0.0,3.0,0.0,0.0,0,0.0,0.0
058137,臻鼎國票5A購01,TW,0.0,58.0,0.0,0.0,0,0.0,0.0
058138,祥碩國票59購01,TW,0.0,-363.0,0.0,0.0,0,0.0,0.0
058139,祥碩國票59購02,TW,0.0,-361.0,0.0,0.0,0,0.0,0.0
058140,瀚宇博國票59購01,TW,0.0,-24.0,0.0,0.0,0,0.0,0.0
058141,富世達國票62購02,TW,0.0,-34.0,0.0,0.0,0,0.0,0.0
058142,台虹國票5B購01,TW,0.0,15.0,0.0,0.0,0,0.0,0.0
058143,瀚荃國票59購02,TW,0.0,-13.0,0.0,0.0,0,0.0,0.0
058144,鴻海台新59購03,TW,0.0,-5.0,0.0,0.0,0,0.0,0.0
058145,台灣50元大59購02,TW,0.0,-30.0,0.0,0.0,0,0.0,0.0
058146,台灣50元大59購03,TW,0.0,6.0,0.0,0.0,0,0.0,0.0
058154,台化元大5A購01,TW,0.0,30.0,0.0,0.0,0,0.0,0.0
058155,台化元大61購03,TW,0.0,-230.0,0.0,0.0,0,0.0,0.0
058156,華城元大59購05,TW,0.0,-246.0,0.0,0.0,0,0.0,0.0
058157,華城元大61購03,TW,0.0,-8486.0,0.0,0.0,0,0.0,0.0
058158,長興元大5B購03,TW,0.0,308.0,0.0,0.0,0,0.0,0.0
058159,長興元大61購01,TW,0.0,-947.0,0.0,0.0,0,0.0,0.0
058160,台積電元大59購10,TW,0.0,114.0,0.0,0.0,0,0.0,0.0
058161,台積電元大61購16,TW,0.0,-85.0,0.0,0.0,0,0.0,0.0
058162,光罩元大59購02,TW,0.0,-452.0,0.0,0.0,0,0.0,0.0
058163,光罩元大59購03,TW,0.0,-292.0,0.0,0.0,0,0.0,0.0
058164,光罩元大59購04,TW,0.0,-447.0,0.0,0.0,0,0.0,0.0
058165,技嘉元大59購04,TW,0.0,-1058.0,0.0,0.0,0,0.0,0.0
058166,偉詮電元大59購02,TW,0.0,-283.0,0.0,0.0,0,0.0,0.0
058167,偉詮電元大59購03,TW,0.0,16.0,0.0,0.0,0,0.0,0.0
058169,創見元大5C購01,TW,0.0,-90.0,0.0,0.0,0,0.0,0.0
058170,創見元大61購01,TW,0.0,-3.0,0.0,0.0,0,0.0,0.0
058174,志聖元大5B購01,TW,0.0,9.0,0.0,0.0,0,0.0,0.0
058176,奇鋐元大59購09,TW,0.0,-62.0,0.0,0.0,0,0.0,0.0
058177,奇鋐元大59購10,TW,0.0,-9.0,0.0,0.0,0,0.0,0.0
058178,奇鋐元大61購06,TW,0.0,-106.0,0.0,0.0,0,0.0,0.0
058179,增你強元大59購02,TW,0.0,161.0,0.0,0.0,0,0.0,0.0
058180,聯鈞元大59購03,TW,0.0,22.0,0.0,0.0,0,0.0,0.0
058181,聯鈞元大59購04,TW,0.0,23.0,0.0,0.0,0,0.0,0.0
058182,聯鈞元大59購05,TW,0.0,12.0,0.0,0.0,0,0.0,0.0
058183,聯鈞元大59購06,TW,0.0,63.0,0.0,0.0,0,0.0,0.0
058185,牧德元大59購02,TW,0.0,17.0,0.0,0.0,0,0.0,0.0
058186,牧德元大5B購01,TW,0.0,251.0,0.0,0.0,0,0.0,0.0
058187,牧德元大5C購02,TW,0.0,209.0,0.0,0.0,0,0.0,0.0
058188,日月光元大59購06,TW,0.0,-374.0,0.0,0.0,0,0.0,0.0
058189,大銀元大59購01,TW,0.0,8.0,0.0,0.0,0,0.0,0.0
058191,崇越元大59購01,TW,0.0,-15.0,0.0,0.0,0,0.0,0.0
058193,啟碁元大59購07,TW,0.0,175.0,0.0,0.0,0,0.0,0.0
058194,啟碁元大59購08,TW,0.0,50.0,0.0,0.0,0,0.0,0.0
058197,啟碁元大61購06,TW,0.0,47.0,0.0,0.0,0,0.0,0.0
058198,鈺邦元大59購01,TW,0.0,-333.0,0.0,0.0,0,0.0,0.0
058199,緯穎元大59購06,TW,0.0,-5.0,0.0,0.0,0,0.0,0.0
058200,緯穎元大61購01,TW,0.0,-19.0,0.0,0.0,0,0.0,0.0
058202,采鈺元大59購04,TW,0.0,-34.0,0.0,0.0,0,0.0,0.0
058203,采鈺元大59購05,TW,0.0,49.0,0.0,0.0,0,0.0,0.0
058205,臺股指元大5A購12,TW,0.0,-2025.0,0.0,0.0,0,0.0,0.0
058206,臺股指元大61購19,TW,0.0,-40.0,0.0,0.0,0,0.0,0.0
058208,臺股指元大63購17,TW,0.0,16.0,0.0,0.0,0,0.0,0.0
058209,元黃金群益61購02,TW,0.0,40.0,0.0,0.0,0,0.0,0.0
058214,SGBR2X群益5B購01,TW,0.0,5.0,0.0,0.0,0,0.0,0.0
058218,華城群益62購01,TW,0.0,-41.0,0.0,0.0,0,0.0,0.0
058219,東鹼群益5A購01,TW,0.0,-20.0,0.0,0.0,0,0.0,0.0
058220,長興群益59購02,TW,0.0,108.0,0.0,0.0,0,0.0,0.0
058221,光寶科群益5C購02,TW,0.0,-10.0,0.0,0.0,0,0.0,0.0
058222,鴻海群益59購04,TW,0.0,-681.0,0.0,0.0,0,0.0,0.0
058223,華碩群益59購01,TW,0.0,-31.0,0.0,0.0,0,0.0,0.0
058224,毅嘉群益59購01,TW,0.0,-338.0,0.0,0.0,0,0.0,0.0
058225,毅嘉群益5B購01,TW,0.0,-10.0,0.0,0.0,0,0.0,0.0
058226,漢唐群益5A購03,TW,0.0,34.0,0.0,0.0,0,0.0,0.0
058227,友達群益5A購02,TW,0.0,-61.0,0.0,0.0,0,0.0,0.0
058229,創見群益59購02,TW,0.0,-255.0,0.0,0.0,0,0.0,0.0
058231,志聖群益59購02,TW,0.0,-99.0,0.0,0.0,0,0.0,0.0
058234,萬海群益59購01,TW,0.0,-105.0,0.0,0.0,0,0.0,0.0
058235,萬海群益59購02,TW,0.0,-100.0,0.0,0.0,0,0.0,0.0
058236,萬海群益5B購01,TW,0.0,0.0,0.0,0.0,0,0.0,0.0
058237,大立光群益59購02,TW,0.0,20.0,0.0,0.0,0,0.0,0.0
058238,德律群益5B購03,TW,0.0,-12.0,0.0,0.0,0,0.0,0.0
058239,明泰群益59購01,TW,0.0,85.0,0.0,0.0,0,0.0,0.0
058240,牧德群益59購01,TW,0.0,385.0,0.0,0.0,0,0.0,0.0
058241,世芯群益59購04,TW,0.0,3.0,0.0,0.0,0,0.0,0.0
058242,貿聯群益59購03,TW,0.0,-20.0,0.0,0.0,0,0.0,0.0
058244,佳必琪群益59購02,TW,0.0,-30.0,0.0,0.0,0,0.0,0.0
058247,聯茂群益63購01,TW,0.0,-4.0,0.0,0.0,0,0.0,0.0
058248,和椿群益5A購01,TW,0.0,-60.0,0.0,0.0,0,0.0,0.0
058249,GIS群益59購01,TW,0.0,-8.0,0.0,0.0,0,0.0,0.0
058252,緯穎群益59購02,TW,0.0,10.0,0.0,0.0,0,0.0,0.0
058254,台虹群益5A購01,TW,0.0,-160.0,0.0,0.0,0,0.0,0.0
058255,T50反1凱基5A購03,TW,0.0,20.0,0.0,0.0,0,0.0,0.0
058257,元黃金凱基63購01,TW,0.0,40.0,0.0,0.0,0,0.0,0.0
058259,SP黃豆凱基63購01,TW,0.0,5.0,0.0,0.0,0,0.0,0.0
058260,元金2X凱基63購01,TW,0.0,-30.0,0.0,0.0,0,0.0,0.0
058263,士電凱基5C購01,TW,0.0,-5.0,0.0,0.0,0,0.0,0.0
058265,大成鋼凱基59購01,TW,0.0,121.0,0.0,0.0,0,0.0,0.0
058268,上銀凱基61購01,TW,0.0,75.0,0.0,0.0,0,0.0,0.0
058270,創見凱基59購03,TW,0.0,-8.0,0.0,0.0,0,0.0,0.0
058271,創見凱基59購04,TW,0.0,-10.0,0.0,0.0,0,0.0,0.0
058272,志聖凱基5A購02,TW,0.0,-66.0,0.0,0.0,0,0.0,0.0
058274,長榮凱基5B購02,TW,0.0,-3.0,0.0,0.0,0,0.0,0.0
058276,陽明凱基59購01,TW,0.0,-18.0,0.0,0.0,0,0.0,0.0
058277,奇鋐凱基61購03,TW,0.0,-27.0,0.0,0.0,0,0.0,0.0
058278,聯鈞凱基5B購01,TW,0.0,-68.0,0.0,0.0,0,0.0,0.0
058279,上緯控凱基59購02,TW,0.0,23.0,0.0,0.0,0,0.0,0.0
058280,日月光凱基5A購04,TW,0.0,-10.0,0.0,0.0,0,0.0,0.0
058281,定穎控凱基59購04,TW,0.0,-285.0,0.0,0.0,0,0.0,0.0
058282,新唐凱基59購01,TW,0.0,-10.0,0.0,0.0,0,0.0,0.0
058283,力成凱基59購06,TW,0.0,-279.0,0.0,0.0,0,0.0,0.0
058284,矽格凱基61購01,TW,0.0,10.0,0.0,0.0,0,0.0,0.0
058285,啟碁凱基5A購02,TW,0.0,74.0,0.0,0.0,0,0.0,0.0
058286,GIS凱基59購01,TW,0.0,-87.0,0.0,0.0,0,0.0,0.0
058288,緯穎凱基61購01,TW,0.0,-4.0,0.0,0.0,0,0.0,0.0
058289,惠特凱基61購01,TW,0.0,108.0,0.0,0.0,0,0.0,0.0
058290,采鈺凱基5A購01,TW,0.0,-421.0,0.0,0.0,0,0.0,0.0
058291,富世達凱基5A購01,TW,0.0,-74.0,0.0,0.0,0,0.0,0.0
058292,天虹凱基5A購01,TW,0.0,-5.0,0.0,0.0,0,0.0,0.0
058293,勤誠凱基5B購01,TW,0.0,6.0,0.0,0.0,0,0.0,0.0
058294,臺股指凱基59購21,TW,0.0,0.0,0.0,0.0,0,0.0,0.0
058295,臺股指凱基5A購29,TW,0.0,-3.0,0.0,0.0,0,0.0,0.0
058296,臺股指凱基5A購30,TW,0.0,39.0,0.0,0.0,0,0.0,0.0
058297,南亞富邦5B購03,TW,0.0,-68.0,0.0,0.0,0,0.0,0.0
058300,亞力富邦5B購01,TW,0.0,-213.0,0.0,0.0,0,0.0,0.0
058301,長興富邦63購01,TW,0.0,538.0,0.0,0.0,0,0.0,0.0
058302,美時富邦5B購02,TW,0.0,-247.0,0.0,0.0,0,0.0,0.0
058303,中鋼富邦5C購01,TW,0.0,0.0,0.0,0.0,0,0.0,0.0
058305,志聖富邦63購01,TW,0.0,17.0,0.0,0.0,0,0.0,0.0
058307,強茂富邦5C購01,TW,0.0,867.0,0.0,0.0,0,0.0,0.0
058308,長榮富邦5B購01,TW,0.0,-165.0,0.0,0.0,0,0.0,0.0
058309,萬海富邦5C購01,TW,0.0,0.0,0.0,0.0,0,0.0,0.0
058310,奇鋐富邦5C購02,TW,0.0,-80.0,0.0,0.0,0,0.0,0.0
058311,德律富邦5A購02,TW,0.0,8.0,0.0,0.0,0,0.0,0.0
058312,嘉澤富邦5B購02,TW,0.0,107.0,0.0,0.0,0,0.0,0.0
058313,嘉澤富邦5C購01,TW,0.0,-407.0,0.0,0.0,0,0.0,0.0
058314,牧德富邦5A購01,TW,0.0,6.0,0.0,0.0,0,0.0,0.0
058315,世芯富邦5B購02,TW,0.0,0.0,0.0,0.0,0,0.0,0.0
058317,定穎控富邦5C購01,TW,0.0,48.0,0.0,0.0,0,0.0,0.0
058319,臻鼎富邦5B購02,TW,0.0,9.0,0.0,0.0,0,0.0,0.0
058321,祥碩富邦5B購01,TW,0.0,-184.0,0.0,0.0,0,0.0,0.0
058322,祥碩富邦5B購02,TW,0.0,375.0,0.0,0.0,0,0.0,0.0
058323,同欣電富邦5C購01,TW,0.0,-349.0,0.0,0.0,0,0.0,0.0
058324,啟碁富邦5C購01,TW,0.0,251.0,0.0,0.0,0,0.0,0.0
058325,旭隼富邦5B購01,TW,0.0,-41.0,0.0,0.0,0,0.0,0.0
058327,愛普富邦59購01,TW,0.0,5.0,0.0,0.0,0,0.0,0.0
058328,AES富邦5B購01,TW,0.0,929.0,0.0,0.0,0,0.0,0.0
058329,采鈺富邦63購01,TW,0.0,-541.0,0.0,0.0,0,0.0,0.0
058330,南茂富邦5C購01,TW,0.0,0.0,0.0,0.0,0,0.0,0.0
058331,眾達台新59購01,TW,0.0,-88.0,0.0,0.0,0,0.0,0.0
058332,緯穎台新59購01,TW,0.0,-17.0,0.0,0.0,0,0.0,0.0
058333,宇隆永豐5C購01,TW,0.0,42.0,0.0,0.0,0,0.0,0.0
058334,鴻海永豐59購05,TW,0.0,-38.0,0.0,0.0,0,0.0,0.0
058335,鴻海永豐59購06,TW,0.0,-3769.0,0.0,0.0,0,0.0,0.0
058337,台積電永豐63購06,TW,0.0,-122.0,0.0,0.0,0,0.0,0.0
058338,台積電永豐73購01,TW,0.0,-182.0,0.0,0.0,0,0.0,0.0
058339,長榮永豐5A購02,TW,0.0,-160.0,0.0,0.0,0,0.0,0.0
058340,長榮永豐61購01,TW,0.0,-250.0,0.0,0.0,0,0.0,0.0
058341,陽明永豐5A購01,TW,0.0,-100.0,0.0,0.0,0,0.0,0.0
058342,萬海永豐5A購01,TW,0.0,-158.0,0.0,0.0,0,0.0,0.0
058343,萬海永豐5B購01,TW,0.0,10.0,0.0,0.0,0,0.0,0.0
058344,貿聯永豐5B購01,TW,0.0,-1.0,0.0,0.0,0,0.0,0.0
058345,眾達永豐5A購03,TW,0.0,-17.0,0.0,0.0,0,0.0,0.0
058346,緯穎永豐59購05,TW,0.0,165.0,0.0,0.0,0,0.0,0.0
058347,FB科技凱基5A購01,TW,0.0,-1.0,0.0,0.0,0,0.0,0.0
058348,T50反1凱基61購04,TW,0.0,10.0,0.0,0.0,0,0.0,0.0
058351,元油反凱基59購01,TW,0.0,691.0,0.0,0.0,0,0.0,0.0
058352,元金2X凱基59購04,TW,0.0,-10.0,0.0,0.0,0,0.0,0.0
058354,道瓊銀凱基5B購06,TW,0.0,-26.0,0.0,0.0,0,0.0,0.0
058355,台灣5G凱基5A購01,TW,0.0,1.0,0.0,0.0,0,0.0,0.0
058356,台泥凱基59購01,TW,0.0,-15.0,0.0,0.0,0,0.0,0.0
058358,華城凱基5A購02,TW,0.0,-42.0,0.0,0.0,0,0.0,0.0
058360,長興凱基5B購01,TW,0.0,4.0,0.0,0.0,0,0.0,0.0
058361,美時凱基59購03,TW,0.0,-31.0,0.0,0.0,0,0.0,0.0
058362,光寶科凱基5B購01,TW,0.0,-155.0,0.0,0.0,0,0.0,0.0
058363,毅嘉凱基61購02,TW,0.0,-10.0,0.0,0.0,0,0.0,0.0
058364,漢唐凱基59購03,TW,0.0,-617.0,0.0,0.0,0,0.0,0.0
058369,萬海凱基59購02,TW,0.0,-14.0,0.0,0.0,0,0.0,0.0
058371,宏達電國票5B購02,TW,0.0,-92.0,0.0,0.0,0,0.0,0.0
058372,聯陽凱基59購01,TW,0.0,-215.0,0.0,0.0,0,0.0,0.0
058373,奇鋐凱基61購04,TW,0.0,-127.0,0.0,0.0,0,0.0,0.0
058374,明泰凱基59購01,TW,0.0,22.0,0.0,0.0,0,0.0,0.0
058375,牧德凱基5A購02,TW,0.0,-456.0,0.0,0.0,0,0.0,0.0
058376,世芯凱基59購04,TW,0.0,0.0,0.0,0.0,0,0.0,0.0
058379,貿聯凱基5C購01,TW,0.0,-64.0,0.0,0.0,0,0.0,0.0
058380,定穎控凱基61購03,TW,0.0,-42.0,0.0,0.0,0,0.0,0.0
058383,祥碩凱基5B購02,TW,0.0,-114.0,0.0,0.0,0,0.0,0.0
058384,瀚宇博凱基59購01,TW,0.0,50.0,0.0,0.0,0,0.0,0.0
058386,台表科凱基59購01,TW,0.0,4.0,0.0,0.0,0,0.0,0.0
058387,啟碁凱基59購03,TW,0.0,10.0,0.0,0.0,0,0.0,0.0
058388,鈺邦凱基59購01,TW,0.0,-81.0,0.0,0.0,0,0.0,0.0
058389,GIS凱基5A購01,TW,0.0,-280.0,0.0,0.0,0,0.0,0.0
058390,台塑化凱基59購02,TW,0.0,0.0,0.0,0.0,0,0.0,0.0
058391,緯穎凱基59購10,TW,0.0,-7.0,0.0,0.0,0,0.0,0.0
058392,洋基凱基5A購01,TW,0.0,-100.0,0.0,0.0,0,0.0,0.0
058393,龍德船凱基59購04,TW,0.0,-2.0,0.0,0.0,0,0.0,0.0
058394,台虹凱基5A購01,TW,0.0,-96.0,0.0,0.0,0,0.0,0.0
058395,臺股指凱基5A購31,TW,0.0,-28.0,0.0,0.0,0,0.0,0.0
058396,臺股指凱基61購06,TW,0.0,-9.0,0.0,0.0,0,0.0,0.0
058397,臺股指凱基63購06,TW,0.0,-346.0,0.0,0.0,0,0.0,0.0
058398,友達兆豐5B購02,TW,0.0,-189.0,-26.0,0.0,0,0.0,0.0
058399,緯創兆豐63購01,TW,0.0,-1215.0,0.0,0.0,0,0.0,0.0
05839U,台達電中信59售03,TW,0.0,-41.0,0.0,0.0,0,0.0,0.0
058400,采鈺兆豐5B購01,TW,0.0,-101.0,0.0,0.0,0,0.0,0.0
058401,鴻海富邦59購04,TW,0.0,-256.0,0.0,0.0,0,0.0,0.0
058402,聯發科富邦59購03,TW,0.0,101.0,0.0,0.0,0,0.0,0.0
058403,台新金富邦59購01,TW,0.0,105.0,0.0,0.0,0,0.0,0.0
058404,永豐金富邦5B購01,TW,0.0,2136.0,0.0,0.0,0,0.0,0.0
058406,台虹富邦63購01,TW,0.0,32.0,0.0,0.0,0,0.0,0.0
058408,華城國泰5A購01,TW,0.0,-130.0,0.0,0.0,0,0.0,0.0
058409,上銀國泰5A購01,TW,0.0,8.0,0.0,0.0,0,0.0,0.0
05840U,華碩中信59售02,TW,0.0,12.0,0.0,0.0,0,0.0,0.0
058410,建準國泰5A購01,TW,0.0,-44.0,0.0,0.0,0,0.0,0.0
058411,長榮國泰5A購01,TW,0.0,-80.0,0.0,0.0,0,0.0,0.0
058412,長榮國泰5A購02,TW,0.0,0.0,0.0,0.0,0,0.0,0.0
058414,陽明國泰5A購02,TW,0.0,-2.0,0.0,0.0,0,0.0,0.0
058415,台虹國泰5A購01,TW,0.0,-99.0,0.0,0.0,0,0.0,0.0
058416,南亞元大61購03,TW,0.0,-2631.0,0.0,0.0,0,0.0,0.0
058417,華城元大59購06,TW,0.0,-725.0,0.0,0.0,0,0.0,0.0
058418,華城元大61購04,TW,0.0,-3323.0,0.0,0.0,0,0.0,0.0
058419,永光元大59購02,TW,0.0,1.0,0.0,0.0,0,0.0,0.0
058420,長興元大59購01,TW,0.0,-450.0,0.0,0.0,0,0.0,0.0
058421,美時元大59購03,TW,0.0,-268.0,0.0,0.0,0,0.0,0.0
058422,上銀元大59購03,TW,0.0,-53.0,0.0,0.0,0,0.0,0.0
058423,上銀元大59購04,TW,0.0,11.0,0.0,0.0,0,0.0,0.0
058425,宇隆元大59購02,TW,0.0,1059.0,0.0,0.0,0,0.0,0.0
058428,光寶科元大61購05,TW,0.0,-200.0,0.0,0.0,0,0.0,0.0
058431,台積電元大61購17,TW,0.0,-26.0,0.0,0.0,0,0.0,0.0
058432,敬鵬元大59購01,TW,0.0,40.0,3.0,0.0,0,0.0,0.0
058435,友達元大61購08,TW,0.0,-83.0,0.0,0.0,0,0.0,0.0
058437,創見元大5C購02,TW,0.0,-94.0,0.0,0.0,0,0.0,0.0
058439,盟立元大59購03,TW,0.0,4.0,0.0,0.0,0,0.0,0.0
058440,長榮元大5A購03,TW,0.0,-101.0,0.0,0.0,0,0.0,0.0
058441,長榮元大5B購01,TW,0.0,-1545.0,0.0,0.0,0,0.0,0.0
058442,長榮元大61購01,TW,0.0,-17839.0,0.0,0.0,0,0.0,0.0
058443,新興元大59購02,TW,0.0,-19.0,0.0,0.0,0,0.0,0.0
058444,新興元大5B購01,TW,0.0,1715.0,0.0,0.0,0,0.0,0.0
058445,奇鋐元大59購12,TW,0.0,-44.0,0.0,0.0,0,0.0,0.0
058446,奇鋐元大59購13,TW,0.0,-330.0,0.0,0.0,0,0.0,0.0
058447,奇鋐元大61購07,TW,0.0,-100.0,0.0,0.0,0,0.0,0.0
058450,牧德元大59購03,TW,0.0,2.0,0.0,0.0,0,0.0,0.0
058451,牧德元大5B購02,TW,0.0,22.0,0.0,0.0,0,0.0,0.0
058454,眾達元大59購05,TW,0.0,22.0,0.0,0.0,0,0.0,0.0
058455,聯茂元大59購03,TW,0.0,2.0,0.0,0.0,0,0.0,0.0
058456,啟碁元大5B購01,TW,0.0,22.0,0.0,0.0,0,0.0,0.0
058457,緯穎元大59購07,TW,0.0,-41.0,0.0,0.0,0,0.0,0.0
058458,緯穎元大5C購04,TW,0.0,130.0,0.0,0.0,0,0.0,0.0
058459,緯穎元大61購02,TW,0.0,-773.0,0.0,0.0,0,0.0,0.0
058463,汎銓元大59購06,TW,0.0,-19.0,0.0,0.0,0,0.0,0.0
058464,台虹元大59購01,TW,0.0,-126.0,0.0,0.0,0,0.0,0.0
058465,台虹元大59購02,TW,0.0,170.0,0.0,0.0,0,0.0,0.0
058468,T50反1國票59購01,TW,0.0,508.0,0.0,0.0,0,0.0,0.0
058469,T50反1國票59購02,TW,0.0,20.0,0.0,0.0,0,0.0,0.0
058470,T50反1國票5A購01,TW,0.0,-10.0,0.0,0.0,0,0.0,0.0
058472,國企2X國票59購02,TW,0.0,-236.0,0.0,0.0,0,0.0,0.0
058473,國企2X國票5A購01,TW,0.0,20.0,0.0,0.0,0,0.0,0.0
058474,元日2X國票59購01,TW,0.0,-450.0,0.0,0.0,0,0.0,0.0
058476,聯電國票59購03,TW,0.0,39.0,0.0,0.0,0,0.0,0.0
058477,台積電國票59購05,TW,0.0,40.0,0.0,0.0,0,0.0,0.0
058478,台積電國票5A購02,TW,0.0,-356.0,0.0,0.0,0,0.0,0.0
058480,聯發科國票59購04,TW,0.0,20.0,0.0,0.0,0,0.0,0.0
058481,強茂國票59購02,TW,0.0,952.0,0.0,0.0,0,0.0,0.0
058482,陽明國票59購01,TW,0.0,80.0,0.0,0.0,0,0.0,0.0
058485,萬海國票5A購01,TW,0.0,-13.0,0.0,0.0,0,0.0,0.0
058486,長榮航國票59購01,TW,0.0,124.0,0.0,0.0,0,0.0,0.0
058487,建漢國票5A購01,TW,0.0,-18.0,0.0,0.0,0,0.0,0.0
058488,明泰國票5A購01,TW,0.0,-102.0,0.0,0.0,0,0.0,0.0
058489,貿聯國票64購01,TW,0.0,-193.0,0.0,0.0,0,0.0,0.0
058492,新唐國票5A購02,TW,0.0,1.0,0.0,0.0,0,0.0,0.0
058493,眾達國票59購02,TW,0.0,-10.0,0.0,0.0,0,0.0,0.0
058494,聯茂國票65購01,TW,0.0,-24.0,0.0,0.0,0,0.0,0.0
058495,啟碁國票62購01,TW,0.0,-59.0,0.0,0.0,0,0.0,0.0
058496,GIS國票59購01,TW,0.0,-141.0,0.0,0.0,0,0.0,0.0
058497,汎銓國票59購02,TW,0.0,63.0,0.0,0.0,0,0.0,0.0
058498,汎銓國票5A購01,TW,0.0,-1.0,0.0,0.0,0,0.0,0.0
058499,汎銓國票5B購01,TW,0.0,31.0,0.0,0.0,0,0.0,0.0
058500,汎銓國票5C購01,TW,0.0,27.0,0.0,0.0,0,0.0,0.0
058501,台虹國票61購01,TW,0.0,-89.0,0.0,0.0,0,0.0,0.0
058503,臺股指國票59購02,TW,0.0,64.0,0.0,0.0,0,0.0,0.0
058505,台化元富59購01,TW,0.0,0.0,0.0,0.0,0,0.0,0.0
058506,智邦元富59購01,TW,0.0,10.0,0.0,0.0,0,0.0,0.0
058507,創見元富59購01,TW,0.0,10.0,0.0,0.0,0,0.0,0.0
058508,創見元富59購02,TW,0.0,0.0,0.0,0.0,0,0.0,0.0
058509,長榮元富59購01,TW,0.0,-12.0,0.0,0.0,0,0.0,0.0
058510,奇鋐元富59購03,TW,0.0,-400.0,0.0,0.0,0,0.0,0.0
058511,世芯元富59購02,TW,0.0,3.0,0.0,0.0,0,0.0,0.0
058512,日月光元富59購02,TW,0.0,-1.0,0.0,0.0,0,0.0,0.0
058513,眾達元富59購01,TW,0.0,-624.0,0.0,0.0,0,0.0,0.0
058514,同欣電元富59購01,TW,0.0,-1561.0,0.0,0.0,0,0.0,0.0
058515,GIS元富59購01,TW,0.0,-233.0,0.0,0.0,0,0.0,0.0
058516,台虹元富59購03,TW,0.0,-304.0,0.0,0.0,0,0.0,0.0
058519,台灣50群益59購01,TW,0.0,0.0,0.0,0.0,0,0.0,0.0
058520,台灣50群益59購02,TW,0.0,0.0,0.0,0.0,0,0.0,0.0
058523,T50反1群益59購02,TW,0.0,69.0,0.0,0.0,0,0.0,0.0
058524,T50反1群益59購03,TW,0.0,573.0,0.0,0.0,0,0.0,0.0
058525,SGBR2X群益59購02,TW,0.0,117.0,0.0,0.0,0,0.0,0.0
058526,東元群益59購02,TW,0.0,-10.0,0.0,0.0,0,0.0,0.0
058527,永光群益5A購01,TW,0.0,10.0,0.0,0.0,0,0.0,0.0
058530,新興群益5A購02,TW,0.0,-36.0,0.0,0.0,0,0.0,0.0
058531,裕民群益59購01,TW,0.0,-48.0,0.0,0.0,0,0.0,0.0
058533,陽明群益5B購01,TW,0.0,61.0,0.0,0.0,0,0.0,0.0
058536,貿聯群益59購06,TW,0.0,158.0,0.0,0.0,0,0.0,0.0
058538,眾達群益5A購02,TW,0.0,89.0,0.0,0.0,0,0.0,0.0
058539,汎銓群益59購01,TW,0.0,36.0,0.0,0.0,0,0.0,0.0
058540,臺股指群益59購24,TW,0.0,-1.0,0.0,0.0,0,0.0,0.0
058542,台灣50中信63購01,TW,0.0,-35.0,0.0,0.0,0,0.0,0.0
058543,T50反1中信63購02,TW,0.0,225.0,0.0,0.0,0,0.0,0.0
058544,元石油中信63購01,TW,0.0,11.0,0.0,0.0,0,0.0,0.0
058545,臺指2X中信63購01,TW,0.0,6875.0,0.0,0.0,0,0.0,0.0
058546,台塑中信59購01,TW,0.0,6.0,0.0,0.0,0,0.0,0.0
058548,台積電中信63購02,TW,0.0,-164.0,0.0,0.0,0,0.0,0.0
058552,日月光中信59購01,TW,0.0,-28.0,0.0,0.0,0,0.0,0.0
058553,定穎控中信5C購02,TW,0.0,-5.0,0.0,0.0,0,0.0,0.0
058554,亞翔中信61購01,TW,0.0,-45.0,0.0,0.0,0,0.0,0.0
058555,采鈺中信5A購01,TW,0.0,-35.0,0.0,0.0,0,0.0,0.0
058556,臺股指中信5C購07,TW,0.0,-7.0,0.0,0.0,0,0.0,0.0
058557,鴻海永豐65購02,TW,0.0,-1.0,0.0,0.0,0,0.0,0.0
058558,華泰永豐5B購03,TW,0.0,-71.0,0.0,0.0,0,0.0,0.0
058559,台積電永豐5B購06,TW,0.0,-63.0,0.0,0.0,0,0.0,0.0
058560,台積電永豐63購07,TW,0.0,-110.0,0.0,0.0,0,0.0,0.0
058561,台積電永豐63購08,TW,0.0,-274.0,0.0,0.0,0,0.0,0.0
058562,台積電永豐73購02,TW,0.0,-129.0,0.0,0.0,0,0.0,0.0
058563,義隆永豐5C購01,TW,0.0,-248.0,0.0,0.0,0,0.0,0.0
058565,文曄永豐5A購01,TW,0.0,-385.0,0.0,0.0,0,0.0,0.0
058566,大銀永豐5C購01,TW,0.0,4.0,0.0,0.0,0,0.0,0.0
058567,AES永豐5C購02,TW,0.0,156.0,0.0,0.0,0,0.0,0.0
058568,至上永豐5B購03,TW,0.0,0.0,0.0,0.0,0,0.0,0.0
058569,南亞台新59購01,TW,0.0,4.0,0.0,0.0,0,0.0,0.0
058570,華泰台新59購01,TW,0.0,-600.0,0.0,0.0,0,0.0,0.0
058572,創見台新59購02,TW,0.0,-96.0,0.0,0.0,0,0.0,0.0
058574,元石油凱基63購01,TW,0.0,-10.0,0.0,0.0,0,0.0,0.0
058575,道瓊指凱基59購01,TW,0.0,24.0,0.0,0.0,0,0.0,0.0
058576,元金2X凱基5A購03,TW,0.0,4.0,0.0,0.0,0,0.0,0.0
058578,道瓊銀凱基59購08,TW,0.0,-180.0,0.0,0.0,0,0.0,0.0
058580,東元凱基59購01,TW,0.0,0.0,0.0,0.0,0,0.0,0.0
058582,正新凱基59購01,TW,0.0,-34.0,0.0,0.0,0,0.0,0.0
058584,華泰凱基5B購02,TW,0.0,-97.0,0.0,0.0,0,0.0,0.0
058585,宏碁凱基59購02,TW,0.0,-4.0,0.0,0.0,0,0.0,0.0
058586,敬鵬凱基59購02,TW,0.0,131.0,0.0,0.0,0,0.0,0.0
058587,華碩凱基59購02,TW,0.0,-4.0,0.0,0.0,0,0.0,0.0
058588,毅嘉凱基59購01,TW,0.0,20.0,0.0,0.0,0,0.0,0.0
058589,友達凱基59購05,TW,0.0,-15.0,0.0,0.0,0,0.0,0.0
058590,義隆凱基59購01,TW,0.0,226.0,0.0,0.0,0,0.0,0.0
058591,新興凱基59購04,TW,0.0,0.0,0.0,0.0,0,0.0,0.0
058592,萬海凱基59購03,TW,0.0,0.0,0.0,0.0,0,0.0,0.0
058593,大立光凱基5B購01,TW,0.0,316.0,0.0,0.0,0,0.0,0.0
058594,智原凱基59購02,TW,0.0,274.0,0.0,0.0,0,0.0,0.0
058595,文曄凱基5A購01,TW,0.0,-115.0,0.0,0.0,0,0.0,0.0
058596,嘉澤凱基59購03,TW,0.0,-6.0,0.0,0.0,0,0.0,0.0
058597,牧德凱基59購02,TW,0.0,124.0,0.0,0.0,0,0.0,0.0
058598,辛耘凱基59購02,TW,0.0,4.0,0.0,0.0,0,0.0,0.0
058601,緯穎凱基59購11,TW,0.0,-10.0,0.0,0.0,0,0.0,0.0
058602,元石油統一63購01,TW,0.0,-302.0,0.0,0.0,0,0.0,0.0
058603,SGBR2X統一67購01,TW,0.0,-5.0,0.0,0.0,0,0.0,0.0
058604,SGBR2X統一73購01,TW,0.0,51.0,0.0,0.0,0,0.0,0.0
058606,南亞統一73購01,TW,0.0,-116.0,0.0,0.0,0,0.0,0.0
058607,台化統一73購01,TW,0.0,-4.0,0.0,0.0,0,0.0,0.0
058608,華城統一62購02,TW,0.0,-654.0,0.0,0.0,0,0.0,0.0
058609,華城統一63購02,TW,0.0,-186.0,0.0,0.0,0,0.0,0.0
058610,華城統一73購03,TW,0.0,-95.0,0.0,0.0,0,0.0,0.0
058611,華城統一73購04,TW,0.0,300.0,0.0,0.0,0,0.0,0.0
058612,永光統一63購01,TW,0.0,115.0,0.0,0.0,0,0.0,0.0
058613,光寶科統一63購02,TW,0.0,-74.0,0.0,0.0,0,0.0,0.0
058614,鴻海統一66購01,TW,0.0,506.0,0.0,0.0,0,0.0,0.0
058615,台積電統一63購04,TW,0.0,-1412.0,2595.0,0.0,0,0.0,0.0
058616,台積電統一63購05,TW,0.0,-413.0,592.0,0.0,0,0.0,0.0
058617,台積電統一73購02,TW,0.0,-4.0,0.0,0.0,0,0.0,0.0
058618,創見統一73購01,TW,0.0,0.0,0.0,0.0,0,0.0,0.0
058619,義隆統一63購01,TW,0.0,-865.0,0.0,0.0,0,0.0,0.0
058620,長榮統一63購02,TW,0.0,-1.0,0.0,0.0,0,0.0,0.0
058621,長榮統一63購03,TW,0.0,-28.0,0.0,0.0,0,0.0,0.0
058622,長榮統一73購01,TW,0.0,1.0,0.0,0.0,0,0.0,0.0
058623,新興統一61購01,TW,0.0,-760.0,0.0,0.0,0,0.0,0.0
058625,陽明統一63購03,TW,0.0,60.0,0.0,0.0,0,0.0,0.0
058626,陽明統一73購01,TW,0.0,-10.0,0.0,0.0,0,0.0,0.0
058629,萬海統一63購02,TW,0.0,-168.0,0.0,0.0,0,0.0,0.0
058630,萬海統一63購03,TW,0.0,-50.0,0.0,0.0,0,0.0,0.0
058631,萬海統一73購01,TW,0.0,-41.0,0.0,0.0,0,0.0,0.0
058632,漢翔統一63購01,TW,0.0,18.0,0.0,0.0,0,0.0,0.0
058633,牧德統一63購01,TW,0.0,-284.0,0.0,0.0,0,0.0,0.0
058634,新唐統一62購02,TW,0.0,143.0,0.0,0.0,0,0.0,0.0
058635,臻鼎統一73購01,TW,0.0,58.0,0.0,0.0,0,0.0,0.0
058636,GIS統一62購01,TW,0.0,-610.0,0.0,0.0,0,0.0,0.0
058637,GIS統一63購01,TW,0.0,33.0,0.0,0.0,0,0.0,0.0
058639,惠特統一62購01,TW,0.0,-1203.0,0.0,0.0,0,0.0,0.0
058640,AES統一63購03,TW,0.0,-471.0,0.0,0.0,0,0.0,0.0
058641,采鈺統一63購02,TW,0.0,3.0,0.0,0.0,0,0.0,0.0
058642,采鈺統一73購01,TW,0.0,-366.0,0.0,0.0,0,0.0,0.0
058643,上証2X元大5B購01,TW,0.0,-205.0,0.0,0.0,0,0.0,0.0
058644,滬深2X元大5B購01,TW,0.0,394.0,0.0,0.0,0,0.0,0.0
058646,道瓊反元大5C購01,TW,0.0,-2612.0,0.0,0.0,0,0.0,0.0
058650,中興電元大59購02,TW,0.0,-34.0,0.0,0.0,0,0.0,0.0
058651,華城元大59購07,TW,0.0,226.0,0.0,0.0,0,0.0,0.0
058652,美時元大59購04,TW,0.0,-1039.0,0.0,0.0,0,0.0,0.0
058653,美時元大5B購02,TW,0.0,859.0,0.0,0.0,0,0.0,0.0
058655,光寶科元大59購07,TW,0.0,-75.0,0.0,0.0,0,0.0,0.0
058657,鴻海元大61購08,TW,0.0,130.0,0.0,0.0,0,0.0,0.0
058658,台積電元大59購13,TW,0.0,-112.0,0.0,0.0,0,0.0,0.0
058659,台積電元大59購14,TW,0.0,6.0,0.0,0.0,0,0.0,0.0
058660,台積電元大61購18,TW,0.0,-10.0,0.0,0.0,0,0.0,0.0
058661,金像電元大59購04,TW,0.0,-1.0,0.0,0.0,0,0.0,0.0
058662,京元電元大59購06,TW,0.0,-40.0,0.0,0.0,0,0.0,0.0
058665,創見元大5C購03,TW,0.0,-38.0,0.0,0.0,0,0.0,0.0
058666,聯發科元大59購08,TW,0.0,60.0,0.0,0.0,0,0.0,0.0
058668,宏達電元大59購03,TW,0.0,180.0,0.0,0.0,0,0.0,0.0
058669,長榮元大59購01,TW,0.0,-29.0,0.0,0.0,0,0.0,0.0
058670,長榮元大5B購02,TW,0.0,-935.0,0.0,0.0,0,0.0,0.0
058671,陽明元大5B購01,TW,0.0,-723.0,0.0,0.0,0,0.0,0.0
058672,奇鋐元大59購14,TW,0.0,-318.0,0.0,0.0,0,0.0,0.0
058673,奇鋐元大59購15,TW,0.0,-72.0,0.0,0.0,0,0.0,0.0
058674,奇鋐元大59購16,TW,0.0,-422.0,0.0,0.0,0,0.0,0.0
058676,奇鋐元大61購08,TW,0.0,-330.0,0.0,0.0,0,0.0,0.0
058677,緯創元大5C購03,TW,0.0,-306.0,0.0,0.0,0,0.0,0.0
058678,緯創元大61購05,TW,0.0,12.0,0.0,0.0,0,0.0,0.0
058679,世芯元大61購05,TW,0.0,7.0,0.0,0.0,0,0.0,0.0
058680,貿聯元大59購06,TW,0.0,-374.0,0.0,0.0,0,0.0,0.0
058681,日月光元大59購07,TW,0.0,99.0,0.0,0.0,0,0.0,0.0
058686,同欣電元大59購02,TW,0.0,-231.0,0.0,0.0,0,0.0,0.0
058688,啟碁元大5C購02,TW,0.0,32.0,0.0,0.0,0,0.0,0.0
058689,緯穎元大5C購05,TW,0.0,-13.0,0.0,0.0,0,0.0,0.0
058690,緯穎元大61購03,TW,0.0,-63.0,0.0,0.0,0,0.0,0.0
058691,勤誠元大59購04,TW,0.0,40.0,0.0,0.0,0,0.0,0.0
058693,滬深2X群益62購01,TW,0.0,35.0,0.0,0.0,0,0.0,0.0
058697,道瓊銀群益5B購02,TW,0.0,8.0,0.0,0.0,0,0.0,0.0
058698,華城群益59購03,TW,0.0,-375.0,0.0,0.0,0,0.0,0.0
058699,台積電群益59購09,TW,0.0,-5.0,0.0,0.0,0,0.0,0.0
058700,鴻準群益59購01,TW,0.0,30.0,0.0,0.0,0,0.0,0.0
058701,漢唐群益5B購02,TW,0.0,-108.0,0.0,0.0,0,0.0,0.0
058703,義隆群益5A購01,TW,0.0,-801.0,0.0,0.0,0,0.0,0.0
058704,長榮群益59購02,TW,0.0,240.0,0.0,0.0,0,0.0,0.0
058705,奇鋐群益59購09,TW,0.0,-126.0,0.0,0.0,0,0.0,0.0
058706,華晶科群益59購01,TW,0.0,386.0,0.0,0.0,0,0.0,0.0
058708,牧德群益59購02,TW,0.0,334.0,0.0,0.0,0,0.0,0.0
058709,世芯群益59購06,TW,0.0,-4.0,0.0,0.0,0,0.0,0.0
058711,祥碩群益59購03,TW,0.0,61.0,-29.0,0.0,0,0.0,0.0
058712,緯穎群益59購04,TW,0.0,-6.0,0.0,0.0,0,0.0,0.0
058713,洋基群益62購01,TW,0.0,-97.0,0.0,0.0,0,0.0,0.0
058714,臺股指群益5A購09,TW,0.0,-5.0,0.0,0.0,0,0.0,0.0
058716,飛宏國泰5A購01,TW,0.0,-52.0,0.0,0.0,0,0.0,0.0
058719,萬海國泰5A購01,TW,0.0,5.0,0.0,0.0,0,0.0,0.0
058721,奇鋐國泰5A購02,TW,0.0,2.0,0.0,0.0,0,0.0,0.0
058722,貿聯國泰5A購02,TW,0.0,1.0,0.0,0.0,0,0.0,0.0
058724,康舒國泰5A購01,TW,0.0,-301.0,0.0,0.0,0,0.0,0.0
058725,采鈺國泰5A購01,TW,0.0,7.0,0.0,0.0,0,0.0,0.0
058726,上証2X國票65購01,TW,0.0,0.0,0.0,0.0,0,0.0,0.0
058727,中502X國票61購01,TW,0.0,3.0,0.0,0.0,0,0.0,0.0
058728,上銀國票5A購01,TW,0.0,-91.0,0.0,0.0,0,0.0,0.0
058730,楠梓電國票5A購01,TW,0.0,-226.0,0.0,0.0,0,0.0,0.0
058731,鴻海國票5A購01,TW,0.0,90.0,0.0,0.0,0,0.0,0.0
058732,華泰國票5A購03,TW,0.0,7.0,0.0,0.0,0,0.0,0.0
058733,新興國票5A購04,TW,0.0,22.0,0.0,0.0,0,0.0,0.0
058735,緯創國票5A購01,TW,0.0,190.0,0.0,0.0,0,0.0,0.0
058737,jpp國票5A購01,TW,0.0,-1.0,0.0,0.0,0,0.0,0.0
058739,康舒國票5A購01,TW,0.0,-522.0,0.0,0.0,0,0.0,0.0
058740,三集瑞國票5A購03,TW,0.0,-553.0,0.0,0.0,0,0.0,0.0
058741,台灣50元富59購02,TW,0.0,0.0,0.0,0.0,0,0.0,0.0
058742,東元元富59購01,TW,0.0,22.0,0.0,0.0,0,0.0,0.0
058743,亞力元富59購01,TW,0.0,-296.0,0.0,0.0,0,0.0,0.0
058744,華城元富59購01,TW,0.0,-300.0,0.0,0.0,0,0.0,0.0
058745,華城元富59購02,TW,0.0,5.0,0.0,0.0,0,0.0,0.0
058746,大亞元富59購01,TW,0.0,-165.0,0.0,0.0,0,0.0,0.0
058748,鴻海元富59購01,TW,0.0,5.0,0.0,0.0,0,0.0,0.0
058749,國巨元富59購02,TW,0.0,4.0,0.0,0.0,0,0.0,0.0
058750,佳能元富5C購01,TW,0.0,1060.0,0.0,0.0,0,0.0,0.0
058751,京元電元富59購04,TW,0.0,-42.0,0.0,0.0,0,0.0,0.0
058753,京鼎元富59購01,TW,0.0,142.0,0.0,0.0,0,0.0,0.0
058754,瀚宇博元富59購01,TW,0.0,263.0,0.0,0.0,0,0.0,0.0
058755,力成元富59購01,TW,0.0,799.0,0.0,0.0,0,0.0,0.0
058756,惠特元富59購01,TW,0.0,-249.0,0.0,0.0,0,0.0,0.0
058757,富鼎元富59購01,TW,0.0,83.0,0.0,0.0,0,0.0,0.0
058762,台灣50中信63購02,TW,0.0,-1160.0,0.0,0.0,0,0.0,0.0
058763,T50反1中信69購01,TW,0.0,1000.0,0.0,0.0,0,0.0,0.0
058764,台化中信59購01,TW,0.0,-71.0,0.0,0.0,0,0.0,0.0
058765,華城中信59購02,TW,0.0,36.0,0.0,0.0,0,0.0,0.0
058766,中鋼中信59購01,TW,0.0,-53.0,0.0,0.0,0,0.0,0.0
058768,臺股指中信5C購09,TW,0.0,21.0,0.0,0.0,0,0.0,0.0
058772,牧德永豐5B購01,TW,0.0,126.0,0.0,0.0,0,0.0,0.0
058773,世芯永豐59購05,TW,0.0,-171.0,0.0,0.0,0,0.0,0.0
058774,緯穎永豐5A購03,TW,0.0,-125.0,0.0,0.0,0,0.0,0.0
058775,勤誠永豐5B購01,TW,0.0,33.0,0.0,0.0,0,0.0,0.0
058776,勤誠永豐5B購02,TW,0.0,16.0,0.0,0.0,0,0.0,0.0
058778,文曄國泰5A購01,TW,0.0,-2.0,0.0,0.0,0,0.0,0.0
058779,牧德國泰5A購01,TW,0.0,198.0,0.0,0.0,0,0.0,0.0
058780,神達國泰5A購01,TW,0.0,-23.0,0.0,0.0,0,0.0,0.0
058781,力成國泰5A購01,TW,0.0,-719.0,0.0,0.0,0,0.0,0.0
058782,AES國泰5A購01,TW,0.0,47.0,0.0,0.0,0,0.0,0.0
058783,華城國票5C購01,TW,0.0,-120.0,0.0,0.0,0,0.0,0.0
058784,川湖國票5A購01,TW,0.0,12.0,0.0,0.0,0,0.0,0.0
058785,威盛國票5A購01,TW,0.0,8.0,0.0,0.0,0,0.0,0.0
058786,創見國票5A購02,TW,0.0,39.0,0.0,0.0,0,0.0,0.0
058787,凱基金國票5B購01,TW,0.0,-20.0,0.0,0.0,0,0.0,0.0
058788,德律國票5A購03,TW,0.0,8.0,0.0,0.0,0,0.0,0.0
058789,健鼎國票5A購01,TW,0.0,-31.0,0.0,0.0,0,0.0,0.0
058790,牧德國票5A購02,TW,0.0,223.0,0.0,0.0,0,0.0,0.0
058791,康普國票5A購01,TW,0.0,182.0,0.0,0.0,0,0.0,0.0
058792,乙盛國票5A購01,TW,0.0,-57.0,0.0,0.0,0,0.0,0.0
058793,GIS國票5B購01,TW,0.0,25.0,0.0,0.0,0,0.0,0.0
058798,台化凱基59購03,TW,0.0,-3.0,0.0,0.0,0,0.0,0.0
058800,上銀凱基59購02,TW,0.0,44.0,0.0,0.0,0,0.0,0.0
058801,光寶科凱基5B購02,TW,0.0,80.0,0.0,0.0,0,0.0,0.0
058802,毅嘉凱基59購02,TW,0.0,4.0,0.0,0.0,0,0.0,0.0
058803,漢唐凱基5A購05,TW,0.0,-171.0,0.0,0.0,0,0.0,0.0
058804,京元電凱基59購04,TW,0.0,-239.0,0.0,0.0,0,0.0,0.0
058805,創見凱基59購05,TW,0.0,1.0,0.0,0.0,0,0.0,0.0
058807,義隆凱基5A購01,TW,0.0,121.0,0.0,0.0,0,0.0,0.0
058808,長榮凱基5A購02,TW,0.0,-91.0,0.0,0.0,0,0.0,0.0
058809,陽明凱基59購03,TW,0.0,-5.0,0.0,0.0,0,0.0,0.0
058811,奇鋐凱基59購06,TW,0.0,-182.0,0.0,0.0,0,0.0,0.0
058812,德律凱基5B購01,TW,0.0,1.0,0.0,0.0,0,0.0,0.0
058813,緯創凱基5B購01,TW,0.0,0.0,0.0,0.0,0,0.0,0.0
058814,世芯凱基59購06,TW,0.0,-409.0,0.0,0.0,0,0.0,0.0
058815,貿聯凱基59購02,TW,0.0,-519.0,0.0,0.0,0,0.0,0.0
058816,貿聯凱基59購03,TW,0.0,-538.0,0.0,0.0,0,0.0,0.0
058819,達明凱基59購01,TW,0.0,-261.0,0.0,0.0,0,0.0,0.0
058821,祥碩凱基59購02,TW,0.0,8.0,0.0,0.0,0,0.0,0.0
058822,祥碩凱基5B購03,TW,0.0,-162.0,0.0,0.0,0,0.0,0.0
058824,康舒凱基5B購02,TW,0.0,-40.0,0.0,0.0,0,0.0,0.0
058826,AES凱基59購03,TW,0.0,-18.0,0.0,0.0,0,0.0,0.0
058828,新興台新59購01,TW,0.0,-72.0,0.0,0.0,0,0.0,0.0
058829,貿聯台新59購01,TW,0.0,48.0,0.0,0.0,0,0.0,0.0
058830,SGBR2X統一73購02,TW,0.0,-106.0,0.0,0.0,0,0.0,0.0
058832,南亞統一63購01,TW,0.0,780.0,0.0,0.0,0,0.0,0.0
058833,台化統一63購01,TW,0.0,-200.0,0.0,0.0,0,0.0,0.0
058834,川湖統一62購02,TW,0.0,45.0,0.0,0.0,0,0.0,0.0
058836,川湖統一73購01,TW,0.0,10.0,0.0,0.0,0,0.0,0.0
058837,光寶科統一63購03,TW,0.0,58.0,0.0,0.0,0,0.0,0.0
058839,鴻海統一73購01,TW,0.0,-38.0,0.0,0.0,0,0.0,0.0
058840,台積電統一6A購01,TW,0.0,-7.0,0.0,0.0,0,0.0,0.0
058842,創見統一66購01,TW,0.0,-51.0,0.0,0.0,0,0.0,0.0
058843,創見統一66購02,TW,0.0,-52.0,0.0,0.0,0,0.0,0.0
058844,創見統一69購01,TW,0.0,-141.0,0.0,0.0,0,0.0,0.0
058845,義隆統一73購01,TW,0.0,-150.0,0.0,0.0,0,0.0,0.0
058846,新興統一63購01,TW,0.0,-3.0,0.0,0.0,0,0.0,0.0
058847,新興統一73購01,TW,0.0,-73.0,0.0,0.0,0,0.0,0.0
058849,萬海統一63購04,TW,0.0,-161.0,0.0,0.0,0,0.0,0.0
058850,德律統一73購01,TW,0.0,-29.0,0.0,0.0,0,0.0,0.0
058851,文曄統一62購03,TW,0.0,297.0,0.0,0.0,0,0.0,0.0
058853,文曄統一63購01,TW,0.0,-401.0,0.0,0.0,0,0.0,0.0
058854,牧德統一62購01,TW,0.0,22.0,0.0,0.0,0,0.0,0.0
058855,貿聯統一62購01,TW,0.0,-197.0,0.0,0.0,0,0.0,0.0
058856,神達統一73購01,TW,0.0,17.0,0.0,0.0,0,0.0,0.0
058857,新唐統一73購01,TW,0.0,60.0,0.0,0.0,0,0.0,0.0
058858,迅得統一63購01,TW,0.0,-57.0,0.0,0.0,0,0.0,0.0
058859,迅得統一73購01,TW,0.0,7.0,0.0,0.0,0,0.0,0.0
058860,GIS統一63購02,TW,0.0,-1436.0,0.0,0.0,0,0.0,0.0
058861,GIS統一73購01,TW,0.0,97.0,0.0,0.0,0,0.0,0.0
058862,GIS統一73購02,TW,0.0,195.0,0.0,0.0,0,0.0,0.0
058863,台塑化統一61購01,TW,0.0,-228.0,0.0,0.0,0,0.0,0.0
058865,台塑化統一73購01,TW,0.0,-20.0,0.0,0.0,0,0.0,0.0
058866,緯穎統一73購01,TW,0.0,-215.0,0.0,0.0,0,0.0,0.0
058867,惠特統一73購01,TW,0.0,-468.0,0.0,0.0,0,0.0,0.0
058868,采鈺統一61購01,TW,0.0,706.0,0.0,0.0,0,0.0,0.0
058869,采鈺統一62購01,TW,0.0,-130.0,0.0,0.0,0,0.0,0.0
058870,采鈺統一73購02,TW,0.0,63.0,0.0,0.0,0,0.0,0.0
058871,兆聯統一73購01,TW,0.0,-30.0,0.0,0.0,0,0.0,0.0
058872,台灣50兆豐63購01,TW,0.0,700.0,0.0,0.0,0,0.0,0.0
058873,光寶科兆豐63購02,TW,0.0,226.0,0.0,0.0,0,0.0,0.0
058874,國巨兆豐5B購01,TW,0.0,5.0,0.0,0.0,0,0.0,0.0
058875,奇鋐兆豐5B購02,TW,0.0,-252.0,0.0,0.0,0,0.0,0.0
058876,亞光兆豐5B購01,TW,0.0,163.0,0.0,0.0,0,0.0,0.0
058877,台灣50富邦63購04,TW,0.0,110.0,0.0,0.0,0,0.0,0.0
058878,臺指反富邦73購01,TW,0.0,-286.0,0.0,0.0,0,0.0,0.0
058879,華新富邦59購02,TW,0.0,-289.0,0.0,0.0,0,0.0,0.0
058880,上銀富邦63購01,TW,0.0,74.0,0.0,0.0,0,0.0,0.0
058881,聯電富邦5A購02,TW,0.0,-5.0,0.0,0.0,0,0.0,0.0
058882,鴻海富邦69購01,TW,0.0,32.0,0.0,0.0,0,0.0,0.0
058883,友達富邦59購03,TW,0.0,-33.0,0.0,0.0,0,0.0,0.0
058884,陽明富邦5B購01,TW,0.0,-36.0,0.0,0.0,0,0.0,0.0
058885,陽明富邦5C購01,TW,0.0,-1171.0,0.0,0.0,0,0.0,0.0
058886,貿聯富邦5B購02,TW,0.0,-491.0,0.0,0.0,0,0.0,0.0
058887,日月光富邦5B購01,TW,0.0,2.0,0.0,0.0,0,0.0,0.0
058888,緯穎富邦63購01,TW,0.0,-354.0,0.0,0.0,0,0.0,0.0
058889,至上富邦59購03,TW,0.0,-67.0,0.0,0.0,0,0.0,0.0
058890,臺股指富邦63購04,TW,0.0,30.0,0.0,0.0,0,0.0,0.0
058891,臺股指富邦66購02,TW,0.0,-69.0,0.0,0.0,0,0.0,0.0
058892,台灣50元大59購05,TW,0.0,26.0,0.0,0.0,0,0.0,0.0
058894,光寶科元大59購08,TW,0.0,-50.0,0.0,0.0,0,0.0,0.0
058895,光寶科元大61購06,TW,0.0,6.0,0.0,0.0,0,0.0,0.0
058896,聯電元大61購11,TW,0.0,8.0,0.0,0.0,0,0.0,0.0
058897,鴻海元大59購05,TW,0.0,226.0,0.0,0.0,0,0.0,0.0
058898,鴻海元大59購06,TW,0.0,2.0,0.0,0.0,0,0.0,0.0
058899,鴻海元大61購09,TW,0.0,-275.0,0.0,0.0,0,0.0,0.0
058900,華泰元大59購04,TW,0.0,-18.0,0.0,0.0,0,0.0,0.0
058901,華泰元大59購05,TW,0.0,-319.0,0.0,0.0,0,0.0,0.0
058902,華泰元大61購03,TW,0.0,-1224.0,0.0,0.0,0,0.0,0.0
058903,台積電元大59購16,TW,0.0,-906.0,0.0,0.0,0,0.0,0.0
058904,台積電元大59購17,TW,0.0,-988.0,0.0,0.0,0,0.0,0.0
058905,台積電元大59購18,TW,0.0,-74.0,0.0,0.0,0,0.0,0.0
058907,建準元大59購05,TW,0.0,-209.0,0.0,0.0,0,0.0,0.0
058908,創見元大59購03,TW,0.0,-4.0,0.0,0.0,0,0.0,0.0
058909,創見元大5A購02,TW,0.0,56.0,0.0,0.0,0,0.0,0.0
058910,聯發科元大59購09,TW,0.0,30.0,0.0,0.0,0,0.0,0.0
058911,聯發科元大61購18,TW,0.0,76.0,0.0,0.0,0,0.0,0.0
058912,長榮元大59購02,TW,0.0,4.0,0.0,0.0,0,0.0,0.0
058913,長榮元大5B購03,TW,0.0,483.0,0.0,0.0,0,0.0,0.0
058914,長榮元大5C購01,TW,0.0,-59.0,0.0,0.0,0,0.0,0.0
058915,奇鋐元大59購17,TW,0.0,-87.0,0.0,0.0,0,0.0,0.0
058916,奇鋐元大59購18,TW,0.0,-125.0,0.0,0.0,0,0.0,0.0
058917,奇鋐元大59購19,TW,0.0,-118.0,0.0,0.0,0,0.0,0.0
058918,奇鋐元大59購20,TW,0.0,-208.0,0.0,0.0,0,0.0,0.0
058919,奇鋐元大61購09,TW,0.0,85.0,0.0,0.0,0,0.0,0.0
058922,智原元大5C購01,TW,0.0,336.0,0.0,0.0,0,0.0,0.0
058923,牧德元大59購04,TW,0.0,-56.0,0.0,0.0,0,0.0,0.0
058924,牧德元大59購05,TW,0.0,-25.0,0.0,0.0,0,0.0,0.0
058925,貿聯元大59購07,TW,0.0,-310.0,0.0,0.0,0,0.0,0.0
058926,貿聯元大59購08,TW,0.0,81.0,0.0,0.0,0,0.0,0.0
058927,貿聯元大59購09,TW,0.0,-620.0,0.0,0.0,0,0.0,0.0
058928,貿聯元大59購10,TW,0.0,-317.0,0.0,0.0,0,0.0,0.0
058929,貿聯元大59購11,TW,0.0,149.0,0.0,0.0,0,0.0,0.0
058930,定穎控元大61購06,TW,0.0,1930.0,0.0,0.0,0,0.0,0.0
058932,祥碩元大59購03,TW,0.0,-723.0,0.0,0.0,0,0.0,0.0
058935,緯穎元大59購08,TW,0.0,-50.0,0.0,0.0,0,0.0,0.0
058936,緯穎元大61購04,TW,0.0,-101.0,0.0,0.0,0,0.0,0.0
058937,AES元大59購06,TW,0.0,-880.0,0.0,0.0,0,0.0,0.0
058938,三集瑞元大59購02,TW,0.0,-177.0,0.0,0.0,0,0.0,0.0
058939,至上元大59購05,TW,0.0,-320.0,0.0,0.0,0,0.0,0.0
058945,臺股指元大63購20,TW,0.0,-5.0,0.0,0.0,0,0.0,0.0
058947,台灣50元富59購05,TW,0.0,282.0,0.0,0.0,0,0.0,0.0
058948,滬深2X元富59購02,TW,0.0,-229.0,0.0,0.0,0,0.0,0.0
058952,上銀元富59購01,TW,0.0,0.0,0.0,0.0,0,0.0,0.0
058953,聯發科元富59購04,TW,0.0,3.0,0.0,0.0,0,0.0,0.0
058956,奇鋐元富59購04,TW,0.0,-14.0,0.0,0.0,0,0.0,0.0
058958,奇鋐元富59購06,TW,0.0,-10.0,0.0,0.0,0,0.0,0.0
058959,奇鋐元富59購07,TW,0.0,-216.0,0.0,0.0,0,0.0,0.0
058963,兆聯元富59購01,TW,0.0,-24.0,0.0,0.0,0,0.0,0.0
058964,SGBR2X群益59購03,TW,0.0,-97.0,0.0,0.0,0,0.0,0.0
058967,台聚群益5B購01,TW,0.0,-65.0,0.0,0.0,0,0.0,0.0
058968,東元群益5B購01,TW,0.0,0.0,0.0,0.0,0,0.0,0.0
058969,華城群益5C購01,TW,0.0,-2.0,0.0,0.0,0,0.0,0.0
058972,長興群益59購03,TW,0.0,20.0,0.0,0.0,0,0.0,0.0
058973,川湖群益59購03,TW,0.0,2.0,0.0,0.0,0,0.0,0.0
058975,仁寶群益59購01,TW,0.0,2.0,0.0,0.0,0,0.0,0.0
058976,國巨群益59購05,TW,0.0,6.0,0.0,0.0,0,0.0,0.0
058978,毅嘉群益59購04,TW,0.0,0.0,0.0,0.0,0,0.0,0.0
05897U,川湖群益57售04,TW,0.0,286.0,0.0,0.0,0,0.0,0.0
058980,建準群益5A購01,TW,0.0,-140.0,0.0,0.0,0,0.0,0.0
058981,義隆群益5A購02,TW,0.0,68.0,0.0,0.0,0,0.0,0.0
058982,大立光群益59購03,TW,0.0,66.0,0.0,0.0,0,0.0,0.0
058983,奇鋐群益59購11,TW,0.0,99.0,0.0,0.0,0,0.0,0.0
058984,智原群益59購02,TW,0.0,17.0,0.0,0.0,0,0.0,0.0
058985,文曄群益59購01,TW,0.0,8.0,0.0,0.0,0,0.0,0.0
058986,緯創群益59購02,TW,0.0,-272.0,0.0,0.0,0,0.0,0.0
058987,昇貿群益59購02,TW,0.0,-1295.0,0.0,0.0,0,0.0,0.0
058988,牧德群益59購03,TW,0.0,-162.0,0.0,0.0,0,0.0,0.0
058989,世芯群益59購07,TW,0.0,0.0,0.0,0.0,0,0.0,0.0
058990,貿聯群益59購07,TW,0.0,-351.0,0.0,0.0,0,0.0,0.0
058991,貿聯群益5A購01,TW,0.0,-146.0,0.0,0.0,0,0.0,0.0
058992,啟碁群益59購05,TW,0.0,22.0,0.0,0.0,0,0.0,0.0
058993,緯穎群益59購05,TW,0.0,-30.0,0.0,0.0,0,0.0,0.0
058994,緯穎群益59購06,TW,0.0,-208.0,0.0,0.0,0,0.0,0.0
058996,臺股指群益5A購11,TW,0.0,-5.0,0.0,0.0,0,0.0,0.0
058997,臺股指群益5A購12,TW,0.0,2.0,0.0,0.0,0,0.0,0.0
058998,臺股指群益5A購13,TW,0.0,-5.0,0.0,0.0,0,0.0,0.0
058999,臺股指群益5A購14,TW,0.0,-25.0,0.0,0.0,0,0.0,0.0
059002,南亞中信59購02,TW,0.0,-60.0,0.0,0.0,0,0.0,0.0
059003,漢唐中信59購01,TW,0.0,87.0,0.0,0.0,0,0.0,0.0
059004,新興中信61購01,TW,0.0,-17.0,0.0,0.0,0,0.0,0.0
059005,奇鋐中信59購02,TW,0.0,-486.0,0.0,0.0,0,0.0,0.0
059006,德律中信59購01,TW,0.0,25.0,0.0,0.0,0,0.0,0.0
059008,台塑化中信59購01,TW,0.0,-510.0,0.0,0.0,0,0.0,0.0
059010,至上中信61購01,TW,0.0,-207.0,0.0,0.0,0,0.0,0.0
059012,台積電永豐5C購05,TW,0.0,-1.0,0.0,0.0,0,0.0,0.0
059014,台積電永豐5C購07,TW,0.0,-498.0,0.0,0.0,0,0.0,0.0
059015,台積電永豐5C購08,TW,0.0,4.0,0.0,0.0,0,0.0,0.0
059017,台積電永豐5C購09,TW,0.0,-9.0,0.0,0.0,0,0.0,0.0
059018,陽明永豐5C購01,TW,0.0,-4.0,0.0,0.0,0,0.0,0.0
059019,王品永豐5B購01,TW,0.0,402.0,0.0,0.0,0,0.0,0.0
059020,健策永豐59購01,TW,0.0,-93.0,0.0,0.0,0,0.0,0.0
059023,新唐永豐5B購01,TW,0.0,3.0,0.0,0.0,0,0.0,0.0
059024,祥碩永豐5C購01,TW,0.0,-458.0,0.0,0.0,0,0.0,0.0
059025,jpp永豐5A購01,TW,0.0,-247.0,0.0,0.0,0,0.0,0.0
059026,亞翔永豐5C購01,TW,0.0,-129.0,0.0,0.0,0,0.0,0.0
059027,兆聯永豐5B購01,TW,0.0,-359.0,0.0,0.0,0,0.0,0.0
059028,瀚荃永豐5A購01,TW,0.0,40.0,0.0,0.0,0,0.0,0.0
059030,健策台新5C購01,TW,0.0,-252.0,0.0,0.0,0,0.0,0.0
059031,台灣50兆豐63購02,TW,0.0,154.0,0.0,0.0,0,0.0,0.0
059032,強茂兆豐5B購01,TW,0.0,36.0,0.0,0.0,0,0.0,0.0
059033,光寶科富邦59購03,TW,0.0,4.0,0.0,0.0,0,0.0,0.0
059035,健策富邦63購01,TW,0.0,-240.0,0.0,0.0,0,0.0,0.0
059037,國喬統一63購01,TW,0.0,-180.0,0.0,0.0,0,0.0,0.0
059038,世芯永豐55購01,TW,0.0,20.0,0.0,0.0,0,0.0,0.0
059039,世芯永豐5B購01,TW,0.0,135.0,0.0,0.0,0,0.0,0.0
059040,鴻海統一63購02,TW,0.0,-857.0,51.0,0.0,0,0.0,0.0
059041,鴻海統一73購02,TW,0.0,83.0,0.0,0.0,0,0.0,0.0
059042,台積電統一63購07,TW,0.0,-418.0,0.0,0.0,0,0.0,0.0
059043,智邦統一63購02,TW,0.0,120.0,0.0,0.0,0,0.0,0.0
059044,智邦統一63購03,TW,0.0,4.0,0.0,0.0,0,0.0,0.0
059045,漢唐統一61購03,TW,0.0,-576.0,0.0,0.0,0,0.0,0.0
059046,義隆統一63購02,TW,0.0,-895.0,0.0,0.0,0,0.0,0.0
059048,奇鋐統一63購01,TW,0.0,-1081.0,0.0,0.0,0,0.0,0.0
059049,德律統一62購01,TW,0.0,87.0,0.0,0.0,0,0.0,0.0
059050,德律統一66購01,TW,0.0,30.0,0.0,0.0,0,0.0,0.0
059052,文曄統一63購02,TW,0.0,-532.0,0.0,0.0,0,0.0,0.0
059053,明泰統一63購01,TW,0.0,4.0,0.0,0.0,0,0.0,0.0
059054,明泰統一73購01,TW,0.0,217.0,0.0,0.0,0,0.0,0.0
059060,健策統一63購01,TW,0.0,5.0,5.0,0.0,0,0.0,0.0
059063,健策統一65購01,TW,0.0,-951.0,30.0,0.0,0,0.0,0.0
059065,健策統一73購01,TW,0.0,290.0,0.0,0.0,0,0.0,0.0
059066,健策統一73購02,TW,0.0,-80.0,0.0,0.0,0,0.0,0.0
059067,健策統一73購03,TW,0.0,-696.0,0.0,0.0,0,0.0,0.0
059068,世芯統一63購02,TW,0.0,9.0,0.0,0.0,0,0.0,0.0
059069,亞翔統一62購03,TW,0.0,782.0,0.0,0.0,0,0.0,0.0
059071,昇陽半統一63購01,TW,0.0,451.0,0.0,0.0,0,0.0,0.0
059072,技嘉國泰5A購01,TW,0.0,-14.0,0.0,0.0,0,0.0,0.0
059073,遠東新國票5A購01,TW,0.0,80.0,0.0,0.0,0,0.0,0.0
059074,大成鋼國票5A購01,TW,0.0,-139.0,0.0,0.0,0,0.0,0.0
059075,宏碁國票5A購01,TW,0.0,-21.0,0.0,0.0,0,0.0,0.0
059076,偉詮電國票5A購01,TW,0.0,5.0,0.0,0.0,0,0.0,0.0
059077,美律國票5A購01,TW,0.0,-42.0,0.0,0.0,0,0.0,0.0
059078,王品國票5A購01,TW,0.0,-170.0,0.0,0.0,0,0.0,0.0
059080,健策國票5A購02,TW,0.0,-20.0,0.0,0.0,0,0.0,0.0
059082,健策國票5A購04,TW,0.0,-1.0,0.0,0.0,0,0.0,0.0
059083,健策國票5A購05,TW,0.0,-10.0,0.0,0.0,0,0.0,0.0
059084,新唐國票5A購03,TW,0.0,5.0,0.0,0.0,0,0.0,0.0
059085,瑞儀國票5A購01,TW,0.0,-552.0,0.0,0.0,0,0.0,0.0
059087,洋基國票5A購02,TW,0.0,-10.0,0.0,0.0,0,0.0,0.0
059088,台灣50元富59購06,TW,0.0,10.0,0.0,0.0,0,0.0,0.0
059089,滬深2X元富59購03,TW,0.0,129.0,0.0,0.0,0,0.0,0.0
059090,國喬元富59購01,TW,0.0,30.0,0.0,0.0,0,0.0,0.0
059093,大同元富59購01,TW,0.0,787.0,0.0,0.0,0,0.0,0.0
059094,建準元富59購01,TW,0.0,-934.0,0.0,0.0,0,0.0,0.0
059095,皇昌元富59購01,TW,0.0,351.0,0.0,0.0,0,0.0,0.0
059096,國泰金元富59購01,TW,0.0,-202.0,0.0,0.0,0,0.0,0.0
059098,德律元富59購03,TW,0.0,89.0,0.0,0.0,0,0.0,0.0
059100,明泰元富59購01,TW,0.0,-4.0,0.0,0.0,0,0.0,0.0
059101,世芯元富59購03,TW,0.0,-2.0,0.0,0.0,0,0.0,0.0
059103,祥碩元富59購02,TW,0.0,-81.0,0.0,0.0,0,0.0,0.0
059104,祥碩元富59購03,TW,0.0,-146.0,0.0,0.0,0,0.0,0.0
059105,佳必琪元富59購01,TW,0.0,120.0,0.0,0.0,0,0.0,0.0
059106,佳必琪元富59購02,TW,0.0,-1634.0,0.0,0.0,0,0.0,0.0
059108,緯穎元富59購04,TW,0.0,0.0,0.0,0.0,0,0.0,0.0
059109,緯穎元富5C購01,TW,0.0,-1090.0,0.0,0.0,0,0.0,0.0
059110,龍德船元富59購02,TW,0.0,-19.0,0.0,0.0,0,0.0,0.0
059111,百和元富59購01,TW,0.0,94.0,0.0,0.0,0,0.0,0.0
059114,SGBR2X群益63購02,TW,0.0,-10.0,0.0,0.0,0,0.0,0.0
059115,台積電群益5A購05,TW,0.0,9.0,0.0,0.0,0,0.0,0.0
059117,中華電群益59購01,TW,0.0,-268.0,0.0,0.0,0,0.0,0.0
059118,增你強群益59購01,TW,0.0,79.0,0.0,0.0,0,0.0,0.0
059123,康舒群益59購02,TW,0.0,-312.0,0.0,0.0,0,0.0,0.0
059126,矽創群益59購02,TW,0.0,5.0,0.0,0.0,0,0.0,0.0
059127,寶成群益59購01,TW,0.0,-56.0,0.0,0.0,0,0.0,0.0
059128,台灣50凱基63購04,TW,0.0,378.0,0.0,0.0,0,0.0,0.0
059129,上証2X凱基59購04,TW,0.0,26.0,0.0,0.0,0,0.0,0.0
059130,日本2X凱基5B購01,TW,0.0,37.0,0.0,0.0,0,0.0,0.0
059132,國企2X凱基5A購01,TW,0.0,-938.0,0.0,0.0,0,0.0,0.0
059133,元債反凱基61購01,TW,0.0,-11.0,0.0,0.0,0,0.0,0.0
059135,新纖凱基59購01,TW,0.0,1689.0,0.0,0.0,0,0.0,0.0
059136,長興凱基5A購01,TW,0.0,36.0,0.0,0.0,0,0.0,0.0
059138,宇隆凱基59購01,TW,0.0,62.0,0.0,0.0,0,0.0,0.0
059141,仁寶凱基59購02,TW,0.0,-3.0,0.0,0.0,0,0.0,0.0
059143,智邦凱基59購06,TW,0.0,30.0,0.0,0.0,0,0.0,0.0
059145,建準凱基59購01,TW,0.0,-38.0,0.0,0.0,0,0.0,0.0
059146,建準凱基59購02,TW,0.0,3.0,0.0,0.0,0,0.0,0.0
059148,大立光凱基61購01,TW,0.0,-1.0,0.0,0.0,0,0.0,0.0
059149,定穎控凱基5B購04,TW,0.0,587.0,0.0,0.0,0,0.0,0.0
059150,祥碩凱基5B購04,TW,0.0,-51.0,0.0,0.0,0,0.0,0.0
059151,jpp凱基5A購01,TW,0.0,-357.0,0.0,0.0,0,0.0,0.0
059152,亞翔凱基59購04,TW,0.0,-10.0,0.0,0.0,0,0.0,0.0
059153,瑞儀凱基59購01,TW,0.0,-420.0,0.0,0.0,0,0.0,0.0
059157,緯穎凱基59購12,TW,0.0,-10.0,0.0,0.0,0,0.0,0.0
059158,AES凱基5B購01,TW,0.0,-6.0,0.0,0.0,0,0.0,0.0
059159,兆聯凱基59購01,TW,0.0,-125.0,0.0,0.0,0,0.0,0.0
059160,至上凱基61購01,TW,0.0,9.0,0.0,0.0,0,0.0,0.0
059161,勤誠凱基5A購01,TW,0.0,29.0,0.0,0.0,0,0.0,0.0
059162,臺股指凱基5A購32,TW,0.0,-36.0,0.0,0.0,0,0.0,0.0
059163,臺股指凱基5A購33,TW,0.0,-4.0,0.0,0.0,0,0.0,0.0
059164,臺股指凱基5A購34,TW,0.0,30.0,0.0,0.0,0,0.0,0.0
059165,臺股指凱基5A購35,TW,0.0,-13.0,0.0,0.0,0,0.0,0.0
059168,臺指反元大63購01,TW,0.0,663.0,0.0,0.0,0,0.0,0.0
059169,台塑元大59購08,TW,0.0,-20.0,0.0,0.0,0,0.0,0.0
059170,南亞元大59購10,TW,0.0,71.0,0.0,0.0,0,0.0,0.0
059171,華城元大59購08,TW,0.0,-971.0,0.0,0.0,0,0.0,0.0
059172,華城元大59購09,TW,0.0,-816.0,0.0,0.0,0,0.0,0.0
059174,光寶科元大59購09,TW,0.0,37.0,0.0,0.0,0,0.0,0.0
059175,聯電元大61購12,TW,0.0,8.0,0.0,0.0,0,0.0,0.0
059176,鴻海元大59購07,TW,0.0,-343.0,0.0,0.0,0,0.0,0.0
059177,鴻海元大61購10,TW,0.0,2245.0,0.0,0.0,0,0.0,0.0
059178,台積電元大59購19,TW,0.0,-80.0,0.0,0.0,0,0.0,0.0
059180,金像電元大59購05,TW,0.0,117.0,0.0,0.0,0,0.0,0.0
059181,金像電元大59購06,TW,0.0,16.0,0.0,0.0,0,0.0,0.0
059182,創見元大59購04,TW,0.0,-147.0,0.0,0.0,0,0.0,0.0
059183,創見元大5B購02,TW,0.0,648.0,0.0,0.0,0,0.0,0.0
059184,聯發科元大61購19,TW,0.0,10.0,0.0,0.0,0,0.0,0.0
059185,宏達電元大59購04,TW,0.0,107.0,0.0,0.0,0,0.0,0.0
059186,長榮元大59購03,TW,0.0,-40.0,0.0,0.0,0,0.0,0.0
059187,長榮元大5C購02,TW,0.0,265.0,0.0,0.0,0,0.0,0.0
059188,陽明元大5A購01,TW,0.0,-216.0,0.0,0.0,0,0.0,0.0
059189,奇鋐元大59購21,TW,0.0,-535.0,0.0,0.0,0,0.0,0.0
059190,奇鋐元大61購10,TW,0.0,-731.0,0.0,0.0,0,0.0,0.0
059191,德律元大59購07,TW,0.0,-2.0,0.0,0.0,0,0.0,0.0
059193,德律元大59購09,TW,0.0,6.0,0.0,0.0,0,0.0,0.0
059194,緯創元大61購06,TW,0.0,110.0,0.0,0.0,0,0.0,0.0
059195,健策元大59購01,TW,0.0,-17.0,3.0,0.0,0,0.0,0.0
059196,健策元大5C購01,TW,0.0,-20.0,0.0,0.0,0,0.0,0.0
059197,世芯元大61購06,TW,0.0,-8.0,0.0,0.0,0,0.0,0.0
059198,日月光元大59購08,TW,0.0,353.0,0.0,0.0,0,0.0,0.0
059199,日月光元大59購09,TW,0.0,-65.0,0.0,0.0,0,0.0,0.0
059200,定穎控元大61購07,TW,0.0,1653.0,0.0,0.0,0,0.0,0.0
059202,祥碩元大59購04,TW,0.0,-840.0,0.0,0.0,0,0.0,0.0
059206,台塑化元大59購01,TW,0.0,-183.0,0.0,0.0,0,0.0,0.0
059207,台塑化元大59購02,TW,0.0,-139.0,0.0,0.0,0,0.0,0.0
059208,緯穎元大61購05,TW,0.0,-34.0,0.0,0.0,0,0.0,0.0
059209,AES元大59購07,TW,0.0,-268.0,0.0,0.0,0,0.0,0.0
059210,AES元大59購08,TW,0.0,-38.0,0.0,0.0,0,0.0,0.0
059212,勤誠元大5C購02,TW,0.0,990.0,0.0,0.0,0,0.0,0.0
059213,台灣50統一63購01,TW,0.0,-20.0,0.0,0.0,0,0.0,0.0
059214,元石油統一62購01,TW,0.0,-14.0,0.0,0.0,0,0.0,0.0
059215,元石油統一63購02,TW,0.0,9.0,0.0,0.0,0,0.0,0.0
059217,元石油統一67購01,TW,0.0,16.0,0.0,0.0,0,0.0,0.0
059218,SGBR2X統一63購01,TW,0.0,12.0,0.0,0.0,0,0.0,0.0
059220,華城統一63購03,TW,0.0,-1743.0,0.0,0.0,0,0.0,0.0
059222,景碩統一61購04,TW,0.0,102.0,0.0,0.0,0,0.0,0.0
059223,景碩統一63購01,TW,0.0,2.0,0.0,0.0,0,0.0,0.0
059224,景碩統一73購01,TW,0.0,18.0,0.0,0.0,0,0.0,0.0
059225,景碩統一73購02,TW,0.0,-440.0,0.0,0.0,0,0.0,0.0
059226,元石油中信63購02,TW,0.0,33.0,0.0,0.0,0,0.0,0.0
059227,景碩中信61購01,TW,0.0,26.0,0.0,0.0,0,0.0,0.0
059228,祥碩中信59購01,TW,0.0,110.0,0.0,0.0,0,0.0,0.0
059229,華通永豐5C購02,TW,0.0,-108.0,0.0,0.0,0,0.0,0.0
059231,皇昌永豐5B購01,TW,0.0,-142.0,0.0,0.0,0,0.0,0.0
059232,大立光永豐59購02,TW,0.0,-501.0,0.0,0.0,0,0.0,0.0
059233,奇鋐永豐5C購05,TW,0.0,-24.0,0.0,0.0,0,0.0,0.0
059234,台塑化永豐59購02,TW,0.0,10.0,0.0,0.0,0,0.0,0.0
059235,華通台新59購01,TW,0.0,46.0,0.0,0.0,0,0.0,0.0
059237,華通富邦63購03,TW,0.0,-600.0,0.0,0.0,0,0.0,0.0
059239,皇昌富邦5A購01,TW,0.0,-1365.0,0.0,0.0,0,0.0,0.0
059241,台灣50凱基59購08,TW,0.0,-29.0,0.0,0.0,0,0.0,0.0
059242,道瓊銅凱基63購01,TW,0.0,-292.0,0.0,0.0,0,0.0,0.0
059244,南亞凱基59購10,TW,0.0,50.0,0.0,0.0,0,0.0,0.0
059246,華城凱基59購01,TW,0.0,-2125.0,0.0,0.0,0,0.0,0.0
059248,大成鋼凱基5C購01,TW,0.0,86.0,0.0,0.0,0,0.0,0.0
059250,華通凱基59購02,TW,0.0,-38.0,0.0,0.0,0,0.0,0.0
059253,長榮凱基61購01,TW,0.0,-2.0,0.0,0.0,0,0.0,0.0
059254,陽明凱基61購01,TW,0.0,-6.0,0.0,0.0,0,0.0,0.0
059255,奇鋐凱基59購07,TW,0.0,-50.0,0.0,0.0,0,0.0,0.0
059256,景碩凱基61購01,TW,0.0,29.0,0.0,0.0,0,0.0,0.0
059257,緯創凱基5A購06,TW,0.0,-19.0,0.0,0.0,0,0.0,0.0
059261,緯穎凱基59購13,TW,0.0,-5.0,0.0,0.0,0,0.0,0.0
059262,滬深2X國票61購01,TW,0.0,0.0,0.0,0.0,0,0.0,0.0
059263,元石油國票59購04,TW,0.0,11.0,0.0,0.0,0,0.0,0.0
059264,香港2X國票59購02,TW,0.0,-917.0,0.0,0.0,0,0.0,0.0
059266,亞聚國票5A購01,TW,0.0,124.0,0.0,0.0,0,0.0,0.0
059267,華城國票5A購01,TW,0.0,-108.0,0.0,0.0,0,0.0,0.0
059268,華榮國票5A購01,TW,0.0,-41.0,0.0,0.0,0,0.0,0.0
059269,智邦國票6B購01,TW,0.0,1.0,0.0,0.0,0,0.0,0.0
059270,佳能國票5A購01,TW,0.0,427.0,0.0,0.0,0,0.0,0.0
059275,采鈺國票59購01,TW,0.0,9.0,0.0,0.0,0,0.0,0.0
059280,SGBR2X元富63購01,TW,0.0,35.0,0.0,0.0,0,0.0,0.0
059281,元石油元大59購03,TW,0.0,286.0,0.0,0.0,0,0.0,0.0
059282,元石油元大59購04,TW,0.0,50.0,0.0,0.0,0,0.0,0.0
059283,元石油元大5A購01,TW,0.0,1.0,0.0,0.0,0,0.0,0.0
059284,元油反元大59購02,TW,0.0,-2.0,0.0,0.0,0,0.0,0.0
059285,元油反元大59購03,TW,0.0,-30.0,0.0,0.0,0,0.0,0.0
059287,SGBR2X元大59購09,TW,0.0,20.0,0.0,0.0,0,0.0,0.0
059288,SGBR2X元大59購10,TW,0.0,149.0,0.0,0.0,0,0.0,0.0
059289,SGBR2X元大5A購01,TW,0.0,9.0,0.0,0.0,0,0.0,0.0
059290,台塑元大59購09,TW,0.0,0.0,0.0,0.0,0,0.0,0.0
059291,南亞元大59購11,TW,0.0,26.0,0.0,0.0,0,0.0,0.0
059292,台化元大59購04,TW,0.0,-198.0,0.0,0.0,0,0.0,0.0
059293,華城元大59購10,TW,0.0,-359.0,0.0,0.0,0,0.0,0.0
059294,光寶科元大59購10,TW,0.0,-30.0,0.0,0.0,0,0.0,0.0
059296,聯電元大61購13,TW,0.0,30.0,0.0,0.0,0,0.0,0.0
059297,華通元大59購05,TW,0.0,413.0,0.0,0.0,0,0.0,0.0
059298,華通元大61購06,TW,0.0,988.0,0.0,0.0,0,0.0,0.0
059299,鴻海元大61購11,TW,0.0,2272.0,0.0,0.0,0,0.0,0.0
059300,台積電元大5C購04,TW,0.0,42.0,0.0,0.0,0,0.0,0.0
059301,台積電元大61購21,TW,0.0,-40.0,0.0,0.0,0,0.0,0.0
059303,聯發科元大61購20,TW,0.0,159.0,0.0,0.0,0,0.0,0.0
059304,長榮元大59購04,TW,0.0,-157.0,0.0,0.0,0,0.0,0.0
059305,長榮元大59購05,TW,0.0,-8.0,0.0,0.0,0,0.0,0.0
059306,長榮元大5A購04,TW,0.0,-91.0,0.0,0.0,0,0.0,0.0
059308,陽明元大5A購02,TW,0.0,0.0,0.0,0.0,0,0.0,0.0
059309,萬海元大59購02,TW,0.0,-600.0,0.0,0.0,0,0.0,0.0
059310,萬海元大5A購06,TW,0.0,-353.0,0.0,0.0,0,0.0,0.0
059313,德律元大59購10,TW,0.0,29.0,0.0,0.0,0,0.0,0.0
059315,景碩元大59購03,TW,0.0,28.0,0.0,0.0,0,0.0,0.0
059316,景碩元大5A購04,TW,0.0,1.0,0.0,0.0,0,0.0,0.0
059317,緯創元大59購04,TW,0.0,56.0,0.0,0.0,0,0.0,0.0
059318,緯創元大61購07,TW,0.0,-1.0,0.0,0.0,0,0.0,0.0
059319,新日興元大59購01,TW,0.0,-188.0,0.0,0.0,0,0.0,0.0
059320,京鼎元大59購01,TW,0.0,-144.0,0.0,0.0,0,0.0,0.0
059321,世芯元大61購07,TW,0.0,2.0,0.0,0.0,0,0.0,0.0
059322,日月光元大59購10,TW,0.0,0.0,0.0,0.0,0,0.0,0.0
059324,日月光元大59購12,TW,0.0,0.0,0.0,0.0,0,0.0,0.0
059325,新唐元大59購04,TW,0.0,2.0,0.0,0.0,0,0.0,0.0
059331,緯穎元大61購06,TW,0.0,20.0,0.0,0.0,0,0.0,0.0
059333,惠特元大5C購01,TW,0.0,-103.0,0.0,0.0,0,0.0,0.0
059334,AES元大59購09,TW,0.0,-68.0,0.0,0.0,0,0.0,0.0
059335,AES元大59購10,TW,0.0,-504.0,0.0,0.0,0,0.0,0.0
059337,元油反群益63購01,TW,0.0,-60.0,0.0,0.0,0,0.0,0.0
059338,SGBR2X群益63購03,TW,0.0,1.0,0.0,0.0,0,0.0,0.0
059339,台聚群益63購01,TW,0.0,-32.0,0.0,0.0,0,0.0,0.0
059340,大亞群益5B購01,TW,0.0,152.0,0.0,0.0,0,0.0,0.0
059344,台積電群益59購11,TW,0.0,5999.0,0.0,0.0,0,0.0,0.0
059347,微星群益5B購01,TW,0.0,15.0,0.0,0.0,0,0.0,0.0
059348,飛宏群益5B購01,TW,0.0,-242.0,0.0,0.0,0,0.0,0.0
059349,裕民群益5B購01,TW,0.0,-28.0,0.0,0.0,0,0.0,0.0
059352,亞光群益5A購01,TW,0.0,-1126.0,0.0,0.0,0,0.0,0.0
059356,緯創群益5B購01,TW,0.0,-19.0,0.0,0.0,0,0.0,0.0
059365,台塑化群益5C購01,TW,0.0,-106.0,0.0,0.0,0,0.0,0.0
059367,龍德船群益5B購02,TW,0.0,-43.0,0.0,0.0,0,0.0,0.0
059369,勤誠群益59購01,TW,0.0,-1.0,0.0,0.0,0,0.0,0.0
059371,台塑中信59購02,TW,0.0,-4.0,0.0,0.0,0,0.0,0.0
059372,智邦中信62購01,TW,0.0,-36.0,0.0,0.0,0,0.0,0.0
059373,緯創中信59購01,TW,0.0,-130.0,0.0,0.0,0,0.0,0.0
059374,南茂中信59購02,TW,0.0,-5.0,0.0,0.0,0,0.0,0.0
059377,華泰永豐5B購04,TW,0.0,-20.0,0.0,0.0,0,0.0,0.0
059378,達邁永豐5C購01,TW,0.0,-370.0,0.0,0.0,0,0.0,0.0
059379,臻鼎永豐5C購01,TW,0.0,20.0,0.0,0.0,0,0.0,0.0
059380,眾達永豐61購01,TW,0.0,-81.0,0.0,0.0,0,0.0,0.0
059381,飛捷永豐5B購01,TW,0.0,-414.0,0.0,0.0,0,0.0,0.0
059382,AES永豐5C購03,TW,0.0,-896.0,0.0,0.0,0,0.0,0.0
059383,南茂永豐5A購01,TW,0.0,-21.0,0.0,0.0,0,0.0,0.0
059384,台泥富邦59購01,TW,0.0,1.0,0.0,0.0,0,0.0,0.0
059385,台塑富邦63購01,TW,0.0,493.0,0.0,0.0,0,0.0,0.0
059387,玉山金富邦59購01,TW,0.0,-18.0,0.0,0.0,0,0.0,0.0
059388,元大金富邦59購01,TW,0.0,-71.0,0.0,0.0,0,0.0,0.0
059389,勤誠富邦5B購01,TW,0.0,0.0,0.0,0.0,0,0.0,0.0
059390,日本2X凱基5B購02,TW,0.0,-8.0,0.0,0.0,0,0.0,0.0
059391,道瓊銅凱基63購02,TW,0.0,-27.0,0.0,0.0,0,0.0,0.0
059392,台化凱基5A購03,TW,0.0,-26.0,0.0,0.0,0,0.0,0.0
059393,遠東新凱基59購01,TW,0.0,-233.0,0.0,0.0,0,0.0,0.0
059394,川湖凱基59購04,TW,0.0,6.0,0.0,0.0,0,0.0,0.0
059395,華通凱基5A購03,TW,0.0,-90.0,0.0,0.0,0,0.0,0.0
059398,微星凱基59購02,TW,0.0,257.0,0.0,0.0,0,0.0,0.0
059399,新興凱基5B購01,TW,0.0,-18.0,0.0,0.0,0,0.0,0.0
05939U,臺股指元大56售16,TW,0.0,79.0,0.0,0.0,0,0.0,0.0
059400,萬海凱基59購04,TW,0.0,93.0,0.0,0.0,0,0.0,0.0
059411,台塑化凱基59購04,TW,0.0,-14.0,0.0,0.0,0,0.0,0.0
059412,勤誠凱基59購03,TW,0.0,16.0,0.0,0.0,0,0.0,0.0
059413,鴻海統一63購03,TW,0.0,13.0,0.0,0.0,0,0.0,0.0
059414,台積電統一63購08,TW,0.0,80.0,0.0,0.0,0,0.0,0.0
059415,台積電統一67購06,TW,0.0,-10.0,0.0,0.0,0,0.0,0.0
059416,敬鵬統一62購03,TW,0.0,1836.0,0.0,0.0,0,0.0,0.0
059418,景碩統一63購02,TW,0.0,11.0,0.0,0.0,0,0.0,0.0
059419,景碩統一63購03,TW,0.0,100.0,0.0,0.0,0,0.0,0.0
059420,景碩統一63購04,TW,0.0,3.0,0.0,0.0,0,0.0,0.0
059421,景碩統一68購01,TW,0.0,-1112.0,0.0,0.0,0,0.0,0.0
059422,飛捷統一63購01,TW,0.0,644.0,0.0,0.0,0,0.0,0.0
059423,聯茂統一73購01,TW,0.0,-25.0,0.0,0.0,0,0.0,0.0
059425,矽力統一73購01,TW,0.0,-193.0,0.0,0.0,0,0.0,0.0
059426,宇瞻統一73購01,TW,0.0,-19.0,0.0,0.0,0,0.0,0.0
059427,SGBR2X國泰5A購01,TW,0.0,-3.0,0.0,0.0,0,0.0,0.0
059428,鴻海國泰5A購01,TW,0.0,-266.0,0.0,0.0,0,0.0,0.0
059429,大立光國泰5A購01,TW,0.0,40.0,0.0,0.0,0,0.0,0.0
059430,祥碩國泰5A購01,TW,0.0,-149.0,0.0,0.0,0,0.0,0.0
059431,緯穎國泰5A購01,TW,0.0,-119.0,0.0,0.0,0,0.0,0.0
059432,華通台新59購02,TW,0.0,5.0,0.0,0.0,0,0.0,0.0
059434,金像電台新59購01,TW,0.0,-53.0,0.0,0.0,0,0.0,0.0
059435,世芯台新59購02,TW,0.0,2.0,0.0,0.0,0,0.0,0.0
059436,南茂台新59購01,TW,0.0,19.0,0.0,0.0,0,0.0,0.0
059438,台灣50元大63購02,TW,0.0,16.0,0.0,0.0,0,0.0,0.0
059439,T50反1元大59購03,TW,0.0,191.0,0.0,0.0,0,0.0,0.0
059440,南亞元大59購12,TW,0.0,1.0,0.0,0.0,0,0.0,0.0
059441,國喬元大59購01,TW,0.0,80.0,0.0,0.0,0,0.0,0.0
059442,鴻海元大59購09,TW,0.0,67.0,0.0,0.0,0,0.0,0.0
059443,鴻海元大59購10,TW,0.0,143.0,0.0,0.0,0,0.0,0.0
059444,台積電元大59購21,TW,0.0,-6.0,0.0,0.0,0,0.0,0.0
059445,台積電元大5C購05,TW,0.0,2907.0,0.0,0.0,0,0.0,0.0
059446,創見元大59購06,TW,0.0,-67.0,0.0,0.0,0,0.0,0.0
059447,創見元大63購01,TW,0.0,120.0,-7.0,0.0,0,0.0,0.0
059448,義隆元大59購01,TW,0.0,-332.0,0.0,0.0,0,0.0,0.0
059449,強茂元大59購03,TW,0.0,-38.0,0.0,0.0,0,0.0,0.0
059450,強茂元大5B購03,TW,0.0,-449.0,0.0,0.0,0,0.0,0.0
059451,強茂元大5C購02,TW,0.0,47.0,0.0,0.0,0,0.0,0.0
059452,長榮元大59購06,TW,0.0,-1.0,0.0,0.0,0,0.0,0.0
059453,萬海元大5A購07,TW,0.0,-414.0,0.0,0.0,0,0.0,0.0
059454,奇鋐元大59購22,TW,0.0,-118.0,0.0,0.0,0,0.0,0.0
059455,奇鋐元大59購23,TW,0.0,0.0,0.0,0.0,0,0.0,0.0
059456,奇鋐元大5C購05,TW,0.0,-356.0,0.0,0.0,0,0.0,0.0
059457,智原元大5C購02,TW,0.0,2.0,0.0,0.0,0,0.0,0.0
059458,景碩元大59購04,TW,0.0,184.0,0.0,0.0,0,0.0,0.0
059459,新日興元大5A購02,TW,0.0,-135.0,0.0,0.0,0,0.0,0.0
059461,日月光元大5C購03,TW,0.0,-153.0,0.0,0.0,0,0.0,0.0
059462,定穎控元大59購03,TW,0.0,512.0,0.0,0.0,0,0.0,0.0
059463,定穎控元大59購04,TW,0.0,-287.0,0.0,0.0,0,0.0,0.0
059464,定穎控元大59購05,TW,0.0,0.0,0.0,0.0,0,0.0,0.0
059466,眾達元大59購06,TW,0.0,-55.0,0.0,0.0,0,0.0,0.0
059467,佳必琪元大5B購02,TW,0.0,649.0,0.0,0.0,0,0.0,0.0
059468,力成元大59購04,TW,0.0,253.0,0.0,0.0,0,0.0,0.0
059469,力成元大59購05,TW,0.0,-2305.0,0.0,0.0,0,0.0,0.0
059470,啟碁元大59購11,TW,0.0,1.0,0.0,0.0,0,0.0,0.0
059474,緯穎元大59購11,TW,0.0,0.0,0.0,0.0,0,0.0,0.0
059475,AES元大59購11,TW,0.0,181.0,0.0,0.0,0,0.0,0.0
059476,AES元大59購12,TW,0.0,-541.0,0.0,0.0,0,0.0,0.0
059477,采鈺元大63購01,TW,0.0,234.0,0.0,0.0,0,0.0,0.0
059478,天虹元大59購01,TW,0.0,90.0,0.0,0.0,0,0.0,0.0
059479,富鼎元大59購01,TW,0.0,204.0,0.0,0.0,0,0.0,0.0
059480,台灣50國票59購06,TW,0.0,-9.0,0.0,0.0,0,0.0,0.0
059481,FB科技國票59購01,TW,0.0,33.0,0.0,0.0,0,0.0,0.0
059482,元石油國票5B購01,TW,0.0,-215.0,0.0,0.0,0,0.0,0.0
059483,道瓊反國票59購01,TW,0.0,200.0,0.0,0.0,0,0.0,0.0
059484,元油反國票59購02,TW,0.0,5.0,0.0,0.0,0,0.0,0.0
059485,元油反國票5A購01,TW,0.0,-257.0,0.0,0.0,0,0.0,0.0
059486,SGBR2X國票59購04,TW,0.0,-9.0,0.0,0.0,0,0.0,0.0
059489,台積電國票5A購04,TW,0.0,-72.0,0.0,0.0,0,0.0,0.0
059490,菱生國票5A購01,TW,0.0,-63.0,0.0,0.0,0,0.0,0.0
059491,毅嘉國票59購02,TW,0.0,1.0,0.0,0.0,0,0.0,0.0
059492,漢唐國票5A購02,TW,0.0,28.0,0.0,0.0,0,0.0,0.0
059493,長榮國票5A購03,TW,0.0,8.0,0.0,0.0,0,0.0,0.0
059494,裕民國票5A購01,TW,0.0,0.0,0.0,0.0,0,0.0,0.0
059495,萬海國票5A購02,TW,0.0,-48.0,0.0,0.0,0,0.0,0.0
059496,神基國票5C購01,TW,0.0,156.0,0.0,0.0,0,0.0,0.0
059497,京鼎國票5A購01,TW,0.0,87.0,0.0,0.0,0,0.0,0.0
059498,達邁國票5A購02,TW,0.0,-144.0,0.0,0.0,0,0.0,0.0
059499,達明國票5A購01,TW,0.0,-305.0,0.0,0.0,0,0.0,0.0
059500,材料國票5A購01,TW,0.0,-10.0,0.0,0.0,0,0.0,0.0
059501,上品國票5A購01,TW,0.0,-42.0,0.0,0.0,0,0.0,0.0
059502,乙盛國票5A購02,TW,0.0,-9.0,0.0,0.0,0,0.0,0.0
059503,力成國票5A購02,TW,0.0,384.0,0.0,0.0,0,0.0,0.0
059505,晶碩國票5A購01,TW,0.0,-390.0,0.0,0.0,0,0.0,0.0
059506,兆聯國票5A購01,TW,0.0,0.0,0.0,0.0,0,0.0,0.0
059507,昇陽半國票5A購01,TW,0.0,5.0,0.0,0.0,0,0.0,0.0
059508,臺股指國票59購05,TW,0.0,1.0,0.0,0.0,0,0.0,0.0
059510,台化元富59購02,TW,0.0,-274.0,0.0,0.0,0,0.0,0.0
059511,台化元富59購03,TW,0.0,-26.0,0.0,0.0,0,0.0,0.0
059513,美時元富59購02,TW,0.0,-182.0,0.0,0.0,0,0.0,0.0
059515,劍麟元富59購01,TW,0.0,365.0,0.0,0.0,0,0.0,0.0
059517,華通元富59購09,TW,0.0,-2.0,0.0,0.0,0,0.0,0.0
059518,華通元富59購10,TW,0.0,-2185.0,0.0,0.0,0,0.0,0.0
059520,智邦元富59購02,TW,0.0,-1300.0,0.0,0.0,0,0.0,0.0
059521,美律元富59購01,TW,0.0,-28.0,0.0,0.0,0,0.0,0.0
059526,AES元富59購05,TW,0.0,-10.0,0.0,0.0,0,0.0,0.0
059527,AES元富59購06,TW,0.0,270.0,0.0,0.0,0,0.0,0.0
059532,大成鋼群益59購03,TW,0.0,170.0,0.0,0.0,0,0.0,0.0
059533,光寶科群益59購02,TW,0.0,3.0,0.0,0.0,0,0.0,0.0
059534,華通群益5B購04,TW,0.0,54.0,0.0,0.0,0,0.0,0.0
059536,鴻海群益5A購08,TW,0.0,-97.0,0.0,0.0,0,0.0,0.0
059537,鴻海群益5C購07,TW,0.0,-58.0,0.0,0.0,0,0.0,0.0
059538,國巨群益59購06,TW,0.0,7.0,0.0,0.0,0,0.0,0.0
059541,奇鋐群益59購12,TW,0.0,-10.0,0.0,0.0,0,0.0,0.0
059542,景碩群益5A購03,TW,0.0,-38.0,0.0,0.0,0,0.0,0.0
059543,緯創群益59購03,TW,0.0,7.0,0.0,0.0,0,0.0,0.0
059545,定穎控群益59購04,TW,0.0,90.0,0.0,0.0,0,0.0,0.0
059546,事欣科群益59購01,TW,0.0,-5.0,0.0,0.0,0,0.0,0.0
059547,眾達群益59購01,TW,0.0,-12.0,0.0,0.0,0,0.0,0.0
059548,jpp群益59購01,TW,0.0,-159.0,0.0,0.0,0,0.0,0.0
059550,緯穎群益59購08,TW,0.0,31.0,0.0,0.0,0,0.0,0.0
059551,兆聯群益59購02,TW,0.0,-32.0,0.0,0.0,0,0.0,0.0
059552,兆聯群益63購01,TW,0.0,-67.0,0.0,0.0,0,0.0,0.0
059553,至上群益59購02,TW,0.0,-67.0,0.0,0.0,0,0.0,0.0
059554,南茂群益59購03,TW,0.0,117.0,0.0,0.0,0,0.0,0.0
059558,台虹國泰5A購02,TW,0.0,-9.0,0.0,0.0,0,0.0,0.0
059561,世芯兆豐5B購01,TW,0.0,-1.0,0.0,0.0,0,0.0,0.0
059563,台灣50凱基63購05,TW,0.0,-183.0,0.0,0.0,0,0.0,0.0
059565,華通凱基5A購04,TW,0.0,-395.0,0.0,0.0,0,0.0,0.0
059566,華碩凱基59購03,TW,0.0,-110.0,0.0,0.0,0,0.0,0.0
059567,金像電凱基5A購05,TW,0.0,-58.0,0.0,0.0,0,0.0,0.0
059569,創見凱基5B購01,TW,0.0,-10.0,0.0,0.0,0,0.0,0.0
059570,強茂凱基5B購03,TW,0.0,-36.0,0.0,0.0,0,0.0,0.0
059571,世芯凱基61購05,TW,0.0,-13.0,0.0,0.0,0,0.0,0.0
059573,眾達凱基5A購02,TW,0.0,-196.0,0.0,0.0,0,0.0,0.0
059574,采鈺凱基63購01,TW,0.0,-90.0,0.0,0.0,0,0.0,0.0
059575,台虹凱基59購01,TW,0.0,182.0,0.0,0.0,0,0.0,0.0
059576,宇瞻凱基63購01,TW,0.0,-21.0,0.0,0.0,0,0.0,0.0
059577,台灣50富邦63購05,TW,0.0,750.0,0.0,0.0,0,0.0,0.0
059578,SGBR2X富邦63購03,TW,0.0,17.0,0.0,0.0,0,0.0,0.0
059579,國巨富邦5B購01,TW,0.0,60.0,0.0,0.0,0,0.0,0.0
059580,金像電富邦5C購04,TW,0.0,-768.0,0.0,0.0,0,0.0,0.0
059581,國泰金富邦5B購01,TW,0.0,813.0,0.0,0.0,0,0.0,0.0
059582,臺股指富邦66購03,TW,0.0,690.0,0.0,0.0,0,0.0,0.0
059585,上銀國票5A購02,TW,0.0,100.0,0.0,0.0,0,0.0,0.0
059586,光寶科國票5C購01,TW,0.0,150.0,0.0,0.0,0,0.0,0.0
059587,鴻海國票5A購02,TW,0.0,146.0,0.0,0.0,0,0.0,0.0
059588,英業達國票5A購01,TW,0.0,-400.0,0.0,0.0,0,0.0,0.0
059589,金像電國票5A購01,TW,0.0,-55.0,0.0,0.0,0,0.0,0.0
059590,創見國票5A購04,TW,0.0,1363.0,0.0,0.0,0,0.0,0.0
059592,長榮航國票59購02,TW,0.0,-145.0,0.0,0.0,0,0.0,0.0
059593,大立光國票5A購01,TW,0.0,-282.0,0.0,0.0,0,0.0,0.0
059594,奇鋐國票5A購02,TW,0.0,-127.0,0.0,0.0,0,0.0,0.0
059595,景碩國票5A購05,TW,0.0,24.0,0.0,0.0,0,0.0,0.0
059596,新日興國票59購01,TW,0.0,-84.0,0.0,0.0,0,0.0,0.0
059597,牧德國票5A購05,TW,0.0,10.0,0.0,0.0,0,0.0,0.0
059598,達邁國票5A購03,TW,0.0,-605.0,0.0,0.0,0,0.0,0.0
059599,東台國票5A購01,TW,0.0,-1297.0,0.0,0.0,0,0.0,0.0
059601,康普國票5A購02,TW,0.0,514.0,0.0,0.0,0,0.0,0.0
059602,新唐國票5A購04,TW,0.0,-114.0,0.0,0.0,0,0.0,0.0
059603,聯茂國票5A購03,TW,0.0,-9.0,0.0,0.0,0,0.0,0.0
059605,緯穎國票5B購01,TW,0.0,16.0,0.0,0.0,0,0.0,0.0
059607,三集瑞國票5A購04,TW,0.0,-10.0,0.0,0.0,0,0.0,0.0
059610,台虹國票5A購01,TW,0.0,-33.0,0.0,0.0,0,0.0,0.0
059611,至上國票5A購01,TW,0.0,-36.0,0.0,0.0,0,0.0,0.0
059613,華通元富59購12,TW,0.0,-1464.0,0.0,0.0,0,0.0,0.0
059614,華通元富5C購01,TW,0.0,170.0,0.0,0.0,0,0.0,0.0
059615,鴻海元富63購02,TW,0.0,480.0,0.0,0.0,0,0.0,0.0
059616,威盛元富59購01,TW,0.0,1.0,0.0,0.0,0,0.0,0.0
059617,大立光元富59購02,TW,0.0,8.0,0.0,0.0,0,0.0,0.0
059618,世芯元富5A購02,TW,0.0,-1451.0,0.0,0.0,0,0.0,0.0
059619,愛普元富59購01,TW,0.0,32.0,0.0,0.0,0,0.0,0.0
059621,兆聯元富59購02,TW,0.0,-219.0,0.0,0.0,0,0.0,0.0
059623,世芯元富5B購01,TW,0.0,24.0,0.0,0.0,0,0.0,0.0
059624,台虹元富59購04,TW,0.0,-2.0,0.0,0.0,0,0.0,0.0
059625,台虹元富59購05,TW,0.0,-37.0,0.0,0.0,0,0.0,0.0
059626,台虹元富59購06,TW,0.0,72.0,0.0,0.0,0,0.0,0.0
05962U,臺股指群益5B售04,TW,0.0,-95.0,0.0,0.0,0,0.0,0.0
059630,永光統一73購01,TW,0.0,193.0,0.0,0.0,0,0.0,0.0
059631,長興統一66購01,TW,0.0,-3.0,0.0,0.0,0,0.0,0.0
059632,川湖統一63購02,TW,0.0,-3.0,0.0,0.0,0,0.0,0.0
059633,華通統一73購01,TW,0.0,709.0,0.0,0.0,0,0.0,0.0
059634,英業達統一65購01,TW,0.0,-1159.0,0.0,0.0,0,0.0,0.0
059635,英業達統一66購01,TW,0.0,-459.0,0.0,0.0,0,0.0,0.0
059636,金像電統一63購01,TW,0.0,-137.0,0.0,0.0,0,0.0,0.0
059637,威盛統一65購01,TW,0.0,52.0,0.0,0.0,0,0.0,0.0
059638,奇鋐統一62購02,TW,0.0,-69.0,0.0,0.0,0,0.0,0.0
059639,景碩統一73購03,TW,0.0,-393.0,0.0,0.0,0,0.0,0.0
059640,佳必琪統一73購01,TW,0.0,-1.0,0.0,0.0,0,0.0,0.0
059641,飛捷統一63購02,TW,0.0,192.0,0.0,0.0,0,0.0,0.0
059642,飛捷統一73購01,TW,0.0,-239.0,0.0,0.0,0,0.0,0.0
059643,聯茂統一63購01,TW,0.0,89.0,0.0,0.0,0,0.0,0.0
059644,矽格統一73購01,TW,0.0,206.0,0.0,0.0,0,0.0,0.0
059645,緯穎統一63購01,TW,0.0,-103.0,0.0,0.0,0,0.0,0.0
059646,采鈺統一68購01,TW,0.0,23.0,0.0,0.0,0,0.0,0.0
059647,采鈺統一68購02,TW,0.0,522.0,0.0,0.0,0,0.0,0.0
059648,台虹統一63購01,TW,0.0,1953.0,0.0,0.0,0,0.0,0.0
059649,台虹統一63購02,TW,0.0,831.0,0.0,0.0,0,0.0,0.0
059650,台虹統一63購03,TW,0.0,455.0,0.0,0.0,0,0.0,0.0
059651,台虹統一66購01,TW,0.0,-244.0,0.0,0.0,0,0.0,0.0
059652,南茂統一73購01,TW,0.0,-277.0,0.0,0.0,0,0.0,0.0
059653,台灣50中信63購04,TW,0.0,267.0,0.0,0.0,0,0.0,0.0
059654,T50反1中信63購03,TW,0.0,-697.0,0.0,0.0,0,0.0,0.0
059655,臺指2X中信63購03,TW,0.0,4995.0,0.0,0.0,0,0.0,0.0
059656,臺指反中信63購01,TW,0.0,51.0,0.0,0.0,0,0.0,0.0
059657,聯電中信5A購01,TW,0.0,16.0,0.0,0.0,0,0.0,0.0
059658,鴻海中信63購01,TW,0.0,53.0,0.0,0.0,0,0.0,0.0
059659,台積電中信63購04,TW,0.0,-188.0,0.0,0.0,0,0.0,0.0
059660,金像電中信63購01,TW,0.0,-329.0,0.0,0.0,0,0.0,0.0
059661,京元電中信63購01,TW,0.0,-3467.0,0.0,0.0,0,0.0,0.0
059663,世芯中信63購01,TW,0.0,-526.0,0.0,0.0,0,0.0,0.0
059664,緯穎中信63購01,TW,0.0,-124.0,0.0,0.0,0,0.0,0.0
059665,臺股指中信5C購11,TW,0.0,69.0,0.0,0.0,0,0.0,0.0
059667,鴻海永豐65購03,TW,0.0,8.0,0.0,0.0,0,0.0,0.0
059668,鴻海永豐68購01,TW,0.0,-56.0,0.0,0.0,0,0.0,0.0
059669,台積電永豐73購03,TW,0.0,-178.0,0.0,0.0,0,0.0,0.0
059670,台積電永豐73購04,TW,0.0,-142.0,0.0,0.0,0,0.0,0.0
059671,金像電永豐5C購01,TW,0.0,-221.0,0.0,0.0,0,0.0,0.0
059672,建準永豐5A購01,TW,0.0,-1.0,0.0,0.0,0,0.0,0.0
059673,義隆永豐5B購01,TW,0.0,-474.0,0.0,0.0,0,0.0,0.0
059674,義隆永豐5C購02,TW,0.0,34.0,0.0,0.0,0,0.0,0.0
059675,奇鋐永豐63購02,TW,0.0,-65.0,0.0,0.0,0,0.0,0.0
059676,奇鋐永豐63購03,TW,0.0,-126.0,0.0,0.0,0,0.0,0.0
059677,景碩永豐5C購01,TW,0.0,14.0,0.0,0.0,0,0.0,0.0
059679,達邁永豐63購01,TW,0.0,-1193.0,0.0,0.0,0,0.0,0.0
059680,世芯永豐66購01,TW,0.0,-143.0,0.0,0.0,0,0.0,0.0
059682,佳必琪永豐5C購01,TW,0.0,-273.0,0.0,0.0,0,0.0,0.0
059683,康舒永豐5B購01,TW,0.0,-494.0,0.0,0.0,0,0.0,0.0
059684,啟碁永豐5C購01,TW,0.0,-24.0,0.0,0.0,0,0.0,0.0
059685,台虹永豐5B購01,TW,0.0,-37.0,0.0,0.0,0,0.0,0.0
059686,至上永豐5C購01,TW,0.0,-79.0,0.0,0.0,0,0.0,0.0
059688,至上台新59購01,TW,0.0,-2.0,0.0,0.0,0,0.0,0.0
059689,日本反元大65購01,TW,0.0,-1795.0,0.0,0.0,0,0.0,0.0
059690,元油反元大59購04,TW,0.0,200.0,0.0,0.0,0,0.0,0.0
059691,元油反元大5A購02,TW,0.0,-158.0,0.0,0.0,0,0.0,0.0
059692,SGBR2X元大59購12,TW,0.0,12.0,0.0,0.0,0,0.0,0.0
059693,SGBR2X元大5A購02,TW,0.0,-14.0,0.0,0.0,0,0.0,0.0
059695,永光元大5C購01,TW,0.0,-19.0,0.0,0.0,0,0.0,0.0
059696,華通元大59購06,TW,0.0,-110.0,0.0,0.0,0,0.0,0.0
059697,華通元大59購07,TW,0.0,56.0,0.0,0.0,0,0.0,0.0
059698,華通元大59購08,TW,0.0,-45.0,0.0,0.0,0,0.0,0.0
059699,華通元大59購09,TW,0.0,-386.0,0.0,0.0,0,0.0,0.0
059700,華通元大59購10,TW,0.0,-597.0,0.0,0.0,0,0.0,0.0
059701,華通元大59購11,TW,0.0,-69.0,0.0,0.0,0,0.0,0.0
059702,華通元大59購12,TW,0.0,-43.0,0.0,0.0,0,0.0,0.0
059703,華通元大59購13,TW,0.0,-104.0,0.0,0.0,0,0.0,0.0
059704,華通元大59購14,TW,0.0,-407.0,0.0,0.0,0,0.0,0.0
059705,華通元大63購02,TW,0.0,70.0,0.0,0.0,0,0.0,0.0
059706,台積電元大59購23,TW,0.0,-1063.0,0.0,0.0,0,0.0,0.0
059707,華碩元大5C購01,TW,0.0,506.0,0.0,0.0,0,0.0,0.0
059709,創見元大63購02,TW,0.0,2.0,0.0,0.0,0,0.0,0.0
059710,宏達電元大59購05,TW,0.0,55.0,0.0,0.0,0,0.0,0.0
059711,長榮元大59購07,TW,0.0,-232.0,0.0,0.0,0,0.0,0.0
059712,長榮航元大59購01,TW,0.0,1.0,0.0,0.0,0,0.0,0.0
059714,智原元大5C購03,TW,0.0,77.0,0.0,0.0,0,0.0,0.0
059715,文曄元大5C購01,TW,0.0,-670.0,0.0,0.0,0,0.0,0.0
059717,景碩元大59購06,TW,0.0,-398.0,0.0,0.0,0,0.0,0.0
059718,景碩元大59購07,TW,0.0,-3.0,0.0,0.0,0,0.0,0.0
059719,嘉澤元大59購04,TW,0.0,55.0,0.0,0.0,0,0.0,0.0
059721,牧德元大59購06,TW,0.0,-6.0,0.0,0.0,0,0.0,0.0
059722,牧德元大59購07,TW,0.0,26.0,0.0,0.0,0,0.0,0.0
059724,達邁元大59購01,TW,0.0,489.0,0.0,0.0,0,0.0,0.0
059726,日月光元大5C購04,TW,0.0,-147.0,0.0,0.0,0,0.0,0.0
059731,臻鼎元大63購02,TW,0.0,133.0,0.0,0.0,0,0.0,0.0
059732,眾達元大59購07,TW,0.0,35.0,0.0,0.0,0,0.0,0.0
059733,聯茂元大59購10,TW,0.0,-70.0,0.0,0.0,0,0.0,0.0
059735,同欣電元大59購03,TW,0.0,-10.0,0.0,0.0,0,0.0,0.0
059737,惠特元大59購02,TW,0.0,-171.0,0.0,0.0,0,0.0,0.0
059738,龍德船元大5C購01,TW,0.0,-482.0,0.0,0.0,0,0.0,0.0
059739,采鈺元大63購02,TW,0.0,-157.0,0.0,0.0,0,0.0,0.0
059742,臺股指元大59購29,TW,0.0,-233.0,0.0,0.0,0,0.0,0.0
059743,臺股指元大5A購18,TW,0.0,-2.0,0.0,0.0,0,0.0,0.0
059745,滬深反群益59購01,TW,0.0,-31.0,0.0,0.0,0,0.0,0.0
059747,國企2X群益63購01,TW,0.0,-2.0,0.0,0.0,0,0.0,0.0
059748,中502X群益63購01,TW,0.0,-674.0,0.0,0.0,0,0.0,0.0
059750,華通群益63購01,TW,0.0,40.0,0.0,0.0,0,0.0,0.0
059751,鴻海群益5A購09,TW,0.0,-697.0,0.0,0.0,0,0.0,0.0
059752,台積電群益5B購06,TW,0.0,-10.0,0.0,0.0,0,0.0,0.0
059753,台積電群益5B購07,TW,0.0,-22.0,0.0,0.0,0,0.0,0.0
059754,台積電群益63購03,TW,0.0,76.0,0.0,0.0,0,0.0,0.0
059755,金像電群益59購02,TW,0.0,-18.0,0.0,0.0,0,0.0,0.0
059756,金像電群益5A購03,TW,0.0,-507.0,0.0,0.0,0,0.0,0.0
059757,瑞昱群益59購02,TW,0.0,-485.0,0.0,0.0,0,0.0,0.0
059758,超豐群益59購02,TW,0.0,233.0,0.0,0.0,0,0.0,0.0
059759,奇鋐群益63購01,TW,0.0,-59.0,0.0,0.0,0,0.0,0.0
059760,達邁群益5A購01,TW,0.0,-293.0,0.0,0.0,0,0.0,0.0
059761,世芯群益63購01,TW,0.0,-813.0,0.0,0.0,0,0.0,0.0
059762,上緯控群益5A購01,TW,0.0,-93.0,0.0,0.0,0,0.0,0.0
059763,矽格群益63購01,TW,0.0,-4.0,0.0,0.0,0,0.0,0.0
059764,惠特群益59購03,TW,0.0,9.0,0.0,0.0,0,0.0,0.0
059765,采鈺群益59購01,TW,0.0,6.0,0.0,0.0,0,0.0,0.0
059766,台虹群益5C購01,TW,0.0,346.0,0.0,0.0,0,0.0,0.0
059767,至上群益5B購01,TW,0.0,-37.0,0.0,0.0,0,0.0,0.0
059769,宇瞻群益63購01,TW,0.0,-15.0,0.0,0.0,0,0.0,0.0
059770,臺股指群益59購25,TW,0.0,-259.0,0.0,0.0,0,0.0,0.0
059772,鴻海國泰61購01,TW,0.0,99.0,0.0,0.0,0,0.0,0.0
059773,台積電國泰5A購01,TW,0.0,-103.0,0.0,0.0,0,0.0,0.0
059774,智邦國泰5A購01,TW,0.0,1.0,0.0,0.0,0,0.0,0.0
059776,金像電國泰61購01,TW,0.0,-1.0,0.0,0.0,0,0.0,0.0
059777,毅嘉國泰5A購02,TW,0.0,1.0,0.0,0.0,0,0.0,0.0
059778,京元電國泰5A購01,TW,0.0,-318.0,0.0,0.0,0,0.0,0.0
059779,嘉澤國泰5A購02,TW,0.0,-125.0,0.0,0.0,0,0.0,0.0
059780,辛耘國泰5A購01,TW,0.0,76.0,0.0,0.0,0,0.0,0.0
059781,日月光國泰5A購02,TW,0.0,-1.0,0.0,0.0,0,0.0,0.0
059782,上品國泰5A購01,TW,0.0,-27.0,0.0,0.0,0,0.0,0.0
059783,天虹國泰5A購01,TW,0.0,-85.0,0.0,0.0,0,0.0,0.0
059784,台灣50台新59購02,TW,0.0,11.0,0.0,0.0,0,0.0,0.0
059785,金像電台新59購02,TW,0.0,-15.0,0.0,0.0,0,0.0,0.0
059786,滬深2X凱基5B購03,TW,0.0,-19.0,0.0,0.0,0,0.0,0.0
059789,光寶科凱基59購04,TW,0.0,-173.0,0.0,0.0,0,0.0,0.0
059790,金像電凱基59購03,TW,0.0,-66.0,0.0,0.0,0,0.0,0.0
059791,金像電凱基63購01,TW,0.0,-130.0,0.0,0.0,0,0.0,0.0
059792,瑞昱凱基59購01,TW,0.0,43.0,0.0,0.0,0,0.0,0.0
059794,長榮凱基5C購01,TW,0.0,0.0,0.0,0.0,0,0.0,0.0
059795,奇鋐凱基63購01,TW,0.0,-75.0,0.0,0.0,0,0.0,0.0
059796,德律凱基59購04,TW,0.0,-140.0,0.0,0.0,0,0.0,0.0
059797,聯詠凱基59購03,TW,0.0,10.0,0.0,0.0,0,0.0,0.0
059799,文曄凱基59購02,TW,0.0,-525.0,0.0,0.0,0,0.0,0.0
059800,景碩凱基59購01,TW,0.0,-4.0,0.0,0.0,0,0.0,0.0
059801,景碩凱基59購02,TW,0.0,11.0,0.0,0.0,0,0.0,0.0
059802,嘉澤凱基5A購03,TW,0.0,-2.0,0.0,0.0,0,0.0,0.0
059803,牧德凱基5A購03,TW,0.0,201.0,0.0,0.0,0,0.0,0.0
059805,世芯凱基61購06,TW,0.0,-8.0,0.0,0.0,0,0.0,0.0
059806,日月光凱基59購06,TW,0.0,3.0,0.0,0.0,0,0.0,0.0
059809,眾達凱基59購03,TW,0.0,-51.0,0.0,0.0,0,0.0,0.0
059810,佳必琪凱基59購01,TW,0.0,66.0,0.0,0.0,0,0.0,0.0
059813,緯穎凱基61購02,TW,0.0,-33.0,0.0,0.0,0,0.0,0.0
059814,惠特凱基59購02,TW,0.0,-135.0,0.0,0.0,0,0.0,0.0
059816,台虹凱基5A購02,TW,0.0,136.0,0.0,0.0,0,0.0,0.0
059817,至上凱基59購03,TW,0.0,272.0,0.0,0.0,0,0.0,0.0
059818,富鼎凱基5A購01,TW,0.0,-10.0,0.0,0.0,0,0.0,0.0
059819,世紀鋼凱基59購01,TW,0.0,-163.0,0.0,0.0,0,0.0,0.0
059820,台灣50國票5A購02,TW,0.0,-6.0,0.0,0.0,0,0.0,0.0
059823,臺指反國票5B購01,TW,0.0,50.0,0.0,0.0,0,0.0,0.0
059824,FBNQ2X國票59購01,TW,0.0,-130.0,0.0,0.0,0,0.0,0.0
059825,FB臺反國票59購01,TW,0.0,90.0,0.0,0.0,0,0.0,0.0
059826,SGBR2X國票59購05,TW,0.0,0.0,0.0,0.0,0,0.0,0.0
059827,SGBR2X國票5A購02,TW,0.0,7.0,0.0,0.0,0,0.0,0.0
059829,美費半國票59購01,TW,0.0,4.0,0.0,0.0,0,0.0,0.0
059830,中興電國票5A購01,TW,0.0,25.0,0.0,0.0,0,0.0,0.0
059831,華立國票61購01,TW,0.0,-27.0,0.0,0.0,0,0.0,0.0
059832,德律國票5A購04,TW,0.0,-53.0,0.0,0.0,0,0.0,0.0
059833,智原國票5B購01,TW,0.0,-198.0,0.0,0.0,0,0.0,0.0
059834,大銀國票5C購01,TW,0.0,3.0,0.0,0.0,0,0.0,0.0
059835,宇瞻國票5A購02,TW,0.0,262.0,0.0,0.0,0,0.0,0.0
059836,宇瞻國票5A購03,TW,0.0,-11.0,0.0,0.0,0,0.0,0.0
059837,宇瞻國票65購01,TW,0.0,-223.0,0.0,0.0,0,0.0,0.0
059838,臺股指國票59購06,TW,0.0,-83.0,0.0,0.0,0,0.0,0.0
059839,電子類國票59購01,TW,0.0,0.0,0.0,0.0,0,0.0,0.0
059840,電子類國票59購02,TW,0.0,-88.0,0.0,0.0,0,0.0,0.0
059841,金融類國票59購01,TW,0.0,-79.0,0.0,0.0,0,0.0,0.0
059842,元石油富邦63購01,TW,0.0,-13.0,0.0,0.0,0,0.0,0.0
059843,鴻海富邦59購05,TW,0.0,-454.0,0.0,0.0,0,0.0,0.0
059844,華碩富邦59購02,TW,0.0,-560.0,0.0,0.0,0,0.0,0.0
059845,德律富邦5C購01,TW,0.0,-166.0,0.0,0.0,0,0.0,0.0
059846,日月光富邦5B購02,TW,0.0,24.0,0.0,0.0,0,0.0,0.0
059849,元油反中信63購02,TW,0.0,20.0,0.0,0.0,0,0.0,0.0
059850,SGBR2X中信63購02,TW,0.0,12.0,0.0,0.0,0,0.0,0.0
059851,南亞中信59購03,TW,0.0,567.0,0.0,0.0,0,0.0,0.0
059852,華新中信59購01,TW,0.0,427.0,0.0,0.0,0,0.0,0.0
059853,國巨中信63購01,TW,0.0,265.0,0.0,0.0,0,0.0,0.0
059854,台勝科中信59購01,TW,0.0,-3.0,0.0,0.0,0,0.0,0.0
059855,啟碁中信59購01,TW,0.0,1.0,0.0,0.0,0,0.0,0.0
059857,啟碁中信5C購01,TW,0.0,31.0,0.0,0.0,0,0.0,0.0
059858,台虹中信59購03,TW,0.0,905.0,0.0,0.0,0,0.0,0.0
059860,新唐統一63購01,TW,0.0,255.0,0.0,0.0,0,0.0,0.0
059861,臺股指統一59購01,TW,0.0,-607.0,0.0,0.0,0,0.0,0.0
059863,台積電永豐5C購10,TW,0.0,-133.0,0.0,0.0,0,0.0,0.0
059864,台積電永豐5C購11,TW,0.0,-113.0,0.0,0.0,0,0.0,0.0
059866,華碩永豐5A購01,TW,0.0,-70.0,0.0,0.0,0,0.0,0.0
059867,金像電永豐5B購01,TW,0.0,-71.0,0.0,0.0,0,0.0,0.0
059868,友達永豐5B購01,TW,0.0,1032.0,0.0,0.0,0,0.0,0.0
059869,友達永豐5C購01,TW,0.0,961.0,0.0,0.0,0,0.0,0.0
059870,建準永豐5C購01,TW,0.0,-315.0,0.0,0.0,0,0.0,0.0
059872,神基永豐5C購01,TW,0.0,75.0,0.0,0.0,0,0.0,0.0
059874,牧德永豐5C購01,TW,0.0,-64.0,0.0,0.0,0,0.0,0.0
059875,世芯永豐65購01,TW,0.0,-104.0,0.0,0.0,0,0.0,0.0
059876,眾達永豐5C購02,TW,0.0,170.0,0.0,0.0,0,0.0,0.0
059877,愛普永豐5C購01,TW,0.0,-1.0,0.0,0.0,0,0.0,0.0
059878,兆聯永豐5C購01,TW,0.0,-144.0,0.0,0.0,0,0.0,0.0
059879,富鼎永豐5C購01,TW,0.0,-1367.0,18.0,0.0,0,0.0,0.0
059880,宇瞻永豐5A購02,TW,0.0,153.0,0.0,0.0,0,0.0,0.0
059881,宇瞻永豐5B購01,TW,0.0,35.0,0.0,0.0,0,0.0,0.0
059883,台積電元大59購24,TW,0.0,-1600.0,13.0,0.0,0,0.0,0.0
059884,金像電元大59購07,TW,0.0,-10.0,0.0,0.0,0,0.0,0.0
059885,金像電元大59購08,TW,0.0,-178.0,0.0,0.0,0,0.0,0.0
059886,金像電元大59購09,TW,0.0,-14.0,0.0,0.0,0,0.0,0.0
059887,金像電元大59購10,TW,0.0,-445.0,0.0,0.0,0,0.0,0.0
059888,金像電元大59購11,TW,0.0,-665.0,0.0,0.0,0,0.0,0.0
059889,長榮元大59購08,TW,0.0,0.0,0.0,0.0,0,0.0,0.0
059890,奇鋐元大59購24,TW,0.0,-324.0,0.0,0.0,0,0.0,0.0
059892,德律元大59購13,TW,0.0,-7.0,0.0,0.0,0,0.0,0.0
059893,文曄元大5C購02,TW,0.0,27.0,0.0,0.0,0,0.0,0.0
059894,景碩元大59購08,TW,0.0,-235.0,0.0,0.0,0,0.0,0.0
059896,嘉澤元大59購06,TW,0.0,-23.0,0.0,0.0,0,0.0,0.0
059897,牧德元大59購09,TW,0.0,151.0,0.0,0.0,0,0.0,0.0
059898,達邁元大59購02,TW,0.0,225.0,0.0,0.0,0,0.0,0.0
059899,達邁元大59購03,TW,0.0,40.0,0.0,0.0,0,0.0,0.0
059900,世芯元大5A購01,TW,0.0,-196.0,0.0,0.0,0,0.0,0.0
059901,日月光元大59購15,TW,0.0,-47.0,0.0,0.0,0,0.0,0.0
059905,臻鼎元大63購03,TW,0.0,1.0,0.0,0.0,0,0.0,0.0
059906,佳必琪元大5C購01,TW,0.0,-137.0,0.0,0.0,0,0.0,0.0
059908,矽格元大59購02,TW,0.0,498.0,0.0,0.0,0,0.0,0.0
059909,同欣電元大59購04,TW,0.0,-1306.0,0.0,0.0,0,0.0,0.0
059910,緯穎元大59購12,TW,0.0,3.0,0.0,0.0,0,0.0,0.0
059911,惠特元大59購03,TW,0.0,1339.0,0.0,0.0,0,0.0,0.0
059912,采鈺元大5C購02,TW,0.0,4.0,0.0,0.0,0,0.0,0.0
059913,台虹元大59購03,TW,0.0,-227.0,0.0,0.0,0,0.0,0.0
059914,台虹元大59購04,TW,0.0,-223.0,0.0,0.0,0,0.0,0.0
059915,台虹元大59購05,TW,0.0,-272.0,0.0,0.0,0,0.0,0.0
059916,台虹元大59購06,TW,0.0,-37.0,0.0,0.0,0,0.0,0.0
059918,宇瞻元大59購01,TW,0.0,16.0,0.0,0.0,0,0.0,0.0
059919,宇瞻元大59購02,TW,0.0,0.0,0.0,0.0,0,0.0,0.0
059921,宇瞻元大5B購02,TW,0.0,-60.0,0.0,0.0,0,0.0,0.0
059922,宇瞻元大63購01,TW,0.0,-844.0,0.0,0.0,0,0.0,0.0
059923,東鹼群益59購01,TW,0.0,200.0,0.0,0.0,0,0.0,0.0
059924,鴻海群益63購02,TW,0.0,-10.0,0.0,0.0,0,0.0,0.0
059925,鴻海群益63購03,TW,0.0,85.0,0.0,0.0,0,0.0,0.0
059926,鴻海群益64購01,TW,0.0,-210.0,0.0,0.0,0,0.0,0.0
059927,鴻海群益65購01,TW,0.0,-200.0,0.0,0.0,0,0.0,0.0
059930,金像電群益59購03,TW,0.0,-20.0,0.0,0.0,0,0.0,0.0
059931,技嘉群益59購03,TW,0.0,-10.0,0.0,0.0,0,0.0,0.0
059933,友達群益59購05,TW,0.0,-786.0,0.0,0.0,0,0.0,0.0
059935,強茂群益5C購01,TW,0.0,441.0,0.0,0.0,0,0.0,0.0
059936,新興群益61購01,TW,0.0,-76.0,0.0,0.0,0,0.0,0.0
059937,奇鋐群益59購13,TW,0.0,6.0,0.0,0.0,0,0.0,0.0
059938,嘉澤群益5A購03,TW,0.0,-414.0,0.0,0.0,0,0.0,0.0
059939,眾達群益59購02,TW,0.0,53.0,0.0,0.0,0,0.0,0.0
059940,佳必琪群益61購01,TW,0.0,-259.0,0.0,0.0,0,0.0,0.0
059941,愛普群益61購01,TW,0.0,40.0,0.0,0.0,0,0.0,0.0
059942,惠特群益61購01,TW,0.0,8.0,0.0,0.0,0,0.0,0.0
059943,兆聯群益5B購02,TW,0.0,-50.0,0.0,0.0,0,0.0,0.0
059944,台虹群益5B購01,TW,0.0,18.0,0.0,0.0,0,0.0,0.0
059945,瀚荃群益5B購01,TW,0.0,-152.0,0.0,0.0,0,0.0,0.0
059948,臺股指群益59購26,TW,0.0,25.0,0.0,0.0,0,0.0,0.0
059952,臺股指群益59購30,TW,0.0,2.0,0.0,0.0,0,0.0,0.0
059953,臺股指群益59購31,TW,0.0,-40.0,0.0,0.0,0,0.0,0.0
059955,電子類群益59購03,TW,0.0,-22.0,0.0,0.0,0,0.0,0.0
059956,上銀兆豐63購01,TW,0.0,77.0,0.0,0.0,0,0.0,0.0
059957,聯詠兆豐63購01,TW,0.0,-49.0,0.0,0.0,0,0.0,0.0
059958,文曄兆豐5B購01,TW,0.0,166.0,0.0,0.0,0,0.0,0.0
059960,祥碩兆豐63購02,TW,0.0,-698.0,0.0,0.0,0,0.0,0.0
059961,美時元富59購03,TW,0.0,-494.0,0.0,0.0,0,0.0,0.0
059962,仁寶元富59購01,TW,0.0,-258.0,0.0,0.0,0,0.0,0.0
059963,華泰元富59購01,TW,0.0,1643.0,0.0,0.0,0,0.0,0.0
059964,京元電元富59購05,TW,0.0,1.0,0.0,0.0,0,0.0,0.0
059965,萬海元富59購02,TW,0.0,-65.0,0.0,0.0,0,0.0,0.0
059968,矽力元富59購01,TW,0.0,1.0,0.0,0.0,0,0.0,0.0
059969,愛普元富59購02,TW,0.0,315.0,0.0,0.0,0,0.0,0.0
059970,緯穎元富5A購03,TW,0.0,-56.0,0.0,0.0,0,0.0,0.0
059972,兆聯元富5A購01,TW,0.0,-17.0,0.0,0.0,0,0.0,0.0
059973,世紀鋼元富59購01,TW,0.0,-459.0,0.0,0.0,0,0.0,0.0
059974,元石油統一59購01,TW,0.0,30.0,0.0,0.0,0,0.0,0.0
059975,元石油統一67購02,TW,0.0,16.0,0.0,0.0,0,0.0,0.0
059976,佳必琪統一63購01,TW,0.0,-208.0,0.0,0.0,0,0.0,0.0
059978,T50反1中信63購05,TW,0.0,-250.0,0.0,0.0,0,0.0,0.0
059980,台聚中信59購01,TW,0.0,-631.0,0.0,0.0,0,0.0,0.0
059981,川湖中信5C購01,TW,0.0,-48.0,0.0,0.0,0,0.0,0.0
059982,華碩中信63購01,TW,0.0,-667.0,0.0,0.0,0,0.0,0.0
059983,奇鋐中信59購04,TW,0.0,-1287.0,0.0,0.0,0,0.0,0.0
059984,臻鼎中信5B購01,TW,0.0,-92.0,0.0,0.0,0,0.0,0.0
059985,佳必琪中信5C購01,TW,0.0,6.0,0.0,0.0,0,0.0,0.0
059986,臺股指中信5B購04,TW,0.0,-598.0,0.0,0.0,0,0.0,0.0
059987,華泰永豐5C購01,TW,0.0,-97.0,0.0,0.0,0,0.0,0.0
059991,陽明永豐5B購01,TW,0.0,-35.0,0.0,0.0,0,0.0,0.0
059993,定穎控永豐5C購01,TW,0.0,24.0,0.0,0.0,0,0.0,0.0
059994,力成永豐5B購01,TW,0.0,-180.0,0.0,0.0,0,0.0,0.0
059995,啟碁永豐5C購02,TW,0.0,2.0,0.0,0.0,0,0.0,0.0
059996,矽力永豐5B購01,TW,0.0,2.0,0.0,0.0,0,0.0,0.0
059997,訊芯永豐5C購01,TW,0.0,-44.0,0.0,0.0,0,0.0,0.0
059999,台虹永豐5C購01,TW,0.0,136.0,0.0,0.0,0,0.0,0.0
060001,愛普兆豐5B購01,TW,0.0,-2268.0,0.0,0.0,0,0.0,0.0
060004,聚陽富邦5B購01,TW,0.0,-494.0,0.0,0.0,0,0.0,0.0
060005,川湖富邦5C購02,TW,0.0,60.0,0.0,0.0,0,0.0,0.0
060007,聯電富邦61購05,TW,0.0,9.0,0.0,0.0,0,0.0,0.0
060008,楠梓電富邦5B購01,TW,0.0,30.0,0.0,0.0,0,0.0,0.0
060009,佳能富邦5B購01,TW,0.0,1669.0,0.0,0.0,0,0.0,0.0
060010,長榮富邦5C購01,TW,0.0,151.0,0.0,0.0,0,0.0,0.0
060011,奇鋐富邦5C購03,TW,0.0,-160.0,0.0,0.0,0,0.0,0.0
060013,佳必琪富邦5B購01,TW,0.0,333.0,0.0,0.0,0,0.0,0.0
060015,友達國泰5A購01,TW,0.0,-48.0,0.0,0.0,0,0.0,0.0
060016,京元電國泰5A購02,TW,0.0,90.0,0.0,0.0,0,0.0,0.0
060017,新興國泰5A購02,TW,0.0,0.0,0.0,0.0,0,0.0,0.0
060018,神基國泰5A購01,TW,0.0,-531.0,0.0,0.0,0,0.0,0.0
060020,景碩國泰5A購02,TW,0.0,-30.0,0.0,0.0,0,0.0,0.0
060022,和碩國泰5A購01,TW,0.0,-17.0,0.0,0.0,0,0.0,0.0
060026,SGBR2X凱基63購02,TW,0.0,10.0,0.0,0.0,0,0.0,0.0
060028,統一凱基59購01,TW,0.0,40.0,0.0,0.0,0,0.0,0.0
060029,中興電凱基59購03,TW,0.0,102.0,0.0,0.0,0,0.0,0.0
060030,永光凱基59購02,TW,0.0,82.0,0.0,0.0,0,0.0,0.0
060031,宇隆凱基59購02,TW,0.0,50.0,0.0,0.0,0,0.0,0.0
060033,技嘉凱基59購02,TW,0.0,20.0,0.0,0.0,0,0.0,0.0
060034,友達凱基61購01,TW,0.0,9.0,0.0,0.0,0,0.0,0.0
060036,強茂凱基61購02,TW,0.0,62.0,0.0,0.0,0,0.0,0.0
060037,新興凱基5B購02,TW,0.0,-223.0,0.0,0.0,0,0.0,0.0
060038,神基凱基59購01,TW,0.0,-2322.0,0.0,0.0,0,0.0,0.0
060039,華立凱基59購01,TW,0.0,71.0,0.0,0.0,0,0.0,0.0
060040,健鼎凱基59購01,TW,0.0,-120.0,0.0,0.0,0,0.0,0.0
060041,景碩凱基5A購06,TW,0.0,18.0,0.0,0.0,0,0.0,0.0
060043,定穎控凱基5A購02,TW,0.0,-34.0,0.0,0.0,0,0.0,0.0
060044,jpp凱基59購02,TW,0.0,-5.0,0.0,0.0,0,0.0,0.0
060045,力成凱基59購07,TW,0.0,7.0,0.0,0.0,0,0.0,0.0
060046,矽格凱基5B購01,TW,0.0,12.0,0.0,0.0,0,0.0,0.0
060047,同欣電凱基59購01,TW,0.0,18.0,0.0,0.0,0,0.0,0.0
060048,啟碁凱基61購04,TW,0.0,20.0,0.0,0.0,0,0.0,0.0
060049,愛普凱基61購01,TW,0.0,13.0,0.0,0.0,0,0.0,0.0
060050,愛普凱基61購02,TW,0.0,36.0,0.0,0.0,0,0.0,0.0
060051,采鈺凱基5C購01,TW,0.0,18.0,0.0,0.0,0,0.0,0.0
060052,兆聯凱基5B購01,TW,0.0,-304.0,0.0,0.0,0,0.0,0.0
060053,台虹凱基5C購01,TW,0.0,60.0,0.0,0.0,0,0.0,0.0
060054,至上凱基61購02,TW,0.0,-49.0,0.0,0.0,0,0.0,0.0
060055,勤誠凱基5B購02,TW,0.0,-39.0,0.0,0.0,0,0.0,0.0
060056,富鼎凱基59購01,TW,0.0,24.0,0.0,0.0,0,0.0,0.0
060057,臺股指凱基5A購40,TW,0.0,113.0,0.0,0.0,0,0.0,0.0
060058,臺股指凱基5A購41,TW,0.0,-3.0,0.0,0.0,0,0.0,0.0
060059,電子類凱基5A購02,TW,0.0,-32.0,0.0,0.0,0,0.0,0.0
060062,建準群益5A購02,TW,0.0,-76.0,0.0,0.0,0,0.0,0.0
060063,美律群益59購01,TW,0.0,4.0,0.0,0.0,0,0.0,0.0
060065,聯發科群益59購06,TW,0.0,4.0,0.0,0.0,0,0.0,0.0
060067,新興群益61購02,TW,0.0,48.0,0.0,0.0,0,0.0,0.0
060068,臺企銀群益5A購01,TW,0.0,72.0,0.0,0.0,0,0.0,0.0
060071,文曄群益59購02,TW,0.0,158.0,0.0,0.0,0,0.0,0.0
060073,景碩群益65購01,TW,0.0,-2462.0,0.0,0.0,0,0.0,0.0
060075,牧德群益59購04,TW,0.0,6.0,0.0,0.0,0,0.0,0.0
060078,定穎控群益59購06,TW,0.0,320.0,0.0,0.0,0,0.0,0.0
060079,眾達群益5B購01,TW,0.0,-112.0,0.0,0.0,0,0.0,0.0
060080,精成科群益59購01,TW,0.0,-265.0,0.0,0.0,0,0.0,0.0
060081,精成科群益59購02,TW,0.0,-451.0,0.0,0.0,0,0.0,0.0
060082,佳必琪群益5C購01,TW,0.0,199.0,0.0,0.0,0,0.0,0.0
060083,和椿群益59購01,TW,0.0,665.0,0.0,0.0,0,0.0,0.0
060084,矽力群益59購02,TW,0.0,9.0,0.0,0.0,0,0.0,0.0
060086,愛普群益61購02,TW,0.0,94.0,0.0,0.0,0,0.0,0.0
060087,緯穎群益59購09,TW,0.0,15.0,0.0,0.0,0,0.0,0.0
060088,富鼎群益5A購01,TW,0.0,477.0,0.0,0.0,0,0.0,0.0
060091,統一國票59購01,TW,0.0,186.0,0.0,0.0,0,0.0,0.0
060092,台聚國票59購01,TW,0.0,-50.0,0.0,0.0,0,0.0,0.0
060093,台化國票59購02,TW,0.0,-278.0,0.0,0.0,0,0.0,0.0
060095,永光國票5A購03,TW,0.0,101.0,0.0,0.0,0,0.0,0.0
060097,中環國票59購01,TW,0.0,-135.0,0.0,0.0,0,0.0,0.0
060098,景碩國票5A購06,TW,0.0,-1041.0,0.0,0.0,0,0.0,0.0
060099,世芯國票59購04,TW,0.0,-10.0,0.0,0.0,0,0.0,0.0
060100,定穎控國票65購01,TW,0.0,-30.0,0.0,0.0,0,0.0,0.0
060101,訊芯國票5C購02,TW,0.0,1.0,0.0,0.0,0,0.0,0.0
060105,台虹國票65購01,TW,0.0,-224.0,0.0,0.0,0,0.0,0.0
060106,富鼎國票5C購01,TW,0.0,464.0,0.0,0.0,0,0.0,0.0
060110,鴻海元富59購04,TW,0.0,-1.0,0.0,0.0,0,0.0,0.0
060111,鴻海元富59購05,TW,0.0,-50.0,0.0,0.0,0,0.0,0.0
060114,昆盈元富59購01,TW,0.0,38.0,0.0,0.0,0,0.0,0.0
060115,神基元富59購01,TW,0.0,-58.0,0.0,0.0,0,0.0,0.0
060116,神基元富59購02,TW,0.0,-260.0,0.0,0.0,0,0.0,0.0
060117,神基元富59購03,TW,0.0,-200.0,0.0,0.0,0,0.0,0.0
060118,定穎控元富59購05,TW,0.0,47.0,0.0,0.0,0,0.0,0.0
060119,愛普元富59購03,TW,0.0,90.0,0.0,0.0,0,0.0,0.0
060120,緯穎元富5C購02,TW,0.0,-627.0,0.0,0.0,0,0.0,0.0
060121,台虹元富59購07,TW,0.0,-74.0,0.0,0.0,0,0.0,0.0
060123,勤誠元富59購03,TW,0.0,0.0,0.0,0.0,0,0.0,0.0
060124,富鼎元富5A購01,TW,0.0,-18.0,0.0,0.0,0,0.0,0.0
060125,FBNQ2X元大59購01,TW,0.0,3.0,0.0,0.0,0,0.0,0.0
060126,FBNQ2X元大59購02,TW,0.0,-84.0,0.0,0.0,0,0.0,0.0
060127,美費半元大5A購01,TW,0.0,13.0,0.0,0.0,0,0.0,0.0
060128,美費半元大5B購01,TW,0.0,-30.0,2.0,0.0,0,0.0,0.0
060129,南亞元大59購13,TW,0.0,-24.0,0.0,0.0,0,0.0,0.0
060130,南亞元大59購14,TW,0.0,0.0,0.0,0.0,0,0.0,0.0
060131,南亞元大5C購03,TW,0.0,48.0,0.0,0.0,0,0.0,0.0
060132,東鹼元大59購01,TW,0.0,-1701.0,0.0,0.0,0,0.0,0.0
060133,東鹼元大59購02,TW,0.0,-395.0,0.0,0.0,0,0.0,0.0
060135,永光元大63購01,TW,0.0,-5.0,0.0,0.0,0,0.0,0.0
060137,台積電元大59購25,TW,0.0,-711.0,0.0,0.0,0,0.0,0.0
060138,台積電元大59購26,TW,0.0,32.0,0.0,0.0,0,0.0,0.0
060140,神基元大59購01,TW,0.0,171.0,0.0,0.0,0,0.0,0.0
060142,德律元大59購15,TW,0.0,62.0,0.0,0.0,0,0.0,0.0
060144,景碩元大59購11,TW,0.0,72.0,0.0,0.0,0,0.0,0.0
060145,嘉澤元大59購07,TW,0.0,-3.0,0.0,0.0,0,0.0,0.0
060146,嘉澤元大63購02,TW,0.0,-25.0,0.0,0.0,0,0.0,0.0
060147,日月光元大59購17,TW,0.0,-51.0,0.0,0.0,0,0.0,0.0
060148,日月光元大59購18,TW,0.0,-142.0,0.0,0.0,0,0.0,0.0
060149,日月光元大59購19,TW,0.0,-152.0,0.0,0.0,0,0.0,0.0
060150,臻鼎元大59購17,TW,0.0,1.0,0.0,0.0,0,0.0,0.0
060151,佳必琪元大5C購02,TW,0.0,-80.0,0.0,0.0,0,0.0,0.0
060154,同欣電元大59購05,TW,0.0,-8.0,0.0,0.0,0,0.0,0.0
060157,愛普元大59購08,TW,0.0,114.0,0.0,0.0,0,0.0,0.0
060158,緯穎元大59購13,TW,0.0,-65.0,0.0,0.0,0,0.0,0.0
060159,采鈺元大5C購03,TW,0.0,-5.0,0.0,0.0,0,0.0,0.0
060160,台虹元大59購07,TW,0.0,-81.0,0.0,0.0,0,0.0,0.0
060161,台虹元大59購08,TW,0.0,37.0,0.0,0.0,0,0.0,0.0
060162,台虹元大59購09,TW,0.0,298.0,0.0,0.0,0,0.0,0.0
060163,台虹元大59購10,TW,0.0,505.0,0.0,0.0,0,0.0,0.0
060164,台虹元大59購11,TW,0.0,-102.0,0.0,0.0,0,0.0,0.0
060165,台虹元大59購12,TW,0.0,-305.0,0.0,0.0,0,0.0,0.0
060166,台虹元大59購13,TW,0.0,337.0,0.0,0.0,0,0.0,0.0
060167,勤誠元大59購09,TW,0.0,20.0,0.0,0.0,0,0.0,0.0
060168,勤誠元大63購01,TW,0.0,-29.0,0.0,0.0,0,0.0,0.0
060169,臺股指元大5C購09,TW,0.0,-1271.0,0.0,0.0,0,0.0,0.0
060172,南亞中信59購06,TW,0.0,-50.0,0.0,0.0,0,0.0,0.0
060173,南亞中信61購01,TW,0.0,170.0,0.0,0.0,0,0.0,0.0
060174,台化中信59購02,TW,0.0,-30.0,0.0,0.0,0,0.0,0.0
060175,長榮中信63購01,TW,0.0,-3.0,0.0,0.0,0,0.0,0.0
060176,貿聯中信59購02,TW,0.0,-381.0,0.0,0.0,0,0.0,0.0
060177,亞翔中信61購02,TW,0.0,-258.0,0.0,0.0,0,0.0,0.0
060178,臺股指中信62購01,TW,0.0,-198.0,48.0,0.0,0,0.0,0.0
060179,台化永豐5B購01,TW,0.0,-5.0,0.0,0.0,0,0.0,0.0
060180,東鹼永豐5B購01,TW,0.0,-8.0,0.0,0.0,0,0.0,0.0
060181,華通永豐5C購03,TW,0.0,-160.0,0.0,0.0,0,0.0,0.0
060182,華通永豐5C購04,TW,0.0,-382.0,0.0,0.0,0,0.0,0.0
060183,鴻海永豐59購07,TW,0.0,-127.0,0.0,0.0,0,0.0,0.0
060184,智邦永豐61購01,TW,0.0,-30.0,0.0,0.0,0,0.0,0.0
060185,京元電永豐5B購02,TW,0.0,-327.0,0.0,0.0,0,0.0,0.0
060187,創見永豐61購01,TW,0.0,38.0,0.0,0.0,0,0.0,0.0
060188,健鼎永豐5A購01,TW,0.0,8.0,0.0,0.0,0,0.0,0.0
060189,景碩永豐5C購02,TW,0.0,1269.0,0.0,0.0,0,0.0,0.0
060190,新日興永豐59購01,TW,0.0,-445.0,0.0,0.0,0,0.0,0.0
060191,大聯大永豐59購01,TW,0.0,33.0,0.0,0.0,0,0.0,0.0
060192,定穎控永豐5C購02,TW,0.0,-6.0,0.0,0.0,0,0.0,0.0
060193,眾達永豐61購02,TW,0.0,-175.0,0.0,0.0,0,0.0,0.0
060194,GIS永豐5B購01,TW,0.0,-54.0,0.0,0.0,0,0.0,0.0
060195,至上永豐5B購04,TW,0.0,-65.0,0.0,0.0,0,0.0,0.0
060196,巨大永豐59購01,TW,0.0,-947.0,0.0,0.0,0,0.0,0.0
060197,景碩兆豐5B購02,TW,0.0,-16.0,0.0,0.0,0,0.0,0.0
060198,至上兆豐63購01,TW,0.0,-468.0,0.0,0.0,0,0.0,0.0
060199,FB科技富邦63購01,TW,0.0,-355.0,0.0,0.0,0,0.0,0.0
060201,台塑富邦5A購01,TW,0.0,-124.0,0.0,0.0,0,0.0,0.0
060202,華通富邦5B購01,TW,0.0,-3132.0,0.0,0.0,0,0.0,0.0
060203,鴻海富邦63購01,TW,0.0,-33.0,0.0,0.0,0,0.0,0.0
060204,毅嘉富邦5C購01,TW,0.0,-42.0,0.0,0.0,0,0.0,0.0
060205,創見富邦5B購04,TW,0.0,27.0,0.0,0.0,0,0.0,0.0
060207,聯發科富邦59購06,TW,0.0,8.0,0.0,0.0,0,0.0,0.0
060208,世芯永豐5C購01,TW,0.0,0.0,0.0,0.0,0,0.0,0.0
060209,強茂富邦5B購01,TW,0.0,10.0,0.0,0.0,0,0.0,0.0
060210,萬海富邦5C購02,TW,0.0,-149.0,0.0,0.0,0,0.0,0.0
060211,亞光富邦5A購01,TW,0.0,-687.0,0.0,0.0,0,0.0,0.0
060212,牧德富邦5C購01,TW,0.0,-469.0,0.0,0.0,0,0.0,0.0
060213,貿聯富邦5B購03,TW,0.0,-421.0,0.0,0.0,0,0.0,0.0
060214,聯茂富邦5C購01,TW,0.0,60.0,0.0,0.0,0,0.0,0.0
060215,力成富邦61購04,TW,0.0,241.0,0.0,0.0,0,0.0,0.0
060216,采鈺富邦5C購01,TW,0.0,-45.0,0.0,0.0,0,0.0,0.0
060217,昇陽半富邦5C購02,TW,0.0,64.0,0.0,0.0,0,0.0,0.0
060218,緯創台新59購01,TW,0.0,-194.0,0.0,0.0,0,0.0,0.0
060219,國巨國泰61購01,TW,0.0,8.0,0.0,0.0,0,0.0,0.0
060220,建準國泰5A購02,TW,0.0,-289.0,0.0,0.0,0,0.0,0.0
060221,文曄國泰5A購02,TW,0.0,-1641.0,0.0,0.0,0,0.0,0.0
060222,健鼎國泰5A購01,TW,0.0,-12.0,0.0,0.0,0,0.0,0.0
060223,景碩國泰61購01,TW,0.0,-27.0,0.0,0.0,0,0.0,0.0
060224,貿聯國泰61購01,TW,0.0,-29.0,0.0,0.0,0,0.0,0.0
060225,眾達國泰5A購01,TW,0.0,450.0,-800.0,0.0,0,0.0,0.0
060226,力成國泰5A購02,TW,0.0,-111.0,0.0,0.0,0,0.0,0.0
060227,GIS國泰5A購01,TW,0.0,-105.0,0.0,0.0,0,0.0,0.0
060228,GIS國泰5A購02,TW,0.0,42.0,0.0,0.0,0,0.0,0.0
060229,昇陽半國泰5A購02,TW,0.0,15.0,0.0,0.0,0,0.0,0.0
060231,創見統一62購01,TW,0.0,21.0,0.0,0.0,0,0.0,0.0
060232,創見統一63購02,TW,0.0,-1526.0,0.0,0.0,0,0.0,0.0
060233,德律統一63購02,TW,0.0,6.0,0.0,0.0,0,0.0,0.0
060234,文曄統一63購03,TW,0.0,-1863.0,0.0,0.0,0,0.0,0.0
060235,貿聯統一63購01,TW,0.0,-78.0,914.0,0.0,0,0.0,0.0
060236,力成統一63購01,TW,0.0,288.0,0.0,0.0,0,0.0,0.0
060237,訊芯統一62購03,TW,0.0,-11.0,0.0,0.0,0,0.0,0.0
060238,GIS統一63購03,TW,0.0,-177.0,0.0,0.0,0,0.0,0.0
060239,AES統一63購04,TW,0.0,-1890.0,0.0,0.0,0,0.0,0.0
060241,勤誠統一61購03,TW,0.0,78.0,0.0,0.0,0,0.0,0.0
060242,T50反1凱基66購01,TW,0.0,11.0,0.0,0.0,0,0.0,0.0
060244,南亞凱基61購02,TW,0.0,35.0,0.0,0.0,0,0.0,0.0
060245,台化凱基5A購04,TW,0.0,1.0,0.0,0.0,0,0.0,0.0
060246,永光凱基59購03,TW,0.0,-128.0,0.0,0.0,0,0.0,0.0
060247,美時凱基5A購02,TW,0.0,-218.0,0.0,0.0,0,0.0,0.0
060248,川湖凱基59購05,TW,0.0,5.0,0.0,0.0,0,0.0,0.0
060250,華通凱基5B購02,TW,0.0,-347.0,0.0,0.0,0,0.0,0.0
060251,華通凱基5C購03,TW,0.0,-188.0,0.0,0.0,0,0.0,0.0
060252,華通凱基63購01,TW,0.0,627.0,0.0,0.0,0,0.0,0.0
060254,創見凱基63購01,TW,0.0,169.0,0.0,0.0,0,0.0,0.0
060257,大立光凱基5B購02,TW,0.0,7.0,0.0,0.0,0,0.0,0.0
060258,奇鋐凱基5C購02,TW,0.0,109.0,0.0,0.0,0,0.0,0.0
060260,聯詠凱基59購04,TW,0.0,10.0,0.0,0.0,0,0.0,0.0
060261,景碩凱基59購03,TW,0.0,-253.0,0.0,0.0,0,0.0,0.0
060262,新日興凱基5A購03,TW,0.0,56.0,0.0,0.0,0,0.0,0.0
060265,日月光凱基59購07,TW,0.0,-3.0,0.0,0.0,0,0.0,0.0
060266,定穎控凱基61購05,TW,0.0,-9.0,0.0,0.0,0,0.0,0.0
060268,臻鼎凱基5A購03,TW,0.0,5.0,0.0,0.0,0,0.0,0.0
060269,眾達凱基59購04,TW,0.0,-6.0,0.0,0.0,0,0.0,0.0
060270,佳必琪凱基59購02,TW,0.0,-1132.0,0.0,0.0,0,0.0,0.0
060271,矽力凱基61購02,TW,0.0,2.0,0.0,0.0,0,0.0,0.0
060272,愛普凱基5C購01,TW,0.0,3.0,0.0,0.0,0,0.0,0.0
060273,緯穎凱基59購14,TW,0.0,-7.0,0.0,0.0,0,0.0,0.0
060275,AES凱基59購04,TW,0.0,628.0,0.0,0.0,0,0.0,0.0
060276,采鈺凱基59購04,TW,0.0,4.0,0.0,0.0,0,0.0,0.0
060277,臺股指凱基63購07,TW,0.0,-161.0,0.0,0.0,0,0.0,0.0
060278,亞德客國票59購02,TW,0.0,12.0,0.0,0.0,0,0.0,0.0
060279,東鹼國票61購01,TW,0.0,-90.0,0.0,0.0,0,0.0,0.0
060280,永光國票61購01,TW,0.0,-134.0,0.0,0.0,0,0.0,0.0
060281,美時國票59購04,TW,0.0,-100.0,0.0,0.0,0,0.0,0.0
060283,台亞國票5A購02,TW,0.0,329.0,0.0,0.0,0,0.0,0.0
060284,聯強國票5A購01,TW,0.0,-199.0,0.0,0.0,0,0.0,0.0
060285,鴻準國票59購01,TW,0.0,-20.0,0.0,0.0,0,0.0,0.0
060286,華碩國票59購02,TW,0.0,-23.0,0.0,0.0,0,0.0,0.0
060287,昆盈國票59購01,TW,0.0,-25.0,0.0,0.0,0,0.0,0.0
060288,菱生國票5A購02,TW,0.0,-1.0,0.0,0.0,0,0.0,0.0
060289,大同國票59購01,TW,0.0,597.0,0.0,0.0,0,0.0,0.0
06028U,智原中信57售02,TW,0.0,2.0,0.0,0.0,0,0.0,0.0
060290,凱美國票59購02,TW,0.0,-73.0,0.0,0.0,0,0.0,0.0
060291,技嘉國票59購01,TW,0.0,1.0,0.0,0.0,0,0.0,0.0
060292,技嘉國票59購02,TW,0.0,-605.0,0.0,0.0,0,0.0,0.0
060293,正崴國票5A購01,TW,0.0,-1185.0,0.0,0.0,0,0.0,0.0
060295,偉詮電國票5A購02,TW,0.0,-10.0,0.0,0.0,0,0.0,0.0
060296,京元電國票59購01,TW,0.0,131.0,0.0,0.0,0,0.0,0.0
060297,創見國票61購01,TW,0.0,0.0,0.0,0.0,0,0.0,0.0
060298,義隆國票59購01,TW,0.0,-28.0,0.0,0.0,0,0.0,0.0
060299,義隆國票59購02,TW,0.0,-265.0,0.0,0.0,0,0.0,0.0
060300,普安國票59購01,TW,0.0,-73.0,0.0,0.0,0,0.0,0.0
060301,宏達電國票59購01,TW,0.0,-72.0,0.0,0.0,0,0.0,0.0
060302,皇昌國票59購01,TW,0.0,91.0,0.0,0.0,0,0.0,0.0
060303,皇昌國票59購02,TW,0.0,69.0,0.0,0.0,0,0.0,0.0
060307,陽明國票59購03,TW,0.0,92.0,0.0,0.0,0,0.0,0.0
060308,景碩國票61購02,TW,0.0,-1725.0,0.0,0.0,0,0.0,0.0
060309,貿聯國票5A購03,TW,0.0,-25.0,0.0,0.0,0,0.0,0.0
060310,大聯大國票5A購01,TW,0.0,79.0,0.0,0.0,0,0.0,0.0
060311,材料國票5A購02,TW,0.0,-31.0,0.0,0.0,0,0.0,0.0
060312,正文國票5A購01,TW,0.0,-634.0,0.0,0.0,0,0.0,0.0
060313,旭隼國票5A購02,TW,0.0,49.0,0.0,0.0,0,0.0,0.0
060314,視陽國票5A購01,TW,0.0,-298.0,0.0,0.0,0,0.0,0.0
060315,香港2X元富59購01,TW,0.0,13.0,0.0,0.0,0,0.0,0.0
060316,美時元富59購04,TW,0.0,567.0,0.0,0.0,0,0.0,0.0
060317,華通元富59購13,TW,0.0,-303.0,0.0,0.0,0,0.0,0.0
060318,可成元富63購01,TW,0.0,-620.0,0.0,0.0,0,0.0,0.0
060319,長榮元富5C購01,TW,0.0,-37.0,0.0,0.0,0,0.0,0.0
060321,威健元富59購02,TW,0.0,115.0,0.0,0.0,0,0.0,0.0
060322,貿聯元富59購01,TW,0.0,-27.0,0.0,0.0,0,0.0,0.0
060323,雙鍵元富59購01,TW,0.0,6.0,0.0,0.0,0,0.0,0.0
060328,力成元富59購02,TW,0.0,2.0,0.0,0.0,0,0.0,0.0
060329,GIS元富59購02,TW,0.0,41.0,0.0,0.0,0,0.0,0.0
060330,GIS元富59購03,TW,0.0,365.0,0.0,0.0,0,0.0,0.0
060332,元黃金元大5B購05,TW,0.0,-76.0,0.0,0.0,0,0.0,0.0
060333,元黃金元大5C購03,TW,0.0,-29.0,0.0,0.0,0,0.0,0.0
060336,南亞元大59購15,TW,0.0,162.0,0.0,0.0,0,0.0,0.0
060337,南亞元大59購16,TW,0.0,81.0,0.0,0.0,0,0.0,0.0
060338,南亞元大59購17,TW,0.0,-44.0,0.0,0.0,0,0.0,0.0
060340,南亞元大5C購04,TW,0.0,-78.0,0.0,0.0,0,0.0,0.0
060341,台化元大63購01,TW,0.0,-54.0,0.0,0.0,0,0.0,0.0
060342,美時元大59購05,TW,0.0,-112.0,0.0,0.0,0,0.0,0.0
060343,華通元大59購15,TW,0.0,-256.0,0.0,0.0,0,0.0,0.0
060344,華通元大59購16,TW,0.0,-48.0,0.0,0.0,0,0.0,0.0
060345,華通元大59購18,TW,0.0,-12.0,0.0,0.0,0,0.0,0.0
060346,華通元大5B購05,TW,0.0,-13.0,0.0,0.0,0,0.0,0.0
060347,華通元大5C購06,TW,0.0,1722.0,0.0,0.0,0,0.0,0.0
060348,華通元大63購03,TW,0.0,451.0,0.0,0.0,0,0.0,0.0
060349,長榮元大59購09,TW,0.0,32.0,0.0,0.0,0,0.0,0.0
060350,長榮元大59購10,TW,0.0,-4.0,0.0,0.0,0,0.0,0.0
060351,長榮元大59購11,TW,0.0,-27.0,0.0,0.0,0,0.0,0.0
060352,新興元大59購03,TW,0.0,731.0,0.0,0.0,0,0.0,0.0
060353,亞光元大59購03,TW,0.0,-608.0,0.0,0.0,0,0.0,0.0
060354,景碩元大59購12,TW,0.0,-1663.0,5.0,0.0,0,0.0,0.0
060355,景碩元大5C購03,TW,0.0,1029.0,0.0,0.0,0,0.0,0.0
060356,嘉澤元大59購08,TW,0.0,-127.0,0.0,0.0,0,0.0,0.0
060357,牧德元大59購10,TW,0.0,67.0,0.0,0.0,0,0.0,0.0
060358,辛耘元大59購05,TW,0.0,6.0,0.0,0.0,0,0.0,0.0
060359,貿聯元大59購12,TW,0.0,-109.0,0.0,0.0,0,0.0,0.0
060360,貿聯元大59購13,TW,0.0,48.0,0.0,0.0,0,0.0,0.0
060361,貿聯元大59購14,TW,0.0,352.0,0.0,0.0,0,0.0,0.0
060363,貿聯元大59購16,TW,0.0,90.0,0.0,0.0,0,0.0,0.0
060364,大聯大元大59購01,TW,0.0,-56.0,0.0,0.0,0,0.0,0.0
060365,日月光元大59購20,TW,0.0,-170.0,2.0,0.0,0,0.0,0.0
060366,日月光元大59購21,TW,0.0,106.0,0.0,0.0,0,0.0,0.0
060367,材料元大59購01,TW,0.0,-693.0,0.0,0.0,0,0.0,0.0
060368,雙鍵元大59購01,TW,0.0,47.0,0.0,0.0,0,0.0,0.0
060369,佳必琪元大59購02,TW,0.0,-156.0,0.0,0.0,0,0.0,0.0
060370,聯茂元大59購15,TW,0.0,-25.0,0.0,0.0,0,0.0,0.0
060373,聯茂元大5C購01,TW,0.0,2.0,0.0,0.0,0,0.0,0.0
060374,聯茂元大63購01,TW,0.0,1.0,0.0,0.0,0,0.0,0.0
060375,同欣電元大59購06,TW,0.0,5.0,0.0,0.0,0,0.0,0.0
060376,啟碁元大59購13,TW,0.0,20.0,0.0,0.0,0,0.0,0.0
060377,啟碁元大59購14,TW,0.0,14.0,0.0,0.0,0,0.0,0.0
060380,GIS元大59購01,TW,0.0,-214.0,0.0,0.0,0,0.0,0.0
060382,采鈺元大59購06,TW,0.0,6.0,0.0,0.0,0,0.0,0.0
060384,勤誠元大59購10,TW,0.0,283.0,0.0,0.0,0,0.0,0.0
060385,富鼎元大59購02,TW,0.0,188.0,0.0,0.0,0,0.0,0.0
060386,臺股指元大59購30,TW,0.0,-50.0,0.0,0.0,0,0.0,0.0
060387,臺股指元大59購31,TW,0.0,-463.0,0.0,0.0,0,0.0,0.0
060389,臺股指元大5A購21,TW,0.0,-34.0,0.0,0.0,0,0.0,0.0
060390,T50反1群益59購04,TW,0.0,-451.0,0.0,0.0,0,0.0,0.0
060391,元石油群益63購05,TW,0.0,-45.0,0.0,0.0,0,0.0,0.0
060392,SGBR2X群益59購04,TW,0.0,266.0,0.0,0.0,0,0.0,0.0
060393,SGBR2X群益59購05,TW,0.0,12.0,0.0,0.0,0,0.0,0.0
060396,宏泰群益59購01,TW,0.0,20.0,0.0,0.0,0,0.0,0.0
060399,永光群益5B購01,TW,0.0,210.0,0.0,0.0,0,0.0,0.0
060400,華通群益5B購06,TW,0.0,460.0,0.0,0.0,0,0.0,0.0
060401,華通群益63購02,TW,0.0,38.0,0.0,0.0,0,0.0,0.0
060402,華通群益63購03,TW,0.0,-114.0,0.0,0.0,0,0.0,0.0
060403,技嘉群益59購04,TW,0.0,-10.0,0.0,0.0,0,0.0,0.0
060404,創見群益59購05,TW,0.0,1350.0,0.0,0.0,0,0.0,0.0
060407,聯發科群益5B購04,TW,0.0,5.0,0.0,0.0,0,0.0,0.0
060408,可成群益59購02,TW,0.0,-46.0,0.0,0.0,0,0.0,0.0
060409,強茂群益5C購02,TW,0.0,18.0,0.0,0.0,0,0.0,0.0
060410,長榮群益59購03,TW,0.0,-2.0,0.0,0.0,0,0.0,0.0
060411,新興群益5C購01,TW,0.0,84.0,0.0,0.0,0,0.0,0.0
060412,景碩群益5B購05,TW,0.0,311.0,0.0,0.0,0,0.0,0.0
060413,牧德群益5B購01,TW,0.0,827.0,0.0,0.0,0,0.0,0.0
060414,辛耘群益5A購02,TW,0.0,12.0,0.0,0.0,0,0.0,0.0
060416,大聯大群益59購01,TW,0.0,37.0,0.0,0.0,0,0.0,0.0
060417,大聯大群益5B購01,TW,0.0,-81.0,0.0,0.0,0,0.0,0.0
060418,雙鍵群益59購02,TW,0.0,16.0,0.0,0.0,0,0.0,0.0
060420,GIS群益5A購01,TW,0.0,10.0,0.0,0.0,0,0.0,0.0
060421,愛普群益5B購01,TW,0.0,8.0,0.0,0.0,0,0.0,0.0
060423,台積電中信63購05,TW,0.0,-629.0,0.0,0.0,0,0.0,0.0
060424,創見中信59購02,TW,0.0,156.0,0.0,0.0,0,0.0,0.0
060425,創見中信5B購01,TW,0.0,-50.0,0.0,0.0,0,0.0,0.0
060427,嘉澤中信59購02,TW,0.0,-370.0,0.0,0.0,0,0.0,0.0
060428,聯茂中信5C購01,TW,0.0,10.0,0.0,0.0,0,0.0,0.0
060430,康舒中信59購01,TW,0.0,-20.0,0.0,0.0,0,0.0,0.0
060432,永光永豐5B購02,TW,0.0,549.0,0.0,0.0,0,0.0,0.0
060433,永光永豐5B購03,TW,0.0,-261.0,0.0,0.0,0,0.0,0.0
060434,美時永豐5B購02,TW,0.0,-29.0,0.0,0.0,0,0.0,0.0
060435,華通永豐5C購05,TW,0.0,-161.0,0.0,0.0,0,0.0,0.0
060436,楠梓電永豐5A購02,TW,0.0,206.0,0.0,0.0,0,0.0,0.0
060437,國巨永豐5B購02,TW,0.0,-86.0,0.0,0.0,0,0.0,0.0
060438,國巨永豐61購02,TW,0.0,-2.0,0.0,0.0,0,0.0,0.0
060439,台亞永豐59購01,TW,0.0,3.0,0.0,0.0,0,0.0,0.0
060440,技嘉永豐5B購01,TW,0.0,-145.0,0.0,0.0,0,0.0,0.0
060441,仲琦永豐59購01,TW,0.0,-46.0,0.0,0.0,0,0.0,0.0
060442,建準永豐61購01,TW,0.0,-163.0,0.0,0.0,0,0.0,0.0
060443,強茂永豐5B購01,TW,0.0,507.0,0.0,0.0,0,0.0,0.0
060444,華新科永豐5A購02,TW,0.0,55.0,0.0,0.0,0,0.0,0.0
060445,長榮永豐5C購02,TW,0.0,0.0,0.0,0.0,0,0.0,0.0
060446,奇鋐永豐5C購06,TW,0.0,-45.0,0.0,0.0,0,0.0,0.0
060447,文曄永豐5B購01,TW,0.0,84.0,0.0,0.0,0,0.0,0.0
060448,牧德永豐5B購02,TW,0.0,-154.0,0.0,0.0,0,0.0,0.0
060449,貿聯永豐5C購01,TW,0.0,-68.0,0.0,0.0,0,0.0,0.0
060450,康普永豐5C購01,TW,0.0,-293.0,0.0,0.0,0,0.0,0.0
060451,臻鼎永豐5B購02,TW,0.0,-1.0,0.0,0.0,0,0.0,0.0
060452,亞翔永豐5B購02,TW,0.0,-218.0,0.0,0.0,0,0.0,0.0
060453,佳必琪永豐5C購02,TW,0.0,-82.0,0.0,0.0,0,0.0,0.0
060454,聯茂永豐64購01,TW,0.0,-61.0,0.0,0.0,0,0.0,0.0
060455,同欣電永豐5C購01,TW,0.0,-68.0,0.0,0.0,0,0.0,0.0
060456,康舒永豐5C購01,TW,0.0,-459.0,0.0,0.0,0,0.0,0.0
060457,迅得永豐59購01,TW,0.0,66.0,0.0,0.0,0,0.0,0.0
060458,訊芯永豐5B購01,TW,0.0,1.0,0.0,0.0,0,0.0,0.0
060459,愛普永豐5B購02,TW,0.0,-324.0,0.0,0.0,0,0.0,0.0
060460,昇陽半永豐5C購01,TW,0.0,77.0,0.0,0.0,0,0.0,0.0
060461,至上永豐5C購02,TW,0.0,-125.0,0.0,0.0,0,0.0,0.0
060463,華通台新59購05,TW,0.0,22.0,0.0,0.0,0,0.0,0.0
060464,台積電兆豐5B購02,TW,0.0,99.0,0.0,0.0,0,0.0,0.0
060465,牧德兆豐5B購01,TW,0.0,121.0,0.0,0.0,0,0.0,0.0
060466,台灣50富邦5C購09,TW,0.0,-1.0,0.0,0.0,0,0.0,0.0
060467,台灣50富邦5C購10,TW,0.0,-79.0,0.0,0.0,0,0.0,0.0
060468,臺指2X富邦59購01,TW,0.0,26.0,0.0,0.0,0,0.0,0.0
060469,楠梓電富邦5B購02,TW,0.0,-43.0,0.0,0.0,0,0.0,0.0
060470,台積電富邦59購03,TW,0.0,-338.0,0.0,0.0,0,0.0,0.0
060472,敬鵬富邦5B購01,TW,0.0,707.0,0.0,0.0,0,0.0,0.0
060473,技嘉富邦59購01,TW,0.0,20.0,0.0,0.0,0,0.0,0.0
060474,文曄富邦5C購01,TW,0.0,-3754.0,0.0,0.0,0,0.0,0.0
060475,神達富邦5C購01,TW,0.0,9.0,0.0,0.0,0,0.0,0.0
060477,康舒富邦5B購01,TW,0.0,-207.0,0.0,0.0,0,0.0,0.0
060478,GIS富邦5C購01,TW,0.0,-67.0,0.0,0.0,0,0.0,0.0
060479,兆聯富邦5B購01,TW,0.0,-60.0,0.0,0.0,0,0.0,0.0
06047U,力積電國票56售02,TW,0.0,1588.0,0.0,0.0,0,0.0,0.0
060482,華通國泰5A購04,TW,0.0,148.0,0.0,0.0,0,0.0,0.0
060483,創見國泰5A購01,TW,0.0,0.0,0.0,0.0,0,0.0,0.0
060484,盟立國泰5A購01,TW,0.0,2.0,0.0,0.0,0,0.0,0.0
060486,牧德國泰5A購02,TW,0.0,376.0,0.0,0.0,0,0.0,0.0
060487,辛耘國泰5A購02,TW,0.0,4.0,0.0,0.0,0,0.0,0.0
060488,昇陽半國泰5A購03,TW,0.0,2.0,0.0,0.0,0,0.0,0.0
060489,SP黃豆群益63購01,TW,0.0,20.0,0.0,0.0,0,0.0,0.0
060490,道瓊銅群益59購01,TW,0.0,9.0,0.0,0.0,0,0.0,0.0
060491,台聚群益5B購02,TW,0.0,-9.0,0.0,0.0,0,0.0,0.0
060493,美時群益59購03,TW,0.0,-174.0,0.0,0.0,0,0.0,0.0
060495,國巨群益5B購02,TW,0.0,-87.0,0.0,0.0,0,0.0,0.0
060496,國巨群益63購01,TW,0.0,-37.0,0.0,0.0,0,0.0,0.0
060497,智邦群益59購07,TW,0.0,4.0,0.0,0.0,0,0.0,0.0
060498,敬鵬群益5A購01,TW,0.0,271.0,0.0,0.0,0,0.0,0.0
060499,建準群益59購02,TW,0.0,-219.0,0.0,0.0,0,0.0,0.0
060500,京元電群益59購02,TW,0.0,-167.0,0.0,0.0,0,0.0,0.0
060501,華新科群益59購03,TW,0.0,4.0,0.0,0.0,0,0.0,0.0
060502,長榮群益59購04,TW,0.0,-32.0,0.0,0.0,0,0.0,0.0
060503,大立光群益59購04,TW,0.0,56.0,0.0,0.0,0,0.0,0.0
060504,奇鋐群益59購14,TW,0.0,-49.0,0.0,0.0,0,0.0,0.0
060506,威健群益59購02,TW,0.0,167.0,0.0,0.0,0,0.0,0.0
060507,聯詠群益59購03,TW,0.0,-28.0,0.0,0.0,0,0.0,0.0
060508,新日興群益59購02,TW,0.0,-94.0,0.0,0.0,0,0.0,0.0
060509,嘉澤群益59購06,TW,0.0,-18.0,0.0,0.0,0,0.0,0.0
060510,牧德群益59購05,TW,0.0,-7.0,0.0,0.0,0,0.0,0.0
060512,世芯群益59購09,TW,0.0,0.0,0.0,0.0,0,0.0,0.0
060513,大聯大群益5A購01,TW,0.0,-192.0,0.0,0.0,0,0.0,0.0
060514,日月光群益61購01,TW,0.0,-10.0,0.0,0.0,0,0.0,0.0
060516,矽力群益5B購02,TW,0.0,-5.0,0.0,0.0,0,0.0,0.0
060519,愛普群益5C購01,TW,0.0,-16.0,0.0,0.0,0,0.0,0.0
060520,三集瑞群益5A購01,TW,0.0,-1427.0,0.0,0.0,0,0.0,0.0
060521,臺股指群益65購01,TW,0.0,-3.0,0.0,0.0,0,0.0,0.0
060522,永光國票5C購01,TW,0.0,1396.0,0.0,0.0,0,0.0,0.0
060523,華通國票61購02,TW,0.0,-28.0,0.0,0.0,0,0.0,0.0
060525,台積電國票59購09,TW,0.0,-165.0,0.0,0.0,0,0.0,0.0
060527,創見國票5B購01,TW,0.0,126.0,0.0,0.0,0,0.0,0.0
060528,晟銘電國票59購01,TW,0.0,150.0,0.0,0.0,0,0.0,0.0
060530,聯詠國票59購02,TW,0.0,-126.0,0.0,0.0,0,0.0,0.0
060531,聯詠國票5A購01,TW,0.0,218.0,0.0,0.0,0,0.0,0.0
060532,文曄國票59購01,TW,0.0,360.0,0.0,0.0,0,0.0,0.0
060533,文曄國票59購02,TW,0.0,-31.0,0.0,0.0,0,0.0,0.0
060534,文曄國票5A購01,TW,0.0,-188.0,0.0,0.0,0,0.0,0.0
060535,益登國票59購01,TW,0.0,315.0,0.0,0.0,0,0.0,0.0
060537,辛耘國票59購02,TW,0.0,1.0,0.0,0.0,0,0.0,0.0
060539,佳必琪國票59購01,TW,0.0,-16.0,0.0,0.0,0,0.0,0.0
060540,佳必琪國票5A購01,TW,0.0,58.0,0.0,0.0,0,0.0,0.0
060541,聯茂國票5A購04,TW,0.0,-4.0,0.0,0.0,0,0.0,0.0
060542,訊芯國票5B購01,TW,0.0,-12.0,0.0,0.0,0,0.0,0.0
060543,愛普國票59購02,TW,0.0,37.0,0.0,0.0,0,0.0,0.0
060544,愛普國票59購03,TW,0.0,-36.0,0.0,0.0,0,0.0,0.0
060545,愛普國票5A購01,TW,0.0,-5.0,0.0,0.0,0,0.0,0.0
060546,愛普國票5B購01,TW,0.0,-161.0,0.0,0.0,0,0.0,0.0
060547,愛普國票5C購01,TW,0.0,-362.0,0.0,0.0,0,0.0,0.0
060550,元石油元富59購01,TW,0.0,654.0,0.0,0.0,0,0.0,0.0
060551,元石油元富59購02,TW,0.0,70.0,0.0,0.0,0,0.0,0.0
060552,長興元富59購01,TW,0.0,3.0,0.0,0.0,0,0.0,0.0
060553,長興元富5C購01,TW,0.0,378.0,0.0,0.0,0,0.0,0.0
060554,華通元富59購14,TW,0.0,-1443.0,0.0,0.0,0,0.0,0.0
060555,華通元富59購15,TW,0.0,-458.0,0.0,0.0,0,0.0,0.0
060556,京元電元富59購06,TW,0.0,-921.0,0.0,0.0,0,0.0,0.0
060558,奇鋐元富59購09,TW,0.0,-76.0,0.0,0.0,0,0.0,0.0
060559,文曄元富59購01,TW,0.0,-442.0,0.0,0.0,0,0.0,0.0
060560,文曄元富5C購01,TW,0.0,32.0,0.0,0.0,0,0.0,0.0
060561,嘉澤元富59購02,TW,0.0,-25.0,0.0,0.0,0,0.0,0.0
060562,貿聯元富59購02,TW,0.0,-10.0,0.0,0.0,0,0.0,0.0
060564,雙鍵元富59購02,TW,0.0,1.0,0.0,0.0,0,0.0,0.0
060565,臻鼎元富59購02,TW,0.0,12.0,0.0,0.0,0,0.0,0.0
060566,眾達元富59購02,TW,0.0,135.0,0.0,0.0,0,0.0,0.0
060567,同欣電元富59購02,TW,0.0,-568.0,0.0,0.0,0,0.0,0.0
060568,康舒元富59購03,TW,0.0,-47.0,0.0,0.0,0,0.0,0.0
060569,康舒元富59購04,TW,0.0,-250.0,0.0,0.0,0,0.0,0.0
060570,康舒元富59購05,TW,0.0,-41.0,0.0,0.0,0,0.0,0.0
060571,康舒元富59購06,TW,0.0,-383.0,0.0,0.0,0,0.0,0.0
060572,康舒元富5B購01,TW,0.0,64.0,0.0,0.0,0,0.0,0.0
060573,啟碁元富59購04,TW,0.0,25.0,0.0,0.0,0,0.0,0.0
060574,GIS元富59購04,TW,0.0,-126.0,0.0,0.0,0,0.0,0.0
060575,愛普元富59購04,TW,0.0,199.0,0.0,0.0,0,0.0,0.0
060576,愛普元富5C購01,TW,0.0,-1381.0,0.0,0.0,0,0.0,0.0
060577,至上元富59購01,TW,0.0,-29.0,0.0,0.0,0,0.0,0.0
060578,至上元富59購02,TW,0.0,6.0,0.0,0.0,0,0.0,0.0
060579,T50反1凱基5A購04,TW,0.0,23.0,0.0,0.0,0,0.0,0.0
060580,台塑凱基5B購02,TW,0.0,26.0,0.0,0.0,0,0.0,0.0
060585,台積電凱基59購11,TW,0.0,-34.0,0.0,0.0,0,0.0,0.0
060586,台積電凱基5B購09,TW,0.0,90.0,0.0,0.0,0,0.0,0.0
060588,聯強凱基5A購01,TW,0.0,-280.0,0.0,0.0,0,0.0,0.0
060589,鴻準凱基59購01,TW,0.0,-6.0,0.0,0.0,0,0.0,0.0
060590,華碩凱基59購04,TW,0.0,50.0,0.0,0.0,0,0.0,0.0
060591,大同凱基59購02,TW,0.0,948.0,0.0,0.0,0,0.0,0.0
060592,技嘉凱基59購03,TW,0.0,-156.0,0.0,0.0,0,0.0,0.0
060593,正崴凱基5A購01,TW,0.0,139.0,0.0,0.0,0,0.0,0.0
060594,友達凱基61購02,TW,0.0,-74.0,0.0,0.0,0,0.0,0.0
060595,創見凱基59購07,TW,0.0,104.0,0.0,0.0,0,0.0,0.0
060596,宏達電凱基59購02,TW,0.0,80.0,0.0,0.0,0,0.0,0.0
060597,陽明凱基59購04,TW,0.0,-21.0,0.0,0.0,0,0.0,0.0
060598,牧德凱基5A購04,TW,0.0,431.0,0.0,0.0,0,0.0,0.0
060601,大聯大凱基5A購02,TW,0.0,-78.0,0.0,0.0,0,0.0,0.0
060604,佳必琪凱基61購01,TW,0.0,53.0,0.0,0.0,0,0.0,0.0
060605,聯茂凱基5C購01,TW,0.0,-14.0,0.0,0.0,0,0.0,0.0
060606,精誠凱基5A購01,TW,0.0,-219.0,0.0,0.0,0,0.0,0.0
060607,同欣電凱基59購02,TW,0.0,303.0,0.0,0.0,0,0.0,0.0
060608,啟碁凱基59購07,TW,0.0,10.0,0.0,0.0,0,0.0,0.0
060610,GIS凱基5B購01,TW,0.0,-104.0,0.0,0.0,0,0.0,0.0
060611,視陽凱基5A購01,TW,0.0,-102.0,0.0,0.0,0,0.0,0.0
060613,南茂凱基59購02,TW,0.0,-82.0,0.0,0.0,0,0.0,0.0
060614,富鼎凱基59購02,TW,0.0,-589.0,0.0,0.0,0,0.0,0.0
060615,臺股指凱基5A購42,TW,0.0,-93.0,0.0,0.0,0,0.0,0.0
060617,台灣50元大59購10,TW,0.0,-141.0,0.0,0.0,0,0.0,0.0
060619,台灣50元大5A購04,TW,0.0,-220.0,0.0,0.0,0,0.0,0.0
060621,T50反1元大64購10,TW,0.0,362.0,0.0,0.0,0,0.0,0.0
060623,南亞元大59購19,TW,0.0,-10.0,0.0,0.0,0,0.0,0.0
060625,台化元大63購02,TW,0.0,-57.0,0.0,0.0,0,0.0,0.0
060626,美時元大59購06,TW,0.0,-318.0,0.0,0.0,0,0.0,0.0
060627,華通元大59購19,TW,0.0,192.0,0.0,0.0,0,0.0,0.0
060628,華通元大59購20,TW,0.0,-309.0,0.0,0.0,0,0.0,0.0
060629,華通元大59購21,TW,0.0,-1139.0,0.0,0.0,0,0.0,0.0
060630,華通元大59購22,TW,0.0,-11.0,0.0,0.0,0,0.0,0.0
060631,華通元大59購23,TW,0.0,87.0,0.0,0.0,0,0.0,0.0
060632,華通元大59購24,TW,0.0,-63.0,0.0,0.0,0,0.0,0.0
060633,華通元大59購25,TW,0.0,14.0,0.0,0.0,0,0.0,0.0
060634,華通元大59購26,TW,0.0,851.0,0.0,0.0,0,0.0,0.0
060635,楠梓電元大59購03,TW,0.0,331.0,0.0,0.0,0,0.0,0.0
060636,台積電元大59購28,TW,0.0,-939.0,0.0,0.0,0,0.0,0.0
060637,台積電元大59購29,TW,0.0,-1478.0,0.0,0.0,0,0.0,0.0
060638,台積電元大59購30,TW,0.0,-514.0,0.0,0.0,0,0.0,0.0
060640,創見元大59購07,TW,0.0,-548.0,0.0,0.0,0,0.0,0.0
060641,長榮元大59購12,TW,0.0,114.0,0.0,0.0,0,0.0,0.0
060642,長榮元大59購13,TW,0.0,-388.0,0.0,0.0,0,0.0,0.0
060643,長榮元大59購14,TW,0.0,5.0,0.0,0.0,0,0.0,0.0
060644,新興元大59購04,TW,0.0,-369.0,0.0,0.0,0,0.0,0.0
060646,奇鋐元大59購26,TW,0.0,226.0,0.0,0.0,0,0.0,0.0
060647,新日興元大59購02,TW,0.0,-747.0,0.0,0.0,0,0.0,0.0
060648,新日興元大59購03,TW,0.0,-495.0,0.0,0.0,0,0.0,0.0
060649,牧德元大59購11,TW,0.0,18.0,0.0,0.0,0,0.0,0.0
060650,辛耘元大5C購01,TW,0.0,10.0,0.0,0.0,0,0.0,0.0
060651,貿聯元大59購17,TW,0.0,-50.0,0.0,0.0,0,0.0,0.0
060652,貿聯元大59購18,TW,0.0,80.0,0.0,0.0,0,0.0,0.0
060653,貿聯元大59購19,TW,0.0,179.0,0.0,0.0,0,0.0,0.0
060654,貿聯元大59購20,TW,0.0,101.0,0.0,0.0,0,0.0,0.0
060655,貿聯元大59購21,TW,0.0,-161.0,0.0,0.0,0,0.0,0.0
060659,臻鼎元大5C購01,TW,0.0,15.0,0.0,0.0,0,0.0,0.0
060660,佳必琪元大59購03,TW,0.0,151.0,0.0,0.0,0,0.0,0.0
060661,佳必琪元大63購01,TW,0.0,276.0,0.0,0.0,0,0.0,0.0
060662,聯茂元大59購18,TW,0.0,-158.0,0.0,0.0,0,0.0,0.0
060663,聯茂元大63購02,TW,0.0,-169.0,0.0,0.0,0,0.0,0.0
060664,同欣電元大59購07,TW,0.0,-1042.0,0.0,0.0,0,0.0,0.0
060665,訊芯元大59購07,TW,0.0,2.0,0.0,0.0,0,0.0,0.0
060666,GIS元大5C購01,TW,0.0,-104.0,0.0,0.0,0,0.0,0.0
060667,緯穎元大59購15,TW,0.0,1.0,0.0,0.0,0,0.0,0.0
060668,惠特元大59購04,TW,0.0,-35.0,0.0,0.0,0,0.0,0.0
060669,三集瑞元大59購03,TW,0.0,-3497.0,0.0,0.0,0,0.0,0.0
060670,兆聯元大59購02,TW,0.0,-1205.0,0.0,0.0,0,0.0,0.0
060671,至上元大59購06,TW,0.0,-76.0,0.0,0.0,0,0.0,0.0
060672,勤誠元大59購11,TW,0.0,2788.0,0.0,0.0,0,0.0,0.0
060673,富鼎元大59購03,TW,0.0,48.0,0.0,0.0,0,0.0,0.0
060676,京元電中信63購02,TW,0.0,-529.0,0.0,0.0,0,0.0,0.0
060677,嘉澤中信59購03,TW,0.0,-853.0,0.0,0.0,0,0.0,0.0
060678,世芯中信5A購03,TW,0.0,-74.0,0.0,0.0,0,0.0,0.0
060679,貿聯中信59購03,TW,0.0,-10.0,0.0,0.0,0,0.0,0.0
060680,日月光中信59購03,TW,0.0,-38.0,0.0,0.0,0,0.0,0.0
060681,矽力中信5C購01,TW,0.0,-7.0,0.0,0.0,0,0.0,0.0
060682,兆聯中信59購02,TW,0.0,-147.0,0.0,0.0,0,0.0,0.0
060683,勤誠中信59購01,TW,0.0,-199.0,0.0,0.0,0,0.0,0.0
060684,永光永豐5C購01,TW,0.0,-191.0,0.0,0.0,0,0.0,0.0
060685,美時永豐59購04,TW,0.0,-12.0,0.0,0.0,0,0.0,0.0
060686,大成鋼永豐5A購01,TW,0.0,-322.0,0.0,0.0,0,0.0,0.0
060687,仁寶永豐5A購01,TW,0.0,-152.0,0.0,0.0,0,0.0,0.0
060688,台積電永豐5C購13,TW,0.0,-71.0,0.0,0.0,0,0.0,0.0
060689,智邦永豐5C購02,TW,0.0,10.0,0.0,0.0,0,0.0,0.0
060690,敬鵬永豐5A購01,TW,0.0,-26.0,0.0,0.0,0,0.0,0.0
060691,英業達永豐5A購01,TW,0.0,221.0,0.0,0.0,0,0.0,0.0
060692,菱生永豐5A購01,TW,0.0,220.0,0.0,0.0,0,0.0,0.0
060693,微星永豐59購02,TW,0.0,125.0,0.0,0.0,0,0.0,0.0
060694,毅嘉永豐59購01,TW,0.0,-8.0,0.0,0.0,0,0.0,0.0
060695,偉詮電永豐5C購01,TW,0.0,2033.0,0.0,0.0,0,0.0,0.0
060696,鉅祥永豐59購01,TW,0.0,94.0,0.0,0.0,0,0.0,0.0
060697,強茂永豐5C購01,TW,0.0,-700.0,0.0,0.0,0,0.0,0.0
060698,宏達電永豐5A購01,TW,0.0,394.0,0.0,0.0,0,0.0,0.0
060699,奇鋐永豐5B購05,TW,0.0,150.0,0.0,0.0,0,0.0,0.0
060700,亞光永豐5B購01,TW,0.0,-603.0,0.0,0.0,0,0.0,0.0
060704,定穎控永豐5B購02,TW,0.0,39.0,0.0,0.0,0,0.0,0.0
060707,眾達永豐63購01,TW,0.0,-383.0,0.0,0.0,0,0.0,0.0
060708,亞翔永豐5C購02,TW,0.0,-263.0,0.0,0.0,0,0.0,0.0
060709,康舒永豐5B購02,TW,0.0,-809.0,0.0,0.0,0,0.0,0.0
060710,訊芯永豐59購02,TW,0.0,-63.0,0.0,0.0,0,0.0,0.0
060712,緯穎永豐5B購02,TW,0.0,0.0,0.0,0.0,0,0.0,0.0
060713,緯穎永豐61購01,TW,0.0,-13.0,0.0,0.0,0,0.0,0.0
060714,志強永豐59購01,TW,0.0,-37.0,0.0,0.0,0,0.0,0.0
060715,兆聯永豐61購01,TW,0.0,-180.0,0.0,0.0,0,0.0,0.0
060716,富鼎永豐59購01,TW,0.0,-28.0,0.0,0.0,0,0.0,0.0
060717,華泰兆豐63購01,TW,0.0,-120.0,0.0,0.0,0,0.0,0.0
060718,華碩兆豐5B購01,TW,0.0,290.0,0.0,0.0,0,0.0,0.0
060719,嘉澤兆豐5B購01,TW,0.0,-7.0,0.0,0.0,0,0.0,0.0
060720,台化富邦5B購03,TW,0.0,-78.0,0.0,0.0,0,0.0,0.0
060721,美時富邦5B購03,TW,0.0,-814.0,0.0,0.0,0,0.0,0.0
060722,美時富邦5B購04,TW,0.0,-336.0,0.0,0.0,0,0.0,0.0
060723,建準富邦5B購01,TW,0.0,-356.0,0.0,0.0,0,0.0,0.0
060724,建準富邦5C購01,TW,0.0,-41.0,0.0,0.0,0,0.0,0.0
060725,創見富邦5B購05,TW,0.0,-112.0,0.0,0.0,0,0.0,0.0
060726,盟立富邦5B購01,TW,0.0,2.0,0.0,0.0,0,0.0,0.0
060727,盟立富邦5C購01,TW,0.0,205.0,0.0,0.0,0,0.0,0.0
060728,強茂富邦61購01,TW,0.0,-960.0,0.0,0.0,0,0.0,0.0
060729,長榮富邦5B購02,TW,0.0,199.0,0.0,0.0,0,0.0,0.0
060730,陽明富邦5B購02,TW,0.0,-94.0,0.0,0.0,0,0.0,0.0
060731,奇鋐富邦5C購04,TW,0.0,-1740.0,0.0,0.0,0,0.0,0.0
060732,昇貿富邦5B購01,TW,0.0,420.0,0.0,0.0,0,0.0,0.0
060734,定穎控富邦5C購02,TW,0.0,218.0,0.0,0.0,0,0.0,0.0
060735,材料富邦5B購01,TW,0.0,-110.0,0.0,0.0,0,0.0,0.0
060736,祥碩富邦5B購03,TW,0.0,-200.0,0.0,0.0,0,0.0,0.0
060738,啟碁富邦5B購03,TW,0.0,20.0,0.0,0.0,0,0.0,0.0
060739,旭隼富邦5B購02,TW,0.0,309.0,0.0,0.0,0,0.0,0.0
060741,訊芯富邦5C購01,TW,0.0,2.0,0.0,0.0,0,0.0,0.0
060742,台塑化富邦5C購01,TW,0.0,-24.0,0.0,0.0,0,0.0,0.0
060743,惠特富邦5C購01,TW,0.0,-141.0,0.0,0.0,0,0.0,0.0
060744,AES富邦5B購02,TW,0.0,-90.0,0.0,0.0,0,0.0,0.0
060745,台灣50凱基5A購07,TW,0.0,-371.0,0.0,0.0,0,0.0,0.0
060747,南亞凱基5B購04,TW,0.0,7.0,0.0,0.0,0,0.0,0.0
060748,台聚凱基59購02,TW,0.0,-5.0,0.0,0.0,0,0.0,0.0
060749,台化凱基63購01,TW,0.0,-61.0,0.0,0.0,0,0.0,0.0
060750,永光凱基5C購01,TW,0.0,-86.0,0.0,0.0,0,0.0,0.0
060751,美時凱基59購04,TW,0.0,-1.0,0.0,0.0,0,0.0,0.0
060752,楠梓電凱基59購01,TW,0.0,19.0,0.0,0.0,0,0.0,0.0
060754,台積電凱基59購12,TW,0.0,-28.0,0.0,0.0,0,0.0,0.0
060755,台積電凱基5A購08,TW,0.0,-20.0,0.0,0.0,0,0.0,0.0
060756,敬鵬凱基5A購01,TW,0.0,-55.0,0.0,0.0,0,0.0,0.0
060757,京元電凱基59購05,TW,0.0,-51.0,0.0,0.0,0,0.0,0.0
060758,創見凱基59購08,TW,0.0,-35.0,0.0,0.0,0,0.0,0.0
060759,華新科凱基59購02,TW,0.0,5.0,0.0,0.0,0,0.0,0.0
060761,華航凱基59購01,TW,0.0,-67.0,0.0,0.0,0,0.0,0.0
060762,奇鋐凱基59購08,TW,0.0,-34.0,0.0,0.0,0,0.0,0.0
060764,聯詠凱基59購05,TW,0.0,1.0,0.0,0.0,0,0.0,0.0
060765,文曄凱基59購03,TW,0.0,-242.0,0.0,0.0,0,0.0,0.0
060766,新日興凱基59購02,TW,0.0,-5.0,0.0,0.0,0,0.0,0.0
060767,嘉澤凱基5A購04,TW,0.0,-186.0,0.0,0.0,0,0.0,0.0
060768,世芯凱基5A購01,TW,0.0,434.0,0.0,0.0,0,0.0,0.0
060769,大聯大凱基59購01,TW,0.0,-106.0,0.0,0.0,0,0.0,0.0
060770,日月光凱基59購08,TW,0.0,-42.0,0.0,0.0,0,0.0,0.0
060771,定穎控凱基61購06,TW,0.0,-202.0,0.0,0.0,0,0.0,0.0
060772,新唐凱基5C購01,TW,0.0,-25.0,0.0,0.0,0,0.0,0.0
060773,聯茂凱基59購06,TW,0.0,-4.0,0.0,0.0,0,0.0,0.0
060774,矽力凱基59購04,TW,0.0,5.0,0.0,0.0,0,0.0,0.0
060776,訊芯凱基59購02,TW,0.0,169.0,-2.0,0.0,0,0.0,0.0
060778,緯穎凱基5C購05,TW,0.0,0.0,0.0,0.0,0,0.0,0.0
060779,兆聯凱基59購02,TW,0.0,-8.0,0.0,0.0,0,0.0,0.0
060780,昇陽半凱基59購03,TW,0.0,-59.0,0.0,0.0,0,0.0,0.0
060781,宏全凱基59購01,TW,0.0,-26.0,0.0,0.0,0,0.0,0.0
060782,聯電台新59購01,TW,0.0,1.0,0.0,0.0,0,0.0,0.0
060783,定穎控台新59購01,TW,0.0,-12.0,0.0,0.0,0,0.0,0.0
060785,京元電國泰5A購03,TW,0.0,-21.0,0.0,0.0,0,0.0,0.0
060788,至上國泰5C購01,TW,0.0,-37.0,0.0,0.0,0,0.0,0.0
060789,永光元富59購02,TW,0.0,1681.0,0.0,0.0,0,0.0,0.0
060790,永光元富59購03,TW,0.0,1760.0,0.0,0.0,0,0.0,0.0
060791,川湖元富63購01,TW,0.0,10.0,0.0,0.0,0,0.0,0.0
060793,鴻海元富59購07,TW,0.0,15.0,0.0,0.0,0,0.0,0.0
060795,國巨元富59購06,TW,0.0,20.0,0.0,0.0,0,0.0,0.0
060796,國巨元富63購01,TW,0.0,24.0,0.0,0.0,0,0.0,0.0
060797,京元電元富63購01,TW,0.0,74.0,0.0,0.0,0,0.0,0.0
060798,創見元富59購03,TW,0.0,10.0,0.0,0.0,0,0.0,0.0
060800,創見元富59購05,TW,0.0,74.0,0.0,0.0,0,0.0,0.0
060801,強茂元富59購01,TW,0.0,-52.0,0.0,0.0,0,0.0,0.0
060802,強茂元富59購02,TW,0.0,54.0,0.0,0.0,0,0.0,0.0
060803,新日興元富59購01,TW,0.0,6.0,0.0,0.0,0,0.0,0.0
060804,牧德元富59購02,TW,0.0,71.0,0.0,0.0,0,0.0,0.0
060808,力成元富59購03,TW,0.0,190.0,0.0,0.0,0,0.0,0.0
060809,啟碁元富59購05,TW,0.0,795.0,0.0,0.0,0,0.0,0.0
060812,訊芯元富59購02,TW,0.0,10.0,0.0,0.0,0,0.0,0.0
060813,兆聯元富59購03,TW,0.0,190.0,0.0,0.0,0,0.0,0.0
060814,兆聯元富59購04,TW,0.0,-10.0,0.0,0.0,0,0.0,0.0
060815,意騰元富59購01,TW,0.0,262.0,0.0,0.0,0,0.0,0.0
060816,元石油群益5B購01,TW,0.0,-18.0,0.0,0.0,0,0.0,0.0
060818,元油反群益59購01,TW,0.0,-7.0,0.0,0.0,0,0.0,0.0
060819,元油反群益63購03,TW,0.0,-410.0,0.0,0.0,0,0.0,0.0
060820,亞德客群益5B購02,TW,0.0,-13.0,0.0,0.0,0,0.0,0.0
060822,仁寶群益59購02,TW,0.0,12.0,0.0,0.0,0,0.0,0.0
060825,鴻準群益62購01,TW,0.0,123.0,0.0,0.0,0,0.0,0.0
060826,大同群益59購01,TW,0.0,88.0,0.0,0.0,0,0.0,0.0
060827,偉詮電群益59購03,TW,0.0,-38.0,0.0,0.0,0,0.0,0.0
060828,京元電群益5B購01,TW,0.0,-10.0,0.0,0.0,0,0.0,0.0
060829,創見群益5B購01,TW,0.0,20.0,0.0,0.0,0,0.0,0.0
060830,普安群益59購02,TW,0.0,23.0,0.0,0.0,0,0.0,0.0
060831,新興群益5C購02,TW,0.0,5.0,0.0,0.0,0,0.0,0.0
060832,陽明群益5A購01,TW,0.0,-3.0,0.0,0.0,0,0.0,0.0
060833,嘉澤群益59購07,TW,0.0,327.0,0.0,0.0,0,0.0,0.0
060834,牧德群益5B購02,TW,0.0,30.0,0.0,0.0,0,0.0,0.0
060835,貿聯群益59購08,TW,0.0,-49.0,0.0,0.0,0,0.0,0.0
060838,佳必琪群益61購02,TW,0.0,-24.0,0.0,0.0,0,0.0,0.0
060839,聯茂群益59購04,TW,0.0,70.0,0.0,0.0,0,0.0,0.0
060840,同欣電群益61購01,TW,0.0,382.0,0.0,0.0,0,0.0,0.0
060842,訊芯群益59購05,TW,0.0,32.0,0.0,0.0,0,0.0,0.0
060843,訊芯群益59購06,TW,0.0,-29.0,0.0,0.0,0,0.0,0.0
060844,GIS群益59購02,TW,0.0,-2.0,0.0,0.0,0,0.0,0.0
060845,兆聯群益59購03,TW,0.0,-10.0,0.0,0.0,0,0.0,0.0
060846,至上群益5A購02,TW,0.0,-25.0,0.0,0.0,0,0.0,0.0
060847,香港2X元大5A購01,TW,0.0,-30.0,0.0,0.0,0,0.0,0.0
060848,南亞元大59購21,TW,0.0,-90.0,0.0,0.0,0,0.0,0.0
060849,南亞元大59購22,TW,0.0,247.0,0.0,0.0,0,0.0,0.0
060850,永光元大59購05,TW,0.0,-31.0,0.0,0.0,0,0.0,0.0
060851,永光元大59購06,TW,0.0,302.0,0.0,0.0,0,0.0,0.0
060853,永光元大5B購01,TW,0.0,197.0,0.0,0.0,0,0.0,0.0
060854,美時元大59購07,TW,0.0,-516.0,0.0,0.0,0,0.0,0.0
060855,美時元大5C購02,TW,0.0,-101.0,0.0,0.0,0,0.0,0.0
060856,鴻海元大59購13,TW,0.0,8.0,0.0,0.0,0,0.0,0.0
060857,台積電元大59購32,TW,0.0,-666.0,0.0,0.0,0,0.0,0.0
060858,台積電元大5A購09,TW,0.0,48.0,0.0,0.0,0,0.0,0.0
060859,智邦元大59購07,TW,0.0,-131.0,0.0,0.0,0,0.0,0.0
060860,智邦元大59購08,TW,0.0,7.0,0.0,0.0,0,0.0,0.0
060861,順德元大59購01,TW,0.0,2.0,0.0,0.0,0,0.0,0.0
060862,技嘉元大63購01,TW,0.0,-244.0,0.0,0.0,0,0.0,0.0
060863,漢唐元大59購05,TW,0.0,122.0,0.0,0.0,0,0.0,0.0
060865,奇鋐元大59購27,TW,0.0,-137.0,0.0,0.0,0,0.0,0.0
060866,奇鋐元大59購28,TW,0.0,-557.0,0.0,0.0,0,0.0,0.0
060869,文曄元大59購02,TW,0.0,-238.0,0.0,0.0,0,0.0,0.0
060870,貿聯元大59購22,TW,0.0,109.0,0.0,0.0,0,0.0,0.0
060871,貿聯元大59購23,TW,0.0,-5.0,0.0,0.0,0,0.0,0.0
060872,貿聯元大59購24,TW,0.0,-83.0,0.0,0.0,0,0.0,0.0
060873,大聯大元大59購02,TW,0.0,341.0,0.0,0.0,0,0.0,0.0
060874,日月光元大59購23,TW,0.0,-287.0,0.0,0.0,0,0.0,0.0
060875,日月光元大5B購02,TW,0.0,0.0,0.0,0.0,0,0.0,0.0
060876,定穎控元大5C購02,TW,0.0,45.0,0.0,0.0,0,0.0,0.0
060877,康普元大59購01,TW,0.0,-1437.0,0.0,0.0,0,0.0,0.0
060878,佳必琪元大59購04,TW,0.0,-295.0,0.0,0.0,0,0.0,0.0
060879,佳必琪元大63購02,TW,0.0,63.0,0.0,0.0,0,0.0,0.0
060885,訊芯元大59購13,TW,0.0,10.0,0.0,0.0,0,0.0,0.0
060886,訊芯元大59購14,TW,0.0,6.0,0.0,0.0,0,0.0,0.0
060887,訊芯元大5C購01,TW,0.0,100.0,10.0,0.0,0,0.0,0.0
060888,GIS元大59購02,TW,0.0,-169.0,0.0,0.0,0,0.0,0.0
060889,緯穎元大59購16,TW,0.0,-3.0,0.0,0.0,0,0.0,0.0
060890,采鈺元大59購07,TW,0.0,-529.0,0.0,0.0,0,0.0,0.0
060891,天虹元大59購02,TW,0.0,-594.0,0.0,0.0,0,0.0,0.0
060892,南茂元大59購10,TW,0.0,-35.0,0.0,0.0,0,0.0,0.0
060893,南茂元大5C購02,TW,0.0,-38.0,0.0,0.0,0,0.0,0.0
060894,敬鵬國泰5A購01,TW,0.0,-26.0,0.0,0.0,0,0.0,0.0
060895,緯穎國泰5A購02,TW,0.0,6.0,0.0,0.0,0,0.0,0.0
060899,智邦國票69購01,TW,0.0,0.0,0.0,0.0,0,0.0,0.0
060900,敬鵬國票5A購01,TW,0.0,-517.0,0.0,0.0,0,0.0,0.0
060901,創見國票65購01,TW,0.0,-51.0,0.0,0.0,0,0.0,0.0
060902,大毅國票59購01,TW,0.0,358.0,0.0,0.0,0,0.0,0.0
060903,新興國票5A購07,TW,0.0,-10.0,0.0,0.0,0,0.0,0.0
060904,奇鋐國票61購01,TW,0.0,41.0,0.0,0.0,0,0.0,0.0
060905,益登國票5A購01,TW,0.0,291.0,0.0,0.0,0,0.0,0.0
060906,嘉澤國票65購01,TW,0.0,149.0,0.0,0.0,0,0.0,0.0
060907,牧德國票5A購06,TW,0.0,76.0,0.0,0.0,0,0.0,0.0
060908,大聯大國票5A購02,TW,0.0,-17.0,0.0,0.0,0,0.0,0.0
060909,定穎控國票5B購01,TW,0.0,197.0,0.0,0.0,0,0.0,0.0
060910,定穎控國票61購02,TW,0.0,420.0,0.0,0.0,0,0.0,0.0
060911,康普國票5A購03,TW,0.0,69.0,0.0,0.0,0,0.0,0.0
060912,雙鍵國票5A購02,TW,0.0,41.0,-1.0,0.0,0,0.0,0.0
060913,新唐國票5B購01,TW,0.0,-7.0,0.0,0.0,0,0.0,0.0
060914,眾達國票59購03,TW,0.0,160.0,0.0,0.0,0,0.0,0.0
060915,亞翔國票5A購01,TW,0.0,-10.0,0.0,0.0,0,0.0,0.0
060918,辛耘兆豐63購01,TW,0.0,1.0,0.0,0.0,0,0.0,0.0
060920,元石油富邦5C購01,TW,0.0,-24.0,0.0,0.0,0,0.0,0.0
060921,元金2X富邦5B購01,TW,0.0,-10.0,0.0,0.0,0,0.0,0.0
060922,中興電富邦5A購01,TW,0.0,658.0,0.0,0.0,0,0.0,0.0
060923,創見富邦61購01,TW,0.0,-235.0,0.0,0.0,0,0.0,0.0
060925,中信金富邦5B購01,TW,0.0,-126.0,0.0,0.0,0,0.0,0.0
060926,德律富邦5C購02,TW,0.0,-25.0,0.0,0.0,0,0.0,0.0
060927,緯創富邦5C購04,TW,0.0,36.0,0.0,0.0,0,0.0,0.0
060928,辛耘富邦59購01,TW,0.0,1.0,0.0,0.0,0,0.0,0.0
060929,日月光富邦61購03,TW,0.0,-560.0,0.0,0.0,0,0.0,0.0
060930,力成富邦63購01,TW,0.0,-266.0,0.0,0.0,0,0.0,0.0
060935,敬鵬中信59購01,TW,0.0,437.0,0.0,0.0,0,0.0,0.0
060936,奇鋐中信59購06,TW,0.0,249.0,0.0,0.0,0,0.0,0.0
060937,台勝科中信59購02,TW,0.0,-611.0,0.0,0.0,0,0.0,0.0
060938,牧德中信59購01,TW,0.0,570.0,0.0,0.0,0,0.0,0.0
060939,辛耘中信59購01,TW,0.0,2.0,0.0,0.0,0,0.0,0.0
060940,定穎控中信61購01,TW,0.0,-275.0,0.0,0.0,0,0.0,0.0
060942,南亞永豐5C購01,TW,0.0,16.0,0.0,0.0,0,0.0,0.0
060943,創見永豐61購02,TW,0.0,-82.0,0.0,0.0,0,0.0,0.0
060944,普安永豐5B購01,TW,0.0,-57.0,0.0,0.0,0,0.0,0.0
060946,奇鋐永豐59購06,TW,0.0,-154.0,0.0,0.0,0,0.0,0.0
060947,奇鋐永豐63購04,TW,0.0,-87.0,0.0,0.0,0,0.0,0.0
060948,奇鋐永豐63購05,TW,0.0,-114.0,0.0,0.0,0,0.0,0.0
060949,德律永豐5A購01,TW,0.0,0.0,0.0,0.0,0,0.0,0.0
060950,聯詠永豐59購01,TW,0.0,-7.0,0.0,0.0,0,0.0,0.0
060953,定穎控永豐61購01,TW,0.0,-60.0,0.0,0.0,0,0.0,0.0
060954,材料永豐59購02,TW,0.0,15.0,0.0,0.0,0,0.0,0.0
060955,正文永豐59購01,TW,0.0,-476.0,0.0,0.0,0,0.0,0.0
060956,新唐永豐5B購02,TW,0.0,-153.0,0.0,0.0,0,0.0,0.0
060957,眾達永豐5B購02,TW,0.0,-122.0,0.0,0.0,0,0.0,0.0
060958,力成永豐5C購01,TW,0.0,-80.0,0.0,0.0,0,0.0,0.0
060959,啟碁永豐5B購01,TW,0.0,-21.0,0.0,0.0,0,0.0,0.0
060960,智邦台新59購01,TW,0.0,2.0,0.0,0.0,0,0.0,0.0
060965,台聚群益63購02,TW,0.0,-28.0,0.0,0.0,0,0.0,0.0
060967,台積電群益5C購08,TW,0.0,3.0,0.0,0.0,0,0.0,0.0
060968,台積電群益61購04,TW,0.0,171.0,0.0,0.0,0,0.0,0.0
060970,普安群益59購03,TW,0.0,0.0,0.0,0.0,0,0.0,0.0
060971,普安群益59購04,TW,0.0,-10.0,0.0,0.0,0,0.0,0.0
060973,奇鋐群益61購01,TW,0.0,-314.0,0.0,0.0,0,0.0,0.0
060974,奇鋐群益63購02,TW,0.0,-159.0,0.0,0.0,0,0.0,0.0
060976,台勝科群益59購01,TW,0.0,0.0,0.0,0.0,0,0.0,0.0
060977,台勝科群益59購02,TW,0.0,1.0,0.0,0.0,0,0.0,0.0
060978,定穎控群益59購07,TW,0.0,132.0,0.0,0.0,0,0.0,0.0
060979,定穎控群益59購08,TW,0.0,2036.0,0.0,0.0,0,0.0,0.0
060980,康普群益5A購01,TW,0.0,-135.0,0.0,0.0,0,0.0,0.0
060981,康普群益5A購02,TW,0.0,26.0,0.0,0.0,0,0.0,0.0
060982,康普群益5A購03,TW,0.0,95.0,0.0,0.0,0,0.0,0.0
060985,台積電凱基5A購09,TW,0.0,-10.0,0.0,0.0,0,0.0,0.0
060986,台積電凱基5B購10,TW,0.0,113.0,0.0,0.0,0,0.0,0.0
060987,智邦凱基59購08,TW,0.0,-61.0,0.0,0.0,0,0.0,0.0
060988,順德凱基59購01,TW,0.0,-5.0,0.0,0.0,0,0.0,0.0
060989,宏碁凱基59購03,TW,0.0,-45.0,0.0,0.0,0,0.0,0.0
060990,技嘉凱基5A購02,TW,0.0,-260.0,0.0,0.0,0,0.0,0.0
060991,漢唐凱基59購04,TW,0.0,232.0,0.0,0.0,0,0.0,0.0
060992,創見凱基5B購02,TW,0.0,43.0,0.0,0.0,0,0.0,0.0
060994,晟銘電凱基59購03,TW,0.0,360.0,0.0,0.0,0,0.0,0.0
060995,奇鋐凱基59購10,TW,0.0,-1286.0,0.0,0.0,0,0.0,0.0
060996,威強電凱基59購01,TW,0.0,35.0,0.0,0.0,0,0.0,0.0
060997,威健凱基59購01,TW,0.0,-10.0,0.0,0.0,0,0.0,0.0
060998,嘉澤凱基59購04,TW,0.0,-115.0,0.0,0.0,0,0.0,0.0
060999,牧德凱基5B購01,TW,0.0,858.0,0.0,0.0,0,0.0,0.0
061000,貿聯凱基59購07,TW,0.0,-15.0,0.0,0.0,0,0.0,0.0
061001,定穎控凱基59購05,TW,0.0,24.0,0.0,0.0,0,0.0,0.0
061003,新唐凱基59購04,TW,0.0,-16.0,0.0,0.0,0,0.0,0.0
061004,佳必琪凱基5C購01,TW,0.0,-21.0,0.0,0.0,0,0.0,0.0
061005,同欣電凱基59購03,TW,0.0,-87.0,0.0,0.0,0,0.0,0.0
061007,GIS凱基59購02,TW,0.0,5.0,0.0,0.0,0,0.0,0.0
061008,保瑞凱基5A購02,TW,0.0,28.0,0.0,0.0,0,0.0,0.0
061009,緯穎凱基59購15,TW,0.0,1.0,0.0,0.0,0,0.0,0.0
061011,天虹凱基59購01,TW,0.0,-72.0,0.0,0.0,0,0.0,0.0
061012,昇陽半凱基59購04,TW,0.0,48.0,0.0,0.0,0,0.0,0.0
061013,至上凱基5A購03,TW,0.0,-153.0,0.0,0.0,0,0.0,0.0
061015,元黃金元大5C購04,TW,0.0,-1423.0,0.0,0.0,0,0.0,0.0
061016,香港2X元大5A購02,TW,0.0,-52.0,0.0,0.0,0,0.0,0.0
061017,元金2X元大5A購06,TW,0.0,10.0,0.0,0.0,0,0.0,0.0
061018,元金2X元大5C購02,TW,0.0,-2.0,0.0,0.0,0,0.0,0.0
061019,台化元大5C購02,TW,0.0,-50.0,0.0,0.0,0,0.0,0.0
061020,東鹼元大59購03,TW,0.0,55.0,0.0,0.0,0,0.0,0.0
061021,楠梓電元大59購04,TW,0.0,-389.0,0.0,0.0,0,0.0,0.0
061022,楠梓電元大59購05,TW,0.0,-7.0,0.0,0.0,0,0.0,0.0
061024,鴻海元大59購15,TW,0.0,75.0,0.0,0.0,0,0.0,0.0
061026,台積電元大5A購10,TW,0.0,-25.0,0.0,0.0,0,0.0,0.0
061027,智邦元大59購09,TW,0.0,-222.0,0.0,0.0,0,0.0,0.0
061028,智邦元大59購10,TW,0.0,-79.0,0.0,0.0,0,0.0,0.0
061031,敬鵬元大59購02,TW,0.0,758.0,0.0,0.0,0,0.0,0.0
061032,菱生元大5C購01,TW,0.0,-567.0,0.0,0.0,0,0.0,0.0
061033,技嘉元大63購02,TW,0.0,-204.0,0.0,0.0,0,0.0,0.0
061034,建準元大59購06,TW,0.0,-878.0,0.0,0.0,0,0.0,0.0
061035,建準元大59購07,TW,0.0,-303.0,0.0,0.0,0,0.0,0.0
061036,建準元大59購08,TW,0.0,-111.0,0.0,0.0,0,0.0,0.0
061037,京元電元大59購07,TW,0.0,132.0,0.0,0.0,0,0.0,0.0
061038,京元電元大59購08,TW,0.0,99.0,0.0,0.0,0,0.0,0.0
061039,創見元大59購08,TW,0.0,1041.0,0.0,0.0,0,0.0,0.0
061040,創見元大59購09,TW,0.0,-178.0,0.0,0.0,0,0.0,0.0
061041,創見元大59購10,TW,0.0,-58.0,0.0,0.0,0,0.0,0.0
061042,創見元大59購11,TW,0.0,-116.0,0.0,0.0,0,0.0,0.0
061043,創見元大59購12,TW,0.0,-103.0,0.0,0.0,0,0.0,0.0
061044,創見元大59購13,TW,0.0,-19.0,0.0,0.0,0,0.0,0.0
061045,創見元大59購14,TW,0.0,4.0,0.0,0.0,0,0.0,0.0
061046,創見元大59購15,TW,0.0,-346.0,0.0,0.0,0,0.0,0.0
061047,創見元大59購16,TW,0.0,-785.0,0.0,0.0,0,0.0,0.0
061048,創見元大59購17,TW,0.0,-223.0,0.0,0.0,0,0.0,0.0
061049,華新科元大59購04,TW,0.0,1.0,0.0,0.0,0,0.0,0.0
061050,華新科元大5C購02,TW,0.0,24.0,0.0,0.0,0,0.0,0.0
061051,新興元大59購07,TW,0.0,800.0,0.0,0.0,0,0.0,0.0
061053,京鼎元大59購02,TW,0.0,-168.0,0.0,0.0,0,0.0,0.0
061054,嘉澤元大59購09,TW,0.0,-124.0,0.0,0.0,0,0.0,0.0
061055,牧德元大59購12,TW,0.0,-114.0,0.0,0.0,0,0.0,0.0
061057,貿聯元大59購25,TW,0.0,102.0,0.0,0.0,0,0.0,0.0
061058,定穎控元大59購06,TW,0.0,543.0,0.0,0.0,0,0.0,0.0
061059,新唐元大59購05,TW,0.0,-13.0,0.0,0.0,0,0.0,0.0
061060,GIS元大59購03,TW,0.0,-363.0,0.0,0.0,0,0.0,0.0
061062,采鈺元大59購08,TW,0.0,-224.0,0.0,0.0,0,0.0,0.0
061063,臺股指元大5A購22,TW,0.0,4.0,0.0,0.0,0,0.0,0.0
061066,元金2X中信63購02,TW,0.0,-1.0,0.0,0.0,0,0.0,0.0
061067,SGBR2X中信63購04,TW,0.0,45.0,0.0,0.0,0,0.0,0.0
061068,道瓊銀中信63購02,TW,0.0,4.0,0.0,0.0,0,0.0,0.0
061069,台聚中信59購02,TW,0.0,-1.0,0.0,0.0,0,0.0,0.0
061070,世芯中信5C購03,TW,0.0,30.0,0.0,0.0,0,0.0,0.0
061071,貿聯中信59購04,TW,0.0,-233.0,0.0,0.0,0,0.0,0.0
061072,楠梓電永豐5B購02,TW,0.0,0.0,0.0,0.0,0,0.0,0.0
061073,廣宇永豐5B購01,TW,0.0,-73.0,0.0,0.0,0,0.0,0.0
061074,菱生永豐5C購01,TW,0.0,200.0,0.0,0.0,0,0.0,0.0
061075,威盛永豐5B購01,TW,0.0,0.0,0.0,0.0,0,0.0,0.0
061076,立積永豐5B購01,TW,0.0,-120.0,0.0,0.0,0,0.0,0.0
061077,迅得永豐5A購01,TW,0.0,253.0,0.0,0.0,0,0.0,0.0
061078,AES永豐63購01,TW,0.0,-1139.0,0.0,0.0,0,0.0,0.0
061079,台積電國票59購11,TW,0.0,-18.0,0.0,0.0,0,0.0,0.0
061080,台積電國票5B購02,TW,0.0,-15.0,0.0,0.0,0,0.0,0.0
061081,順德國票5A購01,TW,0.0,1.0,0.0,0.0,0,0.0,0.0
061082,菱生國票5A購03,TW,0.0,-528.0,0.0,0.0,0,0.0,0.0
061083,立隆電國票61購02,TW,0.0,5.0,0.0,0.0,0,0.0,0.0
061084,普安國票5A購01,TW,0.0,3.0,0.0,0.0,0,0.0,0.0
061085,信邦國票5A購01,TW,0.0,-335.0,0.0,0.0,0,0.0,0.0
061086,威健國票5A購01,TW,0.0,298.0,0.0,0.0,0,0.0,0.0
061087,貿聯國票61購01,TW,0.0,28.0,0.0,0.0,0,0.0,0.0
061088,南寶國票59購01,TW,0.0,16.0,0.0,0.0,0,0.0,0.0
061089,正文國票5B購01,TW,0.0,-21.0,0.0,0.0,0,0.0,0.0
061090,正文國票5B購02,TW,0.0,-885.0,0.0,0.0,0,0.0,0.0
061091,新唐國票61購01,TW,0.0,-257.0,11.0,0.0,0,0.0,0.0
061092,立積國票59購01,TW,0.0,-20.0,0.0,0.0,0,0.0,0.0
061093,亞翔國票59購02,TW,0.0,-12.0,0.0,0.0,0,0.0,0.0
061095,采鈺國票5A購01,TW,0.0,-250.0,0.0,0.0,0,0.0,0.0
061096,來億國票59購01,TW,0.0,-192.0,0.0,0.0,0,0.0,0.0
061097,台塑國泰5A購02,TW,0.0,74.0,0.0,0.0,0,0.0,0.0
061099,華泰國泰5A購02,TW,0.0,40.0,0.0,0.0,0,0.0,0.0
061100,漢唐國泰5A購02,TW,0.0,-158.0,0.0,0.0,0,0.0,0.0
061101,超豐國泰5A購01,TW,0.0,-386.0,0.0,0.0,0,0.0,0.0
061102,奇鋐國泰5A購03,TW,0.0,-983.0,0.0,0.0,0,0.0,0.0
061104,德律國泰5A購01,TW,0.0,-40.0,0.0,0.0,0,0.0,0.0
061105,嘉澤國泰5A購03,TW,0.0,-504.0,0.0,0.0,0,0.0,0.0
061106,TPK國泰5A購01,TW,0.0,-38.0,0.0,0.0,0,0.0,0.0
061107,今國光國泰5A購01,TW,0.0,30.0,0.0,0.0,0,0.0,0.0
061109,光寶科元富59購02,TW,0.0,60.0,0.0,0.0,0,0.0,0.0
061110,元黃金凱基59購06,TW,0.0,-20.0,0.0,0.0,0,0.0,0.0
061113,SGBR2X凱基5A購03,TW,0.0,1.0,0.0,0.0,0,0.0,0.0
061114,道瓊銀凱基59購09,TW,0.0,-101.0,0.0,0.0,0,0.0,0.0
061118,楠梓電凱基59購02,TW,0.0,-34.0,0.0,0.0,0,0.0,0.0
061119,鴻海凱基59購05,TW,0.0,15.0,-1.0,0.0,0,0.0,0.0
061120,國巨凱基59購09,TW,0.0,3.0,0.0,0.0,0,0.0,0.0
061123,台積電凱基59購13,TW,0.0,-7.0,0.0,0.0,0,0.0,0.0
061124,台積電凱基5B購11,TW,0.0,-30.0,0.0,0.0,0,0.0,0.0
061125,建準凱基59購03,TW,0.0,-506.0,0.0,0.0,0,0.0,0.0
061126,京元電凱基59購06,TW,0.0,-1116.0,0.0,0.0,0,0.0,0.0
061128,亞航凱基59購01,TW,0.0,35.0,0.0,0.0,0,0.0,0.0
061129,國泰金凱基59購01,TW,0.0,-144.0,0.0,0.0,0,0.0,0.0
061131,威健凱基59購02,TW,0.0,-244.0,0.0,0.0,0,0.0,0.0
061132,益登凱基59購01,TW,0.0,-569.0,0.0,0.0,0,0.0,0.0
061133,緯創凱基59購04,TW,0.0,-17.0,0.0,0.0,0,0.0,0.0
061134,新日興凱基59購03,TW,0.0,100.0,0.0,0.0,0,0.0,0.0
061135,京鼎凱基59購01,TW,0.0,-88.0,0.0,0.0,0,0.0,0.0
061137,嘉澤凱基59購05,TW,0.0,-43.0,0.0,0.0,0,0.0,0.0
061139,世芯凱基5A購02,TW,0.0,-8.0,0.0,0.0,0,0.0,0.0
061140,貿聯凱基5A購03,TW,0.0,-107.0,0.0,0.0,0,0.0,0.0
061141,和碩凱基59購01,TW,0.0,294.0,0.0,0.0,0,0.0,0.0
061142,亞翔凱基59購05,TW,0.0,59.0,0.0,0.0,0,0.0,0.0
061143,力成凱基5A購03,TW,0.0,-222.0,0.0,0.0,0,0.0,0.0
061144,康舒凱基61購01,TW,0.0,-90.0,0.0,0.0,0,0.0,0.0
061145,矽力凱基5A購01,TW,0.0,35.0,0.0,0.0,0,0.0,0.0
061146,GIS凱基59購03,TW,0.0,-105.0,0.0,0.0,0,0.0,0.0
061147,AES凱基59購05,TW,0.0,-129.0,0.0,0.0,0,0.0,0.0
061148,兆聯凱基59購03,TW,0.0,-510.0,0.0,0.0,0,0.0,0.0
061149,臺股指凱基5A購44,TW,0.0,-795.0,0.0,0.0,0,0.0,0.0
061150,光寶科台新59購01,TW,0.0,0.0,0.0,0.0,0,0.0,0.0
061151,智邦兆豐5B購03,TW,0.0,-2.0,0.0,0.0,0,0.0,0.0
061152,奇鋐兆豐5B購04,TW,0.0,158.0,0.0,0.0,0,0.0,0.0
061153,道瓊銀富邦73購01,TW,0.0,19.0,0.0,0.0,0,0.0,0.0
061154,川湖富邦66購01,TW,0.0,5.0,0.0,0.0,0,0.0,0.0
061155,鴻海富邦59購06,TW,0.0,-416.0,0.0,0.0,0,0.0,0.0
061156,鴻海富邦73購01,TW,0.0,574.0,0.0,0.0,0,0.0,0.0
061157,華泰富邦5C購01,TW,0.0,-115.0,0.0,0.0,0,0.0,0.0
061158,台積電富邦73購03,TW,0.0,185.0,0.0,0.0,0,0.0,0.0
061160,威健富邦63購01,TW,0.0,311.0,0.0,0.0,0,0.0,0.0
061161,緯創富邦73購01,TW,0.0,-495.0,0.0,0.0,0,0.0,0.0
061162,jpp富邦63購01,TW,0.0,-1231.0,0.0,0.0,0,0.0,0.0
061165,台聚元大59購01,TW,0.0,-49.0,0.0,0.0,0,0.0,0.0
061166,亞聚元大59購01,TW,0.0,-627.0,0.0,0.0,0,0.0,0.0
061168,長興元大63購01,TW,0.0,23.0,0.0,0.0,0,0.0,0.0
061169,楠梓電元大59購06,TW,0.0,-79.0,0.0,0.0,0,0.0,0.0
061170,楠梓電元大59購07,TW,0.0,-264.0,0.0,0.0,0,0.0,0.0
061172,鴻海元大59購18,TW,0.0,13.0,0.0,0.0,0,0.0,0.0
061173,鴻海元大59購19,TW,0.0,40.0,0.0,0.0,0,0.0,0.0
061174,鴻海元大59購20,TW,0.0,152.0,0.0,0.0,0,0.0,0.0
061176,鴻海元大59購23,TW,0.0,-70.0,0.0,0.0,0,0.0,0.0
061177,鴻海元大59購24,TW,0.0,3.0,0.0,0.0,0,0.0,0.0
061178,鴻海元大59購25,TW,0.0,-10.0,0.0,0.0,0,0.0,0.0
061180,鴻海元大59購27,TW,0.0,3.0,0.0,0.0,0,0.0,0.0
061182,台積電元大5A購11,TW,0.0,69.0,0.0,0.0,0,0.0,0.0
061183,台積電元大63購09,TW,0.0,-142.0,7.0,0.0,0,0.0,0.0
061184,智邦元大59購13,TW,0.0,-200.0,0.0,0.0,0,0.0,0.0
061185,智邦元大59購14,TW,0.0,-454.0,0.0,0.0,0,0.0,0.0
061186,智邦元大59購15,TW,0.0,4.0,0.0,0.0,0,0.0,0.0
061188,菱生元大5C購02,TW,0.0,-580.0,0.0,0.0,0,0.0,0.0
061189,友達元大63購09,TW,0.0,-157.0,0.0,0.0,0,0.0,0.0
061190,建準元大59購09,TW,0.0,-818.0,0.0,0.0,0,0.0,0.0
061191,普安元大59購01,TW,0.0,-48.0,0.0,0.0,0,0.0,0.0
061192,普安元大59購02,TW,0.0,-672.0,550.0,0.0,0,0.0,0.0
061193,宏達電元大59購06,TW,0.0,-455.0,0.0,0.0,0,0.0,0.0
061194,皇昌元大59購01,TW,0.0,-1543.0,0.0,0.0,0,0.0,0.0
061195,新興元大59購08,TW,0.0,4.0,0.0,0.0,0,0.0,0.0
061196,奇鋐元大59購29,TW,0.0,565.0,0.0,0.0,0,0.0,0.0
061199,德律元大59購21,TW,0.0,48.0,0.0,0.0,0,0.0,0.0
061200,嘉澤元大59購10,TW,0.0,-1414.0,0.0,0.0,0,0.0,0.0
061204,上緯控元大59購02,TW,0.0,-523.0,0.0,0.0,0,0.0,0.0
061205,康普元大59購02,TW,0.0,-477.0,0.0,0.0,0,0.0,0.0
061206,正文元大59購01,TW,0.0,28.0,0.0,0.0,0,0.0,0.0
061207,AES元大59購13,TW,0.0,-1589.0,0.0,0.0,0,0.0,0.0
061208,采鈺元大59購09,TW,0.0,-9.0,0.0,0.0,0,0.0,0.0
061210,元金2X群益59購04,TW,0.0,-200.0,0.0,0.0,0,0.0,0.0
061211,道瓊銀群益5B購04,TW,0.0,-16.0,0.0,0.0,0,0.0,0.0
061215,中環群益63購01,TW,0.0,-5.0,0.0,0.0,0,0.0,0.0
061217,台積電群益5B購08,TW,0.0,391.0,0.0,0.0,0,0.0,0.0
061219,智邦群益59購10,TW,0.0,5.0,0.0,0.0,0,0.0,0.0
061220,漢唐群益5A購04,TW,0.0,3640.0,0.0,0.0,0,0.0,0.0
061221,華立群益5A購01,TW,0.0,-1151.0,0.0,0.0,0,0.0,0.0
061222,威健群益59購03,TW,0.0,67.0,0.0,0.0,0,0.0,0.0
061223,嘉澤群益59購08,TW,0.0,-369.0,0.0,0.0,0,0.0,0.0
061224,嘉澤群益59購09,TW,0.0,-17.0,0.0,0.0,0,0.0,0.0
061225,嘉澤群益5A購04,TW,0.0,-243.0,0.0,0.0,0,0.0,0.0
061226,世芯群益59購10,TW,0.0,-10.0,0.0,0.0,0,0.0,0.0
061227,貿聯群益59購09,TW,0.0,23.0,0.0,0.0,0,0.0,0.0
061228,南寶群益5A購01,TW,0.0,92.0,0.0,0.0,0,0.0,0.0
061229,新唐群益59購02,TW,0.0,-861.0,0.0,0.0,0,0.0,0.0
061230,啟碁群益59購09,TW,0.0,-38.0,0.0,0.0,0,0.0,0.0
061231,保瑞群益61購01,TW,0.0,1317.0,0.0,0.0,0,0.0,0.0
061232,緯穎群益59購10,TW,0.0,-10.0,0.0,0.0,0,0.0,0.0
061234,昇陽半群益59購02,TW,0.0,11.0,0.0,0.0,0,0.0,0.0
061235,金像電台新59購03,TW,0.0,-8.0,0.0,0.0,0,0.0,0.0
061237,長興凱基63購01,TW,0.0,-410.0,0.0,0.0,0,0.0,0.0
061241,長榮鋼凱基5A購01,TW,0.0,-22.0,0.0,0.0,0,0.0,0.0
061242,台積電凱基59購15,TW,0.0,-5.0,0.0,0.0,0,0.0,0.0
061244,智邦凱基5A購04,TW,0.0,35.0,0.0,0.0,0,0.0,0.0
061246,金像電凱基5A購06,TW,0.0,-88.0,0.0,0.0,0,0.0,0.0
061247,威盛凱基59購01,TW,0.0,-200.0,0.0,0.0,0,0.0,0.0
061248,漢唐凱基59購05,TW,0.0,1.0,0.0,0.0,0,0.0,0.0
061249,超豐凱基59購01,TW,0.0,34.0,0.0,0.0,0,0.0,0.0
061250,奇鋐凱基59購11,TW,0.0,-56.0,0.0,0.0,0,0.0,0.0
061251,健鼎凱基5A購02,TW,0.0,-9.0,0.0,0.0,0,0.0,0.0
061252,敦泰凱基5A購01,TW,0.0,-30.0,0.0,0.0,0,0.0,0.0
061253,上緯控凱基59購03,TW,0.0,-437.0,0.0,0.0,0,0.0,0.0
061254,南寶凱基59購01,TW,0.0,79.0,0.0,0.0,0,0.0,0.0
061255,立積凱基59購01,TW,0.0,13.0,0.0,0.0,0,0.0,0.0
061256,乙盛凱基5A購02,TW,0.0,0.0,0.0,0.0,0,0.0,0.0
061257,崇越凱基59購01,TW,0.0,-19.0,0.0,0.0,0,0.0,0.0
061259,保瑞凱基59購01,TW,0.0,-5.0,0.0,0.0,0,0.0,0.0
061260,晶碩凱基5A購01,TW,0.0,733.0,-10.0,0.0,0,0.0,0.0
061261,緯穎凱基59購16,TW,0.0,-10.0,0.0,0.0,0,0.0,0.0
061262,泓德凱基5A購01,TW,0.0,20.0,0.0,0.0,0,0.0,0.0
061263,台虹凱基5C購02,TW,0.0,-39.0,0.0,0.0,0,0.0,0.0
061264,新唐兆豐63購03,TW,0.0,-1230.0,0.0,0.0,0,0.0,0.0
061265,力成兆豐63購01,TW,0.0,-130.0,0.0,0.0,0,0.0,0.0
061266,天虹兆豐63購01,TW,0.0,-251.0,0.0,0.0,0,0.0,0.0
061267,SGBR2X富邦63購05,TW,0.0,-59.0,0.0,0.0,0,0.0,0.0
061268,國喬富邦61購01,TW,0.0,136.0,0.0,0.0,0,0.0,0.0
061269,光寶科富邦59購04,TW,0.0,-2.0,0.0,0.0,0,0.0,0.0
061270,毅嘉富邦63購01,TW,0.0,47.0,0.0,0.0,0,0.0,0.0
061271,貿聯富邦61購01,TW,0.0,-570.0,0.0,0.0,0,0.0,0.0
061272,帆宣富邦59購01,TW,0.0,-2.0,0.0,0.0,0,0.0,0.0
061273,亞聚國票5A購03,TW,0.0,70.0,0.0,0.0,0,0.0,0.0
061274,金像電國票5A購03,TW,0.0,-38.0,0.0,0.0,0,0.0,0.0
061275,威盛國票5A購02,TW,0.0,-12.0,0.0,0.0,0,0.0,0.0
061276,漢唐國票5A購03,TW,0.0,-87.0,0.0,0.0,0,0.0,0.0
061277,大立光國票5A購02,TW,0.0,246.0,0.0,0.0,0,0.0,0.0
061278,jpp國票5A購02,TW,0.0,-202.0,0.0,0.0,0,0.0,0.0
061279,建國國票5A購01,TW,0.0,-955.0,0.0,0.0,0,0.0,0.0
061280,力成國票5A購03,TW,0.0,-270.0,0.0,0.0,0,0.0,0.0
061281,緯穎國票5A購01,TW,0.0,-66.0,0.0,0.0,0,0.0,0.0
061282,天虹國票59購01,TW,0.0,-136.0,0.0,0.0,0,0.0,0.0
061283,瀚荃國票59購03,TW,0.0,-8.0,0.0,0.0,0,0.0,0.0
061284,福懋科國票59購01,TW,0.0,-1395.0,0.0,0.0,0,0.0,0.0
061286,臺股指國票59購10,TW,0.0,51.0,0.0,0.0,0,0.0,0.0
061288,臺股指國票5A購03,TW,0.0,0.0,0.0,0.0,0,0.0,0.0
061290,臺股指國票5A購05,TW,0.0,-2.0,0.0,0.0,0,0.0,0.0
061291,長興國泰5A購02,TW,0.0,-25.0,0.0,0.0,0,0.0,0.0
061292,智邦國泰5A購02,TW,0.0,3.0,0.0,0.0,0,0.0,0.0
061293,jpp國泰5A購02,TW,0.0,17.0,0.0,0.0,0,0.0,0.0
061295,迅得國泰5A購01,TW,0.0,-121.0,0.0,0.0,0,0.0,0.0
061297,美時元富59購05,TW,0.0,-13.0,0.0,0.0,0,0.0,0.0
061298,金像電元富59購01,TW,0.0,-1048.0,0.0,0.0,0,0.0,0.0
061299,金像電元富59購02,TW,0.0,-978.0,0.0,0.0,0,0.0,0.0
061301,新唐元富59購02,TW,0.0,342.0,0.0,0.0,0,0.0,0.0
061302,新唐元富59購03,TW,0.0,402.0,0.0,0.0,0,0.0,0.0
061303,新唐元富5C購01,TW,0.0,444.0,0.0,0.0,0,0.0,0.0
061307,為升永豐59購01,TW,0.0,91.0,0.0,0.0,0,0.0,0.0
061308,華泰永豐5C購02,TW,0.0,92.0,0.0,0.0,0,0.0,0.0
061310,台積電永豐5C購15,TW,0.0,-31.0,0.0,0.0,0,0.0,0.0
061311,台積電永豐5C購16,TW,0.0,-2.0,0.0,0.0,0,0.0,0.0
061312,菱生永豐5C購02,TW,0.0,-90.0,0.0,0.0,0,0.0,0.0
061313,菱生永豐64購01,TW,0.0,-60.0,0.0,0.0,0,0.0,0.0
061314,A50正2元大5A購01,TW,0.0,-20.0,0.0,0.0,0,0.0,0.0
061315,臺指2X元大63購01,TW,0.0,-13.0,0.0,0.0,0,0.0,0.0
061316,台聚元大59購02,TW,0.0,13.0,0.0,0.0,0,0.0,0.0
061317,國喬元大59購03,TW,0.0,128.0,0.0,0.0,0,0.0,0.0
061319,楠梓電元大59購08,TW,0.0,0.0,0.0,0.0,0,0.0,0.0
061320,楠梓電元大5C購01,TW,0.0,-84.0,0.0,0.0,0,0.0,0.0
061321,華泰元大59購06,TW,0.0,-150.0,0.0,0.0,0,0.0,0.0
061322,華泰元大59購07,TW,0.0,-432.0,0.0,0.0,0,0.0,0.0
061323,華泰元大59購08,TW,0.0,-117.0,0.0,0.0,0,0.0,0.0
061324,華泰元大5C購03,TW,0.0,-3713.0,0.0,0.0,0,0.0,0.0
061325,元債2X凱基5C購01,TW,0.0,-20.0,0.0,0.0,0,0.0,0.0
061326,台積電元大5A購12,TW,0.0,50.0,0.0,0.0,0,0.0,0.0
061327,台積電元大63購10,TW,0.0,8.0,0.0,0.0,0,0.0,0.0
061328,智邦元大59購18,TW,0.0,-163.0,0.0,0.0,0,0.0,0.0
061329,智邦元大59購19,TW,0.0,-4.0,0.0,0.0,0,0.0,0.0
061330,智邦元大59購20,TW,0.0,-5.0,0.0,0.0,0,0.0,0.0
061331,菱生元大59購01,TW,0.0,10.0,0.0,0.0,0,0.0,0.0
061332,菱生元大63購01,TW,0.0,-520.0,0.0,0.0,0,0.0,0.0
061333,漢唐元大59購06,TW,0.0,163.0,0.0,0.0,0,0.0,0.0
061334,友達元大63購10,TW,0.0,535.0,0.0,0.0,0,0.0,0.0
061335,盟立元大59購04,TW,0.0,19.0,0.0,0.0,0,0.0,0.0
061336,立隆電元大59購01,TW,0.0,4.0,0.0,0.0,0,0.0,0.0
061339,富邦金元大59購01,TW,0.0,12.0,0.0,0.0,0,0.0,0.0
061340,信邦元大59購01,TW,0.0,924.0,0.0,0.0,0,0.0,0.0
061341,嘉澤元大59購11,TW,0.0,-213.0,0.0,0.0,0,0.0,0.0
061344,貿聯元大59購27,TW,0.0,-10.0,0.0,0.0,0,0.0,0.0
061345,貿聯元大59購28,TW,0.0,-34.0,0.0,0.0,0,0.0,0.0
061346,神達元大59購04,TW,0.0,-218.0,0.0,0.0,0,0.0,0.0
061348,新唐元大63購01,TW,0.0,2.0,0.0,0.0,0,0.0,0.0
061350,啟碁元大5A購03,TW,0.0,23.0,0.0,0.0,0,0.0,0.0
061351,迅得元大59購01,TW,0.0,-1666.0,0.0,0.0,0,0.0,0.0
061352,迅得元大59購02,TW,0.0,2454.0,0.0,0.0,0,0.0,0.0
061355,勤誠元大59購12,TW,0.0,62.0,0.0,0.0,0,0.0,0.0
061357,元黃金群益59購02,TW,0.0,0.0,0.0,0.0,0,0.0,0.0
061358,元黃金群益5A購01,TW,0.0,1.0,0.0,0.0,0,0.0,0.0
061359,元金2X群益59購05,TW,0.0,-11.0,0.0,0.0,0,0.0,0.0
061360,元金2X群益59購06,TW,0.0,1.0,0.0,0.0,0,0.0,0.0
061362,SGBR2X群益5B購03,TW,0.0,-747.0,0.0,0.0,0,0.0,0.0
061363,道瓊銀群益5B購05,TW,0.0,95.0,0.0,0.0,0,0.0,0.0
061364,道瓊銀群益63購02,TW,0.0,-4798.0,0.0,0.0,0,0.0,0.0
061365,台塑群益59購04,TW,0.0,200.0,0.0,0.0,0,0.0,0.0
061366,光寶科群益5A購02,TW,0.0,40.0,0.0,0.0,0,0.0,0.0
061369,金像電群益59購04,TW,0.0,-628.0,0.0,0.0,0,0.0,0.0
061370,國泰金群益59購01,TW,0.0,-660.0,0.0,0.0,0,0.0,0.0
061372,緯創群益59購04,TW,0.0,-288.0,0.0,0.0,0,0.0,0.0
061373,新日興群益59購03,TW,0.0,-35.0,0.0,0.0,0,0.0,0.0
061374,京鼎群益59購01,TW,0.0,156.0,0.0,0.0,0,0.0,0.0
061376,世芯群益59購11,TW,0.0,0.0,0.0,0.0,0,0.0,0.0
061378,亞翔群益5B購01,TW,0.0,-91.0,0.0,0.0,0,0.0,0.0
061379,台郡群益59購01,TW,0.0,0.0,0.0,0.0,0,0.0,0.0
061380,台虹群益5B購02,TW,0.0,-42.0,0.0,0.0,0,0.0,0.0
061383,亞翔台新59購01,TW,0.0,-19.0,0.0,0.0,0,0.0,0.0
061384,台灣50中信63購05,TW,0.0,-35.0,0.0,0.0,0,0.0,0.0
061385,元黃金中信63購03,TW,0.0,-6.0,0.0,0.0,0,0.0,0.0
061386,元石油中信63購04,TW,0.0,6.0,0.0,0.0,0,0.0,0.0
061388,威盛中信5C購02,TW,0.0,44.0,0.0,0.0,0,0.0,0.0
061389,台新金中信59購01,TW,0.0,-284.0,0.0,0.0,0,0.0,0.0
061390,奇鋐中信61購01,TW,0.0,21.0,0.0,0.0,0,0.0,0.0
061391,智原中信63購01,TW,0.0,465.0,0.0,0.0,0,0.0,0.0
061392,新唐中信59購01,TW,0.0,-233.0,0.0,0.0,0,0.0,0.0
061393,新唐中信59購02,TW,0.0,609.0,0.0,0.0,0,0.0,0.0
061394,AES中信61購01,TW,0.0,74.0,0.0,0.0,0,0.0,0.0
061395,至上中信5C購01,TW,0.0,-6.0,0.0,0.0,0,0.0,0.0
061396,啟碁兆豐5B購02,TW,0.0,20.0,0.0,0.0,0,0.0,0.0
061398,T50反1富邦63購05,TW,0.0,-20.0,0.0,0.0,0,0.0,0.0
061399,T50反1富邦66購03,TW,0.0,360.0,0.0,0.0,0,0.0,0.0
061400,國巨富邦5B購02,TW,0.0,9.0,0.0,0.0,0,0.0,0.0
061401,大同富邦5B購01,TW,0.0,-126.0,0.0,0.0,0,0.0,0.0
061402,亞翔富邦61購02,TW,0.0,103.0,0.0,0.0,0,0.0,0.0
061403,台虹富邦5B購01,TW,0.0,-309.0,0.0,0.0,0,0.0,0.0
061407,SGBR2X群益63購07,TW,0.0,-63.0,0.0,0.0,0,0.0,0.0
061408,川湖群益5A購01,TW,0.0,0.0,0.0,0.0,0,0.0,0.0
06140U,鴻海中信56售02,TW,0.0,19.0,0.0,0.0,0,0.0,0.0
061410,金像電群益59購06,TW,0.0,16.0,0.0,0.0,0,0.0,0.0
061411,漢唐群益5A購05,TW,0.0,-24.0,0.0,0.0,0,0.0,0.0
061412,奇鋐群益59購17,TW,0.0,-9.0,0.0,0.0,0,0.0,0.0
061414,啟碁群益59購10,TW,0.0,78.0,0.0,0.0,0,0.0,0.0
061415,緯穎群益59購11,TW,0.0,-2.0,0.0,0.0,0,0.0,0.0
061416,亞聚永豐5C購01,TW,0.0,-70.0,0.0,0.0,0,0.0,0.0
061418,亞翔永豐5A購03,TW,0.0,101.0,0.0,0.0,0,0.0,0.0
061419,元石油統一62購02,TW,0.0,20.0,0.0,0.0,0,0.0,0.0
061420,台聚統一61購01,TW,0.0,-163.0,0.0,0.0,0,0.0,0.0
061421,楠梓電統一63購01,TW,0.0,106.0,0.0,0.0,0,0.0,0.0
061422,華泰統一63購02,TW,0.0,-3.0,0.0,0.0,0,0.0,0.0
061423,文曄統一62購04,TW,0.0,-3624.0,0.0,0.0,0,0.0,0.0
061424,TPK統一61購01,TW,0.0,-76.0,0.0,0.0,0,0.0,0.0
061425,定穎控統一62購03,TW,0.0,-81.0,0.0,0.0,0,0.0,0.0
061427,智伸科統一63購01,TW,0.0,-91.0,0.0,0.0,0,0.0,0.0
061428,新唐統一61購01,TW,0.0,45.0,0.0,0.0,0,0.0,0.0
061431,緯創元富5C購01,TW,0.0,-138.0,0.0,0.0,0,0.0,0.0
061432,惠特統一63購01,TW,0.0,-1658.0,0.0,0.0,0,0.0,0.0
061433,元黃金凱基59購07,TW,0.0,-998.0,0.0,0.0,0,0.0,0.0
061434,臺指2X凱基63購01,TW,0.0,-20.0,0.0,0.0,0,0.0,0.0
061435,元金2X凱基59購06,TW,0.0,21.0,0.0,0.0,0,0.0,0.0
061436,台塑凱基59購07,TW,0.0,-14.0,0.0,0.0,0,0.0,0.0
061438,遠東新凱基59購02,TW,0.0,-150.0,0.0,0.0,0,0.0,0.0
061441,中環凱基59購01,TW,0.0,-13.0,0.0,0.0,0,0.0,0.0
061442,國巨凱基59購10,TW,0.0,4.0,0.0,0.0,0,0.0,0.0
061443,華泰凱基59購05,TW,0.0,3.0,0.0,0.0,0,0.0,0.0
061445,盟立凱基59購02,TW,0.0,2.0,0.0,0.0,0,0.0,0.0
061446,立隆電凱基59購02,TW,0.0,-15.0,0.0,0.0,0,0.0,0.0
061447,強茂凱基59購02,TW,0.0,-10.0,0.0,0.0,0,0.0,0.0
061449,大立光凱基59購03,TW,0.0,24.0,0.0,0.0,0,0.0,0.0
061450,信邦凱基5A購01,TW,0.0,-47.0,0.0,0.0,0,0.0,0.0
061451,德律凱基59購07,TW,0.0,-35.0,0.0,0.0,0,0.0,0.0
061452,緯創凱基61購02,TW,0.0,-43.0,0.0,0.0,0,0.0,0.0
061453,新日興凱基59購04,TW,0.0,-110.0,0.0,0.0,0,0.0,0.0
061454,京鼎凱基59購02,TW,0.0,-32.0,0.0,0.0,0,0.0,0.0
061458,定穎控凱基59購06,TW,0.0,807.0,0.0,0.0,0,0.0,0.0
061460,南寶凱基59購02,TW,0.0,-30.0,0.0,0.0,0,0.0,0.0
061461,新唐凱基5C購02,TW,0.0,-3.0,0.0,0.0,0,0.0,0.0
061462,亞翔凱基59購06,TW,0.0,33.0,0.0,0.0,0,0.0,0.0
061463,力成凱基5A購04,TW,0.0,51.0,0.0,0.0,0,0.0,0.0
061464,台郡凱基59購01,TW,0.0,0.0,0.0,0.0,0,0.0,0.0
061465,迅得凱基59購02,TW,0.0,-330.0,0.0,0.0,0,0.0,0.0
061466,AES凱基5B購02,TW,0.0,17.0,0.0,0.0,0,0.0,0.0
061467,昇陽半凱基59購05,TW,0.0,1.0,0.0,0.0,0,0.0,0.0
061468,勤誠凱基59購04,TW,0.0,0.0,0.0,0.0,0,0.0,0.0
061469,中環國泰5A購01,TW,0.0,141.0,0.0,0.0,0,0.0,0.0
061470,國巨國泰5A購01,TW,0.0,45.0,0.0,0.0,0,0.0,0.0
061471,威盛國泰5A購01,TW,0.0,7.0,0.0,0.0,0,0.0,0.0
061472,中華電國泰5B購01,TW,0.0,-155.0,0.0,0.0,0,0.0,0.0
061473,台郡國泰5A購01,TW,0.0,-481.0,0.0,0.0,0,0.0,0.0
061474,A50正2國票61購01,TW,0.0,-30.0,0.0,0.0,0,0.0,0.0
061475,臺指反國票5B購02,TW,0.0,138.0,0.0,0.0,0,0.0,0.0
061477,順德國票61購01,TW,0.0,0.0,0.0,0.0,0,0.0,0.0
061478,奇鋐國票5A購03,TW,0.0,-63.0,0.0,0.0,0,0.0,0.0
061479,禾伸堂國票61購01,TW,0.0,1.0,0.0,0.0,0,0.0,0.0
061482,迅得國票5A購01,TW,0.0,2.0,0.0,0.0,0,0.0,0.0
061483,AES國票59購01,TW,0.0,125.0,0.0,0.0,0,0.0,0.0
061484,AES國票5A購01,TW,0.0,-398.0,0.0,0.0,0,0.0,0.0
061485,泰金寶國票59購01,TW,0.0,-147.0,0.0,0.0,0,0.0,0.0
061486,東元元富59購02,TW,0.0,294.0,0.0,0.0,0,0.0,0.0
061487,東鹼元富59購01,TW,0.0,-10.0,0.0,0.0,0,0.0,0.0
061491,強茂元富59購03,TW,0.0,27.0,0.0,0.0,0,0.0,0.0
061492,大立光元富63購01,TW,0.0,172.0,0.0,0.0,0,0.0,0.0
061493,亞翔元富5A購01,TW,0.0,-18.0,0.0,0.0,0,0.0,0.0
061494,亞翔元富5A購02,TW,0.0,166.0,0.0,0.0,0,0.0,0.0
061496,台灣50元大5C購04,TW,0.0,20.0,0.0,0.0,0,0.0,0.0
061497,台灣50元大63購03,TW,0.0,-148.0,0.0,0.0,0,0.0,0.0
061498,T50反1元大59購04,TW,0.0,38.0,0.0,0.0,0,0.0,0.0
061499,T50反1元大5A購03,TW,0.0,711.0,0.0,0.0,0,0.0,0.0
061501,上証2X元大59購02,TW,0.0,90.0,0.0,0.0,0,0.0,0.0
061502,上証2X元大5A購01,TW,0.0,130.0,0.0,0.0,0,0.0,0.0
061503,滬深2X元大59購03,TW,0.0,0.0,0.0,0.0,0,0.0,0.0
061504,滬深2X元大5A購03,TW,0.0,0.0,0.0,0.0,0,0.0,0.0
061505,滬深2X元大5B購02,TW,0.0,0.0,0.0,0.0,0,0.0,0.0
061506,香港2X元大59購02,TW,0.0,-15.0,0.0,0.0,0,0.0,0.0
061507,元日2X元大5A購01,TW,0.0,-719.0,0.0,0.0,0,0.0,0.0
061508,元日2X元大5B購01,TW,0.0,-4.0,0.0,0.0,0,0.0,0.0
061509,元日2X元大5C購01,TW,0.0,-2006.0,0.0,0.0,0,0.0,0.0
061510,東鹼元大59購04,TW,0.0,-20.0,0.0,0.0,0,0.0,0.0
061512,華泰元大59購10,TW,0.0,-768.0,0.0,0.0,0,0.0,0.0
061514,華泰元大59購12,TW,0.0,-106.0,0.0,0.0,0,0.0,0.0
061515,華泰元大61購04,TW,0.0,-4279.0,0.0,0.0,0,0.0,0.0
061516,台積電元大59購34,TW,0.0,-50.0,0.0,0.0,0,0.0,0.0
061517,台積電元大59購35,TW,0.0,0.0,0.0,0.0,0,0.0,0.0
061521,台積電元大59購36,TW,0.0,-6.0,0.0,0.0,0,0.0,0.0
061522,順德元大59購02,TW,0.0,14.0,0.0,0.0,0,0.0,0.0
061523,敬鵬元大5C購01,TW,0.0,-13.0,0.0,0.0,0,0.0,0.0
061524,漢唐元大59購07,TW,0.0,99.0,0.0,0.0,0,0.0,0.0
061525,建準元大59購10,TW,0.0,55.0,0.0,0.0,0,0.0,0.0
061527,長榮元大59購15,TW,0.0,-467.0,0.0,0.0,0,0.0,0.0
061528,新興元大59購10,TW,0.0,-60.0,0.0,0.0,0,0.0,0.0
061529,晟銘電元大59購04,TW,0.0,203.0,0.0,0.0,0,0.0,0.0
061530,奇鋐元大59購31,TW,0.0,-477.0,0.0,0.0,0,0.0,0.0
061531,奇鋐元大59購32,TW,0.0,-1089.0,0.0,0.0,0,0.0,0.0
061535,智原元大59購04,TW,0.0,130.0,0.0,0.0,0,0.0,0.0
061536,智原元大5B購01,TW,0.0,28.0,0.0,0.0,0,0.0,0.0
061538,達邁元大5C購01,TW,0.0,-436.0,0.0,0.0,0,0.0,0.0
061539,貿聯元大59購29,TW,0.0,-149.0,0.0,0.0,0,0.0,0.0
061540,貿聯元大59購30,TW,0.0,174.0,0.0,0.0,0,0.0,0.0
061541,貿聯元大59購31,TW,0.0,69.0,0.0,0.0,0,0.0,0.0
061542,大聯大元大59購03,TW,0.0,-43.0,0.0,0.0,0,0.0,0.0
061544,新唐元大63購02,TW,0.0,44.0,0.0,0.0,0,0.0,0.0
061545,祥碩元大59購05,TW,0.0,364.0,0.0,0.0,0,0.0,0.0
061546,力成元大59購06,TW,0.0,-132.0,0.0,0.0,0,0.0,0.0
061547,力成元大59購07,TW,0.0,76.0,0.0,0.0,0,0.0,0.0
061548,力成元大59購08,TW,0.0,443.0,0.0,0.0,0,0.0,0.0
061549,台郡元大59購01,TW,0.0,-96.0,0.0,0.0,0,0.0,0.0
061551,富鼎元大5C購01,TW,0.0,17.0,0.0,0.0,0,0.0,0.0
061555,強茂國泰5A購02,TW,0.0,-359.0,0.0,0.0,0,0.0,0.0
061557,亞翔國泰5A購01,TW,0.0,56.0,0.0,0.0,0,0.0,0.0
061558,漢唐台新59購01,TW,0.0,-81.0,0.0,0.0,0,0.0,0.0
061559,緯穎台新59購02,TW,0.0,0.0,0.0,0.0,0,0.0,0.0
061560,臺指2X中信63購05,TW,0.0,10333.0,0.0,0.0,0,0.0,0.0
061562,臺股指中信63購02,TW,0.0,-1.0,0.0,0.0,0,0.0,0.0
061563,台積電永豐63購09,TW,0.0,-901.0,0.0,0.0,0,0.0,0.0
061564,台積電永豐63購10,TW,0.0,-74.0,0.0,0.0,0,0.0,0.0
061565,台積電永豐63購11,TW,0.0,31.0,0.0,0.0,0,0.0,0.0
061566,台積電永豐73購05,TW,0.0,-750.0,0.0,0.0,0,0.0,0.0
061567,智邦永豐63購01,TW,0.0,-135.0,0.0,0.0,0,0.0,0.0
061568,長榮永豐63購01,TW,0.0,-769.0,0.0,0.0,0,0.0,0.0
061569,奇鋐永豐5B購06,TW,0.0,-284.0,0.0,0.0,0,0.0,0.0
061570,禾伸堂永豐59購01,TW,0.0,4.0,0.0,0.0,0,0.0,0.0
061571,建漢永豐5C購01,TW,0.0,-17.0,0.0,0.0,0,0.0,0.0
061572,玉晶光永豐5B購01,TW,0.0,57.0,0.0,0.0,0,0.0,0.0
061573,京鼎永豐5A購01,TW,0.0,159.0,0.0,0.0,0,0.0,0.0
061574,牧德永豐63購01,TW,0.0,-83.0,0.0,0.0,0,0.0,0.0
061576,昇陽半永豐5A購01,TW,0.0,143.0,0.0,0.0,0,0.0,0.0
061577,南亞兆豐63購02,TW,0.0,1657.0,0.0,0.0,0,0.0,0.0
061578,漢唐兆豐63購01,TW,0.0,2834.0,0.0,0.0,0,0.0,0.0
061579,亞翔兆豐5B購01,TW,0.0,-3487.0,0.0,0.0,0,0.0,0.0
061580,滬深2X富邦63購01,TW,0.0,0.0,0.0,0.0,0,0.0,0.0
061581,元金2X富邦63購02,TW,0.0,110.0,0.0,0.0,0,0.0,0.0
061582,台聚富邦5C購01,TW,0.0,-194.0,0.0,0.0,0,0.0,0.0
061583,美時富邦5B購05,TW,0.0,-484.0,0.0,0.0,0,0.0,0.0
061585,漢唐富邦5B購01,TW,0.0,-122.0,0.0,0.0,0,0.0,0.0
061586,建準富邦5B購02,TW,0.0,-846.0,0.0,0.0,0,0.0,0.0
061587,晟銘電富邦5C購01,TW,0.0,-421.0,0.0,0.0,0,0.0,0.0
061589,聯詠富邦5B購01,TW,0.0,143.0,0.0,0.0,0,0.0,0.0
061591,嘉澤富邦5C購02,TW,0.0,-534.0,0.0,0.0,0,0.0,0.0
061592,辛耘富邦59購02,TW,0.0,1.0,0.0,0.0,0,0.0,0.0
061595,定穎控富邦5B購02,TW,0.0,28.0,0.0,0.0,0,0.0,0.0
061596,祥碩富邦5B購04,TW,0.0,-165.0,0.0,0.0,0,0.0,0.0
061598,台塑化富邦5B購01,TW,0.0,47.0,0.0,0.0,0,0.0,0.0
061600,AES富邦5B購03,TW,0.0,9.0,0.0,0.0,0,0.0,0.0
061601,至上富邦59購05,TW,0.0,-610.0,0.0,0.0,0,0.0,0.0
061602,富鼎富邦5B購01,TW,0.0,20.0,0.0,0.0,0,0.0,0.0
061603,智邦統一63購04,TW,0.0,-119.0,0.0,0.0,0,0.0,0.0
061604,神基統一63購01,TW,0.0,-392.0,0.0,0.0,0,0.0,0.0
061605,奇鋐統一66購01,TW,0.0,-16.0,0.0,0.0,0,0.0,0.0
061606,牧德統一66購01,TW,0.0,215.0,0.0,0.0,0,0.0,0.0
061608,新唐統一63購02,TW,0.0,41.0,0.0,0.0,0,0.0,0.0
06160U,仁寶國票56售01,TW,0.0,-300.0,0.0,0.0,0,0.0,0.0
061610,元黃金元富59購03,TW,0.0,0.0,0.0,0.0,0,0.0,0.0
061613,晟銘電元富59購01,TW,0.0,-413.0,0.0,0.0,0,0.0,0.0
061614,嘉澤元富59購03,TW,0.0,-65.0,0.0,0.0,0,0.0,0.0
061615,日月光元富59購04,TW,0.0,-14.0,0.0,0.0,0,0.0,0.0
061617,康普元富59購01,TW,0.0,-43.0,0.0,0.0,0,0.0,0.0
061618,力成元富59購04,TW,0.0,157.0,0.0,0.0,0,0.0,0.0
061619,啟碁元富59購06,TW,0.0,1.0,0.0,0.0,0,0.0,0.0
061620,長華元富59購01,TW,0.0,86.0,0.0,0.0,0,0.0,0.0
061621,遠東新元大59購01,TW,0.0,1.0,0.0,0.0,0,0.0,0.0
061622,長興元大5A購01,TW,0.0,15.0,0.0,0.0,0,0.0,0.0
061623,楠梓電元大5C購02,TW,0.0,-427.0,0.0,0.0,0,0.0,0.0
061624,台積電元大59購37,TW,0.0,68.0,0.0,0.0,0,0.0,0.0
061625,台積電元大59購38,TW,0.0,201.0,0.0,0.0,0,0.0,0.0
061626,台積電元大59購39,TW,0.0,2.0,0.0,0.0,0,0.0,0.0
061627,順德元大59購03,TW,0.0,4.0,0.0,0.0,0,0.0,0.0
061628,漢唐元大59購08,TW,0.0,635.0,0.0,0.0,0,0.0,0.0
061629,漢唐元大59購09,TW,0.0,-2245.0,0.0,0.0,0,0.0,0.0
061630,漢唐元大59購10,TW,0.0,-477.0,0.0,0.0,0,0.0,0.0
061631,華新科元大59購07,TW,0.0,11.0,0.0,0.0,0,0.0,0.0
061632,新興元大5A購01,TW,0.0,120.0,0.0,0.0,0,0.0,0.0
061633,奇鋐元大59購33,TW,0.0,164.0,0.0,0.0,0,0.0,0.0
061634,亞光元大59購04,TW,0.0,-680.0,0.0,0.0,0,0.0,0.0
061636,文曄元大59購03,TW,0.0,-567.0,0.0,0.0,0,0.0,0.0
061637,京鼎元大59購03,TW,0.0,-504.0,0.0,0.0,0,0.0,0.0
061638,嘉澤元大59購12,TW,0.0,-13.0,0.0,0.0,0,0.0,0.0
061639,嘉澤元大5A購03,TW,0.0,-39.0,0.0,0.0,0,0.0,0.0
061640,嘉澤元大5B購02,TW,0.0,694.0,0.0,0.0,0,0.0,0.0
061641,牧德元大59購13,TW,0.0,-90.0,0.0,0.0,0,0.0,0.0
061643,大聯大元大59購04,TW,0.0,336.0,0.0,0.0,0,0.0,0.0
061644,上緯控元大59購03,TW,0.0,-999.0,0.0,0.0,0,0.0,0.0
061645,智伸科元大59購01,TW,0.0,-121.0,0.0,0.0,0,0.0,0.0
061646,大銀元大59購02,TW,0.0,2.0,0.0,0.0,0,0.0,0.0
061647,康普元大5C購01,TW,0.0,-3413.0,0.0,0.0,0,0.0,0.0
061648,新唐元大59購08,TW,0.0,-1.0,0.0,0.0,0,0.0,0.0
061649,新唐元大5B購01,TW,0.0,36.0,0.0,0.0,0,0.0,0.0
061650,力成元大59購09,TW,0.0,220.0,0.0,0.0,0,0.0,0.0
061651,GIS元大59購04,TW,0.0,-118.0,0.0,0.0,0,0.0,0.0
061653,龍德船元大5B購01,TW,0.0,-113.0,0.0,0.0,0,0.0,0.0
061654,龍德船元大63購01,TW,0.0,-186.0,0.0,0.0,0,0.0,0.0
061655,采鈺元大59購11,TW,0.0,1.0,0.0,0.0,0,0.0,0.0
061656,昇陽半元大59購03,TW,0.0,2.0,0.0,0.0,0,0.0,0.0
061657,台虹元大59購14,TW,0.0,85.0,0.0,0.0,0,0.0,0.0
061658,南茂元大59購11,TW,0.0,-51.0,0.0,0.0,0,0.0,0.0
061659,勤誠元大59購13,TW,0.0,417.0,0.0,0.0,0,0.0,0.0
061660,臺股指元大59購34,TW,0.0,16.0,0.0,0.0,0,0.0,0.0
061662,臺股指元大5B購13,TW,0.0,-46.0,0.0,0.0,0,0.0,0.0
061663,台灣50凱基5C購05,TW,0.0,-42.0,0.0,0.0,0,0.0,0.0
061664,台灣50凱基5C購06,TW,0.0,-277.0,0.0,0.0,0,0.0,0.0
061666,上証2X凱基59購05,TW,0.0,390.0,7.0,0.0,0,0.0,0.0
061667,滬深2X凱基5B購04,TW,0.0,-4.0,0.0,0.0,0,0.0,0.0
061668,元日2X凱基5A購01,TW,0.0,6.0,0.0,0.0,0,0.0,0.0
061669,中502X凱基59購01,TW,0.0,89.0,0.0,0.0,0,0.0,0.0
061670,川湖凱基5B購04,TW,0.0,28.0,0.0,0.0,0,0.0,0.0
061672,智邦凱基59購09,TW,0.0,109.0,0.0,0.0,0,0.0,0.0
061673,敬鵬凱基5C購01,TW,0.0,17.0,0.0,0.0,0,0.0,0.0
061675,漢唐凱基59購06,TW,0.0,-133.0,0.0,0.0,0,0.0,0.0
061676,京元電凱基59購07,TW,0.0,-174.0,0.0,0.0,0,0.0,0.0
061678,奇鋐凱基5A購06,TW,0.0,0.0,0.0,0.0,0,0.0,0.0
061680,智原凱基5B購01,TW,0.0,3.0,0.0,0.0,0,0.0,0.0
061682,定穎控凱基5B購05,TW,0.0,157.0,0.0,0.0,0,0.0,0.0
061683,力成凱基5A購05,TW,0.0,-635.0,0.0,0.0,0,0.0,0.0
061684,啟碁凱基59購10,TW,0.0,-125.0,0.0,0.0,0,0.0,0.0
061685,緯穎凱基5A購01,TW,0.0,-8.0,0.0,0.0,0,0.0,0.0
061686,AES凱基59購06,TW,0.0,-77.0,0.0,0.0,0,0.0,0.0
061687,昇陽半凱基59購06,TW,0.0,-38.0,0.0,0.0,0,0.0,0.0
061688,至上凱基5B購02,TW,0.0,20.0,0.0,0.0,0,0.0,0.0
061689,元黃金群益59購03,TW,0.0,-10.0,0.0,0.0,0,0.0,0.0
061692,台塑群益59購05,TW,0.0,233.0,0.0,0.0,0,0.0,0.0
061693,華新群益59購03,TW,0.0,-1316.0,0.0,0.0,0,0.0,0.0
061694,國巨群益59購08,TW,0.0,32.0,0.0,0.0,0,0.0,0.0
061695,智邦群益59購12,TW,0.0,-9.0,0.0,0.0,0,0.0,0.0
061696,強茂群益61購02,TW,0.0,-29.0,0.0,0.0,0,0.0,0.0
061698,奇鋐群益59購18,TW,0.0,-10.0,0.0,0.0,0,0.0,0.0
061699,禾伸堂群益59購01,TW,0.0,1.0,0.0,0.0,0,0.0,0.0
061702,蔚華科群益59購01,TW,0.0,-10.0,0.0,0.0,0,0.0,0.0
061703,緯創群益59購05,TW,0.0,-123.0,0.0,0.0,0,0.0,0.0
061704,新日興群益59購04,TW,0.0,-332.0,0.0,0.0,0,0.0,0.0
061705,京鼎群益59購02,TW,0.0,-65.0,0.0,0.0,0,0.0,0.0
061706,辛耘群益5B購02,TW,0.0,0.0,0.0,0.0,0,0.0,0.0
061707,辛耘群益61購01,TW,0.0,3.0,0.0,0.0,0,0.0,0.0
061708,世芯群益59購12,TW,0.0,0.0,0.0,0.0,0,0.0,0.0
061709,貿聯群益59購11,TW,0.0,-10.0,0.0,0.0,0,0.0,0.0
061710,大聯大群益5A購02,TW,0.0,-26.0,0.0,0.0,0,0.0,0.0
061711,亞翔群益59購01,TW,0.0,34.0,0.0,0.0,0,0.0,0.0
061712,帆宣群益59購02,TW,0.0,339.0,0.0,0.0,0,0.0,0.0
061714,力成群益5B購01,TW,0.0,126.0,0.0,0.0,0,0.0,0.0
061716,啟碁群益59購11,TW,0.0,-20.0,0.0,0.0,0,0.0,0.0
061717,昇陽半群益5A購01,TW,0.0,-566.0,0.0,0.0,0,0.0,0.0
061719,新纖國票5A購01,TW,0.0,-800.0,0.0,0.0,0,0.0,0.0
061720,大成鋼國票5A購02,TW,0.0,-132.0,0.0,0.0,0,0.0,0.0
061721,為升國票5A購01,TW,0.0,-99.0,0.0,0.0,0,0.0,0.0
061722,國巨國票59購04,TW,0.0,6.0,0.0,0.0,0,0.0,0.0
061723,台積電國票5A購06,TW,0.0,-13.0,0.0,0.0,0,0.0,0.0
061724,台積電國票5A購07,TW,0.0,10.0,0.0,0.0,0,0.0,0.0
061725,智邦國票63購02,TW,0.0,-117.0,0.0,0.0,0,0.0,0.0
061726,微星國票5A購02,TW,0.0,-125.0,0.0,0.0,0,0.0,0.0
061727,晟銘電國票59購02,TW,0.0,-50.0,0.0,0.0,0,0.0,0.0
061728,晟銘電國票5A購01,TW,0.0,-93.0,0.0,0.0,0,0.0,0.0
061730,融程電國票5A購01,TW,0.0,-1580.0,0.0,0.0,0,0.0,0.0
061731,嘉澤國票5C購01,TW,0.0,-148.0,0.0,0.0,0,0.0,0.0
061732,世芯國票59購05,TW,0.0,3.0,0.0,0.0,0,0.0,0.0
061733,世芯國票5A購01,TW,0.0,0.0,0.0,0.0,0,0.0,0.0
061734,大聯大國票5A購03,TW,0.0,-40.0,0.0,0.0,0,0.0,0.0
061736,智伸科國票5A購01,TW,0.0,-37.0,0.0,0.0,0,0.0,0.0
061737,雙鍵國票59購01,TW,0.0,420.0,0.0,0.0,0,0.0,0.0
061739,帆宣國票5A購01,TW,0.0,-205.0,0.0,0.0,0,0.0,0.0
061740,昇陽半國票61購01,TW,0.0,-562.0,0.0,0.0,0,0.0,0.0
061741,至上國票5A購04,TW,0.0,1573.0,0.0,0.0,0,0.0,0.0
061743,富鼎國票5A購01,TW,0.0,-31.0,0.0,0.0,0,0.0,0.0
061744,智邦台新59購02,TW,0.0,-23.0,0.0,0.0,0,0.0,0.0
061745,奇鋐台新59購03,TW,0.0,2.0,0.0,0.0,0,0.0,0.0
061746,台化永豐5C購01,TW,0.0,-50.0,0.0,0.0,0,0.0,0.0
061747,為升永豐5B購01,TW,0.0,97.0,0.0,0.0,0,0.0,0.0
061748,華通永豐59購01,TW,0.0,-229.0,0.0,0.0,0,0.0,0.0
061749,奇鋐永豐5B購07,TW,0.0,-340.0,0.0,0.0,0,0.0,0.0
06174U,鴻海統一58售04,TW,0.0,580.0,0.0,0.0,0,0.0,0.0
061750,奇鋐永豐62購02,TW,0.0,-1852.0,0.0,0.0,0,0.0,0.0
061752,貿聯永豐5C購02,TW,0.0,28.0,0.0,0.0,0,0.0,0.0
061755,矽力永豐5C購01,TW,0.0,-26.0,0.0,0.0,0,0.0,0.0
061756,勤誠兆豐5B購02,TW,0.0,2.0,0.0,0.0,0,0.0,0.0
061758,士電富邦59購02,TW,0.0,388.0,0.0,0.0,0,0.0,0.0
061759,東元富邦5A購02,TW,0.0,-717.0,0.0,0.0,0,0.0,0.0
061760,華通富邦63購04,TW,0.0,-233.0,0.0,0.0,0,0.0,0.0
061761,華泰富邦5C購02,TW,0.0,-63.0,0.0,0.0,0,0.0,0.0
061762,台積電富邦5B購01,TW,0.0,-569.0,0.0,0.0,0,0.0,0.0
061763,佳能富邦5C購01,TW,0.0,35.0,0.0,0.0,0,0.0,0.0
061764,京鼎富邦59購01,TW,0.0,-1246.0,0.0,0.0,0,0.0,0.0
061765,新唐富邦59購01,TW,0.0,36.0,0.0,0.0,0,0.0,0.0
061766,矽格富邦62購01,TW,0.0,46.0,0.0,0.0,0,0.0,0.0
061767,迅得富邦5B購01,TW,0.0,-1026.0,0.0,0.0,0,0.0,0.0
061768,GIS富邦62購01,TW,0.0,-12.0,0.0,0.0,0,0.0,0.0
061769,昇陽半富邦63購01,TW,0.0,286.0,0.0,0.0,0,0.0,0.0
061771,臺股指富邦5B購08,TW,0.0,6.0,0.0,0.0,0,0.0,0.0
061772,臺股指富邦5C購17,TW,0.0,5.0,0.0,0.0,0,0.0,0.0
061773,臺股指富邦63購07,TW,0.0,-120.0,0.0,0.0,0,0.0,0.0
061774,元金2X國票59購04,TW,0.0,175.0,0.0,0.0,0,0.0,0.0
061775,為升國票62購01,TW,0.0,66.0,0.0,0.0,0,0.0,0.0
061776,台達電國票59購03,TW,0.0,-168.0,0.0,0.0,0,0.0,0.0
061777,台達電國票5A購06,TW,0.0,-108.0,0.0,0.0,0,0.0,0.0
061778,華通國票5A購06,TW,0.0,-115.0,0.0,0.0,0,0.0,0.0
061779,台積電國票5A購08,TW,0.0,-30.0,0.0,0.0,0,0.0,0.0
061780,奇鋐國票5A購04,TW,0.0,0.0,0.0,0.0,0,0.0,0.0
061781,大銀國票5A購01,TW,0.0,15.0,0.0,0.0,0,0.0,0.0
061782,和碩國票5A購01,TW,0.0,-16.0,0.0,0.0,0,0.0,0.0
061784,ITH國票5A購01,TW,0.0,1604.0,0.0,0.0,0,0.0,0.0
061785,矽創國票5A購01,TW,0.0,-415.0,0.0,0.0,0,0.0,0.0
061786,臺股指國票59購12,TW,0.0,-47.0,0.0,0.0,0,0.0,0.0
061788,為升國泰5A購01,TW,0.0,-349.0,0.0,0.0,0,0.0,0.0
061789,為升國泰5A購02,TW,0.0,-71.0,0.0,0.0,0,0.0,0.0
061790,華通國泰5A購05,TW,0.0,-10.0,0.0,0.0,0,0.0,0.0
061791,奇鋐國泰5A購04,TW,0.0,-945.0,0.0,0.0,0,0.0,0.0
061792,京鼎國泰5A購01,TW,0.0,-147.0,0.0,0.0,0,0.0,0.0
061794,帆宣國泰5B購01,TW,0.0,6.0,0.0,0.0,0,0.0,0.0
061797,為升中信59購01,TW,0.0,8.0,0.0,0.0,0,0.0,0.0
061798,奇鋐中信59購07,TW,0.0,-123.0,0.0,0.0,0,0.0,0.0
061799,禾伸堂中信59購01,TW,0.0,20.0,0.0,0.0,0,0.0,0.0
06179U,臺股指富邦64售01,TW,0.0,7.0,0.0,0.0,0,0.0,0.0
061800,昇陽半中信59購01,TW,0.0,75.0,0.0,0.0,0,0.0,0.0
061803,大成鋼凱基59購02,TW,0.0,750.0,0.0,0.0,0,0.0,0.0
061804,為升凱基59購02,TW,0.0,215.0,0.0,0.0,0,0.0,0.0
061805,為升凱基59購03,TW,0.0,352.0,0.0,0.0,0,0.0,0.0
061806,華通凱基59購04,TW,0.0,-733.0,0.0,0.0,0,0.0,0.0
061807,華通凱基59購05,TW,0.0,-150.0,0.0,0.0,0,0.0,0.0
061808,華通凱基62購01,TW,0.0,-409.0,0.0,0.0,0,0.0,0.0
061809,國巨凱基59購11,TW,0.0,32.0,0.0,0.0,0,0.0,0.0
061811,台積電凱基66購01,TW,0.0,-87.0,0.0,0.0,0,0.0,0.0
061812,敬鵬凱基59購03,TW,0.0,-418.0,0.0,0.0,0,0.0,0.0
061813,微星凱基59購03,TW,0.0,-16.0,0.0,0.0,0,0.0,0.0
061815,永豐金凱基59購01,TW,0.0,1000.0,0.0,0.0,0,0.0,0.0
061816,奇鋐凱基62購01,TW,0.0,-141.0,0.0,0.0,0,0.0,0.0
061817,亞光凱基59購05,TW,0.0,412.0,0.0,0.0,0,0.0,0.0
061818,禾伸堂凱基5B購01,TW,0.0,10.0,0.0,0.0,0,0.0,0.0
061820,玉晶光凱基59購01,TW,0.0,-8.0,8.0,0.0,0,0.0,0.0
061821,嘉澤凱基5B購01,TW,0.0,-5.0,0.0,0.0,0,0.0,0.0
061822,牧德凱基59購04,TW,0.0,328.0,0.0,0.0,0,0.0,0.0
061825,亞翔凱基59購07,TW,0.0,0.0,0.0,0.0,0,0.0,0.0
061826,帆宣凱基59購01,TW,0.0,-1.0,0.0,0.0,0,0.0,0.0
061827,GIS凱基5C購01,TW,0.0,17.0,0.0,0.0,0,0.0,0.0
061829,惠特凱基59購03,TW,0.0,7.0,0.0,0.0,0,0.0,0.0
061832,泰金寶凱基59購01,TW,0.0,-11.0,0.0,0.0,0,0.0,0.0
061833,臺股指凱基5B購11,TW,0.0,-1.0,0.0,0.0,0,0.0,0.0
061834,上証2X群益59購01,TW,0.0,3.0,0.0,0.0,0,0.0,0.0
061835,中502X群益65購01,TW,0.0,40.0,0.0,0.0,0,0.0,0.0
061837,美時群益59購04,TW,0.0,-811.0,0.0,0.0,0,0.0,0.0
061838,川湖群益59購08,TW,0.0,5.0,0.0,0.0,0,0.0,0.0
061840,台達電群益59購04,TW,0.0,800.0,0.0,0.0,0,0.0,0.0
061841,台達電群益59購05,TW,0.0,-24.0,0.0,0.0,0,0.0,0.0
061842,台達電群益59購06,TW,0.0,-619.0,0.0,0.0,0,0.0,0.0
061843,台達電群益59購07,TW,0.0,-149.0,0.0,0.0,0,0.0,0.0
061844,台達電群益5A購03,TW,0.0,-36.0,0.0,0.0,0,0.0,0.0
061845,華通群益59購02,TW,0.0,-291.0,0.0,0.0,0,0.0,0.0
061846,華通群益63購05,TW,0.0,-214.0,0.0,0.0,0,0.0,0.0
061847,智邦群益59購13,TW,0.0,-7.0,0.0,0.0,0,0.0,0.0
061848,敬鵬群益59購02,TW,0.0,-204.0,0.0,0.0,0,0.0,0.0
061849,漢唐群益5C購01,TW,0.0,2440.0,0.0,0.0,0,0.0,0.0
061850,京元電群益5A購01,TW,0.0,25.0,0.0,0.0,0,0.0,0.0
061851,奇鋐群益59購19,TW,0.0,-150.0,0.0,0.0,0,0.0,0.0
061852,奇鋐群益59購20,TW,0.0,-155.0,0.0,0.0,0,0.0,0.0
061853,智原群益5B購01,TW,0.0,2.0,0.0,0.0,0,0.0,0.0
061854,嘉澤群益59購10,TW,0.0,-44.0,6.0,0.0,0,0.0,0.0
061855,牧德群益59購07,TW,0.0,268.0,0.0,0.0,0,0.0,0.0
061856,康舒群益59購03,TW,0.0,-3.0,0.0,0.0,0,0.0,0.0
061857,緯穎群益59購12,TW,0.0,0.0,0.0,0.0,0,0.0,0.0
061858,惠特群益5B購01,TW,0.0,106.0,0.0,0.0,0,0.0,0.0
061860,昇陽半群益59購03,TW,0.0,24.0,0.0,0.0,0,0.0,0.0
061861,華通元富59購16,TW,0.0,-195.0,0.0,0.0,0,0.0,0.0
061862,華通元富63購01,TW,0.0,-534.0,0.0,0.0,0,0.0,0.0
061863,華通元富63購02,TW,0.0,-980.0,0.0,0.0,0,0.0,0.0
061864,華通元富63購03,TW,0.0,-83.0,0.0,0.0,0,0.0,0.0
061865,智邦元富59購04,TW,0.0,-4.0,0.0,0.0,0,0.0,0.0
061866,智邦元富63購01,TW,0.0,-110.0,0.0,0.0,0,0.0,0.0
061867,瑞昱元富59購01,TW,0.0,-48.0,0.0,0.0,0,0.0,0.0
061868,瑞昱元富59購02,TW,0.0,15.0,0.0,0.0,0,0.0,0.0
061869,瑞昱元富59購03,TW,0.0,4.0,0.0,0.0,0,0.0,0.0
061870,毅嘉元富59購01,TW,0.0,0.0,0.0,0.0,0,0.0,0.0
061874,建準元富59購02,TW,0.0,-122.0,0.0,0.0,0,0.0,0.0
061875,奇鋐元富59購10,TW,0.0,4.0,0.0,0.0,0,0.0,0.0
061876,奇鋐元富63購01,TW,0.0,29.0,0.0,0.0,0,0.0,0.0
061877,奇鋐元富63購02,TW,0.0,-84.0,0.0,0.0,0,0.0,0.0
061880,昇貿元富59購01,TW,0.0,-321.0,0.0,0.0,0,0.0,0.0
061881,新日興元富5B購01,TW,0.0,-46.0,0.0,0.0,0,0.0,0.0
061882,智伸科元富59購01,TW,0.0,660.0,0.0,0.0,0,0.0,0.0
061883,鈞興元富59購01,TW,0.0,-15.0,0.0,0.0,0,0.0,0.0
061884,康普元富5C購01,TW,0.0,-75.0,0.0,0.0,0,0.0,0.0
061885,康普元富5C購02,TW,0.0,-92.0,0.0,0.0,0,0.0,0.0
061886,崇越元富59購01,TW,0.0,24.0,0.0,0.0,0,0.0,0.0
061887,佳必琪元富5C購01,TW,0.0,-22.0,0.0,0.0,0,0.0,0.0
061888,矽格元富59購03,TW,0.0,-36.0,0.0,0.0,0,0.0,0.0
061889,樺漢元富59購02,TW,0.0,-39.0,0.0,0.0,0,0.0,0.0
061890,矽力元富59購02,TW,0.0,-5.0,0.0,0.0,0,0.0,0.0
061891,保瑞元富59購01,TW,0.0,17.0,0.0,0.0,0,0.0,0.0
061892,保瑞元富63購01,TW,0.0,-434.0,0.0,0.0,0,0.0,0.0
061893,帝寶元富5A購01,TW,0.0,55.0,0.0,0.0,0,0.0,0.0
061894,來億元富5A購01,TW,0.0,432.0,0.0,0.0,0,0.0,0.0
061895,瀚荃元富5B購01,TW,0.0,24.0,0.0,0.0,0,0.0,0.0
061896,鼎炫元富5A購01,TW,0.0,29.0,-28.0,0.0,0,0.0,0.0
061897,元債2X元大5C購01,TW,0.0,-1316.0,0.0,0.0,0,0.0,0.0
061898,元債2X元大62購01,TW,0.0,-624.0,0.0,0.0,0,0.0,0.0
061899,元債2X元大63購01,TW,0.0,8410.0,0.0,0.0,0,0.0,0.0
061900,美債2X元大5A購01,TW,0.0,-2098.0,0.0,0.0,0,0.0,0.0
061901,美債2X元大62購01,TW,0.0,157.0,0.0,0.0,0,0.0,0.0
061902,美債2X元大65購01,TW,0.0,-8146.0,0.0,0.0,0,0.0,0.0
061903,新纖元大59購01,TW,0.0,-355.0,0.0,0.0,0,0.0,0.0
061904,為升元大59購01,TW,0.0,511.0,0.0,0.0,0,0.0,0.0
061905,台達電元大59購05,TW,0.0,-697.0,3.0,0.0,0,0.0,0.0
061906,台達電元大59購06,TW,0.0,-351.0,0.0,0.0,0,0.0,0.0
061907,台達電元大59購07,TW,0.0,-903.0,0.0,0.0,0,0.0,0.0
061908,台達電元大59購08,TW,0.0,-391.0,0.0,0.0,0,0.0,0.0
061909,台達電元大59購09,TW,0.0,-276.0,0.0,0.0,0,0.0,0.0
061910,華通元大59購27,TW,0.0,417.0,0.0,0.0,0,0.0,0.0
061911,楠梓電元大5C購03,TW,0.0,-71.0,0.0,0.0,0,0.0,0.0
061912,台積電元大59購40,TW,0.0,24.0,0.0,0.0,0,0.0,0.0
061914,台積電元大59購42,TW,0.0,-310.0,0.0,0.0,0,0.0,0.0
061915,智邦元大59購21,TW,0.0,135.0,0.0,0.0,0,0.0,0.0
061916,順德元大59購04,TW,0.0,1.0,0.0,0.0,0,0.0,0.0
061917,敬鵬元大59購03,TW,0.0,-2.0,0.0,0.0,0,0.0,0.0
061918,友達元大5B購02,TW,0.0,-31.0,0.0,0.0,0,0.0,0.0
061919,義隆元大59購02,TW,0.0,76.0,0.0,0.0,0,0.0,0.0
061920,奇鋐元大59購34,TW,0.0,-877.0,0.0,0.0,0,0.0,0.0
061921,奇鋐元大59購35,TW,0.0,-2108.0,0.0,0.0,0,0.0,0.0
061922,聯詠元大59購01,TW,0.0,11.0,0.0,0.0,0,0.0,0.0
061923,聯詠元大63購04,TW,0.0,196.0,0.0,0.0,0,0.0,0.0
061924,明泰元大59購01,TW,0.0,-450.0,0.0,0.0,0,0.0,0.0
061925,嘉澤元大59購13,TW,0.0,-249.0,0.0,0.0,0,0.0,0.0
061926,嘉澤元大5A購04,TW,0.0,-2879.0,0.0,0.0,0,0.0,0.0
061927,嘉澤元大5B購03,TW,0.0,885.0,0.0,0.0,0,0.0,0.0
061928,牧德元大59購14,TW,0.0,23.0,0.0,0.0,0,0.0,0.0
061929,牧德元大63購01,TW,0.0,99.0,0.0,0.0,0,0.0,0.0
061930,TPK元大59購01,TW,0.0,-249.0,0.0,0.0,0,0.0,0.0
061931,定穎控元大59購07,TW,0.0,-197.0,0.0,0.0,0,0.0,0.0
061932,定穎控元大59購08,TW,0.0,-10.0,0.0,0.0,0,0.0,0.0
061933,定穎控元大59購09,TW,0.0,1041.0,0.0,0.0,0,0.0,0.0
061935,雙鍵元大59購02,TW,0.0,1.0,0.0,0.0,0,0.0,0.0
061937,力成元大59購10,TW,0.0,129.0,0.0,0.0,0,0.0,0.0
061938,迅得元大5C購01,TW,0.0,229.0,0.0,0.0,0,0.0,0.0
061940,昇陽半元大59購04,TW,0.0,-50.0,0.0,0.0,0,0.0,0.0
061941,昇陽半元大59購05,TW,0.0,253.0,0.0,0.0,0,0.0,0.0
061942,至上元大59購07,TW,0.0,-510.0,0.0,0.0,0,0.0,0.0
061943,臺股指元大5C購10,TW,0.0,-5477.0,0.0,0.0,0,0.0,0.0
061944,台達電中信63購01,TW,0.0,-5.0,0.0,0.0,0,0.0,0.0
061945,台達電中信63購02,TW,0.0,-1462.0,998.0,0.0,0,0.0,0.0
061946,台達電中信63購03,TW,0.0,14.0,0.0,0.0,0,0.0,0.0
061947,華通中信62購01,TW,0.0,-41.0,0.0,0.0,0,0.0,0.0
061948,國巨中信63購02,TW,0.0,22.0,0.0,0.0,0,0.0,0.0
061949,金像電中信63購02,TW,0.0,-440.0,0.0,0.0,0,0.0,0.0
061950,嘉澤中信59購04,TW,0.0,-209.0,0.0,0.0,0,0.0,0.0
061951,牧德中信59購02,TW,0.0,-615.0,0.0,0.0,0,0.0,0.0
061952,定穎控中信63購01,TW,0.0,14.0,0.0,0.0,0,0.0,0.0
061953,正文中信59購01,TW,0.0,783.0,0.0,0.0,0,0.0,0.0
061955,台達電兆豐5B購02,TW,0.0,-128.0,0.0,0.0,0,0.0,0.0
061956,華通兆豐5B購04,TW,0.0,-807.0,0.0,0.0,0,0.0,0.0
061957,世芯兆豐5B購02,TW,0.0,-84.0,0.0,0.0,0,0.0,0.0
061958,定穎控兆豐5B購01,TW,0.0,1036.0,0.0,0.0,0,0.0,0.0
061960,T50反1富邦5B購02,TW,0.0,1389.0,0.0,0.0,0,0.0,0.0
061961,超豐富邦59購01,TW,0.0,1657.0,0.0,0.0,0,0.0,0.0
061962,牧德富邦62購01,TW,0.0,-1400.0,0.0,0.0,0,0.0,0.0
061963,貿聯富邦63購01,TW,0.0,-175.0,0.0,0.0,0,0.0,0.0
061964,和碩富邦5C購01,TW,0.0,6.0,0.0,0.0,0,0.0,0.0
061965,緯穎富邦5B購02,TW,0.0,-50.0,0.0,0.0,0,0.0,0.0
061967,台達電台新59購02,TW,0.0,-5.0,0.0,0.0,0,0.0,0.0
061968,台達電台新59購03,TW,0.0,-99.0,0.0,0.0,0,0.0,0.0
061969,台達電國泰5B購01,TW,0.0,-72.0,0.0,0.0,0,0.0,0.0
061974,元日2X元富59購01,TW,0.0,200.0,0.0,0.0,0,0.0,0.0
061976,美時元富63購01,TW,0.0,35.0,0.0,0.0,0,0.0,0.0
061977,川湖元富59購06,TW,0.0,475.0,0.0,0.0,0,0.0,0.0
061978,華泰元富59購03,TW,0.0,-10.0,0.0,0.0,0,0.0,0.0
061979,鴻準元富59購01,TW,0.0,7.0,0.0,0.0,0,0.0,0.0
061980,正崴元富59購01,TW,0.0,122.0,0.0,0.0,0,0.0,0.0
061981,京元電元富59購08,TW,0.0,-532.0,0.0,0.0,0,0.0,0.0
061982,全漢元富59購01,TW,0.0,-39.0,0.0,0.0,0,0.0,0.0
061983,建漢元富59購01,TW,0.0,-73.0,0.0,0.0,0,0.0,0.0
061984,世芯元富59購06,TW,0.0,-200.0,0.0,0.0,0,0.0,0.0
061986,貿聯元富59購03,TW,0.0,-140.0,0.0,0.0,0,0.0,0.0
061987,貿聯元富5C購01,TW,0.0,13.0,0.0,0.0,0,0.0,0.0
061988,日月光元富63購01,TW,0.0,-35.0,0.0,0.0,0,0.0,0.0
061989,定穎控元富59購08,TW,0.0,105.0,0.0,0.0,0,0.0,0.0
06198U,華晶科群益5A售01,TW,0.0,5.0,0.0,0.0,0,0.0,0.0
061991,臻鼎元富59購03,TW,0.0,0.0,0.0,0.0,0,0.0,0.0
061992,jpp元富59購01,TW,0.0,0.0,0.0,0.0,0,0.0,0.0
061993,矽格元富63購01,TW,0.0,789.0,0.0,0.0,0,0.0,0.0
061994,保瑞元富63購02,TW,0.0,1391.0,0.0,0.0,0,0.0,0.0
061998,巨大元富59購01,TW,0.0,2104.0,0.0,0.0,0,0.0,0.0
061999,美時凱基59購06,TW,0.0,-73.0,0.0,0.0,0,0.0,0.0
062000,川湖凱基62購01,TW,0.0,3.0,0.0,0.0,0,0.0,0.0
062001,台達電凱基59購05,TW,0.0,-372.0,0.0,0.0,0,0.0,0.0
062002,台達電凱基59購06,TW,0.0,969.0,0.0,0.0,0,0.0,0.0
062003,台達電凱基59購07,TW,0.0,-279.0,0.0,0.0,0,0.0,0.0
062005,台達電凱基5B購01,TW,0.0,-505.0,0.0,0.0,0,0.0,0.0
062006,華通凱基63購03,TW,0.0,636.0,0.0,0.0,0,0.0,0.0
062007,華泰凱基59購08,TW,0.0,0.0,0.0,0.0,0,0.0,0.0
062008,台積電凱基66購02,TW,0.0,-29.0,0.0,0.0,0,0.0,0.0
062009,智邦凱基59購10,TW,0.0,20.0,0.0,0.0,0,0.0,0.0
062010,順德凱基59購03,TW,0.0,-13.0,0.0,0.0,0,0.0,0.0
062011,漢唐凱基5B購01,TW,0.0,-205.0,0.0,0.0,0,0.0,0.0
062014,聯詠凱基63購01,TW,0.0,-16.0,0.0,0.0,0,0.0,0.0
062016,牧德凱基5B購02,TW,0.0,618.0,0.0,0.0,0,0.0,0.0
062017,世芯凱基5B購03,TW,0.0,0.0,0.0,0.0,0,0.0,0.0
062019,定穎控凱基59購09,TW,0.0,94.0,0.0,0.0,0,0.0,0.0
06201U,新日興群益5A售01,TW,0.0,13.0,0.0,0.0,0,0.0,0.0
062022,智伸科凱基5B購01,TW,0.0,-98.0,0.0,0.0,0,0.0,0.0
062023,正文凱基5B購01,TW,0.0,2.0,0.0,0.0,0,0.0,0.0
062026,力成凱基59購08,TW,0.0,-323.0,0.0,0.0,0,0.0,0.0
062027,啟碁凱基5C購02,TW,0.0,21.0,0.0,0.0,0,0.0,0.0
062029,迅得凱基59購03,TW,0.0,0.0,0.0,0.0,0,0.0,0.0
062031,矽創凱基59購01,TW,0.0,198.0,0.0,0.0,0,0.0,0.0
062032,昇陽半凱基5B購01,TW,0.0,40.0,0.0,0.0,0,0.0,0.0
062033,至上凱基59購06,TW,0.0,15.0,0.0,0.0,0,0.0,0.0
062034,臺股指凱基5C購13,TW,0.0,-20.0,0.0,0.0,0,0.0,0.0
062035,上銀永豐5B購01,TW,0.0,3.0,0.0,0.0,0,0.0,0.0
062036,台達電永豐5B購02,TW,0.0,9.0,0.0,0.0,0,0.0,0.0
062037,台達電永豐5C購01,TW,0.0,-65.0,0.0,0.0,0,0.0,0.0
062039,華通永豐5B購01,TW,0.0,-459.0,0.0,0.0,0,0.0,0.0
062040,華通永豐62購01,TW,0.0,0.0,0.0,0.0,0,0.0,0.0
062041,宏碁永豐5B購01,TW,0.0,-495.0,0.0,0.0,0,0.0,0.0
062042,晟銘電永豐5B購01,TW,0.0,-89.0,0.0,0.0,0,0.0,0.0
062043,牧德永豐5C購02,TW,0.0,-41.0,0.0,0.0,0,0.0,0.0
062046,正文永豐5C購01,TW,0.0,-22.0,0.0,0.0,0,0.0,0.0
062047,jpp永豐5C購01,TW,0.0,-37.0,0.0,0.0,0,0.0,0.0
062048,精成科永豐5B購01,TW,0.0,-22.0,0.0,0.0,0,0.0,0.0
062049,聯茂永豐5C購01,TW,0.0,-11.0,0.0,0.0,0,0.0,0.0
062050,啟碁永豐59購02,TW,0.0,-10.0,0.0,0.0,0,0.0,0.0
062052,緯穎永豐66購01,TW,0.0,-7.0,0.0,0.0,0,0.0,0.0
062053,ITH永豐5B購01,TW,0.0,-496.0,0.0,0.0,0,0.0,0.0
062054,台虹永豐59購01,TW,0.0,-82.0,0.0,0.0,0,0.0,0.0
062055,統一元大59購01,TW,0.0,-3.0,0.0,0.0,0,0.0,0.0
062056,國喬元大59購04,TW,0.0,130.0,0.0,0.0,0,0.0,0.0
062057,聚陽元大59購01,TW,0.0,-2432.0,0.0,0.0,0,0.0,0.0
062058,正新元大59購01,TW,0.0,97.0,0.0,0.0,0,0.0,0.0
062059,台達電元大59購11,TW,0.0,-299.0,0.0,0.0,0,0.0,0.0
062060,台達電元大59購12,TW,0.0,-105.0,0.0,0.0,0,0.0,0.0
062061,台達電元大59購13,TW,0.0,-338.0,0.0,0.0,0,0.0,0.0
062062,台達電元大59購14,TW,0.0,-2.0,0.0,0.0,0,0.0,0.0
062063,台達電元大59購15,TW,0.0,-477.0,0.0,0.0,0,0.0,0.0
062064,華通元大62購03,TW,0.0,-1655.0,0.0,0.0,0,0.0,0.0
062065,楠梓電元大59購09,TW,0.0,-111.0,0.0,0.0,0,0.0,0.0
062067,台積電元大5C購06,TW,0.0,80.0,0.0,0.0,0,0.0,0.0
062068,台亞元大59購01,TW,0.0,-10.0,4.0,0.0,0,0.0,0.0
062069,智邦元大59購22,TW,0.0,47.0,0.0,0.0,0,0.0,0.0
062070,敬鵬元大59購04,TW,0.0,-109.0,0.0,0.0,0,0.0,0.0
062071,技嘉元大5B購01,TW,0.0,-58.0,0.0,0.0,0,0.0,0.0
062072,仲琦元大59購01,TW,0.0,-41.0,0.0,0.0,0,0.0,0.0
062073,長榮元大59購16,TW,0.0,-248.0,0.0,0.0,0,0.0,0.0
062075,萬海元大59購03,TW,0.0,-235.0,0.0,0.0,0,0.0,0.0
062076,奇鋐元大5C購06,TW,0.0,-84.0,0.0,0.0,0,0.0,0.0
062077,嘉澤元大59購14,TW,0.0,-209.0,0.0,0.0,0,0.0,0.0
062078,嘉澤元大5C購01,TW,0.0,295.0,5.0,0.0,0,0.0,0.0
062079,牧德元大59購15,TW,0.0,-777.0,0.0,0.0,0,0.0,0.0
06207U,立積群益5A售01,TW,0.0,-56.0,0.0,0.0,0,0.0,0.0
062080,牧德元大63購02,TW,0.0,692.0,0.0,0.0,0,0.0,0.0
062081,辛耘元大59購09,TW,0.0,-23.0,0.0,0.0,0,0.0,0.0
062082,正文元大59購02,TW,0.0,-363.0,0.0,0.0,0,0.0,0.0
062083,正文元大59購03,TW,0.0,-403.0,0.0,0.0,0,0.0,0.0
062084,新唐元大59購10,TW,0.0,-78.0,0.0,0.0,0,0.0,0.0
062085,亞翔元大59購04,TW,0.0,-19.0,0.0,0.0,0,0.0,0.0
062086,亞翔元大59購05,TW,0.0,-4.0,0.0,0.0,0,0.0,0.0
062088,亞翔元大62購01,TW,0.0,-44.0,0.0,0.0,0,0.0,0.0
062089,聯茂元大59購19,TW,0.0,-190.0,0.0,0.0,0,0.0,0.0
062091,力成元大59購11,TW,0.0,-38.0,0.0,0.0,0,0.0,0.0
062092,康舒元大59購03,TW,0.0,-559.0,0.0,0.0,0,0.0,0.0
062093,康舒元大59購04,TW,0.0,-297.0,0.0,0.0,0,0.0,0.0
062094,康舒元大63購03,TW,0.0,-1708.0,0.0,0.0,0,0.0,0.0
062095,迅得元大5C購02,TW,0.0,-706.0,0.0,0.0,0,0.0,0.0
062096,至上元大62購01,TW,0.0,-271.0,0.0,0.0,0,0.0,0.0
062097,富鼎元大59購05,TW,0.0,-93.0,0.0,0.0,0,0.0,0.0
062098,FB科技國票59購02,TW,0.0,-1.0,0.0,0.0,0,0.0,0.0
062100,T50反1國票59購04,TW,0.0,2.0,0.0,0.0,0,0.0,0.0
062104,聚陽國票5B購01,TW,0.0,-14.0,0.0,0.0,0,0.0,0.0
062105,士電國票59購03,TW,0.0,-73.0,0.0,0.0,0,0.0,0.0
062106,亞力國票59購01,TW,0.0,-53.0,0.0,0.0,0,0.0,0.0
062108,台達電國票59購04,TW,0.0,19.0,0.0,0.0,0,0.0,0.0
062109,華通國票5B購02,TW,0.0,-220.0,0.0,0.0,0,0.0,0.0
062110,毅嘉國票59購03,TW,0.0,-251.0,0.0,0.0,0,0.0,0.0
062112,禾伸堂國票62購01,TW,0.0,20.0,0.0,0.0,0,0.0,0.0
062113,牧德國票5B購01,TW,0.0,-101.0,0.0,0.0,0,0.0,0.0
062115,正文國票5B購03,TW,0.0,27.0,0.0,0.0,0,0.0,0.0
062116,臻鼎國票59購02,TW,0.0,9.0,0.0,0.0,0,0.0,0.0
062117,中租國票5B購01,TW,0.0,710.0,0.0,0.0,0,0.0,0.0
062118,亞翔國票59購03,TW,0.0,-30.0,0.0,0.0,0,0.0,0.0
062119,精成科國票59購01,TW,0.0,-26.0,0.0,0.0,0,0.0,0.0
062120,保瑞國票59購01,TW,0.0,-47.0,0.0,0.0,0,0.0,0.0
062121,緯穎國票5B購02,TW,0.0,170.0,0.0,0.0,0,0.0,0.0
062122,SP黃豆群益62購03,TW,0.0,23.0,0.0,0.0,0,0.0,0.0
062123,台聚群益59購03,TW,0.0,-13.0,0.0,0.0,0,0.0,0.0
062124,華新群益59購04,TW,0.0,5.0,0.0,0.0,0,0.0,0.0
062125,華通群益59購04,TW,0.0,82.0,0.0,0.0,0,0.0,0.0
062126,華通群益63購07,TW,0.0,-150.0,0.0,0.0,0,0.0,0.0
062127,台積電群益5C購09,TW,0.0,10.0,0.0,0.0,0,0.0,0.0
062128,台積電群益5C購10,TW,0.0,3.0,0.0,0.0,0,0.0,0.0
062130,仲琦群益59購02,TW,0.0,8.0,0.0,0.0,0,0.0,0.0
062131,鉅祥群益5B購01,TW,0.0,-1574.0,0.0,0.0,0,0.0,0.0
062132,亞光群益59購01,TW,0.0,-1437.0,0.0,0.0,0,0.0,0.0
062135,牧德群益5C購01,TW,0.0,148.0,0.0,0.0,0,0.0,0.0
062136,世芯群益59購13,TW,0.0,-2.0,0.0,0.0,0,0.0,0.0
062137,定穎控群益59購10,TW,0.0,-117.0,0.0,0.0,0,0.0,0.0
062138,定穎控群益5B購04,TW,0.0,-70.0,0.0,0.0,0,0.0,0.0
062139,正文群益5B購01,TW,0.0,-28.0,0.0,0.0,0,0.0,0.0
062140,新唐群益5B購01,TW,0.0,31.0,0.0,0.0,0,0.0,0.0
062141,臻鼎群益59購06,TW,0.0,74.0,0.0,0.0,0,0.0,0.0
062142,臻鼎群益59購07,TW,0.0,7.0,0.0,0.0,0,0.0,0.0
062143,亞翔群益59購02,TW,0.0,-848.0,0.0,0.0,0,0.0,0.0
062144,聯茂群益59購06,TW,0.0,-9.0,0.0,0.0,0,0.0,0.0
062145,啟碁群益59購12,TW,0.0,104.0,0.0,0.0,0,0.0,0.0
062146,啟碁群益63購01,TW,0.0,74.0,0.0,0.0,0,0.0,0.0
062147,緯穎群益59購13,TW,0.0,-5.0,0.0,0.0,0,0.0,0.0
062148,鴻海國泰5B購01,TW,0.0,-9.0,0.0,0.0,0,0.0,0.0
062149,仁寶國泰5B購01,TW,0.0,-80.0,0.0,0.0,0,0.0,0.0
062151,奇鋐國泰5B購01,TW,0.0,-1011.0,0.0,0.0,0,0.0,0.0
062154,定穎控國泰5B購01,TW,0.0,-18.0,0.0,0.0,0,0.0,0.0
062155,國精化國泰5B購01,TW,0.0,120.0,0.0,0.0,0,0.0,0.0
062156,乙盛國泰5B購01,TW,0.0,-30.0,0.0,0.0,0,0.0,0.0
062157,力成國泰5B購01,TW,0.0,172.0,0.0,0.0,0,0.0,0.0
062159,SGBR2X中信64購01,TW,0.0,-20.0,0.0,0.0,0,0.0,0.0
062160,台聚中信5A購01,TW,0.0,10.0,0.0,0.0,0,0.0,0.0
062161,牧德中信5A購01,TW,0.0,-49.0,0.0,0.0,0,0.0,0.0
062162,世芯中信64購01,TW,0.0,-49.0,0.0,0.0,0,0.0,0.0
062163,緯穎中信64購01,TW,0.0,-308.0,0.0,0.0,0,0.0,0.0
062165,鴻海永豐5A購05,TW,0.0,-10.0,0.0,0.0,0,0.0,0.0
062166,鴻海永豐5B購05,TW,0.0,-38.0,0.0,0.0,0,0.0,0.0
062167,鴻海永豐5C購04,TW,0.0,-110.0,0.0,0.0,0,0.0,0.0
062168,台積電永豐61購09,TW,0.0,1.0,0.0,0.0,0,0.0,0.0
062169,仲琦永豐62購01,TW,0.0,-460.0,0.0,0.0,0,0.0,0.0
062170,興富發永豐5C購01,TW,0.0,-19.0,0.0,0.0,0,0.0,0.0
062171,富邦金永豐5C購01,TW,0.0,238.0,0.0,0.0,0,0.0,0.0
062172,敦泰永豐5C購01,TW,0.0,-61.0,0.0,0.0,0,0.0,0.0
062175,東台永豐5C購01,TW,0.0,-72.0,0.0,0.0,0,0.0,0.0
062176,鈞興永豐5C購01,TW,0.0,99.0,0.0,0.0,0,0.0,0.0
062177,康普永豐5A購01,TW,0.0,1328.0,0.0,0.0,0,0.0,0.0
062178,雙鍵永豐5C購01,TW,0.0,20.0,0.0,0.0,0,0.0,0.0
062179,事欣科永豐61購01,TW,0.0,160.0,-10.0,0.0,0,0.0,0.0
062180,達興永豐5A購02,TW,0.0,-82.0,0.0,0.0,0,0.0,0.0
062181,乙盛永豐5C購01,TW,0.0,-470.0,0.0,0.0,0,0.0,0.0
062182,崇越永豐5C購01,TW,0.0,-240.0,0.0,0.0,0,0.0,0.0
062183,AES永豐5C購04,TW,0.0,-370.0,0.0,0.0,0,0.0,0.0
062184,來億永豐5C購01,TW,0.0,112.0,0.0,0.0,0,0.0,0.0
062186,勤誠永豐5C購01,TW,0.0,-87.0,0.0,0.0,0,0.0,0.0
062188,勤誠永豐5C購03,TW,0.0,18.0,0.0,0.0,0,0.0,0.0
062189,威盛兆豐64購01,TW,0.0,3.0,0.0,0.0,0,0.0,0.0
06218U,宏達電元富5A售01,TW,0.0,-34.0,0.0,0.0,0,0.0,0.0
062190,緯創富邦5A購02,TW,0.0,-198.0,0.0,0.0,0,0.0,0.0
062191,T50反1凱基62購01,TW,0.0,184.0,0.0,0.0,0,0.0,0.0
062193,聚陽凱基5A購01,TW,0.0,-160.0,0.0,0.0,0,0.0,0.0
062194,士電凱基5A購01,TW,0.0,-70.0,0.0,0.0,0,0.0,0.0
062195,亞力凱基5A購01,TW,0.0,-59.0,0.0,0.0,0,0.0,0.0
062196,中砂凱基61購01,TW,0.0,10.0,0.0,0.0,0,0.0,0.0
062199,台積電凱基65購04,TW,0.0,-321.0,0.0,0.0,0,0.0,0.0
062200,台積電凱基74購01,TW,0.0,-109.0,0.0,0.0,0,0.0,0.0
062201,敬鵬凱基5A購02,TW,0.0,2.0,0.0,0.0,0,0.0,0.0
062202,技嘉凱基64購01,TW,0.0,-49.0,0.0,0.0,0,0.0,0.0
062204,鉅祥凱基5A購01,TW,0.0,-26.0,0.0,0.0,0,0.0,0.0
062205,長榮凱基5A購03,TW,0.0,-13.0,10.0,0.0,0,0.0,0.0
062206,新興凱基5B購04,TW,0.0,0.0,0.0,0.0,0,0.0,0.0
062207,萬海凱基5B購01,TW,0.0,26.0,0.0,0.0,0,0.0,0.0
062208,奇鋐凱基5A購07,TW,0.0,5.0,0.0,0.0,0,0.0,0.0
062210,嘉澤凱基5A購05,TW,0.0,-172.0,0.0,0.0,0,0.0,0.0
062212,國精化凱基5A購01,TW,0.0,0.0,0.0,0.0,0,0.0,0.0
062214,國精化凱基5A購02,TW,0.0,29.0,0.0,0.0,0,0.0,0.0
062215,達興凱基5A購03,TW,0.0,-79.0,0.0,0.0,0,0.0,0.0
062216,乙盛凱基5B購01,TW,0.0,-83.0,0.0,0.0,0,0.0,0.0
062217,亞翔凱基5B購03,TW,0.0,-209.0,0.0,0.0,0,0.0,0.0
062218,精成科凱基5A購01,TW,0.0,-49.0,0.0,0.0,0,0.0,0.0
062219,聯茂凱基5B購01,TW,0.0,4.0,0.0,0.0,0,0.0,0.0
062220,迅得凱基61購01,TW,0.0,-40.0,0.0,0.0,0,0.0,0.0
062221,來億凱基5A購01,TW,0.0,-5.0,0.0,0.0,0,0.0,0.0
062222,富鼎凱基5B購01,TW,0.0,228.0,0.0,0.0,0,0.0,0.0
062224,元石油國票5A購03,TW,0.0,-32.0,0.0,0.0,0,0.0,0.0
062225,元石油國票5A購04,TW,0.0,-73.0,0.0,0.0,0,0.0,0.0
062226,SGBR2X國票5A購03,TW,0.0,205.0,0.0,0.0,0,0.0,0.0
062227,亞聚國票5B購01,TW,0.0,150.0,0.0,0.0,0,0.0,0.0
062228,長興國票5A購02,TW,0.0,51.0,0.0,0.0,0,0.0,0.0
062230,敬鵬國票5B購01,TW,0.0,67.0,0.0,0.0,0,0.0,0.0
062231,神基國票5B購01,TW,0.0,-619.0,0.0,0.0,0,0.0,0.0
062232,益登國票5A購02,TW,0.0,-10.0,0.0,0.0,0,0.0,0.0
062233,建漢國票5B購01,TW,0.0,-175.0,0.0,0.0,0,0.0,0.0
062234,敦泰國票5B購01,TW,0.0,-389.0,0.0,0.0,0,0.0,0.0
062235,貿聯國票61購02,TW,0.0,-754.0,0.0,0.0,0,0.0,0.0
062236,乙盛國票5B購01,TW,0.0,109.0,0.0,0.0,0,0.0,0.0
062237,鈺邦國票5A購01,TW,0.0,426.0,0.0,0.0,0,0.0,0.0
062238,保瑞國票5A購01,TW,0.0,92.0,0.0,0.0,0,0.0,0.0
062239,美利達國票5A購01,TW,0.0,-64.0,0.0,0.0,0,0.0,0.0
062240,世紀鋼國票5A購01,TW,0.0,-76.0,0.0,0.0,0,0.0,0.0
062241,T50反1群益5A購02,TW,0.0,3.0,0.0,0.0,0,0.0,0.0
062242,T50反1群益5B購01,TW,0.0,280.0,0.0,0.0,0,0.0,0.0
062244,SP黃豆群益5C購02,TW,0.0,131.0,0.0,0.0,0,0.0,0.0
062245,SGBR2X群益64購01,TW,0.0,42.0,0.0,0.0,0,0.0,0.0
062247,國喬群益5A購01,TW,0.0,82.0,0.0,0.0,0,0.0,0.0
062249,大成鋼群益61購01,TW,0.0,-10.0,0.0,0.0,0,0.0,0.0
062252,鴻海群益62購03,TW,0.0,900.0,0.0,0.0,0,0.0,0.0
062253,台積電群益5A購07,TW,0.0,-3.0,0.0,0.0,0,0.0,0.0
062254,台積電群益5A購08,TW,0.0,4791.0,0.0,0.0,0,0.0,0.0
062255,智邦群益5A購04,TW,0.0,100.0,0.0,0.0,0,0.0,0.0
062256,仲琦群益5A購01,TW,0.0,-71.0,0.0,0.0,0,0.0,0.0
062260,皇昌群益5A購01,TW,0.0,153.0,0.0,0.0,0,0.0,0.0
062261,晟銘電群益5A購01,TW,0.0,51.0,0.0,0.0,0,0.0,0.0
062262,晟銘電群益5A購02,TW,0.0,-1068.0,0.0,0.0,0,0.0,0.0
062263,亞光群益5A購02,TW,0.0,-125.0,0.0,0.0,0,0.0,0.0
062264,聯詠群益5A購02,TW,0.0,-4.0,0.0,0.0,0,0.0,0.0
062266,建漢群益5A購02,TW,0.0,-11.0,0.0,0.0,0,0.0,0.0
062267,敦泰群益5C購01,TW,0.0,-320.0,10.0,0.0,0,0.0,0.0
062268,牧德群益62購01,TW,0.0,-22.0,0.0,0.0,0,0.0,0.0
062269,世芯群益5A購01,TW,0.0,-4.0,0.0,0.0,0,0.0,0.0
062270,東台群益5C購01,TW,0.0,158.0,0.0,0.0,0,0.0,0.0
062271,國精化群益5A購01,TW,0.0,2.0,0.0,0.0,0,0.0,0.0
062273,國精化群益5C購01,TW,0.0,305.0,0.0,0.0,0,0.0,0.0
062274,新唐群益5A購01,TW,0.0,1.0,0.0,0.0,0,0.0,0.0
062275,乙盛群益5C購01,TW,0.0,-945.0,0.0,0.0,0,0.0,0.0
062276,崇越群益5C購01,TW,0.0,-38.0,0.0,0.0,0,0.0,0.0
062277,亞翔群益5A購01,TW,0.0,17.0,0.0,0.0,0,0.0,0.0
062280,緯穎群益5A購02,TW,0.0,94.0,0.0,0.0,0,0.0,0.0
062282,采鈺群益5B購01,TW,0.0,1.0,0.0,0.0,0,0.0,0.0
062283,來億群益5C購01,TW,0.0,21.0,0.0,0.0,0,0.0,0.0
062284,瀚荃群益5A購01,TW,0.0,20.0,0.0,0.0,0,0.0,0.0
062285,亞聚元大5A購01,TW,0.0,50.0,0.0,0.0,0,0.0,0.0
062286,華通元大5B購06,TW,0.0,279.0,0.0,0.0,0,0.0,0.0
062287,華通元大62購04,TW,0.0,328.0,0.0,0.0,0,0.0,0.0
06228U,美時國票56售02,TW,0.0,1396.0,0.0,0.0,0,0.0,0.0
062291,台積電元大5A購13,TW,0.0,0.0,0.0,0.0,0,0.0,0.0
062292,台積電元大61購22,TW,0.0,35.0,0.0,0.0,0,0.0,0.0
062294,敬鵬元大5A購01,TW,0.0,-321.0,0.0,0.0,0,0.0,0.0
062295,漢唐元大62購01,TW,0.0,88.0,0.0,0.0,0,0.0,0.0
062296,奇鋐元大61購12,TW,0.0,-516.0,0.0,0.0,0,0.0,0.0
062298,建漢元大5A購01,TW,0.0,-128.0,0.0,0.0,0,0.0,0.0
062299,建漢元大5A購02,TW,0.0,-96.0,0.0,0.0,0,0.0,0.0
062300,敦泰元大5A購01,TW,0.0,-158.0,0.0,0.0,0,0.0,0.0
062301,牧德元大5A購02,TW,0.0,-348.0,0.0,0.0,0,0.0,0.0
062304,貿聯元大5A購03,TW,0.0,-906.0,0.0,0.0,0,0.0,0.0
062305,定穎控元大5A購02,TW,0.0,-50.0,0.0,0.0,0,0.0,0.0
062306,定穎控元大5A購03,TW,0.0,-486.0,0.0,0.0,0,0.0,0.0
062307,定穎控元大5A購04,TW,0.0,-189.0,0.0,0.0,0,0.0,0.0
062308,定穎控元大5A購05,TW,0.0,268.0,0.0,0.0,0,0.0,0.0
062309,定穎控元大5A購06,TW,0.0,-207.0,0.0,0.0,0,0.0,0.0
062312,定穎控元大5A購07,TW,0.0,126.0,0.0,0.0,0,0.0,0.0
062313,東台元大5A購01,TW,0.0,-541.0,0.0,0.0,0,0.0,0.0
062314,大銀元大5A購01,TW,0.0,200.0,0.0,0.0,0,0.0,0.0
062315,國精化元大5A購01,TW,0.0,-11.0,0.0,0.0,0,0.0,0.0
062316,國精化元大61購01,TW,0.0,-212.0,0.0,0.0,0,0.0,0.0
062317,事欣科元大5A購01,TW,0.0,442.0,0.0,0.0,0,0.0,0.0
062318,亞翔元大62購02,TW,0.0,22.0,0.0,0.0,0,0.0,0.0
062319,和椿元大5A購01,TW,0.0,-75.0,0.0,0.0,0,0.0,0.0
062320,矽格元大5A購04,TW,0.0,159.0,0.0,0.0,0,0.0,0.0
062321,矽格元大5A購05,TW,0.0,-20.0,0.0,0.0,0,0.0,0.0
062324,惠特元大5A購02,TW,0.0,-47.0,0.0,0.0,0,0.0,0.0
062325,惠特元大5B購01,TW,0.0,0.0,0.0,0.0,0,0.0,0.0
062326,惠特元大5C購02,TW,0.0,18.0,0.0,0.0,0,0.0,0.0
062327,三集瑞元大5A購01,TW,0.0,-21.0,0.0,0.0,0,0.0,0.0
062329,昇陽半元大5A購01,TW,0.0,19.0,0.0,0.0,0,0.0,0.0
06232U,華新統一58售05,TW,0.0,50.0,0.0,0.0,0,0.0,0.0
062330,至上元大62購02,TW,0.0,-384.0,0.0,0.0,0,0.0,0.0
062331,臺股指元大5A購25,TW,0.0,-2.0,0.0,0.0,0,0.0,0.0
062337,台聚統一64購02,TW,0.0,0.0,0.0,0.0,0,0.0,0.0
062338,鴻海統一64購01,TW,0.0,190.0,0.0,0.0,0,0.0,0.0
062339,鴻海統一74購01,TW,0.0,234.0,15.0,0.0,0,0.0,0.0
06233U,美時統一58售02,TW,0.0,55.0,0.0,0.0,0,0.0,0.0
062340,漢唐統一64購02,TW,0.0,-975.0,0.0,0.0,0,0.0,0.0
062341,世芯統一64購01,TW,0.0,-17.0,0.0,0.0,0,0.0,0.0
062342,南寶統一64購01,TW,0.0,-338.0,0.0,0.0,0,0.0,0.0
062343,新唐統一64購01,TW,0.0,386.0,0.0,0.0,0,0.0,0.0
062344,今國光統一64購01,TW,0.0,29.0,0.0,0.0,0,0.0,0.0
062345,今國光統一67購01,TW,0.0,5.0,0.0,0.0,0,0.0,0.0
062346,劍麟永豐5C購01,TW,0.0,-7.0,0.0,0.0,0,0.0,0.0
062347,光寶科永豐61購01,TW,0.0,-14.0,0.0,0.0,0,0.0,0.0
062348,台積電永豐61購10,TW,0.0,29.0,0.0,0.0,0,0.0,0.0
062349,台積電永豐61購11,TW,0.0,133.0,0.0,0.0,0,0.0,0.0
062350,台積電永豐64購02,TW,0.0,-4.0,0.0,0.0,0,0.0,0.0
062351,凱美永豐5C購01,TW,0.0,47.0,0.0,0.0,0,0.0,0.0
062352,正崴永豐5C購01,TW,0.0,-129.0,0.0,0.0,0,0.0,0.0
062353,友達永豐61購01,TW,0.0,-596.0,0.0,0.0,0,0.0,0.0
062354,偉詮電永豐5C購02,TW,0.0,-73.0,0.0,0.0,0,0.0,0.0
062355,偉詮電永豐61購01,TW,0.0,-147.0,-8.0,0.0,0,0.0,0.0
062356,京元電永豐5B購03,TW,0.0,-170.0,0.0,0.0,0,0.0,0.0
062357,大毅永豐5C購01,TW,0.0,85.0,0.0,0.0,0,0.0,0.0
062358,普安永豐5C購01,TW,0.0,-167.0,0.0,0.0,0,0.0,0.0
06235U,鴻海統一58售06,TW,0.0,20.0,0.0,0.0,0,0.0,0.0
062360,台航永豐5C購01,TW,0.0,-2.0,0.0,0.0,0,0.0,0.0
062361,建漢永豐63購01,TW,0.0,-71.0,0.0,0.0,0,0.0,0.0
062362,緯創永豐5A購01,TW,0.0,-403.0,0.0,0.0,0,0.0,0.0
062364,碩天永豐61購01,TW,0.0,-80.0,0.0,0.0,0,0.0,0.0
062365,達邁永豐61購01,TW,0.0,103.0,0.0,0.0,0,0.0,0.0
062367,世芯永豐5C購05,TW,0.0,-160.0,0.0,0.0,0,0.0,0.0
062368,海華永豐5C購01,TW,0.0,-2.0,0.0,0.0,0,0.0,0.0
062369,台耀永豐5A購01,TW,0.0,-77.0,0.0,0.0,0,0.0,0.0
06236U,仁寶統一58售01,TW,0.0,-133.0,0.0,0.0,0,0.0,0.0
062371,正文永豐64購01,TW,0.0,-36.0,0.0,0.0,0,0.0,0.0
062372,立積永豐5C購01,TW,0.0,-28.0,0.0,0.0,0,0.0,0.0
062373,邁達特永豐5C購01,TW,0.0,211.0,0.0,0.0,0,0.0,0.0
062374,精誠永豐61購01,TW,0.0,-252.0,0.0,0.0,0,0.0,0.0
062375,和椿永豐5C購01,TW,0.0,-119.0,0.0,0.0,0,0.0,0.0
062376,力成永豐5A購01,TW,0.0,-90.0,0.0,0.0,0,0.0,0.0
062377,惠特永豐5C購01,TW,0.0,45.0,0.0,0.0,0,0.0,0.0
062378,T50正2國票5A購01,TW,0.0,58.0,0.0,0.0,0,0.0,0.0
062379,T50正2國票5A購02,TW,0.0,1.0,0.0,0.0,0,0.0,0.0
062381,興富發國票61購01,TW,0.0,1.0,0.0,0.0,0,0.0,0.0
062383,富華新國票61購01,TW,0.0,11.0,0.0,0.0,0,0.0,0.0
062385,碩天國票61購01,TW,0.0,13.0,0.0,0.0,0,0.0,0.0
062388,事欣科國票5A購01,TW,0.0,535.0,0.0,0.0,0,0.0,0.0
062389,東科國票5A購01,TW,0.0,-100.0,0.0,0.0,0,0.0,0.0
06238U,台積電統一61售03,TW,0.0,300.0,0.0,0.0,0,0.0,0.0
062390,崇越國票5A購01,TW,0.0,-20.0,0.0,0.0,0,0.0,0.0
062391,樺漢國票5B購01,TW,0.0,-9.0,0.0,0.0,0,0.0,0.0
062392,來億國票5A購01,TW,0.0,-34.0,0.0,0.0,0,0.0,0.0
062393,達方國票61購01,TW,0.0,2285.0,0.0,0.0,0,0.0,0.0
062394,華通國泰5B購01,TW,0.0,107.0,0.0,0.0,0,0.0,0.0
062395,敬鵬國泰5B購01,TW,0.0,-39.0,0.0,0.0,0,0.0,0.0
062396,華碩國泰5B購01,TW,0.0,28.0,0.0,0.0,0,0.0,0.0
062397,建準國泰5C購01,TW,0.0,-145.0,0.0,0.0,0,0.0,0.0
062401,長興凱基5C購01,TW,0.0,29.0,0.0,0.0,0,0.0,0.0
062402,華通凱基5B購03,TW,0.0,37.0,0.0,0.0,0,0.0,0.0
062403,鴻海凱基5A購05,TW,0.0,-1.0,0.0,0.0,0,0.0,0.0
062404,台積電凱基63購06,TW,0.0,-51.0,0.0,0.0,0,0.0,0.0
062405,台積電凱基67購10,TW,0.0,152.0,0.0,0.0,0,0.0,0.0
062410,興富發凱基5B購01,TW,0.0,-1836.0,0.0,0.0,0,0.0,0.0
062411,皇昌凱基5A購01,TW,0.0,-66.0,0.0,0.0,0,0.0,0.0
062412,晟銘電凱基5A購01,TW,0.0,-415.0,0.0,0.0,0,0.0,0.0
062413,敦泰凱基5A購02,TW,0.0,77.0,0.0,0.0,0,0.0,0.0
062414,牧德凱基5C購01,TW,0.0,-1378.0,0.0,0.0,0,0.0,0.0
062415,碩天凱基5A購01,TW,0.0,-347.0,0.0,0.0,0,0.0,0.0
062418,大銀凱基5A購01,TW,0.0,209.0,0.0,0.0,0,0.0,0.0
062419,材料凱基5A購04,TW,0.0,-1.0,0.0,0.0,0,0.0,0.0
062420,南寶凱基5A購01,TW,0.0,-68.0,-40.0,0.0,0,0.0,0.0
062421,正文凱基5A購01,TW,0.0,-84.0,0.0,0.0,0,0.0,0.0
062422,正文凱基5B購02,TW,0.0,-79.0,0.0,0.0,0,0.0,0.0
062424,矽格凱基5A購01,TW,0.0,132.0,0.0,0.0,0,0.0,0.0
062425,保瑞凱基5C購01,TW,0.0,-428.0,0.0,0.0,0,0.0,0.0
062427,惠特凱基5C購02,TW,0.0,31.0,0.0,0.0,0,0.0,0.0
062428,昇陽半凱基5B購02,TW,0.0,51.0,0.0,0.0,0,0.0,0.0
062429,至上凱基5A購04,TW,0.0,1473.0,0.0,0.0,0,0.0,0.0
062430,美利達凱基5A購01,TW,0.0,583.0,0.0,0.0,0,0.0,0.0
062435,T50正2富邦61購07,TW,0.0,2.0,0.0,0.0,0,0.0,0.0
062436,T50正2富邦64購01,TW,0.0,4.0,0.0,0.0,0,0.0,0.0
062438,光寶科富邦74購01,TW,0.0,40.0,0.0,0.0,0,0.0,0.0
062439,台達電富邦64購01,TW,0.0,-6.0,0.0,0.0,0,0.0,0.0
062440,台達電富邦74購01,TW,0.0,-379.0,0.0,0.0,0,0.0,0.0
062442,鴻海富邦74購01,TW,0.0,-66.0,0.0,0.0,0,0.0,0.0
062447,亞翔富邦5A購03,TW,0.0,-50.0,0.0,0.0,0,0.0,0.0
062449,T50正2元大5A購04,TW,0.0,-6.0,0.0,0.0,0,0.0,0.0
062451,鴻海群益5C購01,TW,0.0,2.0,0.0,0.0,0,0.0,0.0
062458,臺指2X元大64購01,TW,0.0,-33.0,0.0,0.0,0,0.0,0.0
062460,FBNQ2X元大5B購02,TW,0.0,1.0,0.0,0.0,0,0.0,0.0
062463,美費半元大61購01,TW,0.0,4.0,0.0,0.0,0,0.0,0.0
062464,台化元大61購04,TW,0.0,-159.0,0.0,0.0,0,0.0,0.0
062465,台化元大64購01,TW,0.0,-317.0,0.0,0.0,0,0.0,0.0
062466,大成鋼元大5A購01,TW,0.0,-133.0,0.0,0.0,0,0.0,0.0
062467,楠梓電元大5A購02,TW,0.0,-367.0,0.0,0.0,0,0.0,0.0
062471,台積電元大5A購15,TW,0.0,-191.0,0.0,0.0,0,0.0,0.0
062472,台積電元大64購04,TW,0.0,-742.0,0.0,0.0,0,0.0,0.0
062473,敬鵬元大5A購02,TW,0.0,-604.0,0.0,0.0,0,0.0,0.0
062474,凱美元大5A購01,TW,0.0,343.0,0.0,0.0,0,0.0,0.0
062475,正崴元大5A購01,TW,0.0,-30.0,0.0,0.0,0,0.0,0.0
062476,漢唐元大61購03,TW,0.0,41.0,0.0,0.0,0,0.0,0.0
062477,漢唐元大64購01,TW,0.0,471.0,0.0,0.0,0,0.0,0.0
062478,友達元大5A購06,TW,0.0,87.0,0.0,0.0,0,0.0,0.0
06247U,宏達電凱基58售01,TW,0.0,18.0,0.0,0.0,0,0.0,0.0
062481,大毅元大5A購01,TW,0.0,257.0,0.0,0.0,0,0.0,0.0
062482,普安元大5A購01,TW,0.0,5.0,0.0,0.0,0,0.0,0.0
062483,普安元大5A購02,TW,0.0,-61.0,0.0,0.0,0,0.0,0.0
062491,神達統一5C購01,TW,0.0,-291.0,0.0,0.0,0,0.0,0.0
062493,晶技元大5A購01,TW,0.0,1.0,0.0,0.0,0,0.0,0.0
062494,益登元大5A購01,TW,0.0,50.0,-4.0,0.0,0,0.0,0.0
062495,建漢元大5A購03,TW,0.0,190.0,0.0,0.0,0,0.0,0.0
062496,建漢元大5A購04,TW,0.0,-268.0,0.0,0.0,0,0.0,0.0
062497,建漢元大5A購05,TW,0.0,46.0,0.0,0.0,0,0.0,0.0
062498,融程電元大5A購01,TW,0.0,-18.0,0.0,0.0,0,0.0,0.0
062499,嘉澤元大5A購05,TW,0.0,161.0,0.0,0.0,0,0.0,0.0
062500,牧德元大5A購03,TW,0.0,-7.0,0.0,0.0,0,0.0,0.0
062502,南寶元大5A購01,TW,0.0,-137.0,0.0,0.0,0,0.0,0.0
062503,南寶元大5A購02,TW,0.0,-48.0,0.0,0.0,0,0.0,0.0
062504,事欣科元大5A購02,TW,0.0,93.0,0.0,0.0,0,0.0,0.0
062506,立積元大5A購01,TW,0.0,0.0,0.0,0.0,0,0.0,0.0
062507,達運元大5A購01,TW,0.0,-301.0,0.0,0.0,0,0.0,0.0
062508,亞翔元大64購01,TW,0.0,6.0,0.0,0.0,0,0.0,0.0
062509,今國光元大5A購01,TW,0.0,160.0,0.0,0.0,0,0.0,0.0
062513,惠特元大5B購02,TW,0.0,-90.0,0.0,0.0,0,0.0,0.0
062514,AES元大5A購01,TW,0.0,-280.0,0.0,0.0,0,0.0,0.0
062515,AES元大5A購02,TW,0.0,192.0,0.0,0.0,0,0.0,0.0
062516,AES元大64購01,TW,0.0,-240.0,0.0,0.0,0,0.0,0.0
062518,昇陽半元大64購01,TW,0.0,5.0,0.0,0.0,0,0.0,0.0
062519,瀚荃元大5A購01,TW,0.0,-40.0,0.0,0.0,0,0.0,0.0
062520,瀚荃元大5A購02,TW,0.0,-98.0,0.0,0.0,0,0.0,0.0
062521,勤誠元大61購01,TW,0.0,-32.0,0.0,0.0,0,0.0,0.0
062524,T50正2群益5A購02,TW,0.0,-13.0,0.0,0.0,0,0.0,0.0
062525,T50反1群益5A購03,TW,0.0,2.0,0.0,0.0,0,0.0,0.0
062526,元黃金群益5A購02,TW,0.0,-1497.0,0.0,0.0,0,0.0,0.0
062527,滬深2X群益5A購01,TW,0.0,0.0,0.0,0.0,0,0.0,0.0
062528,元金2X群益5A購02,TW,0.0,-10.0,0.0,0.0,0,0.0,0.0
062529,道瓊銀群益5C購02,TW,0.0,-16.0,0.0,0.0,0,0.0,0.0
062530,卜蜂群益5A購01,TW,0.0,-486.0,0.0,0.0,0,0.0,0.0
062531,卜蜂群益5B購01,TW,0.0,-13.0,0.0,0.0,0,0.0,0.0
062532,南亞群益5A購02,TW,0.0,318.0,0.0,0.0,0,0.0,0.0
062536,亞聚群益64購01,TW,0.0,-5.0,0.0,0.0,0,0.0,0.0
062537,亞力群益5A購01,TW,0.0,-98.0,0.0,0.0,0,0.0,0.0
062538,中砂群益5A購03,TW,0.0,-10.0,0.0,0.0,0,0.0,0.0
062539,合機群益5A購01,TW,0.0,-140.0,0.0,0.0,0,0.0,0.0
062541,華通群益5A購03,TW,0.0,3368.0,0.0,0.0,0,0.0,0.0
062542,國巨群益5A購02,TW,0.0,-9.0,0.0,0.0,0,0.0,0.0
062543,華泰群益5A購01,TW,0.0,-60.0,0.0,0.0,0,0.0,0.0
062544,華泰群益5B購01,TW,0.0,-2006.0,0.0,0.0,0,0.0,0.0
062545,台積電群益61購05,TW,0.0,-4.0,0.0,0.0,0,0.0,0.0
062547,智邦群益5A購05,TW,0.0,1.0,0.0,0.0,0,0.0,0.0
062548,敬鵬群益5A購02,TW,0.0,-25.0,0.0,0.0,0,0.0,0.0
062549,昆盈群益5A購01,TW,0.0,38.0,0.0,0.0,0,0.0,0.0
062550,菱生群益5A購02,TW,0.0,10.0,0.0,0.0,0,0.0,0.0
062551,技嘉群益5A購01,TW,0.0,10.0,0.0,0.0,0,0.0,0.0
062555,冠德群益5B購01,TW,0.0,20.0,0.0,0.0,0,0.0,0.0
062556,長榮群益5A購02,TW,0.0,-121.0,0.0,0.0,0,0.0,0.0
062557,神基群益5C購01,TW,0.0,-3157.0,0.0,0.0,0,0.0,0.0
062558,全漢群益5A購01,TW,0.0,0.0,0.0,0.0,0,0.0,0.0
062559,奇鋐群益5A購07,TW,0.0,-10.0,0.0,0.0,0,0.0,0.0
062561,聯詠群益5A購03,TW,0.0,5.0,0.0,0.0,0,0.0,0.0
062562,晶技群益5B購01,TW,0.0,53.0,0.0,0.0,0,0.0,0.0
062563,緯創群益5A購04,TW,0.0,9.0,0.0,0.0,0,0.0,0.0
062564,昇貿群益5A購01,TW,0.0,-13.0,0.0,0.0,0,0.0,0.0
062567,洋華群益5A購01,TW,0.0,-10.0,0.0,0.0,0,0.0,0.0
062569,海華群益5A購01,TW,0.0,-96.0,0.0,0.0,0,0.0,0.0
062570,海華群益5A購02,TW,0.0,-112.0,0.0,0.0,0,0.0,0.0
062571,康普群益5A購04,TW,0.0,-10.0,0.0,0.0,0,0.0,0.0
062572,正文群益5A購01,TW,0.0,53.0,0.0,0.0,0,0.0,0.0
062573,事欣科群益5A購01,TW,0.0,274.0,0.0,0.0,0,0.0,0.0
062574,達興群益5A購02,TW,0.0,0.0,0.0,0.0,0,0.0,0.0
062575,建國群益5A購01,TW,0.0,301.0,0.0,0.0,0,0.0,0.0
062576,迎廣群益5A購01,TW,0.0,-37.0,0.0,0.0,0,0.0,0.0
062577,達運群益5A購01,TW,0.0,-34.0,0.0,0.0,0,0.0,0.0
062578,亞翔群益5A購02,TW,0.0,-13.0,0.0,0.0,0,0.0,0.0
062579,精成科群益5A購01,TW,0.0,-198.0,0.0,0.0,0,0.0,0.0
06257U,T50正2永豐5A售02,TW,0.0,2147.0,0.0,0.0,0,0.0,0.0
062580,精誠群益5A購02,TW,0.0,-240.0,0.0,0.0,0,0.0,0.0
062581,和椿群益5A購02,TW,0.0,232.0,0.0,0.0,0,0.0,0.0
062582,矽格群益5A購02,TW,0.0,-52.0,0.0,0.0,0,0.0,0.0
062584,樺漢群益5B購01,TW,0.0,34.0,0.0,0.0,0,0.0,0.0
062585,緯穎群益5A購03,TW,0.0,20.0,0.0,0.0,0,0.0,0.0
062587,達方群益5A購01,TW,0.0,-19.0,0.0,0.0,0,0.0,0.0
062588,勤誠群益5A購02,TW,0.0,200.0,0.0,0.0,0,0.0,0.0
062590,聯成國票5B購01,TW,0.0,288.0,0.0,0.0,0,0.0,0.0
062591,信錦國票5B購01,TW,0.0,40.0,0.0,0.0,0,0.0,0.0
062592,直得國票5B購01,TW,0.0,68.0,0.0,0.0,0,0.0,0.0
062594,和桐國票5B購01,TW,0.0,107.0,0.0,0.0,0,0.0,0.0
062595,允強國票5B購01,TW,0.0,-30.0,0.0,0.0,0,0.0,0.0
062596,華通國票61購03,TW,0.0,321.0,0.0,0.0,0,0.0,0.0
062597,裕民國票5B購01,TW,0.0,-238.0,0.0,0.0,0,0.0,0.0
062598,中信金國票5B購01,TW,0.0,7.0,0.0,0.0,0,0.0,0.0
062599,晶技國票5B購01,TW,0.0,-2482.0,6.0,0.0,0,0.0,0.0
062600,正文國票5B購04,TW,0.0,-10.0,0.0,0.0,0,0.0,0.0
062601,乙盛國票5B購02,TW,0.0,-52.0,0.0,0.0,0,0.0,0.0
062602,聯茂國票5B購01,TW,0.0,-5.0,0.0,0.0,0,0.0,0.0
062603,矽格國票5B購02,TW,0.0,104.0,0.0,0.0,0,0.0,0.0
062604,群電國票5B購01,TW,0.0,-426.0,0.0,0.0,0,0.0,0.0
062605,康霈國票5A購01,TW,0.0,0.0,0.0,0.0,0,0.0,0.0
062606,松川國票5B購01,TW,0.0,-344.0,0.0,0.0,0,0.0,0.0
062607,明基材國票5B購01,TW,0.0,827.0,0.0,0.0,0,0.0,0.0
062610,矽格國泰5C購01,TW,0.0,7.0,0.0,0.0,0,0.0,0.0
062612,T50正2中信64購01,TW,0.0,-24.0,0.0,0.0,0,0.0,0.0
062613,T50正2永豐5A購03,TW,0.0,-102.0,0.0,0.0,0,0.0,0.0
062614,華夏永豐5B購01,TW,0.0,-320.0,0.0,0.0,0,0.0,0.0
062615,儒鴻永豐5B購01,TW,0.0,35.0,0.0,0.0,0,0.0,0.0
062616,信錦永豐5B購01,TW,0.0,-408.0,0.0,0.0,0,0.0,0.0
062617,東聯永豐5B購01,TW,0.0,-14.0,0.0,0.0,0,0.0,0.0
062618,勝一永豐5C購01,TW,0.0,-104.0,0.0,0.0,0,0.0,0.0
062619,美時永豐5B購03,TW,0.0,-268.0,0.0,0.0,0,0.0,0.0
062620,東鋼永豐5B購01,TW,0.0,-3.0,0.0,0.0,0,0.0,0.0
062621,允強永豐5B購01,TW,0.0,13.0,0.0,0.0,0,0.0,0.0
062622,台橡永豐5B購01,TW,0.0,-52.0,0.0,0.0,0,0.0,0.0
062623,台達電永豐5A購02,TW,0.0,3.0,0.0,0.0,0,0.0,0.0
062624,微星永豐5A購01,TW,0.0,33.0,0.0,0.0,0,0.0,0.0
062625,瑞昱永豐5A購01,TW,0.0,-35.0,0.0,0.0,0,0.0,0.0
062626,億光永豐5C購01,TW,0.0,-49.0,0.0,0.0,0,0.0,0.0
062627,研華永豐5B購01,TW,0.0,-1.0,0.0,0.0,0,0.0,0.0
062628,興勤永豐5A購01,TW,0.0,104.0,0.0,0.0,0,0.0,0.0
062629,宏達電永豐5A購02,TW,0.0,61.0,0.0,0.0,0,0.0,0.0
062630,奇鋐永豐64購01,TW,0.0,-39.0,0.0,0.0,0,0.0,0.0
062631,華擎永豐5A購01,TW,0.0,5.0,0.0,0.0,0,0.0,0.0
062633,三福化永豐5B購01,TW,0.0,-189.0,0.0,0.0,0,0.0,0.0
062634,新唐永豐61購01,TW,0.0,52.0,0.0,0.0,0,0.0,0.0
062635,乙盛永豐5B購01,TW,0.0,190.0,0.0,0.0,0,0.0,0.0
062636,盛群永豐5B購01,TW,0.0,-339.0,0.0,0.0,0,0.0,0.0
062638,達發永豐5B購01,TW,0.0,-778.0,2.0,0.0,0,0.0,0.0
062639,康霈永豐5A購01,TW,0.0,-149.0,0.0,0.0,0,0.0,0.0
062640,新代永豐5A購01,TW,0.0,4.0,0.0,0.0,0,0.0,0.0
062642,億豐永豐5B購01,TW,0.0,-7.0,0.0,0.0,0,0.0,0.0
062643,信錦統一64購01,TW,0.0,293.0,6.0,0.0,0,0.0,0.0
062644,信錦統一64購02,TW,0.0,-85.0,0.0,0.0,0,0.0,0.0
062645,信錦統一64購03,TW,0.0,-420.0,0.0,0.0,0,0.0,0.0
062646,信錦統一74購01,TW,0.0,-353.0,0.0,0.0,0,0.0,0.0
062647,台達電統一64購01,TW,0.0,-25.0,0.0,0.0,0,0.0,0.0
062648,台達電統一64購02,TW,0.0,-543.0,0.0,0.0,0,0.0,0.0
062649,台達電統一67購01,TW,0.0,-609.0,0.0,0.0,0,0.0,0.0
062650,台達電統一74購01,TW,0.0,-278.0,0.0,0.0,0,0.0,0.0
062651,台達電統一74購02,TW,0.0,-1228.0,0.0,0.0,0,0.0,0.0
062652,華通統一63購03,TW,0.0,847.0,0.0,0.0,0,0.0,0.0
062653,華通統一64購04,TW,0.0,-989.0,0.0,0.0,0,0.0,0.0
062654,台積電統一68購04,TW,0.0,2.0,0.0,0.0,0,0.0,0.0
062655,敬鵬統一63購01,TW,0.0,-606.0,0.0,0.0,0,0.0,0.0
062656,敬鵬統一64購01,TW,0.0,2.0,0.0,0.0,0,0.0,0.0
062657,敬鵬統一74購01,TW,0.0,-171.0,0.0,0.0,0,0.0,0.0
062658,研華統一64購01,TW,0.0,57.0,0.0,0.0,0,0.0,0.0
062659,漢唐統一68購01,TW,0.0,760.0,0.0,0.0,0,0.0,0.0
062660,仲琦統一64購01,TW,0.0,-2.0,0.0,0.0,0,0.0,0.0
062662,仲琦統一74購01,TW,0.0,-327.0,0.0,0.0,0,0.0,0.0
062663,偉詮電統一63購01,TW,0.0,-560.0,0.0,0.0,0,0.0,0.0
062664,晟銘電統一74購01,TW,0.0,31.0,0.0,0.0,0,0.0,0.0
062665,奇鋐統一68購02,TW,0.0,-763.0,0.0,0.0,0,0.0,0.0
062666,奇鋐統一74購01,TW,0.0,-397.0,0.0,0.0,0,0.0,0.0
062667,禾伸堂統一63購01,TW,0.0,5.0,0.0,0.0,0,0.0,0.0
062668,禾伸堂統一64購01,TW,0.0,40.0,0.0,0.0,0,0.0,0.0
062669,嘉澤統一64購03,TW,0.0,-242.0,0.0,0.0,0,0.0,0.0
062670,嘉澤統一74購01,TW,0.0,-155.0,0.0,0.0,0,0.0,0.0
062671,世芯統一62購02,TW,0.0,2.0,0.0,0.0,0,0.0,0.0
062672,貿聯統一63購02,TW,0.0,-1892.0,0.0,0.0,0,0.0,0.0
062673,大銀統一67購01,TW,0.0,140.0,0.0,0.0,0,0.0,0.0
062674,國精化統一64購01,TW,0.0,46.0,0.0,0.0,0,0.0,0.0
062675,國精化統一74購01,TW,0.0,866.0,0.0,0.0,0,0.0,0.0
062677,雙鍵統一74購01,TW,0.0,25.0,0.0,0.0,0,0.0,0.0
062678,新唐統一74購01,TW,0.0,277.0,0.0,0.0,0,0.0,0.0
062679,亞翔統一67購01,TW,0.0,-559.0,0.0,0.0,0,0.0,0.0
062680,聯茂統一67購01,TW,0.0,24.0,0.0,0.0,0,0.0,0.0
062681,聯茂統一74購01,TW,0.0,-138.0,0.0,0.0,0,0.0,0.0
062682,矽格統一63購02,TW,0.0,7.0,0.0,0.0,0,0.0,0.0
062683,矽格統一64購01,TW,0.0,408.0,0.0,0.0,0,0.0,0.0
062686,康霈統一64購02,TW,0.0,-309.0,0.0,0.0,0,0.0,0.0
062688,康霈統一66購01,TW,0.0,-849.0,0.0,0.0,0,0.0,0.0
062689,康霈統一74購01,TW,0.0,-517.0,0.0,0.0,0,0.0,0.0
062691,新代統一74購01,TW,0.0,23.0,0.0,0.0,0,0.0,0.0
062694,美時富邦5C購01,TW,0.0,-862.0,0.0,0.0,0,0.0,0.0
062696,華通富邦5A購02,TW,0.0,-1233.0,100.0,0.0,0,0.0,0.0
062698,敬鵬富邦5C購01,TW,0.0,-75.0,0.0,0.0,0,0.0,0.0
062699,敬鵬富邦61購01,TW,0.0,-146.0,0.0,0.0,0,0.0,0.0
06269U,臺股指元大57售03,TW,0.0,-10.0,0.0,0.0,0,0.0,0.0
062701,漢唐富邦5C購02,TW,0.0,-49.0,0.0,0.0,0,0.0,0.0
062702,京元電富邦5C購02,TW,0.0,-221.0,0.0,0.0,0,0.0,0.0
062703,長榮富邦5C購02,TW,0.0,-65.0,0.0,0.0,0,0.0,0.0
062704,大立光富邦5C購01,TW,0.0,16.0,0.0,0.0,0,0.0,0.0
062709,國精化富邦61購01,TW,0.0,-131.0,0.0,0.0,0,0.0,0.0
062711,祥碩富邦5C購01,TW,0.0,2.0,0.0,0.0,0,0.0,0.0
062713,AES富邦5C購01,TW,0.0,-181.0,0.0,0.0,0,0.0,0.0
062715,T50正2凱基5A購06,TW,0.0,3.0,0.0,0.0,0,0.0,0.0
062716,T50正2凱基64購01,TW,0.0,-45.0,0.0,0.0,0,0.0,0.0
062717,領袖50凱基5B購01,TW,0.0,-9.0,0.0,0.0,0,0.0,0.0
062720,儒鴻凱基5A購01,TW,0.0,-344.0,0.0,0.0,0,0.0,0.0
062721,信錦凱基5A購01,TW,0.0,204.0,0.0,0.0,0,0.0,0.0
062722,信錦凱基5A購02,TW,0.0,695.0,0.0,0.0,0,0.0,0.0
062724,中碳凱基5A購01,TW,0.0,-45.0,0.0,0.0,0,0.0,0.0
062725,勝一凱基5A購01,TW,0.0,23.0,0.0,0.0,0,0.0,0.0
062726,台達電凱基5A購05,TW,0.0,194.0,0.0,0.0,0,0.0,0.0
062727,華通凱基5B購04,TW,0.0,278.0,0.0,0.0,0,0.0,0.0
062728,台積電凱基61購03,TW,0.0,-20.0,0.0,0.0,0,0.0,0.0
062729,台積電凱基64購06,TW,0.0,-2.0,0.0,0.0,0,0.0,0.0
062730,敬鵬凱基5A購03,TW,0.0,-68.0,0.0,0.0,0,0.0,0.0
062733,研華凱基5A購01,TW,0.0,-6.0,0.0,0.0,0,0.0,0.0
062735,偉詮電凱基5A購01,TW,0.0,-13.0,0.0,0.0,0,0.0,0.0
062736,偉詮電凱基5A購02,TW,0.0,-29.0,0.0,0.0,0,0.0,0.0
062737,偉詮電凱基5A購03,TW,0.0,-3.0,0.0,0.0,0,0.0,0.0
062738,奇鋐凱基61購05,TW,0.0,183.0,0.0,0.0,0,0.0,0.0
062740,增你強凱基5A購02,TW,0.0,8.0,0.0,0.0,0,0.0,0.0
062741,世芯凱基5A購04,TW,0.0,-20.0,0.0,0.0,0,0.0,0.0
062742,貿聯凱基61購01,TW,0.0,-111.0,0.0,0.0,0,0.0,0.0
062743,精銳凱基5A購01,TW,0.0,-422.0,0.0,0.0,0,0.0,0.0
062744,三福化凱基5A購01,TW,0.0,-1168.0,0.0,0.0,0,0.0,0.0
062747,正文凱基5A購02,TW,0.0,-8.0,0.0,0.0,0,0.0,0.0
062748,jpp凱基5A購02,TW,0.0,9.0,0.0,0.0,0,0.0,0.0
062749,盛群凱基5A購01,TW,0.0,-102.0,0.0,0.0,0,0.0,0.0
062750,群電凱基5A購01,TW,0.0,-137.0,0.0,0.0,0,0.0,0.0
062751,達發凱基5A購01,TW,0.0,-3.0,0.0,0.0,0,0.0,0.0
062752,康霈凱基5A購01,TW,0.0,-465.0,0.0,0.0,0,0.0,0.0
062754,松川凱基5A購01,TW,0.0,54.0,0.0,0.0,0,0.0,0.0
062755,華夏群益5A購01,TW,0.0,-2028.0,0.0,0.0,0,0.0,0.0
062756,華夏群益5A購02,TW,0.0,-10.0,0.0,0.0,0,0.0,0.0
062758,亞聚群益5A購02,TW,0.0,0.0,0.0,0.0,0,0.0,0.0
062760,聯成群益5A購01,TW,0.0,-2.0,0.0,0.0,0,0.0,0.0
062761,聯成群益5A購02,TW,0.0,-1.0,0.0,0.0,0,0.0,0.0
062762,新纖群益5A購01,TW,0.0,-113.0,0.0,0.0,0,0.0,0.0
062763,聚陽群益5A購01,TW,0.0,-816.0,0.0,0.0,0,0.0,0.0
062764,信錦群益5A購01,TW,0.0,-269.0,0.0,0.0,0,0.0,0.0
062765,信錦群益5B購01,TW,0.0,3.0,0.0,0.0,0,0.0,0.0
062766,信錦群益5C購01,TW,0.0,-1222.0,0.0,0.0,0,0.0,0.0
062767,東聯群益5A購01,TW,0.0,-256.0,0.0,0.0,0,0.0,0.0
062768,東聯群益5A購02,TW,0.0,0.0,0.0,0.0,0,0.0,0.0
062770,中碳群益5A購01,TW,0.0,-42.0,0.0,0.0,0,0.0,0.0
062771,中碳群益5A購02,TW,0.0,-84.0,0.0,0.0,0,0.0,0.0
062772,勝一群益5A購01,TW,0.0,-78.0,0.0,0.0,0,0.0,0.0
062775,鴻海群益63購04,TW,0.0,-41.0,0.0,0.0,0,0.0,0.0
062778,研華群益5A購01,TW,0.0,-11.0,0.0,0.0,0,0.0,0.0
062779,漢唐群益5A購06,TW,0.0,30.0,0.0,0.0,0,0.0,0.0
062781,立隆電群益5C購01,TW,0.0,-28.0,0.0,0.0,0,0.0,0.0
062783,兆豐金群益5A購01,TW,0.0,-64.0,0.0,0.0,0,0.0,0.0
062784,第一金群益5A購01,TW,0.0,-991.0,0.0,0.0,0,0.0,0.0
062785,聯陽群益5A購01,TW,0.0,48.0,0.0,0.0,0,0.0,0.0
062786,台灣大群益5A購01,TW,0.0,-18.0,0.0,0.0,0,0.0,0.0
062787,貿聯群益5A購02,TW,0.0,340.0,0.0,0.0,0,0.0,0.0
062789,神達群益5A購03,TW,0.0,69.0,0.0,0.0,0,0.0,0.0
062792,南寶群益5A購02,TW,0.0,128.0,0.0,0.0,0,0.0,0.0
062793,上品群益5A購01,TW,0.0,-458.0,0.0,0.0,0,0.0,0.0
062794,正文群益5C購01,TW,0.0,-269.0,0.0,0.0,0,0.0,0.0
062795,達興群益5A購03,TW,0.0,-43.0,0.0,0.0,0,0.0,0.0
062796,jpp群益5A購01,TW,0.0,-3.0,0.0,0.0,0,0.0,0.0
062797,中租群益5A購01,TW,0.0,84.0,0.0,0.0,0,0.0,0.0
062798,中租群益5B購01,TW,0.0,327.0,0.0,0.0,0,0.0,0.0
062799,力成群益5A購03,TW,0.0,117.0,0.0,0.0,0,0.0,0.0
062800,鈺邦群益5A購01,TW,0.0,35.0,0.0,0.0,0,0.0,0.0
062801,保瑞群益5A購01,TW,0.0,-6.0,0.0,0.0,0,0.0,0.0
062802,虎航群益5A購01,TW,0.0,387.0,0.0,0.0,0,0.0,0.0
062803,康霈群益5A購01,TW,0.0,-610.0,0.0,0.0,0,0.0,0.0
062804,康霈群益5C購01,TW,0.0,-272.0,0.0,0.0,0,0.0,0.0
062805,昇陽半群益5A購02,TW,0.0,19.0,0.0,0.0,0,0.0,0.0
062806,億豐群益5A購01,TW,0.0,-50.0,0.0,0.0,0,0.0,0.0
062808,台聚元大5A購02,TW,0.0,30.0,0.0,0.0,0,0.0,0.0
062809,華夏元大5A購01,TW,0.0,10.0,0.0,0.0,0,0.0,0.0
062810,遠東新元大5A購01,TW,0.0,-155.0,0.0,0.0,0,0.0,0.0
062811,儒鴻元大5A購01,TW,0.0,-143.0,0.0,0.0,0,0.0,0.0
062812,信錦元大5A購01,TW,0.0,2999.0,0.0,0.0,0,0.0,0.0
062813,信錦元大5A購02,TW,0.0,1485.0,0.0,0.0,0,0.0,0.0
062814,直得元大5A購01,TW,0.0,32.0,0.0,0.0,0,0.0,0.0
062815,東聯元大5A購01,TW,0.0,-487.0,0.0,0.0,0,0.0,0.0
062816,中碳元大5A購01,TW,0.0,-1873.0,0.0,0.0,0,0.0,0.0
062817,勝一元大5A購01,TW,0.0,129.0,0.0,0.0,0,0.0,0.0
062818,華通元大5A購02,TW,0.0,-242.0,0.0,0.0,0,0.0,0.0
062819,華通元大5A購03,TW,0.0,-1534.0,0.0,0.0,0,0.0,0.0
06281U,龍德船群益5A售01,TW,0.0,-50.0,0.0,0.0,0,0.0,0.0
062820,華通元大5A購04,TW,0.0,-358.0,0.0,0.0,0,0.0,0.0
062821,華通元大61購07,TW,0.0,800.0,0.0,0.0,0,0.0,0.0
062823,鴻海元大5A購14,TW,0.0,4.0,0.0,0.0,0,0.0,0.0
062824,鴻海元大61購13,TW,0.0,24.0,0.0,0.0,0,0.0,0.0
062825,鴻海元大64購09,TW,0.0,0.0,0.0,0.0,0,0.0,0.0
062826,中環元大5A購01,TW,0.0,10.0,0.0,0.0,0,0.0,0.0
062827,台積電元大5C購07,TW,0.0,40.0,0.0,0.0,0,0.0,0.0
062828,台積電元大61購23,TW,0.0,85.0,0.0,0.0,0,0.0,0.0
062829,台積電元大64購05,TW,0.0,-1493.0,0.0,0.0,0,0.0,0.0
062830,敬鵬元大5A購03,TW,0.0,-906.0,0.0,0.0,0,0.0,0.0
062831,金像電元大61購01,TW,0.0,-410.0,0.0,0.0,0,0.0,0.0
062832,群光元大5A購01,TW,0.0,-19.0,0.0,0.0,0,0.0,0.0
062833,研華元大5A購01,TW,0.0,180.0,0.0,0.0,0,0.0,0.0
062834,研華元大5A購02,TW,0.0,-593.0,0.0,0.0,0,0.0,0.0
062835,可成元大5A購01,TW,0.0,-4.0,0.0,0.0,0,0.0,0.0
062836,新興元大64購01,TW,0.0,671.0,0.0,0.0,0,0.0,0.0
062837,富邦金元大5A購01,TW,0.0,209.0,0.0,0.0,0,0.0,0.0
062838,國泰金元大5A購01,TW,0.0,-208.0,0.0,0.0,0,0.0,0.0
062839,奇鋐元大61購13,TW,0.0,-171.0,0.0,0.0,0,0.0,0.0
062840,奇鋐元大64購01,TW,0.0,-371.0,0.0,0.0,0,0.0,0.0
062841,信邦元大5A購01,TW,0.0,399.0,0.0,0.0,0,0.0,0.0
062842,智原元大5A購01,TW,0.0,1.0,0.0,0.0,0,0.0,0.0
062843,嘉澤元大5A購06,TW,0.0,-994.0,0.0,0.0,0,0.0,0.0
062847,正文元大5A購01,TW,0.0,-53.0,0.0,0.0,0,0.0,0.0
062849,祥碩元大5A購04,TW,0.0,-379.0,0.0,0.0,0,0.0,0.0
062850,祥碩元大5A購05,TW,0.0,-288.0,0.0,0.0,0,0.0,0.0
062851,祥碩元大5B購03,TW,0.0,32.0,0.0,0.0,0,0.0,0.0
062852,jpp元大5A購03,TW,0.0,-16.0,0.0,0.0,0,0.0,0.0
062854,亞翔元大61購02,TW,0.0,-248.0,0.0,0.0,0,0.0,0.0
062855,亞翔元大64購02,TW,0.0,-309.0,0.0,0.0,0,0.0,0.0
062857,旭隼元大5A購01,TW,0.0,491.0,0.0,0.0,0,0.0,0.0
062858,AES元大5A購03,TW,0.0,-658.0,0.0,0.0,0,0.0,0.0
062859,AES元大61購01,TW,0.0,-764.0,0.0,0.0,0,0.0,0.0
062861,AES元大64購02,TW,0.0,135.0,0.0,0.0,0,0.0,0.0
062862,天虹元大5A購01,TW,0.0,-230.0,0.0,0.0,0,0.0,0.0
062863,兆聯元大64購01,TW,0.0,-123.0,0.0,0.0,0,0.0,0.0
062864,新代元大5A購01,TW,0.0,12.0,0.0,0.0,0,0.0,0.0
062865,昇陽半元大61購01,TW,0.0,25.0,0.0,0.0,0,0.0,0.0
062866,至上元大5A購05,TW,0.0,-238.0,0.0,0.0,0,0.0,0.0
062867,至上元大5A購06,TW,0.0,-327.0,0.0,0.0,0,0.0,0.0
062868,聯發科統一5C購01,TW,0.0,4.0,0.0,0.0,0,0.0,0.0
062869,至上元大61購04,TW,0.0,-744.0,0.0,0.0,0,0.0,0.0
06286U,台積電中信5A售02,TW,0.0,33.0,0.0,0.0,0,0.0,0.0
062871,創意統一58購01,TW,0.0,-86.0,0.0,0.0,0,0.0,0.0
062872,至上元大64購01,TW,0.0,-197.0,0.0,0.0,0,0.0,0.0
062873,T50正2中信64購03,TW,0.0,160.0,0.0,0.0,0,0.0,0.0
062874,元油反中信64購01,TW,0.0,-1220.0,0.0,0.0,0,0.0,0.0
062875,臻鼎中信64購01,TW,0.0,5.0,0.0,0.0,0,0.0,0.0
062876,中砂國泰5B購01,TW,0.0,100.0,0.0,0.0,0,0.0,0.0
062877,聯詠國泰5B購02,TW,0.0,-239.0,0.0,0.0,0,0.0,0.0
062878,乙盛國泰5B購02,TW,0.0,-10.0,0.0,0.0,0,0.0,0.0
062879,祥碩國泰5B購01,TW,0.0,-1281.0,0.0,0.0,0,0.0,0.0
062880,旭隼國泰5B購01,TW,0.0,-1093.0,0.0,0.0,0,0.0,0.0
062882,台泥兆豐64購01,TW,0.0,-781.0,0.0,0.0,0,0.0,0.0
062883,緯穎兆豐64購01,TW,0.0,-18.0,0.0,0.0,0,0.0,0.0
062884,東元國票5A購01,TW,0.0,-13.0,0.0,0.0,0,0.0,0.0
062885,中纖國票5B購01,TW,0.0,1.0,0.0,0.0,0,0.0,0.0
062888,台橡國票5B購01,TW,0.0,1184.0,0.0,0.0,0,0.0,0.0
062889,中橡國票5B購01,TW,0.0,-25.0,0.0,0.0,0,0.0,0.0
062890,研華國票5A購01,TW,0.0,117.0,0.0,0.0,0,0.0,0.0
062892,毅嘉國票5A購01,TW,0.0,-30.0,0.0,0.0,0,0.0,0.0
062895,聯詠國票5B購01,TW,0.0,6.0,0.0,0.0,0,0.0,0.0
062896,全科國票5B購01,TW,0.0,644.0,0.0,0.0,0,0.0,0.0
062897,國光生國票5B購01,TW,0.0,-328.0,0.0,0.0,0,0.0,0.0
062898,乙盛國票5B購03,TW,0.0,0.0,0.0,0.0,0,0.0,0.0
062899,盛群國票5B購01,TW,0.0,-111.0,0.0,0.0,0,0.0,0.0
062900,騰輝電國票5A購01,TW,0.0,52.0,0.0,0.0,0,0.0,0.0
062901,新代國票5A購01,TW,0.0,-318.0,0.0,0.0,0,0.0,0.0
062902,華東國票5A購02,TW,0.0,-24.0,0.0,0.0,0,0.0,0.0
062903,億豐國票5A購01,TW,0.0,-37.0,0.0,0.0,0,0.0,0.0
062906,信錦統一63購01,TW,0.0,199.0,0.0,0.0,0,0.0,0.0
062908,信錦統一64購04,TW,0.0,-1509.0,0.0,0.0,0,0.0,0.0
062909,信錦統一65購01,TW,0.0,-180.0,0.0,0.0,0,0.0,0.0
062910,中碳統一64購01,TW,0.0,-6.0,0.0,0.0,0,0.0,0.0
062911,台達電統一65購02,TW,0.0,-1331.0,0.0,0.0,0,0.0,0.0
062912,台達電統一68購01,TW,0.0,-204.0,0.0,0.0,0,0.0,0.0
062913,台積電統一64購03,TW,0.0,-346.0,0.0,0.0,0,0.0,0.0
062915,順德統一64購01,TW,0.0,119.0,0.0,0.0,0,0.0,0.0
062916,菱生統一66購01,TW,0.0,358.0,0.0,0.0,0,0.0,0.0
062917,研華統一67購01,TW,0.0,-359.0,0.0,0.0,0,0.0,0.0
062918,研華統一68購01,TW,0.0,354.0,0.0,0.0,0,0.0,0.0
062919,仲琦統一63購01,TW,0.0,-571.0,0.0,0.0,0,0.0,0.0
062920,偉詮電統一67購01,TW,0.0,-111.0,0.0,0.0,0,0.0,0.0
062921,立隆電統一63購01,TW,0.0,-2.0,0.0,0.0,0,0.0,0.0
062922,晟銘電統一67購01,TW,0.0,53.0,0.0,0.0,0,0.0,0.0
062923,增你強統一66購01,TW,0.0,-184.0,2.0,0.0,0,0.0,0.0
062924,聯茂統一63購02,TW,0.0,31.0,0.0,0.0,0,0.0,0.0
062925,聯茂統一64購03,TW,0.0,-520.0,0.0,0.0,0,0.0,0.0
062926,聯茂統一64購04,TW,0.0,-119.0,0.0,0.0,0,0.0,0.0
062927,力成統一62購01,TW,0.0,339.0,0.0,0.0,0,0.0,0.0
062928,達發統一68購01,TW,0.0,495.0,0.0,0.0,0,0.0,0.0
062929,台虹統一74購01,TW,0.0,-203.0,0.0,0.0,0,0.0,0.0
062930,華東統一64購01,TW,0.0,-88.0,0.0,0.0,0,0.0,0.0
062931,華東統一67購01,TW,0.0,-6.0,0.0,0.0,0,0.0,0.0
062932,華東統一74購01,TW,0.0,78.0,0.0,0.0,0,0.0,0.0
062934,聯成永豐5B購01,TW,0.0,-192.0,0.0,0.0,0,0.0,0.0
062935,長興永豐5A購03,TW,0.0,24.0,0.0,0.0,0,0.0,0.0
062936,長興永豐5B購03,TW,0.0,113.0,0.0,0.0,0,0.0,0.0
062937,中碳永豐5B購01,TW,0.0,4.0,0.0,0.0,0,0.0,0.0
062938,智邦永豐5A購03,TW,0.0,-111.0,0.0,0.0,0,0.0,0.0
062939,群光永豐5A購01,TW,0.0,-246.0,0.0,0.0,0,0.0,0.0
062940,偉詮電永豐5B購01,TW,0.0,-215.0,0.0,0.0,0,0.0,0.0
062941,新日興永豐5C購01,TW,0.0,-189.0,0.0,0.0,0,0.0,0.0
062943,智伸科永豐5B購01,TW,0.0,-141.0,0.0,0.0,0,0.0,0.0
062945,南寶永豐5B購01,TW,0.0,-14.0,0.0,0.0,0,0.0,0.0
062947,瑞儀永豐5A購01,TW,0.0,-46.0,0.0,0.0,0,0.0,0.0
062948,采鈺永豐5B購02,TW,0.0,1.0,0.0,0.0,0,0.0,0.0
062949,天虹永豐5B購01,TW,0.0,3.0,0.0,0.0,0,0.0,0.0
062950,松川永豐61購01,TW,0.0,3.0,0.0,0.0,0,0.0,0.0
062951,矽創永豐5C購01,TW,0.0,3.0,0.0,0.0,0,0.0,0.0
062952,美利達永豐5B購01,TW,0.0,0.0,0.0,0.0,0,0.0,0.0
062953,宏全永豐5B購01,TW,0.0,71.0,0.0,0.0,0,0.0,0.0
062954,世紀鋼永豐5B購01,TW,0.0,-93.0,0.0,0.0,0,0.0,0.0
062955,道瓊銅凱基5A購03,TW,0.0,-110.0,0.0,0.0,0,0.0,0.0
062956,華夏凱基5A購01,TW,0.0,-10.0,0.0,0.0,0,0.0,0.0
062957,聯成凱基5A購01,TW,0.0,-2.0,0.0,0.0,0,0.0,0.0
062958,中砂凱基5A購02,TW,0.0,3.0,0.0,0.0,0,0.0,0.0
062959,信錦凱基5B購01,TW,0.0,258.0,0.0,0.0,0,0.0,0.0
062960,東鹼凱基5A購02,TW,0.0,-38.0,0.0,0.0,0,0.0,0.0
062962,光寶科凱基5A購06,TW,0.0,-21.0,0.0,0.0,0,0.0,0.0
062965,台積電凱基66購03,TW,0.0,34.0,0.0,0.0,0,0.0,0.0
062967,金像電凱基5B購02,TW,0.0,-28.0,0.0,0.0,0,0.0,0.0
062971,晟銘電凱基5A購02,TW,0.0,88.0,0.0,0.0,0,0.0,0.0
062975,大銀凱基5A購02,TW,0.0,-19.0,0.0,0.0,0,0.0,0.0
062976,國精化凱基5A購03,TW,0.0,24.0,0.0,0.0,0,0.0,0.0
062978,乙盛凱基5A購03,TW,0.0,392.0,0.0,0.0,0,0.0,0.0
062979,祥碩凱基5A購04,TW,0.0,-507.0,0.0,0.0,0,0.0,0.0
062980,亞翔凱基5A購02,TW,0.0,0.0,0.0,0.0,0,0.0,0.0
062981,聯茂凱基5A購03,TW,0.0,9.0,0.0,0.0,0,0.0,0.0
062982,力成凱基61購02,TW,0.0,188.0,0.0,0.0,0,0.0,0.0
062984,華東凱基5A購01,TW,0.0,140.0,0.0,0.0,0,0.0,0.0
062985,華東凱基5A購02,TW,0.0,89.0,0.0,0.0,0,0.0,0.0
062986,億豐凱基5A購01,TW,0.0,-11.0,0.0,0.0,0,0.0,0.0
062987,儒鴻富邦5C購01,TW,0.0,-3328.0,0.0,0.0,0,0.0,0.0
062988,長興富邦5A購01,TW,0.0,-155.0,0.0,0.0,0,0.0,0.0
062989,中碳富邦5C購01,TW,0.0,17.0,0.0,0.0,0,0.0,0.0
062990,台積電富邦5B購02,TW,0.0,-126.0,0.0,0.0,0,0.0,0.0
062991,菱生富邦5C購01,TW,0.0,10.0,0.0,0.0,0,0.0,0.0
062994,慧洋富邦62購01,TW,0.0,73.0,0.0,0.0,0,0.0,0.0
062995,健鼎富邦5C購01,TW,0.0,-42.0,0.0,0.0,0,0.0,0.0
062996,聯茂富邦62購01,TW,0.0,1.0,0.0,0.0,0,0.0,0.0
062997,華東富邦5C購01,TW,0.0,-123.0,0.0,0.0,0,0.0,0.0
062998,億豐富邦5C購01,TW,0.0,5.0,0.0,0.0,0,0.0,0.0
062999,元石油群益5C購01,TW,0.0,2.0,0.0,0.0,0,0.0,0.0
063000,SGBR2X群益5A購02,TW,0.0,-5.0,0.0,0.0,0,0.0,0.0
063002,建準群益5A購03,TW,0.0,-17.0,0.0,0.0,0,0.0,0.0
063003,建準群益5A購04,TW,0.0,-231.0,0.0,0.0,0,0.0,0.0
063004,貿聯群益63購01,TW,0.0,126.0,0.0,0.0,0,0.0,0.0
063005,乙盛群益5C購02,TW,0.0,-173.0,0.0,0.0,0,0.0,0.0
063006,乙盛群益64購01,TW,0.0,-359.0,0.0,0.0,0,0.0,0.0
063008,台灣50元大64購01,TW,0.0,-85.0,0.0,0.0,0,0.0,0.0
063010,T50正2元大61購02,TW,0.0,150.0,0.0,0.0,0,0.0,0.0
063011,南亞元大5B購05,TW,0.0,-292.0,0.0,0.0,0,0.0,0.0
063013,中砂元大5A購01,TW,0.0,-9.0,0.0,0.0,0,0.0,0.0
063014,中砂元大5A購02,TW,0.0,3.0,0.0,0.0,0,0.0,0.0
063015,中砂元大5A購03,TW,0.0,-148.0,0.0,0.0,0,0.0,0.0
063018,川湖元大5A購02,TW,0.0,30.0,0.0,0.0,0,0.0,0.0
063019,川湖元大5B購07,TW,0.0,20.0,0.0,0.0,0,0.0,0.0
063020,台達電元大5A購03,TW,0.0,4.0,0.0,0.0,0,0.0,0.0
063022,台達電元大61購01,TW,0.0,-468.0,0.0,0.0,0,0.0,0.0
063023,台達電元大64購02,TW,0.0,-189.0,0.0,0.0,0,0.0,0.0
063025,鴻海元大64購10,TW,0.0,-2.0,0.0,0.0,0,0.0,0.0
063026,台積電元大5C購08,TW,0.0,-386.0,0.0,0.0,0,0.0,0.0
063027,台積電元大61購24,TW,0.0,-639.0,0.0,0.0,0,0.0,0.0
063028,台積電元大64購06,TW,0.0,-312.0,0.0,0.0,0,0.0,0.0
063029,智邦元大5A購05,TW,0.0,5.0,0.0,0.0,0,0.0,0.0
063032,智邦元大61購02,TW,0.0,-156.0,0.0,0.0,0,0.0,0.0
063033,順德元大5A購01,TW,0.0,2.0,0.0,0.0,0,0.0,0.0
063034,金像電元大5A購06,TW,0.0,-53.0,0.0,0.0,0,0.0,0.0
063035,金像電元大61購02,TW,0.0,294.0,0.0,0.0,0,0.0,0.0
063036,金像電元大64購01,TW,0.0,-370.0,0.0,0.0,0,0.0,0.0
063037,友達元大5A購07,TW,0.0,-75.0,0.0,0.0,0,0.0,0.0
063038,友達元大5A購08,TW,0.0,16.0,0.0,0.0,0,0.0,0.0
063039,友達元大5A購09,TW,0.0,-289.0,0.0,0.0,0,0.0,0.0
063040,長榮元大5A購05,TW,0.0,-511.0,0.0,0.0,0,0.0,0.0
063041,華航元大5A購01,TW,0.0,-78.0,0.0,0.0,0,0.0,0.0
063042,神基元大5A購01,TW,0.0,-3585.0,0.0,0.0,0,0.0,0.0
063043,奇鋐元大61購14,TW,0.0,-10.0,0.0,0.0,0,0.0,0.0
063044,奇鋐元大64購02,TW,0.0,-601.0,0.0,0.0,0,0.0,0.0
063045,新日興元大5A購03,TW,0.0,-345.0,0.0,0.0,0,0.0,0.0
063048,世芯元大64購02,TW,0.0,48.0,0.0,0.0,0,0.0,0.0
063050,新唐元大5A購02,TW,0.0,0.0,0.0,0.0,0,0.0,0.0
063051,臻鼎元大61購05,TW,0.0,356.0,0.0,0.0,0,0.0,0.0
063052,迅得元大5A購01,TW,0.0,-233.0,0.0,0.0,0,0.0,0.0
063053,騰輝電元大5A購01,TW,0.0,5.0,0.0,0.0,0,0.0,0.0
063054,矽創元大5A購02,TW,0.0,6.0,0.0,0.0,0,0.0,0.0
063055,昇陽半元大5A購04,TW,0.0,66.0,0.0,0.0,0,0.0,0.0
063056,華東元大5A購01,TW,0.0,-233.0,0.0,0.0,0,0.0,0.0
063057,至上元大61購05,TW,0.0,-430.0,0.0,0.0,0,0.0,0.0
063058,至上元大64購02,TW,0.0,-116.0,0.0,0.0,0,0.0,0.0
063059,勤誠元大5A購02,TW,0.0,-31.0,0.0,0.0,0,0.0,0.0
063062,中砂國泰64購01,TW,0.0,95.0,0.0,0.0,0,0.0,0.0
063064,台達電國泰67購01,TW,0.0,-50.0,0.0,0.0,0,0.0,0.0
063065,鴻海國泰67購01,TW,0.0,-4.0,0.0,0.0,0,0.0,0.0
063069,聯茂國泰5B購01,TW,0.0,-21.0,0.0,0.0,0,0.0,0.0
063070,聯茂國泰62購01,TW,0.0,-59.0,0.0,0.0,0,0.0,0.0
063071,啟碁國泰5B購01,TW,0.0,-245.0,0.0,0.0,0,0.0,0.0
063072,保瑞國泰5B購01,TW,0.0,994.0,0.0,0.0,0,0.0,0.0
063075,SGBR2X富邦5A購01,TW,0.0,-1.0,0.0,0.0,0,0.0,0.0
063076,鴻海統一5C購01,TW,0.0,-88.0,0.0,0.0,0,0.0,0.0
063080,SGBR2X富邦64購01,TW,0.0,58.0,0.0,0.0,0,0.0,0.0
063081,貿聯富邦62購01,TW,0.0,-976.0,0.0,0.0,0,0.0,0.0
063082,兆聯富邦62購01,TW,0.0,56.0,0.0,0.0,0,0.0,0.0
063083,鴻勁富邦5C購01,TW,0.0,-11.0,0.0,0.0,0,0.0,0.0
063084,鴻勁富邦61購01,TW,0.0,-856.0,0.0,0.0,0,0.0,0.0
063087,合機國票5A購01,TW,0.0,-6.0,0.0,0.0,0,0.0,0.0
063088,順德國票61購02,TW,0.0,17.0,0.0,0.0,0,0.0,0.0
063089,強茂國票5A購01,TW,0.0,1360.0,0.0,0.0,0,0.0,0.0
063090,華航國票5A購01,TW,0.0,-260.0,0.0,0.0,0,0.0,0.0
063091,新日興國票5A購01,TW,0.0,-11.0,0.0,0.0,0,0.0,0.0
063093,玉晶光國票5A購01,TW,0.0,-105.0,1.0,0.0,0,0.0,0.0
063094,辛耘國票5A購02,TW,0.0,-10.0,0.0,0.0,0,0.0,0.0
063095,TPK國票5B購01,TW,0.0,-1071.0,30.0,0.0,0,0.0,0.0
063096,巨路國票5B購01,TW,0.0,-64.0,0.0,0.0,0,0.0,0.0
063097,聯茂國票5B購02,TW,0.0,213.0,0.0,0.0,0,0.0,0.0
063098,和椿國票5A購01,TW,0.0,2.0,0.0,0.0,0,0.0,0.0
063099,台郡國票5B購01,TW,0.0,71.0,0.0,0.0,0,0.0,0.0
063100,啟碁國票5B購01,TW,0.0,26.0,0.0,0.0,0,0.0,0.0
063101,力智國票5A購01,TW,0.0,74.0,0.0,0.0,0,0.0,0.0
063102,邁科國票5A購01,TW,0.0,6.0,0.0,0.0,0,0.0,0.0
063103,泓德國票5A購01,TW,0.0,-170.0,0.0,0.0,0,0.0,0.0
063104,鴻勁國票5A購01,TW,0.0,-2.0,0.0,0.0,0,0.0,0.0
063105,昇陽半國票5B購01,TW,0.0,15.0,0.0,0.0,0,0.0,0.0
063106,華東國票5A購04,TW,0.0,10.0,0.0,0.0,0,0.0,0.0
063108,S&P反1中信64購01,TW,0.0,-20.0,0.0,0.0,0,0.0,0.0
063109,SGBR2X中信64購02,TW,0.0,37.0,0.0,0.0,0,0.0,0.0
063110,台達電中信64購01,TW,0.0,-167.0,0.0,0.0,0,0.0,0.0
063112,臻鼎中信64購02,TW,0.0,-162.0,0.0,0.0,0,0.0,0.0
063113,台灣50凱基64購02,TW,0.0,-159.0,0.0,0.0,0,0.0,0.0
063115,元石油凱基5A購02,TW,0.0,-14.0,0.0,0.0,0,0.0,0.0
063117,SGBR2X凱基5A購04,TW,0.0,195.0,0.0,0.0,0,0.0,0.0
063118,南亞凱基5A購02,TW,0.0,-10.0,0.0,0.0,0,0.0,0.0
063120,三芳凱基5A購01,TW,0.0,-1.0,0.0,0.0,0,0.0,0.0
063121,中砂凱基5B購01,TW,0.0,-16.0,0.0,0.0,0,0.0,0.0
063122,中纖凱基5A購01,TW,0.0,-2.0,0.0,0.0,0,0.0,0.0
063124,允強凱基5B購01,TW,0.0,20.0,0.0,0.0,0,0.0,0.0
063126,台橡凱基5B購01,TW,0.0,-10.0,0.0,0.0,0,0.0,0.0
063127,台達電凱基61購01,TW,0.0,-14.0,0.0,0.0,0,0.0,0.0
063131,京元電凱基5A購02,TW,0.0,-167.0,0.0,0.0,0,0.0,0.0
063132,華航凱基5A購01,TW,0.0,-24.0,0.0,0.0,0,0.0,0.0
063133,奇鋐凱基5A購08,TW,0.0,-99.0,0.0,0.0,0,0.0,0.0
063134,聯詠凱基5C購01,TW,0.0,-7.0,0.0,0.0,0,0.0,0.0
063135,新日興凱基61購01,TW,0.0,-30.0,0.0,0.0,0,0.0,0.0
063137,聯鈞凱基5A購04,TW,0.0,-3.0,0.0,0.0,0,0.0,0.0
063138,智易凱基5B購01,TW,0.0,-180.0,0.0,0.0,0,0.0,0.0
063139,貿聯凱基5A購04,TW,0.0,-856.0,0.0,0.0,0,0.0,0.0
063141,啟碁凱基5A購04,TW,0.0,-12.0,0.0,0.0,0,0.0,0.0
063142,邁科凱基5A購01,TW,0.0,10.0,0.0,0.0,0,0.0,0.0
063143,邁科凱基5A購02,TW,0.0,10.0,0.0,0.0,0,0.0,0.0
063144,鴻勁凱基5A購01,TW,0.0,-261.0,0.0,0.0,0,0.0,0.0
063145,鴻勁凱基5A購02,TW,0.0,7.0,0.0,0.0,0,0.0,0.0
063146,昇陽半凱基61購01,TW,0.0,233.0,0.0,0.0,0,0.0,0.0
063147,致新凱基5A購01,TW,0.0,-202.0,0.0,0.0,0,0.0,0.0
063149,中砂兆豐5C購01,TW,0.0,49.0,0.0,0.0,0,0.0,0.0
063150,漢唐兆豐64購01,TW,0.0,187.0,0.0,0.0,0,0.0,0.0
063151,京元電兆豐64購01,TW,0.0,-38.0,0.0,0.0,0,0.0,0.0
063153,大立光兆豐64購01,TW,0.0,384.0,0.0,0.0,0,0.0,0.0
063155,貿聯兆豐64購01,TW,0.0,-2080.0,0.0,0.0,0,0.0,0.0
063156,旭隼兆豐64購01,TW,0.0,-133.0,0.0,0.0,0,0.0,0.0
063157,世紀鋼兆豐64購01,TW,0.0,-648.0,0.0,0.0,0,0.0,0.0
063158,T50反1永豐61購01,TW,0.0,-8.0,0.0,0.0,0,0.0,0.0
063159,聚陽永豐5B購01,TW,0.0,-503.0,0.0,0.0,0,0.0,0.0
063161,漢唐永豐5C購01,TW,0.0,-437.0,0.0,0.0,0,0.0,0.0
063162,美律永豐5B購01,TW,0.0,-50.0,0.0,0.0,0,0.0,0.0
063163,強茂永豐61購01,TW,0.0,-62.0,0.0,0.0,0,0.0,0.0
063164,華航永豐5C購01,TW,0.0,-41.0,130.0,0.0,0,0.0,0.0
063165,長榮航永豐5C購01,TW,0.0,-57.0,0.0,0.0,0,0.0,0.0
063166,禾伸堂永豐61購01,TW,0.0,13.0,0.0,0.0,0,0.0,0.0
063167,聯鈞永豐5C購01,TW,0.0,8.0,0.0,0.0,0,0.0,0.0
063169,辛耘永豐5C購01,TW,0.0,-285.0,0.0,0.0,0,0.0,0.0
063170,乙盛永豐5C購02,TW,0.0,253.0,0.0,0.0,0,0.0,0.0
063171,聯茂永豐5A購02,TW,0.0,-155.0,0.0,0.0,0,0.0,0.0
063172,聯茂永豐5B購02,TW,0.0,-95.0,0.0,0.0,0,0.0,0.0
063173,世芯元富56購02,TW,0.0,-10.0,0.0,0.0,0,0.0,0.0
063174,世芯元富5C購01,TW,0.0,-2662.0,0.0,0.0,0,0.0,0.0
063175,聯茂永豐61購02,TW,0.0,-94.0,0.0,0.0,0,0.0,0.0
063177,邁科永豐5A購01,TW,0.0,4.0,0.0,0.0,0,0.0,0.0
063178,邁科永豐5A購02,TW,0.0,10.0,0.0,0.0,0,0.0,0.0
063179,鴻勁永豐5B購01,TW,0.0,724.0,0.0,0.0,0,0.0,0.0
063181,鴻勁永豐61購01,TW,0.0,52.0,0.0,0.0,0,0.0,0.0
063182,華東永豐5C購01,TW,0.0,-85.0,0.0,0.0,0,0.0,0.0
063183,華東永豐61購01,TW,0.0,-286.0,0.0,0.0,0,0.0,0.0
063186,中砂群益5A購04,TW,0.0,-10.0,0.0,0.0,0,0.0,0.0
063188,鴻海群益62購04,TW,0.0,-103.0,0.0,0.0,0,0.0,0.0
063189,順德群益5A購02,TW,0.0,0.0,0.0,0.0,0,0.0,0.0
063190,強茂群益5B購01,TW,0.0,33.0,0.0,0.0,0,0.0,0.0
063191,信邦群益5A購01,TW,0.0,53.0,0.0,0.0,0,0.0,0.0
063192,禾伸堂群益5C購01,TW,0.0,32.0,0.0,0.0,0,0.0,0.0
063193,新日興群益5C購01,TW,0.0,-200.0,0.0,0.0,0,0.0,0.0
063198,智易群益5A購01,TW,0.0,720.0,0.0,0.0,0,0.0,0.0
063199,智易群益5A購02,TW,0.0,38.0,0.0,0.0,0,0.0,0.0
063200,貿聯群益5A購03,TW,0.0,-75.0,0.0,0.0,0,0.0,0.0
063201,TPK群益5C購01,TW,0.0,-25.0,0.0,0.0,0,0.0,0.0
063203,雙鍵群益5B購01,TW,0.0,5.0,0.0,0.0,0,0.0,0.0
063204,聯茂群益5C購02,TW,0.0,-40.0,0.0,0.0,0,0.0,0.0
063205,同欣電群益5A購01,TW,0.0,-7.0,0.0,0.0,0,0.0,0.0
063206,啟碁群益5C購01,TW,0.0,531.0,0.0,0.0,0,0.0,0.0
063208,新代群益5A購01,TW,0.0,17.0,0.0,0.0,0,0.0,0.0
063209,鴻勁群益5A購01,TW,0.0,-5.0,0.0,0.0,0,0.0,0.0
063210,鴻勁群益5A購02,TW,0.0,-7.0,0.0,0.0,0,0.0,0.0
063211,T50正2統一64購01,TW,0.0,-18.0,0.0,0.0,0,0.0,0.0
063212,中砂統一68購01,TW,0.0,-192.0,0.0,0.0,0,0.0,0.0
063213,聯鈞統一68購01,TW,0.0,1.0,0.0,0.0,0,0.0,0.0
063215,聯鈞統一68購02,TW,0.0,750.0,0.0,0.0,0,0.0,0.0
063218,智易統一64購01,TW,0.0,-2054.0,0.0,0.0,0,0.0,0.0
063219,貿聯統一74購01,TW,0.0,-219.0,0.0,0.0,0,0.0,0.0
063220,TPK統一64購01,TW,0.0,448.0,0.0,0.0,0,0.0,0.0
063221,TPK統一74購01,TW,0.0,-543.0,0.0,0.0,0,0.0,0.0
063222,國精化統一64購02,TW,0.0,-222.0,0.0,0.0,0,0.0,0.0
063223,臻鼎統一74購01,TW,0.0,500.0,0.0,0.0,0,0.0,0.0
063224,聯茂統一64購05,TW,0.0,-463.0,0.0,0.0,0,0.0,0.0
063225,聯茂統一74購02,TW,0.0,-107.0,0.0,0.0,0,0.0,0.0
063226,矽格統一64購02,TW,0.0,380.0,0.0,0.0,0,0.0,0.0
063227,啟碁統一67購01,TW,0.0,20.0,0.0,0.0,0,0.0,0.0
063228,邁科統一68購01,TW,0.0,25.0,0.0,0.0,0,0.0,0.0
063229,邁科統一68購02,TW,0.0,-7.0,0.0,0.0,0,0.0,0.0
063230,鴻勁統一64購01,TW,0.0,-1.0,0.0,0.0,0,0.0,0.0
063231,鴻勁統一74購01,TW,0.0,-4.0,2.0,0.0,0,0.0,0.0
063232,華東統一64購02,TW,0.0,10.0,0.0,0.0,0,0.0,0.0
063234,S&P正2元大5B購01,TW,0.0,83.0,0.0,0.0,0,0.0,0.0
063235,元金2X元大5C購03,TW,0.0,0.0,0.0,0.0,0,0.0,0.0
063236,SGBR2X元大5A購06,TW,0.0,-110.0,0.0,0.0,0,0.0,0.0
063237,南亞元大5B購06,TW,0.0,34.0,0.0,0.0,0,0.0,0.0
063238,南亞元大64購02,TW,0.0,-478.0,0.0,0.0,0,0.0,0.0
063239,台聚元大5A購04,TW,0.0,-150.0,0.0,0.0,0,0.0,0.0
063240,亞聚元大5A購02,TW,0.0,110.0,0.0,0.0,0,0.0,0.0
063241,中砂元大5A購04,TW,0.0,-22.0,0.0,0.0,0,0.0,0.0
063242,中砂元大5A購05,TW,0.0,94.0,0.0,0.0,0,0.0,0.0
063243,長興元大5A購02,TW,0.0,-12.0,0.0,0.0,0,0.0,0.0
063244,台達電元大5A購05,TW,0.0,-221.0,0.0,0.0,0,0.0,0.0
063245,台達電元大61購02,TW,0.0,-233.0,0.0,0.0,0,0.0,0.0
063246,台達電元大64購03,TW,0.0,-628.0,0.0,0.0,0,0.0,0.0
063247,鴻海元大61購15,TW,0.0,6.0,0.0,0.0,0,0.0,0.0
063248,鴻海元大64購11,TW,0.0,-54.0,0.0,0.0,0,0.0,0.0
063251,智邦元大5B購04,TW,0.0,-89.0,0.0,0.0,0,0.0,0.0
063253,華碩元大5A購01,TW,0.0,488.0,0.0,0.0,0,0.0,0.0
063254,金像電元大61購03,TW,0.0,-1029.0,0.0,0.0,0,0.0,0.0
063255,金像電元大64購02,TW,0.0,-196.0,0.0,0.0,0,0.0,0.0
063256,仲琦元大5A購01,TW,0.0,-190.0,0.0,0.0,0,0.0,0.0
063257,奇鋐元大61購15,TW,0.0,193.0,0.0,0.0,0,0.0,0.0
063258,奇鋐元大64購03,TW,0.0,-929.0,0.0,0.0,0,0.0,0.0
063260,新日興元大5A購04,TW,0.0,-534.0,0.0,0.0,0,0.0,0.0
063261,聯鈞元大5A購04,TW,0.0,45.0,0.0,0.0,0,0.0,0.0
063263,聯鈞元大5A購06,TW,0.0,0.0,0.0,0.0,0,0.0,0.0
063264,辛耘元大5A購03,TW,0.0,-5.0,0.0,0.0,0,0.0,0.0
063265,智易元大5A購01,TW,0.0,-110.0,0.0,0.0,0,0.0,0.0
063267,世芯元大61購10,TW,0.0,2.0,0.0,0.0,0,0.0,0.0
063268,世芯元大64購03,TW,0.0,-892.0,0.0,0.0,0,0.0,0.0
063269,TPK元大5A購01,TW,0.0,13.0,0.0,0.0,0,0.0,0.0
063270,國精化元大5A購02,TW,0.0,34.0,0.0,0.0,0,0.0,0.0
063272,臻鼎元大61購06,TW,0.0,31.0,0.0,0.0,0,0.0,0.0
063273,亞翔元大5A購04,TW,0.0,-42.0,0.0,0.0,0,0.0,0.0
063274,亞翔元大5A購05,TW,0.0,24.0,0.0,0.0,0,0.0,0.0
063275,邁科元大5A購01,TW,0.0,84.0,0.0,0.0,0,0.0,0.0
063276,鴻勁元大5A購01,TW,0.0,184.0,0.0,0.0,0,0.0,0.0
063278,鴻勁元大5A購02,TW,0.0,716.0,0.0,0.0,0,0.0,0.0
063279,至上元大61購06,TW,0.0,-121.0,0.0,0.0,0,0.0,0.0
063280,大立光統一5C購01,TW,0.0,-98.0,0.0,0.0,0,0.0,0.0
063283,世芯統一58購02,TW,0.0,-9.0,0.0,0.0,0,0.0,0.0
063284,世芯統一5C購01,TW,0.0,-4.0,0.0,0.0,0,0.0,0.0
063285,臺股指元大5C購11,TW,0.0,-1.0,0.0,0.0,0,0.0,0.0
063286,台泥國票5B購01,TW,0.0,50.0,0.0,0.0,0,0.0,0.0
063287,台達電國票5C購02,TW,0.0,-51.0,0.0,0.0,0,0.0,0.0
063288,台達電國票5C購03,TW,0.0,-565.0,0.0,0.0,0,0.0,0.0
063289,立隆電國票5B購01,TW,0.0,-540.0,0.0,0.0,0,0.0,0.0
063290,禾伸堂國票5B購01,TW,0.0,6.0,0.0,0.0,0,0.0,0.0
063291,華擎國票5B購01,TW,0.0,826.0,0.0,0.0,0,0.0,0.0
063292,貿聯國票5B購02,TW,0.0,-72.0,0.0,0.0,0,0.0,0.0
063293,大銀國票5C購02,TW,0.0,105.0,0.0,0.0,0,0.0,0.0
063294,乙盛國票5C購01,TW,0.0,101.0,0.0,0.0,0,0.0,0.0
063295,矽格國票61購03,TW,0.0,99.0,0.0,0.0,0,0.0,0.0
063296,啟碁國票5B購02,TW,0.0,-35.0,0.0,0.0,0,0.0,0.0
063297,達發國票5A購01,TW,0.0,7.0,0.0,0.0,0,0.0,0.0
063298,惠特國票61購01,TW,0.0,68.0,0.0,0.0,0,0.0,0.0
063299,康霈國票5B購01,TW,0.0,-30.0,0.0,0.0,0,0.0,0.0
06329U,緯穎中信58售01,TW,0.0,-100.0,0.0,0.0,0,0.0,0.0
063301,鴻勁國票5A購02,TW,0.0,498.0,0.0,0.0,0,0.0,0.0
063302,鴻勁國票5B購01,TW,0.0,-818.0,2.0,0.0,0,0.0,0.0
063304,中砂凱基5A購03,TW,0.0,-32.0,0.0,0.0,0,0.0,0.0
063305,長興凱基61購01,TW,0.0,1704.0,0.0,0.0,0,0.0,0.0
063306,光寶科凱基61購01,TW,0.0,10.0,0.0,0.0,0,0.0,0.0
063307,台達電凱基5A購06,TW,0.0,-744.0,0.0,0.0,0,0.0,0.0
063309,台積電凱基67購11,TW,0.0,-23.0,0.0,0.0,0,0.0,0.0
06330U,臺股指中信5A售01,TW,0.0,10.0,0.0,0.0,0,0.0,0.0
063310,智邦凱基61購03,TW,0.0,-216.0,0.0,0.0,0,0.0,0.0
063311,順德凱基5A購02,TW,0.0,-335.0,0.0,0.0,0,0.0,0.0
063312,金像電凱基64購01,TW,0.0,-38.0,0.0,0.0,0,0.0,0.0
063313,仲琦凱基5A購03,TW,0.0,-5.0,0.0,0.0,0,0.0,0.0
063314,奇鋐凱基5A購09,TW,0.0,-106.0,0.0,0.0,0,0.0,0.0
063315,禾伸堂凱基5C購01,TW,0.0,9.0,0.0,0.0,0,0.0,0.0
063317,辛耘凱基5A購04,TW,0.0,43.0,0.0,0.0,0,0.0,0.0
063319,大銀凱基5B購01,TW,0.0,-52.0,0.0,0.0,0,0.0,0.0
063320,雙鍵凱基5B購01,TW,0.0,-15.0,0.0,0.0,0,0.0,0.0
063321,臻鼎凱基5A購04,TW,0.0,-161.0,0.0,0.0,0,0.0,0.0
063322,眾達凱基5A購03,TW,0.0,4.0,0.0,0.0,0,0.0,0.0
063323,亞翔凱基64購01,TW,0.0,-153.0,0.0,0.0,0,0.0,0.0
063324,聯茂凱基5C購02,TW,0.0,-48.0,0.0,0.0,0,0.0,0.0
063325,力成凱基61購03,TW,0.0,-111.0,0.0,0.0,0,0.0,0.0
063326,矽格凱基5B購02,TW,0.0,248.0,0.0,0.0,0,0.0,0.0
063327,同欣電凱基61購01,TW,0.0,-96.0,0.0,0.0,0,0.0,0.0
063328,啟碁凱基5B購02,TW,0.0,-93.0,0.0,0.0,0,0.0,0.0
063329,AES凱基64購01,TW,0.0,-309.0,0.0,0.0,0,0.0,0.0
063330,康霈凱基5C購01,TW,0.0,-9.0,0.0,0.0,0,0.0,0.0
063331,兆聯凱基5A購04,TW,0.0,-62.0,0.0,0.0,0,0.0,0.0
063332,台達電兆豐5C購01,TW,0.0,-287.0,0.0,0.0,0,0.0,0.0
063333,鴻海兆豐64購01,TW,0.0,-3.0,0.0,0.0,0,0.0,0.0
063334,強茂兆豐5C購01,TW,0.0,579.0,0.0,0.0,0,0.0,0.0
063335,啟碁兆豐5C購01,TW,0.0,511.0,0.0,0.0,0,0.0,0.0
063336,元油反富邦64購01,TW,0.0,-25.0,0.0,0.0,0,0.0,0.0
063337,順德富邦5A購01,TW,0.0,27.0,0.0,0.0,0,0.0,0.0
063338,緯穎富邦61購02,TW,0.0,-4.0,0.0,0.0,0,0.0,0.0
063339,康霈富邦62購01,TW,0.0,-26.0,0.0,0.0,0,0.0,0.0
063340,台灣50中信64購02,TW,0.0,792.0,0.0,0.0,0,0.0,0.0
063341,T50正2中信64購05,TW,0.0,-528.0,20.0,0.0,0,0.0,0.0
063342,T50反1中信64購03,TW,0.0,461.0,0.0,0.0,0,0.0,0.0
063343,臺指2X中信64購01,TW,0.0,3.0,0.0,0.0,0,0.0,0.0
063344,台達電中信62購01,TW,0.0,-2519.0,0.0,0.0,0,0.0,0.0
063345,金像電中信64購01,TW,0.0,-581.0,0.0,0.0,0,0.0,0.0
063346,矽格中信5C購01,TW,0.0,655.0,0.0,0.0,0,0.0,0.0
063347,啟碁中信62購01,TW,0.0,14.0,0.0,0.0,0,0.0,0.0
063348,臺股指中信63購04,TW,0.0,-983.0,0.0,0.0,0,0.0,0.0
063349,新纖永豐5B購01,TW,0.0,-178.0,0.0,0.0,0,0.0,0.0
063350,光寶科永豐5C購01,TW,0.0,88.0,0.0,0.0,0,0.0,0.0
063351,台達電永豐5B購03,TW,0.0,-442.0,0.0,0.0,0,0.0,0.0
063352,精英永豐5A購01,TW,0.0,-27.0,0.0,0.0,0,0.0,0.0
063353,順德永豐5C購01,TW,0.0,-56.0,0.0,0.0,0,0.0,0.0
063354,所羅門永豐5B購01,TW,0.0,1020.0,0.0,0.0,0,0.0,0.0
063355,金像電永豐5A購01,TW,0.0,-187.0,0.0,0.0,0,0.0,0.0
063356,技嘉永豐61購01,TW,0.0,-123.0,0.0,0.0,0,0.0,0.0
063357,凌陽永豐5A購01,TW,0.0,-927.0,0.0,0.0,0,0.0,0.0
063358,毅嘉永豐61購01,TW,0.0,-66.0,0.0,0.0,0,0.0,0.0
063359,友達永豐5C購02,TW,0.0,-86.0,0.0,0.0,0,0.0,0.0
063360,立隆電永豐5C購01,TW,0.0,30.0,0.0,0.0,0,0.0,0.0
063361,大立光永豐5A購02,TW,0.0,203.0,0.0,0.0,0,0.0,0.0
063362,奇鋐永豐64購02,TW,0.0,-172.0,0.0,0.0,0,0.0,0.0
063366,嘉澤永豐5C購02,TW,0.0,-10.0,0.0,0.0,0,0.0,0.0
063367,世芯永豐61購04,TW,0.0,-65.0,0.0,0.0,0,0.0,0.0
063369,大銀永豐61購01,TW,0.0,5.0,0.0,0.0,0,0.0,0.0
063370,國精化永豐5C購02,TW,0.0,98.0,0.0,0.0,0,0.0,0.0
063371,眾達永豐5B購03,TW,0.0,-18.0,0.0,0.0,0,0.0,0.0
063372,乙盛永豐61購01,TW,0.0,107.0,0.0,0.0,0,0.0,0.0
063373,矽格永豐61購01,TW,0.0,71.0,0.0,0.0,0,0.0,0.0
063374,同欣電永豐5C購02,TW,0.0,6.0,0.0,0.0,0,0.0,0.0
063375,啟碁永豐5C購03,TW,0.0,-60.0,0.0,0.0,0,0.0,0.0
063376,緯穎永豐5C購03,TW,0.0,41.0,0.0,0.0,0,0.0,0.0
063377,康霈永豐5B購01,TW,0.0,-1506.0,0.0,0.0,0,0.0,0.0
063378,康霈永豐61購01,TW,0.0,-395.0,0.0,0.0,0,0.0,0.0
063379,康霈永豐64購01,TW,0.0,-77.0,0.0,0.0,0,0.0,0.0
06337U,道瓊銅凱基58售02,TW,0.0,-21.0,0.0,0.0,0,0.0,0.0
063380,鴻勁永豐62購01,TW,0.0,-430.0,1.0,0.0,0,0.0,0.0
063381,大成鋼國泰5B購01,TW,0.0,-22.0,0.0,0.0,0,0.0,0.0
063383,台達電國泰64購01,TW,0.0,-64.0,0.0,0.0,0,0.0,0.0
063387,jpp國泰5C購01,TW,0.0,-140.0,0.0,0.0,0,0.0,0.0
063388,同欣電國泰61購01,TW,0.0,38.0,0.0,0.0,0,0.0,0.0
063389,啟碁國泰61購01,TW,0.0,1535.0,0.0,0.0,0,0.0,0.0
063390,AES國泰5B購01,TW,0.0,-940.0,0.0,0.0,0,0.0,0.0
063391,兆聯國泰5B購01,TW,0.0,-97.0,0.0,0.0,0,0.0,0.0
063392,台灣50元大63購04,TW,0.0,496.0,0.0,0.0,0,0.0,0.0
063393,臺指反元大5B購02,TW,0.0,-50.0,0.0,0.0,0,0.0,0.0
063394,臺指反元大64購01,TW,0.0,42.0,0.0,0.0,0,0.0,0.0
063395,中砂元大5A購06,TW,0.0,-36.0,0.0,0.0,0,0.0,0.0
063396,中砂元大5A購07,TW,0.0,-1497.0,0.0,0.0,0,0.0,0.0
063397,長興元大5A購03,TW,0.0,-2.0,0.0,0.0,0,0.0,0.0
063398,台達電元大5A購06,TW,0.0,-397.0,0.0,0.0,0,0.0,0.0
063399,台達電元大5A購07,TW,0.0,-305.0,0.0,0.0,0,0.0,0.0
063400,台達電元大5A購08,TW,0.0,-402.0,0.0,0.0,0,0.0,0.0
063401,台達電元大5A購09,TW,0.0,-28.0,0.0,0.0,0,0.0,0.0
063402,台達電元大5A購10,TW,0.0,-40.0,0.0,0.0,0,0.0,0.0
063403,台達電元大5A購11,TW,0.0,-277.0,0.0,0.0,0,0.0,0.0
063404,台達電元大5A購12,TW,0.0,-2374.0,0.0,0.0,0,0.0,0.0
063405,台達電元大61購03,TW,0.0,-1442.0,0.0,0.0,0,0.0,0.0
063406,台達電元大64購04,TW,0.0,-5652.0,16.0,0.0,0,0.0,0.0
063407,智邦元大64購03,TW,0.0,271.0,0.0,0.0,0,0.0,0.0
063408,金像電元大5A購07,TW,0.0,-81.0,0.0,0.0,0,0.0,0.0
063409,金像電元大5A購08,TW,0.0,-24.0,0.0,0.0,0,0.0,0.0
063410,金像電元大5A購09,TW,0.0,-110.0,0.0,0.0,0,0.0,0.0
063411,金像電元大61購04,TW,0.0,235.0,0.0,0.0,0,0.0,0.0
063412,威盛元大5A購01,TW,0.0,-53.0,0.0,0.0,0,0.0,0.0
063413,超豐元大5A購01,TW,0.0,777.0,0.0,0.0,0,0.0,0.0
063414,超豐元大5A購02,TW,0.0,31.0,0.0,0.0,0,0.0,0.0
063415,京元電元大64購01,TW,0.0,168.0,0.0,0.0,0,0.0,0.0
063416,奇鋐元大61購16,TW,0.0,-577.0,0.0,0.0,0,0.0,0.0
063418,文曄元大5A購01,TW,0.0,64.0,0.0,0.0,0,0.0,0.0
063419,新日興元大61購04,TW,0.0,-597.0,0.0,0.0,0,0.0,0.0
063421,聯鈞元大61購04,TW,0.0,25.0,0.0,0.0,0,0.0,0.0
063422,聯鈞元大64購03,TW,0.0,20.0,0.0,0.0,0,0.0,0.0
063424,世芯元大61購11,TW,0.0,0.0,0.0,0.0,0,0.0,0.0
063425,世芯元大64購04,TW,0.0,-165.0,0.0,0.0,0,0.0,0.0
063427,臻鼎元大64購02,TW,0.0,1894.0,-2.0,0.0,0,0.0,0.0
063428,眾達元大5A購01,TW,0.0,9.0,0.0,0.0,0,0.0,0.0
063429,眾達元大61購01,TW,0.0,-925.0,0.0,0.0,0,0.0,0.0
063430,乙盛元大5A購01,TW,0.0,-1172.0,0.0,0.0,0,0.0,0.0
063431,乙盛元大5B購02,TW,0.0,-1090.0,0.0,0.0,0,0.0,0.0
063432,乙盛元大5C購01,TW,0.0,-782.0,0.0,0.0,0,0.0,0.0
063433,亞翔元大5A購06,TW,0.0,-18.0,0.0,0.0,0,0.0,0.0
063434,佳必琪元大5A購01,TW,0.0,-51.0,0.0,0.0,0,0.0,0.0
063435,啟碁元大5B購03,TW,0.0,16.0,0.0,0.0,0,0.0,0.0
063436,啟碁元大61購07,TW,0.0,141.0,0.0,0.0,0,0.0,0.0
063437,啟碁元大64購03,TW,0.0,-434.0,0.0,0.0,0,0.0,0.0
063438,保瑞元大5A購03,TW,0.0,-1120.0,0.0,0.0,0,0.0,0.0
063439,兆聯元大61購01,TW,0.0,-265.0,0.0,0.0,0,0.0,0.0
063440,鴻勁元大5A購03,TW,0.0,83.0,0.0,0.0,0,0.0,0.0
063441,鴻勁元大5A購04,TW,0.0,1104.0,0.0,0.0,0,0.0,0.0
063442,鴻勁元大5A購05,TW,0.0,193.0,0.0,0.0,0,0.0,0.0
063443,鴻勁元大5C購01,TW,0.0,24.0,0.0,0.0,0,0.0,0.0
063444,鴻勁元大5C購02,TW,0.0,-2.0,0.0,0.0,0,0.0,0.0
063445,世紀鋼元大5A購01,TW,0.0,-1122.0,0.0,0.0,0,0.0,0.0
063446,台達電統一66購01,TW,0.0,-744.0,0.0,0.0,0,0.0,0.0
063447,國巨統一74購01,TW,0.0,78.0,0.0,0.0,0,0.0,0.0
063448,台積電統一68購05,TW,0.0,-123.0,0.0,0.0,0,0.0,0.0
063449,順德統一64購02,TW,0.0,-336.0,0.0,0.0,0,0.0,0.0
063450,順德統一64購03,TW,0.0,310.0,0.0,0.0,0,0.0,0.0
063451,金像電統一74購01,TW,0.0,-1807.0,0.0,0.0,0,0.0,0.0
063452,漢唐統一74購01,TW,0.0,77.0,0.0,0.0,0,0.0,0.0
063453,仲琦統一63購02,TW,0.0,-219.0,0.0,0.0,0,0.0,0.0
063457,聯發科統一74購01,TW,0.0,110.0,0.0,0.0,0,0.0,0.0
063459,禾伸堂統一74購01,TW,0.0,48.0,-60.0,0.0,0,0.0,0.0
063461,聯鈞統一74購02,TW,0.0,10.0,0.0,0.0,0,0.0,0.0
063462,台勝科統一66購01,TW,0.0,76.0,0.0,0.0,0,0.0,0.0
063463,辛耘統一74購01,TW,0.0,-1517.0,0.0,0.0,0,0.0,0.0
063464,貿聯統一66購01,TW,0.0,-415.0,0.0,0.0,0,0.0,0.0
063465,眾達統一63購01,TW,0.0,-1242.0,0.0,0.0,0,0.0,0.0
063466,眾達統一66購01,TW,0.0,-359.0,0.0,0.0,0,0.0,0.0
063467,眾達統一68購01,TW,0.0,-153.0,0.0,0.0,0,0.0,0.0
063468,帆宣統一74購01,TW,0.0,1.0,0.0,0.0,0,0.0,0.0
063469,聯茂統一64購06,TW,0.0,-312.0,0.0,0.0,0,0.0,0.0
063470,矽格統一74購01,TW,0.0,-1.0,0.0,0.0,0,0.0,0.0
063471,啟碁統一74購01,TW,0.0,-309.0,0.0,0.0,0,0.0,0.0
063472,邁科統一63購01,TW,0.0,57.0,0.0,0.0,0,0.0,0.0
063474,康霈統一64購03,TW,0.0,-23.0,0.0,0.0,0,0.0,0.0
063475,康霈統一74購02,TW,0.0,-289.0,0.0,0.0,0,0.0,0.0
063476,康霈統一74購03,TW,0.0,-330.0,0.0,0.0,0,0.0,0.0
063477,兆聯統一64購01,TW,0.0,-10.0,0.0,0.0,0,0.0,0.0
063478,鴻勁統一63購01,TW,0.0,108.0,0.0,0.0,0,0.0,0.0
063479,鴻勁統一65購01,TW,0.0,-209.0,0.0,0.0,0,0.0,0.0
063480,華城國泰5B購01,TW,0.0,-1851.0,0.0,0.0,0,0.0,0.0
063481,美時國泰5B購01,TW,0.0,-147.0,0.0,0.0,0,0.0,0.0
063482,華擎國泰5B購01,TW,0.0,42.0,0.0,0.0,0,0.0,0.0
063485,宏致國泰5B購01,TW,0.0,-22.0,0.0,0.0,0,0.0,0.0
063486,中磊國泰5B購01,TW,0.0,121.0,0.0,0.0,0,0.0,0.0
063487,聯茂國泰5B購02,TW,0.0,-717.0,0.0,0.0,0,0.0,0.0
063488,昇陽半國泰5B購01,TW,0.0,-26.0,0.0,0.0,0,0.0,0.0
063490,臺指反中信64購01,TW,0.0,1917.0,0.0,0.0,0,0.0,0.0
063491,國巨中信64購01,TW,0.0,-1012.0,0.0,0.0,0,0.0,0.0
063492,金像電中信64購02,TW,0.0,-194.0,0.0,0.0,0,0.0,0.0
063493,臻鼎中信64購03,TW,0.0,-720.0,0.0,0.0,0,0.0,0.0
063494,華城永豐5B購02,TW,0.0,104.0,0.0,0.0,0,0.0,0.0
063495,華城永豐5C購01,TW,0.0,-91.0,0.0,0.0,0,0.0,0.0
063496,金像電永豐5C購02,TW,0.0,-222.0,0.0,0.0,0,0.0,0.0
063497,友達永豐5B購02,TW,0.0,-31.0,0.0,0.0,0,0.0,0.0
063498,增你強永豐5B購01,TW,0.0,-27.0,0.0,0.0,0,0.0,0.0
063499,晶技永豐5C購01,TW,0.0,-38.0,0.0,0.0,0,0.0,0.0
063500,聯鈞永豐61購02,TW,0.0,10.0,0.0,0.0,0,0.0,0.0
063501,嘉澤永豐5B購01,TW,0.0,-71.0,0.0,0.0,0,0.0,0.0
063502,辛耘永豐5A購03,TW,0.0,-2698.0,0.0,0.0,0,0.0,0.0
063503,台積電統一5C購01,TW,0.0,4.0,0.0,0.0,0,0.0,0.0
063504,貿聯永豐5C購03,TW,0.0,-193.0,0.0,0.0,0,0.0,0.0
063505,大銀永豐61購02,TW,0.0,356.0,0.0,0.0,0,0.0,0.0
063507,眾達永豐64購01,TW,0.0,-36.0,0.0,0.0,0,0.0,0.0
063508,華懋永豐5B購01,TW,0.0,46.0,0.0,0.0,0,0.0,0.0
063510,亞翔永豐61購01,TW,0.0,-410.0,0.0,0.0,0,0.0,0.0
063511,帆宣永豐5B購01,TW,0.0,-26.0,0.0,0.0,0,0.0,0.0
063512,聯茂永豐64購02,TW,0.0,-128.0,0.0,0.0,0,0.0,0.0
063513,聯茂永豐67購01,TW,0.0,-93.0,0.0,0.0,0,0.0,0.0
063514,迅得永豐5C購01,TW,0.0,-217.0,0.0,0.0,0,0.0,0.0
063515,兆聯永豐5B購02,TW,0.0,-1.0,0.0,0.0,0,0.0,0.0
063516,昇陽半永豐5C購02,TW,0.0,1269.0,0.0,0.0,0,0.0,0.0
063517,台虹永豐61購01,TW,0.0,237.0,0.0,0.0,0,0.0,0.0
063518,儒鴻兆豐64購01,TW,0.0,-387.0,0.0,0.0,0,0.0,0.0
063519,長興兆豐5C購01,TW,0.0,176.0,0.0,0.0,0,0.0,0.0
063520,台積電兆豐5C購01,TW,0.0,647.0,0.0,0.0,0,0.0,0.0
063521,佳能兆豐5A購01,TW,0.0,2548.0,0.0,0.0,0,0.0,0.0
063522,華城富邦5C購02,TW,0.0,-242.0,0.0,0.0,0,0.0,0.0
063523,華城富邦61購01,TW,0.0,-504.0,0.0,0.0,0,0.0,0.0
063524,中砂富邦5C購01,TW,0.0,2.0,0.0,0.0,0,0.0,0.0
063525,中砂富邦61購01,TW,0.0,-30.0,0.0,0.0,0,0.0,0.0
063526,金像電富邦64購01,TW,0.0,-157.0,0.0,0.0,0,0.0,0.0
063527,偉詮電富邦5C購01,TW,0.0,-1374.0,0.0,0.0,0,0.0,0.0
063528,偉詮電富邦61購01,TW,0.0,-1806.0,0.0,0.0,0,0.0,0.0
063530,華懋富邦5C購01,TW,0.0,-284.0,0.0,0.0,0,0.0,0.0
063531,矽格富邦62購02,TW,0.0,390.0,0.0,0.0,0,0.0,0.0
063532,台虹富邦61購01,TW,0.0,960.0,0.0,0.0,0,0.0,0.0
063533,聯茂國票5B購03,TW,0.0,-242.0,0.0,0.0,0,0.0,0.0
063534,滬深2X凱基61購02,TW,0.0,-43.0,0.0,0.0,0,0.0,0.0
063537,元油反凱基5B購01,TW,0.0,0.0,0.0,0.0,0,0.0,0.0
063538,台泥凱基5A購01,TW,0.0,-116.0,0.0,0.0,0,0.0,0.0
063539,華城凱基5A購04,TW,0.0,10.0,0.0,0.0,0,0.0,0.0
063540,楠梓電凱基61購01,TW,0.0,81.0,0.0,0.0,0,0.0,0.0
063541,台積電凱基63購07,TW,0.0,100.0,0.0,0.0,0,0.0,0.0
063542,順德凱基5A購03,TW,0.0,-4.0,0.0,0.0,0,0.0,0.0
063543,金像電凱基5A購07,TW,0.0,-210.0,0.0,0.0,0,0.0,0.0
063544,友達凱基5A購05,TW,0.0,-1887.0,0.0,0.0,0,0.0,0.0
063545,超豐凱基5A購01,TW,0.0,1346.0,0.0,0.0,0,0.0,0.0
063546,京元電凱基64購01,TW,0.0,-354.0,0.0,0.0,0,0.0,0.0
063547,立隆電凱基5B購02,TW,0.0,-14.0,0.0,0.0,0,0.0,0.0
063548,奇鋐凱基64購01,TW,0.0,-87.0,0.0,0.0,0,0.0,0.0
063549,德律凱基61購01,TW,0.0,-63.0,0.0,0.0,0,0.0,0.0
063550,文曄凱基5A購02,TW,0.0,-189.0,0.0,0.0,0,0.0,0.0
063551,新日興凱基5A購04,TW,0.0,-49.0,0.0,0.0,0,0.0,0.0
063552,聯鈞凱基5A購05,TW,0.0,69.0,0.0,0.0,0,0.0,0.0
063553,嘉澤凱基5A購06,TW,0.0,-266.0,0.0,0.0,0,0.0,0.0
063554,貿聯凱基5B購04,TW,0.0,-3.0,0.0,0.0,0,0.0,0.0
063555,國精化凱基61購01,TW,0.0,141.0,0.0,0.0,0,0.0,0.0
063556,臻鼎凱基64購01,TW,0.0,368.0,0.0,0.0,0,0.0,0.0
063557,帆宣凱基5A購01,TW,0.0,-30.0,0.0,0.0,0,0.0,0.0
063558,佳必琪凱基5C購02,TW,0.0,-105.0,0.0,0.0,0,0.0,0.0
063559,聯茂凱基5A購04,TW,0.0,-193.0,0.0,0.0,0,0.0,0.0
063560,矽格凱基5A購02,TW,0.0,15.0,0.0,0.0,0,0.0,0.0
063561,啟碁凱基64購01,TW,0.0,-114.0,0.0,0.0,0,0.0,0.0
063562,保瑞凱基5A購03,TW,0.0,-1261.0,0.0,0.0,0,0.0,0.0
063563,AES凱基61購01,TW,0.0,-900.0,0.0,0.0,0,0.0,0.0
063564,台虹凱基5C購03,TW,0.0,421.0,0.0,0.0,0,0.0,0.0
063566,中砂統一74購01,TW,0.0,-18.0,0.0,0.0,0,0.0,0.0
063567,中砂統一74購02,TW,0.0,20.0,0.0,0.0,0,0.0,0.0
063568,信錦統一74購02,TW,0.0,-461.0,0.0,0.0,0,0.0,0.0
063569,世芯永豐5A購01,TW,0.0,-257.0,0.0,0.0,0,0.0,0.0
063570,長興統一63購01,TW,0.0,542.0,0.0,0.0,0,0.0,0.0
063571,長興統一74購01,TW,0.0,199.0,0.0,0.0,0,0.0,0.0
063572,智邦統一64購02,TW,0.0,-424.0,0.0,0.0,0,0.0,0.0
063573,順德統一63購01,TW,0.0,29.0,0.0,0.0,0,0.0,0.0
063574,順德統一74購01,TW,0.0,-128.0,0.0,0.0,0,0.0,0.0
063575,金像電統一67購02,TW,0.0,-376.0,0.0,0.0,0,0.0,0.0
063576,友達統一64購01,TW,0.0,285.0,0.0,0.0,0,0.0,0.0
063577,鉅祥統一63購01,TW,0.0,-1998.0,0.0,0.0,0,0.0,0.0
063578,奇鋐統一63購03,TW,0.0,-2303.0,0.0,0.0,0,0.0,0.0
063579,奇鋐統一64購01,TW,0.0,-857.0,0.0,0.0,0,0.0,0.0
063580,增你強統一74購01,TW,0.0,-168.0,0.0,0.0,0,0.0,0.0
063581,嘉澤統一63購03,TW,0.0,21.0,0.0,0.0,0,0.0,0.0
063582,嘉澤統一64購04,TW,0.0,-35.0,0.0,0.0,0,0.0,0.0
063583,辛耘統一64購01,TW,0.0,-4226.0,0.0,0.0,0,0.0,0.0
063584,辛耘統一67購01,TW,0.0,-800.0,0.0,0.0,0,0.0,0.0
063585,辛耘統一67購02,TW,0.0,-791.0,0.0,0.0,0,0.0,0.0
063586,辛耘統一74購02,TW,0.0,-962.0,0.0,0.0,0,0.0,0.0
063587,TPK統一63購01,TW,0.0,316.0,0.0,0.0,0,0.0,0.0
063588,TPK統一74購02,TW,0.0,808.0,0.0,0.0,0,0.0,0.0
063589,大銀統一63購01,TW,0.0,18.0,0.0,0.0,0,0.0,0.0
063590,大銀統一64購03,TW,0.0,-177.0,0.0,0.0,0,0.0,0.0
063592,臻鼎統一64購04,TW,0.0,15.0,0.0,0.0,0,0.0,0.0
063593,臻鼎統一74購02,TW,0.0,-38.0,0.0,0.0,0,0.0,0.0
063594,眾達統一64購01,TW,0.0,-344.0,0.0,0.0,0,0.0,0.0
063595,中磊統一64購01,TW,0.0,-20.0,0.0,0.0,0,0.0,0.0
063596,中磊統一64購02,TW,0.0,-104.0,0.0,0.0,0,0.0,0.0
063597,聯茂統一74購03,TW,0.0,16.0,0.0,0.0,0,0.0,0.0
063598,聯茂統一74購04,TW,0.0,-828.0,0.0,0.0,0,0.0,0.0
063599,矽格統一74購02,TW,0.0,136.0,0.0,0.0,0,0.0,0.0
063600,邁科統一64購02,TW,0.0,25.0,0.0,0.0,0,0.0,0.0
063601,兆聯統一74購01,TW,0.0,-117.0,0.0,0.0,0,0.0,0.0
063602,台虹統一64購01,TW,0.0,-250.0,0.0,0.0,0,0.0,0.0
063603,T50正2台新5B購01,TW,0.0,-222.0,0.0,0.0,0,0.0,0.0
063604,台積電台新5A購01,TW,0.0,0.0,0.0,0.0,0,0.0,0.0
063605,元石油元大5A購03,TW,0.0,30.0,0.0,0.0,0,0.0,0.0
063606,元石油元大5C購01,TW,0.0,-323.0,0.0,0.0,0,0.0,0.0
063607,SGBR2X元大5B購03,TW,0.0,-218.0,0.0,0.0,0,0.0,0.0
063608,台聚元大5A購05,TW,0.0,-419.0,0.0,0.0,0,0.0,0.0
063609,中砂元大5C購02,TW,0.0,-447.0,0.0,0.0,0,0.0,0.0
063610,台積電元大5A購16,TW,0.0,-102.0,0.0,0.0,0,0.0,0.0
063611,台積電元大5B購04,TW,0.0,1798.0,0.0,0.0,0,0.0,0.0
063614,台積電元大61購25,TW,0.0,-623.0,0.0,0.0,0,0.0,0.0
063616,智邦元大5A購10,TW,0.0,1.0,0.0,0.0,0,0.0,0.0
063617,智邦元大61購04,TW,0.0,232.0,0.0,0.0,0,0.0,0.0
063618,金像電元大5A購10,TW,0.0,-754.0,0.0,0.0,0,0.0,0.0
063619,金像電元大5B購03,TW,0.0,498.0,0.0,0.0,0,0.0,0.0
063620,金像電元大61購05,TW,0.0,730.0,0.0,0.0,0,0.0,0.0
063621,菱生元大5C購03,TW,0.0,-48.0,0.0,0.0,0,0.0,0.0
063622,京元電元大5A購04,TW,0.0,-398.0,0.0,0.0,0,0.0,0.0
063623,立隆電元大5A購01,TW,0.0,-106.0,0.0,0.0,0,0.0,0.0
063624,立隆電元大5A購02,TW,0.0,-13.0,0.0,0.0,0,0.0,0.0
063625,強茂元大5A購02,TW,0.0,-722.0,0.0,0.0,0,0.0,0.0
063626,強茂元大5A購03,TW,0.0,618.0,0.0,0.0,0,0.0,0.0
063627,強茂元大5A購04,TW,0.0,765.0,0.0,0.0,0,0.0,0.0
063628,晟銘電元大5A購01,TW,0.0,632.0,0.0,0.0,0,0.0,0.0
063629,新日興元大5A購05,TW,0.0,-91.0,0.0,0.0,0,0.0,0.0
063630,聯鈞元大61購05,TW,0.0,14.0,0.0,0.0,0,0.0,0.0
063631,世芯元大5A購04,TW,0.0,-1.0,0.0,0.0,0,0.0,0.0
063632,世芯元大5B購06,TW,0.0,-45.0,0.0,0.0,0,0.0,0.0
063633,世芯元大61購12,TW,0.0,139.0,0.0,0.0,0,0.0,0.0
063634,臻鼎元大5A購02,TW,0.0,16.0,0.0,0.0,0,0.0,0.0
063635,達興元大5A購03,TW,0.0,-92.0,0.0,0.0,0,0.0,0.0
063636,達興元大5A購04,TW,0.0,-127.0,0.0,0.0,0,0.0,0.0
063637,聯茂元大5A購03,TW,0.0,-186.0,0.0,0.0,0,0.0,0.0
063638,聯茂元大5A購04,TW,0.0,-216.0,0.0,0.0,0,0.0,0.0
063639,聯茂元大5A購05,TW,0.0,-558.0,0.0,0.0,0,0.0,0.0
063640,聯茂元大5A購06,TW,0.0,-227.0,0.0,0.0,0,0.0,0.0
063641,聯茂元大5A購07,TW,0.0,-285.0,0.0,0.0,0,0.0,0.0
063642,聯茂元大61購02,TW,0.0,-2082.0,0.0,0.0,0,0.0,0.0
063643,聯茂元大63購03,TW,0.0,435.0,0.0,0.0,0,0.0,0.0
063644,力成元大61購03,TW,0.0,-10.0,0.0,0.0,0,0.0,0.0
063645,矽格元大5A購06,TW,0.0,222.0,0.0,0.0,0,0.0,0.0
063646,矽格元大5A購07,TW,0.0,31.0,0.0,0.0,0,0.0,0.0
063647,矽格元大5A購08,TW,0.0,-113.0,0.0,0.0,0,0.0,0.0
063648,啟碁元大5B購04,TW,0.0,-313.0,0.0,0.0,0,0.0,0.0
063649,啟碁元大61購08,TW,0.0,255.0,0.0,0.0,0,0.0,0.0
063650,啟碁元大63購04,TW,0.0,-339.0,0.0,0.0,0,0.0,0.0
063651,兆聯元大5A購02,TW,0.0,-434.0,0.0,0.0,0,0.0,0.0
063652,兆聯元大5C購01,TW,0.0,-1558.0,0.0,0.0,0,0.0,0.0
063653,長興永豐61購01,TW,0.0,-17.0,0.0,0.0,0,0.0,0.0
063654,台積電永豐5C購17,TW,0.0,-42.0,0.0,0.0,0,0.0,0.0
063655,台積電永豐5C購18,TW,0.0,-39.0,0.0,0.0,0,0.0,0.0
063656,智邦永豐5B購03,TW,0.0,15.0,0.0,0.0,0,0.0,0.0
063657,敬鵬永豐5B購01,TW,0.0,-79.0,0.0,0.0,0,0.0,0.0
063658,金像電永豐5B購02,TW,0.0,0.0,0.0,0.0,0,0.0,0.0
063659,毅嘉永豐61購02,TW,0.0,-34.0,0.0,0.0,0,0.0,0.0
063660,毅嘉永豐64購01,TW,0.0,-102.0,0.0,0.0,0,0.0,0.0
063662,奇鋐永豐5B購08,TW,0.0,-87.0,0.0,0.0,0,0.0,0.0
063664,昇貿永豐5C購01,TW,0.0,98.0,0.0,0.0,0,0.0,0.0
063665,聯鈞永豐61購03,TW,0.0,215.0,0.0,0.0,0,0.0,0.0
063667,牧德永豐61購01,TW,0.0,-53.0,0.0,0.0,0,0.0,0.0
063668,辛耘永豐5C購02,TW,0.0,-326.0,0.0,0.0,0,0.0,0.0
063669,貿聯永豐5C購04,TW,0.0,-59.0,0.0,0.0,0,0.0,0.0
063670,南寶永豐5C購01,TW,0.0,-10.0,0.0,0.0,0,0.0,0.0
063671,眾達永豐5B購04,TW,0.0,-34.0,0.0,0.0,0,0.0,0.0
063672,中磊永豐5C購01,TW,0.0,-31.0,0.0,0.0,0,0.0,0.0
063673,亞翔永豐5C購03,TW,0.0,-446.0,0.0,0.0,0,0.0,0.0
063674,矽格永豐5C購01,TW,0.0,75.0,0.0,0.0,0,0.0,0.0
063675,長華永豐5B購01,TW,0.0,-141.0,0.0,0.0,0,0.0,0.0
063676,華城兆豐5C購01,TW,0.0,-522.0,0.0,0.0,0,0.0,0.0
063677,國巨兆豐5C購01,TW,0.0,5.0,0.0,0.0,0,0.0,0.0
063678,鉅祥兆豐5C購01,TW,0.0,-198.0,0.0,0.0,0,0.0,0.0
063679,德律兆豐5C購02,TW,0.0,-1672.0,0.0,0.0,0,0.0,0.0
063680,健鼎兆豐5C購01,TW,0.0,-1123.0,0.0,0.0,0,0.0,0.0
063681,京鼎兆豐5C購01,TW,0.0,28.0,0.0,0.0,0,0.0,0.0
063682,貿聯兆豐64購02,TW,0.0,-457.0,0.0,0.0,0,0.0,0.0
063684,長興國票5A購03,TW,0.0,-8.0,0.0,0.0,0,0.0,0.0
063685,辛耘國票5A購03,TW,0.0,-2227.0,0.0,0.0,0,0.0,0.0
063686,辛耘國票5B購01,TW,0.0,-1576.0,0.0,0.0,0,0.0,0.0
063687,國精化國票5A購03,TW,0.0,-2.0,0.0,0.0,0,0.0,0.0
063691,牧德國泰5B購01,TW,0.0,36.0,0.0,0.0,0,0.0,0.0
063692,辛耘國泰61購01,TW,0.0,-119.0,0.0,0.0,0,0.0,0.0
063693,辛耘國泰61購02,TW,0.0,192.0,0.0,0.0,0,0.0,0.0
063694,貿聯國泰5B購01,TW,0.0,-96.0,0.0,0.0,0,0.0,0.0
063695,貿聯國泰5B購02,TW,0.0,-20.0,0.0,0.0,0,0.0,0.0
063696,TPK國泰5B購01,TW,0.0,27.0,0.0,0.0,0,0.0,0.0
063697,帆宣國泰61購01,TW,0.0,630.0,0.0,0.0,0,0.0,0.0
063698,騰輝電國泰5B購01,TW,0.0,58.0,0.0,0.0,0,0.0,0.0
063699,智邦中信64購01,TW,0.0,36.0,0.0,0.0,0,0.0,0.0
063701,亞翔中信64購01,TW,0.0,-512.0,0.0,0.0,0,0.0,0.0
063703,FBNQ2X凱基5A購01,TW,0.0,-48.0,0.0,0.0,0,0.0,0.0
063704,元日2X凱基61購01,TW,0.0,5.0,0.0,0.0,0,0.0,0.0
063707,東鋼凱基5B購01,TW,0.0,-4.0,0.0,0.0,0,0.0,0.0
063708,宇隆統一56購01,TW,0.0,29.0,0.0,0.0,0,0.0,0.0
063711,中橡凱基5B購01,TW,0.0,-5.0,0.0,0.0,0,0.0,0.0
063712,長榮統一5C購01,TW,0.0,-176.0,0.0,0.0,0,0.0,0.0
063714,光寶科凱基5A購07,TW,0.0,-2.0,0.0,0.0,0,0.0,0.0
063715,鴻海凱基5A購09,TW,0.0,-33.0,0.0,0.0,0,0.0,0.0
063717,台積電凱基61購05,TW,0.0,-3.0,0.0,0.0,0,0.0,0.0
063718,智邦凱基5A購08,TW,0.0,-243.0,-10.0,0.0,0,0.0,0.0
063719,毅嘉凱基5B購01,TW,0.0,5.0,0.0,0.0,0,0.0,0.0
06371U,力積電永豐56售01,TW,0.0,0.0,0.0,0.0,0,0.0,0.0
063720,建準凱基5A購02,TW,0.0,-134.0,0.0,0.0,0,0.0,0.0
063722,強茂凱基5A購01,TW,0.0,107.0,0.0,0.0,0,0.0,0.0
063723,高鐵凱基5A購01,TW,0.0,-68.0,0.0,0.0,0,0.0,0.0
063725,德律凱基5A購03,TW,0.0,-99.0,2.0,0.0,0,0.0,0.0
063726,晶技凱基5B購01,TW,0.0,1.0,0.0,0.0,0,0.0,0.0
063728,辛耘凱基5B購02,TW,0.0,51.0,0.0,0.0,0,0.0,0.0
063730,世芯凱基64購01,TW,0.0,-11.0,0.0,0.0,0,0.0,0.0
063731,雙鍵凱基5B購02,TW,0.0,6.0,0.0,0.0,0,0.0,0.0
063732,jpp凱基5A購03,TW,0.0,-463.0,0.0,0.0,0,0.0,0.0
063733,亞翔凱基61購01,TW,0.0,-5.0,0.0,0.0,0,0.0,0.0
063734,精成科凱基5A購02,TW,0.0,-10.0,0.0,0.0,0,0.0,0.0
063735,虎航凱基5A購01,TW,0.0,-125.0,0.0,0.0,0,0.0,0.0
063737,新代凱基5A購02,TW,0.0,-22.0,0.0,0.0,0,0.0,0.0
063738,南亞元大61購04,TW,0.0,-687.0,0.0,0.0,0,0.0,0.0
063739,台聚元大61購01,TW,0.0,-195.0,0.0,0.0,0,0.0,0.0
063740,華城元大63購01,TW,0.0,-236.0,0.0,0.0,0,0.0,0.0
063741,長興元大63購02,TW,0.0,158.0,0.0,0.0,0,0.0,0.0
063742,台積電元大61購26,TW,0.0,-611.0,0.0,0.0,0,0.0,0.0
063743,敬鵬元大5A購04,TW,0.0,-401.0,0.0,0.0,0,0.0,0.0
063744,金像電元大5B購04,TW,0.0,-732.0,0.0,0.0,0,0.0,0.0
063745,超豐元大5A購03,TW,0.0,43.0,0.0,0.0,0,0.0,0.0
063746,京元電元大5A購05,TW,0.0,-256.0,0.0,0.0,0,0.0,0.0
063747,京元電元大5B購01,TW,0.0,-53.0,0.0,0.0,0,0.0,0.0
063748,強茂元大5A購05,TW,0.0,-58.0,0.0,0.0,0,0.0,0.0
063749,強茂元大5A購06,TW,0.0,169.0,0.0,0.0,0,0.0,0.0
063750,禾伸堂元大5A購05,TW,0.0,17.0,0.0,0.0,0,0.0,0.0
063751,晶技元大5A購02,TW,0.0,-809.0,0.0,0.0,0,0.0,0.0
063752,聯鈞元大5A購08,TW,0.0,4.0,0.0,0.0,0,0.0,0.0
063754,台勝科元大5A購01,TW,0.0,-10.0,0.0,0.0,0,0.0,0.0
063755,牧德元大61購01,TW,0.0,1136.0,0.0,0.0,0,0.0,0.0
063756,辛耘元大5A購04,TW,0.0,-98.0,0.0,0.0,0,0.0,0.0
063757,辛耘元大5A購05,TW,0.0,20.0,0.0,0.0,0,0.0,0.0
063758,辛耘元大5A購06,TW,0.0,-6.0,0.0,0.0,0,0.0,0.0
063760,元日2X元富5C購01,TW,0.0,-199.0,0.0,0.0,0,0.0,0.0
063761,辛耘元大5A購07,TW,0.0,98.0,0.0,0.0,0,0.0,0.0
063762,辛耘元大5A購08,TW,0.0,-397.0,0.0,0.0,0,0.0,0.0
063763,辛耘元大5A購09,TW,0.0,-160.0,0.0,0.0,0,0.0,0.0
063764,辛耘元大5A購10,TW,0.0,-966.0,0.0,0.0,0,0.0,0.0
063765,辛耘元大5B購03,TW,0.0,-608.0,0.0,0.0,0,0.0,0.0
063766,辛耘元大5C購04,TW,0.0,-378.0,0.0,0.0,0,0.0,0.0
063767,定穎控元大61購08,TW,0.0,2653.0,0.0,0.0,0,0.0,0.0
063768,大銀元大61購01,TW,0.0,52.0,0.0,0.0,0,0.0,0.0
063769,國精化元大5A購04,TW,0.0,0.0,-5.0,0.0,0,0.0,0.0
063770,雙鍵元大5A購01,TW,0.0,14.0,0.0,0.0,0,0.0,0.0
063771,雙鍵元大5A購02,TW,0.0,-1.0,0.0,0.0,0,0.0,0.0
063772,臻鼎元大5A購03,TW,0.0,-61.0,0.0,0.0,0,0.0,0.0
063773,臻鼎元大5A購04,TW,0.0,2.0,0.0,0.0,0,0.0,0.0
063774,臻鼎元大5A購05,TW,0.0,36.0,0.0,0.0,0,0.0,0.0
063776,臻鼎元大5A購07,TW,0.0,1978.0,0.0,0.0,0,0.0,0.0
063777,眾達元大5A購02,TW,0.0,-936.0,0.0,0.0,0,0.0,0.0
063778,亞翔元大5A購07,TW,0.0,275.0,0.0,0.0,0,0.0,0.0
063779,亞翔元大5B購03,TW,0.0,-37.0,0.0,0.0,0,0.0,0.0
063780,亞翔元大63購01,TW,0.0,306.0,0.0,0.0,0,0.0,0.0
063781,啟碁元大61購09,TW,0.0,-414.0,0.0,0.0,0,0.0,0.0
063782,迅得元大5A購02,TW,0.0,-565.0,0.0,0.0,0,0.0,0.0
063783,兆聯元大5C購02,TW,0.0,-414.0,0.0,0.0,0,0.0,0.0
063784,昇陽半元大5A購05,TW,0.0,72.0,0.0,0.0,0,0.0,0.0
063785,昇陽半元大5A購06,TW,0.0,48.0,0.0,0.0,0,0.0,0.0
063786,昇陽半元大61購02,TW,0.0,1165.0,0.0,0.0,0,0.0,0.0
063787,中砂統一64購03,TW,0.0,-323.0,0.0,0.0,0,0.0,0.0
063788,東聯統一64購01,TW,0.0,-792.0,0.0,0.0,0,0.0,0.0
063789,長興統一74購02,TW,0.0,-925.0,0.0,0.0,0,0.0,0.0
063790,楠梓電統一74購01,TW,0.0,57.0,0.0,0.0,0,0.0,0.0
063791,智邦統一74購01,TW,0.0,-32.0,0.0,0.0,0,0.0,0.0
063792,敬鵬統一64購02,TW,0.0,-442.0,0.0,0.0,0,0.0,0.0
063793,金像電統一63購02,TW,0.0,1564.0,0.0,0.0,0,0.0,0.0
063794,金像電統一64購02,TW,0.0,-2073.0,0.0,0.0,0,0.0,0.0
063795,友達統一63購01,TW,0.0,-850.0,0.0,0.0,0,0.0,0.0
063796,立隆電統一64購01,TW,0.0,-998.0,0.0,0.0,0,0.0,0.0
063797,立隆電統一74購01,TW,0.0,-394.0,0.0,0.0,0,0.0,0.0
063798,鉅祥統一63購02,TW,0.0,-812.0,0.0,0.0,0,0.0,0.0
063799,禾伸堂統一64購03,TW,0.0,218.0,0.0,0.0,0,0.0,0.0
063800,增你強統一74購02,TW,0.0,-159.0,0.0,0.0,0,0.0,0.0
063802,牧德統一63購02,TW,0.0,420.0,0.0,0.0,0,0.0,0.0
063803,牧德統一64購01,TW,0.0,56.0,0.0,0.0,0,0.0,0.0
063804,牧德統一74購01,TW,0.0,-326.0,0.0,0.0,0,0.0,0.0
063805,辛耘統一74購03,TW,0.0,-1508.0,0.0,0.0,0,0.0,0.0
063806,辛耘統一74購04,TW,0.0,-1443.0,0.0,0.0,0,0.0,0.0
063807,世芯統一64購02,TW,0.0,-2.0,0.0,0.0,0,0.0,0.0
063808,世芯統一64購03,TW,0.0,2.0,0.0,0.0,0,0.0,0.0
063809,世芯統一74購01,TW,0.0,-57.0,0.0,0.0,0,0.0,0.0
063810,貿聯統一64購03,TW,0.0,-325.0,0.0,0.0,0,0.0,0.0
063811,貿聯統一68購01,TW,0.0,-1353.0,0.0,0.0,0,0.0,0.0
063812,TPK統一64購02,TW,0.0,42.0,0.0,0.0,0,0.0,0.0
063814,定穎控統一64購02,TW,0.0,0.0,0.0,0.0,0,0.0,0.0
063815,定穎控統一74購01,TW,0.0,-25.0,0.0,0.0,0,0.0,0.0
063816,大銀統一74購01,TW,0.0,46.0,0.0,0.0,0,0.0,0.0
063817,雙鍵統一74購03,TW,0.0,-195.0,0.0,0.0,0,0.0,0.0
063818,臻鼎統一63購02,TW,0.0,52.0,0.0,0.0,0,0.0,0.0
063819,眾達統一74購01,TW,0.0,76.0,0.0,0.0,0,0.0,0.0
063820,中磊統一64購03,TW,0.0,-174.0,0.0,0.0,0,0.0,0.0
063821,中磊統一64購04,TW,0.0,-465.0,0.0,0.0,0,0.0,0.0
063822,中磊統一64購05,TW,0.0,611.0,0.0,0.0,0,0.0,0.0
063823,亞翔統一63購01,TW,0.0,-58.0,0.0,0.0,0,0.0,0.0
063824,帆宣統一64購01,TW,0.0,13.0,0.0,0.0,0,0.0,0.0
063825,群電統一64購01,TW,0.0,-642.0,0.0,0.0,0,0.0,0.0
063827,台虹統一74購02,TW,0.0,43.0,0.0,0.0,0,0.0,0.0
063828,台虹統一74購03,TW,0.0,-104.0,0.0,0.0,0,0.0,0.0
063829,台灣50富邦74購01,TW,0.0,40.0,0.0,0.0,0,0.0,0.0
063830,上銀富邦5C購01,TW,0.0,5.0,0.0,0.0,0,0.0,0.0
063831,台積電富邦5C購08,TW,0.0,-2210.0,0.0,0.0,0,0.0,0.0
063832,毅嘉富邦61購01,TW,0.0,-2.0,0.0,0.0,0,0.0,0.0
063833,友達富邦5A購01,TW,0.0,-362.0,0.0,0.0,0,0.0,0.0
063834,台新金富邦5C購01,TW,0.0,541.0,0.0,0.0,0,0.0,0.0
063835,奇鋐富邦61購01,TW,0.0,-626.0,0.0,0.0,0,0.0,0.0
063836,緯創富邦64購01,TW,0.0,-209.0,0.0,0.0,0,0.0,0.0
063837,緯創富邦64購02,TW,0.0,-550.0,0.0,0.0,0,0.0,0.0
063838,聯鈞富邦5A購02,TW,0.0,12.0,0.0,0.0,0,0.0,0.0
063839,辛耘富邦5A購01,TW,0.0,1.0,0.0,0.0,0,0.0,0.0
063843,貿聯富邦64購01,TW,0.0,-169.0,0.0,0.0,0,0.0,0.0
063844,日月光富邦62購01,TW,0.0,-806.0,0.0,0.0,0,0.0,0.0
063846,亞翔富邦62購01,TW,0.0,328.0,0.0,0.0,0,0.0,0.0
063847,緯穎富邦61購03,TW,0.0,0.0,0.0,0.0,0,0.0,0.0
063848,臺股指富邦74購01,TW,0.0,25.0,0.0,0.0,0,0.0,0.0
063849,滬深2X群益63購01,TW,0.0,-248.0,7.0,0.0,0,0.0,0.0
063850,華城群益5B購02,TW,0.0,13.0,0.0,0.0,0,0.0,0.0
063851,華新群益5A購01,TW,0.0,-304.0,0.0,0.0,0,0.0,0.0
063852,長興群益5A購01,TW,0.0,43.0,0.0,0.0,0,0.0,0.0
063853,台積電群益5A購09,TW,0.0,-32.0,0.0,0.0,0,0.0,0.0
063854,台積電群益5A購10,TW,0.0,-57.0,0.0,0.0,0,0.0,0.0
063855,智邦群益5A購06,TW,0.0,1236.0,0.0,0.0,0,0.0,0.0
063856,智邦群益5C購01,TW,0.0,-3.0,0.0,0.0,0,0.0,0.0
063857,順德群益5A購03,TW,0.0,-142.0,0.0,0.0,0,0.0,0.0
063858,宏碁群益5A購01,TW,0.0,-31.0,0.0,0.0,0,0.0,0.0
063859,金像電群益5B購01,TW,0.0,-330.0,0.0,0.0,0,0.0,0.0
063860,菱生群益5A購03,TW,0.0,10.0,0.0,0.0,0,0.0,0.0
063861,漢唐群益5A購07,TW,0.0,86.0,0.0,0.0,0,0.0,0.0
063862,京元電群益5A購02,TW,0.0,182.0,0.0,0.0,0,0.0,0.0
063863,鉅祥群益5A購01,TW,0.0,-1488.0,0.0,0.0,0,0.0,0.0
063864,華新科群益5A購01,TW,0.0,11.0,0.0,0.0,0,0.0,0.0
063865,奇鋐群益5A購08,TW,0.0,-2795.0,0.0,0.0,0,0.0,0.0
063866,禾伸堂群益5A購01,TW,0.0,297.0,0.0,0.0,0,0.0,0.0
063867,德律群益5A購03,TW,0.0,-10.0,0.0,0.0,0,0.0,0.0
063868,牧德群益5A購01,TW,0.0,-30.0,0.0,0.0,0,0.0,0.0
063869,辛耘群益5A購04,TW,0.0,-114.0,0.0,0.0,0,0.0,0.0
06386U,滬深2X凱基56售05,TW,0.0,-3.0,0.0,0.0,0,0.0,0.0
063870,辛耘群益5A購05,TW,0.0,-38.0,0.0,0.0,0,0.0,0.0
063872,辛耘群益5C購02,TW,0.0,-183.0,0.0,0.0,0,0.0,0.0
063873,貿聯群益5A購04,TW,0.0,300.0,0.0,0.0,0,0.0,0.0
063875,日月光群益62購01,TW,0.0,-439.0,2.0,0.0,0,0.0,0.0
063876,定穎控群益5A購02,TW,0.0,-28.0,0.0,0.0,0,0.0,0.0
063877,jpp群益5A購02,TW,0.0,29.0,0.0,0.0,0,0.0,0.0
063879,亞翔群益5A購03,TW,0.0,-11.0,0.0,0.0,0,0.0,0.0
063880,帆宣群益63購01,TW,0.0,-430.0,0.0,0.0,0,0.0,0.0
063881,佳必琪群益5A購01,TW,0.0,-22.0,0.0,0.0,0,0.0,0.0
063882,矽格群益62購01,TW,0.0,-274.0,0.0,0.0,0,0.0,0.0
063883,啟碁群益5C購02,TW,0.0,-56.0,0.0,0.0,0,0.0,0.0
063884,保瑞群益5A購02,TW,0.0,719.0,0.0,0.0,0,0.0,0.0
063885,洋基群益5A購01,TW,0.0,-24.0,0.0,0.0,0,0.0,0.0
063886,AES群益5A購02,TW,0.0,-22.0,0.0,0.0,0,0.0,0.0
063887,兆聯群益5A購01,TW,0.0,1799.0,0.0,0.0,0,0.0,0.0
063888,台虹群益5B購03,TW,0.0,3436.0,0.0,0.0,0,0.0,0.0
063891,南亞永豐5C購02,TW,0.0,383.0,0.0,0.0,0,0.0,0.0
063893,信錦永豐5C購01,TW,0.0,-372.0,0.0,0.0,0,0.0,0.0
063894,美時永豐61購03,TW,0.0,-64.0,0.0,0.0,0,0.0,0.0
063895,國巨永豐5C購02,TW,0.0,-2.0,0.0,0.0,0,0.0,0.0
063896,國巨永豐64購01,TW,0.0,644.0,0.0,0.0,0,0.0,0.0
063897,智邦永豐5B購04,TW,0.0,-70.0,0.0,0.0,0,0.0,0.0
063898,京元電永豐5C購01,TW,0.0,124.0,0.0,0.0,0,0.0,0.0
063900,立隆電永豐5B購03,TW,0.0,6.0,0.0,0.0,0,0.0,0.0
063901,禾伸堂永豐5A購01,TW,0.0,728.0,0.0,0.0,0,0.0,0.0
063902,禾伸堂永豐5C購01,TW,0.0,-8.0,0.0,0.0,0,0.0,0.0
063903,晶技永豐61購01,TW,0.0,-1163.0,0.0,0.0,0,0.0,0.0
063904,日月光永豐61購01,TW,0.0,-281.0,0.0,0.0,0,0.0,0.0
063905,大銀永豐61購03,TW,0.0,521.0,0.0,0.0,0,0.0,0.0
063906,臻鼎永豐5C購02,TW,0.0,-659.0,0.0,0.0,0,0.0,0.0
063907,啟碁永豐5B購02,TW,0.0,-1282.0,0.0,0.0,0,0.0,0.0
063908,AES永豐5B購01,TW,0.0,-15.0,0.0,0.0,0,0.0,0.0
063909,采鈺永豐5A購02,TW,0.0,-5.0,0.0,0.0,0,0.0,0.0
063910,邁科永豐5C購01,TW,0.0,209.0,0.0,0.0,0,0.0,0.0
063911,雲豹永豐5A購01,TW,0.0,27.0,0.0,0.0,0,0.0,0.0
063912,雲豹永豐5C購01,TW,0.0,-12.0,0.0,0.0,0,0.0,0.0
063914,智邦兆豐5C購01,TW,0.0,-292.0,0.0,0.0,0,0.0,0.0
063915,金像電兆豐64購01,TW,0.0,-1445.0,0.0,0.0,0,0.0,0.0
063916,友達兆豐5C購01,TW,0.0,44.0,0.0,0.0,0,0.0,0.0
063917,奇鋐兆豐5C購01,TW,0.0,-75.0,0.0,0.0,0,0.0,0.0
063918,定穎控兆豐5C購01,TW,0.0,-187.0,0.0,0.0,0,0.0,0.0
063919,定穎控兆豐64購01,TW,0.0,-5.0,0.0,0.0,0,0.0,0.0
063921,儒鴻國票5A購01,TW,0.0,-407.0,0.0,0.0,0,0.0,0.0
063922,瑞昱國票5A購02,TW,0.0,45.0,0.0,0.0,0,0.0,0.0
063924,禾伸堂國票5B購02,TW,0.0,14.0,0.0,0.0,0,0.0,0.0
063925,禾伸堂國票5B購03,TW,0.0,74.0,0.0,0.0,0,0.0,0.0
063926,騰輝電國票5A購02,TW,0.0,1823.0,0.0,0.0,0,0.0,0.0
063927,惠特國票5B購01,TW,0.0,-63.0,0.0,0.0,0,0.0,0.0
063928,AES國票5A購02,TW,0.0,70.0,0.0,0.0,0,0.0,0.0
063930,新代國票5A購02,TW,0.0,-1246.0,0.0,0.0,0,0.0,0.0
063931,達運光國票5A購01,TW,0.0,55.0,0.0,0.0,0,0.0,0.0
063932,美時中信5C購01,TW,0.0,-109.0,0.0,0.0,0,0.0,0.0
063933,國巨中信64購02,TW,0.0,-91.0,0.0,0.0,0,0.0,0.0
063934,京元電中信62購01,TW,0.0,-338.0,0.0,0.0,0,0.0,0.0
063936,立隆電中信5A購01,TW,0.0,-15.0,0.0,0.0,0,0.0,0.0
063937,華新科中信5C購02,TW,0.0,26.0,0.0,0.0,0,0.0,0.0
063938,力成中信62購01,TW,0.0,2.0,0.0,0.0,0,0.0,0.0
063939,華城凱基5B購01,TW,0.0,85.0,0.0,0.0,0,0.0,0.0
063940,長興凱基5A購02,TW,0.0,-1297.0,0.0,0.0,0,0.0,0.0
063941,鴻海凱基67購01,TW,0.0,-101.0,0.0,0.0,0,0.0,0.0
063942,國巨凱基5B購01,TW,0.0,47.0,0.0,0.0,0,0.0,0.0
063943,台積電凱基67購12,TW,0.0,-113.0,0.0,0.0,0,0.0,0.0
063944,宏碁凱基5A購01,TW,0.0,-282.0,0.0,0.0,0,0.0,0.0
063945,金像電凱基5B購03,TW,0.0,-93.0,0.0,0.0,0,0.0,0.0
063946,菱生凱基63購01,TW,0.0,-6.0,0.0,0.0,0,0.0,0.0
063947,毅嘉凱基5A購02,TW,0.0,-334.0,0.0,0.0,0,0.0,0.0
063949,華新科凱基5B購02,TW,0.0,25.0,0.0,0.0,0,0.0,0.0
063950,揚博凱基5B購01,TW,0.0,-32.0,0.0,0.0,0,0.0,0.0
063951,大立光凱基5A購04,TW,0.0,266.0,0.0,0.0,0,0.0,0.0
063952,聯鈞凱基61購01,TW,0.0,36.0,0.0,0.0,0,0.0,0.0
063953,牧德凱基61購01,TW,0.0,60.0,0.0,0.0,0,0.0,0.0
063954,日月光凱基61購01,TW,0.0,-54.0,0.0,0.0,0,0.0,0.0
063955,大銀凱基5A購03,TW,0.0,405.0,0.0,0.0,0,0.0,0.0
063956,眾達凱基5B購01,TW,0.0,3.0,0.0,0.0,0,0.0,0.0
063957,瀚宇博凱基5A購02,TW,0.0,400.0,0.0,0.0,0,0.0,0.0
063958,亞翔凱基5B購04,TW,0.0,-70.0,0.0,0.0,0,0.0,0.0
063959,啟碁凱基61購05,TW,0.0,-50.0,0.0,0.0,0,0.0,0.0
063960,洋基凱基5A購02,TW,0.0,-4.0,0.0,0.0,0,0.0,0.0
063961,AES凱基5B購03,TW,0.0,-617.0,0.0,0.0,0,0.0,0.0
063962,天虹凱基5A購03,TW,0.0,-4.0,0.0,0.0,0,0.0,0.0
063963,世芯永豐56購01,TW,0.0,8.0,0.0,0.0,0,0.0,0.0
063964,兆聯凱基5C購02,TW,0.0,-9.0,0.0,0.0,0,0.0,0.0
063965,昇陽半凱基5A購01,TW,0.0,8.0,0.0,0.0,0,0.0,0.0
063966,長興元大5A購04,TW,0.0,12.0,0.0,0.0,0,0.0,0.0
063967,長興元大5A購05,TW,0.0,-74.0,0.0,0.0,0,0.0,0.0
063968,長興元大5C購01,TW,0.0,86.0,0.0,0.0,0,0.0,0.0
063969,台積電元大5A購17,TW,0.0,-510.0,0.0,0.0,0,0.0,0.0
063970,友達元大5A購10,TW,0.0,-377.0,0.0,0.0,0,0.0,0.0
063971,友達元大61購09,TW,0.0,-1574.0,0.0,0.0,0,0.0,0.0
063972,鉅祥元大5A購01,TW,0.0,-77.0,0.0,0.0,0,0.0,0.0
063973,禾伸堂元大5A購06,TW,0.0,119.0,0.0,0.0,0,0.0,0.0
063975,禾伸堂元大5A購08,TW,0.0,64.0,0.0,0.0,0,0.0,0.0
063976,禾伸堂元大5A購09,TW,0.0,17.0,0.0,0.0,0,0.0,0.0
063979,德律元大61購02,TW,0.0,-70.0,0.0,0.0,0,0.0,0.0
063980,晶技元大5A購03,TW,0.0,-448.0,0.0,0.0,0,0.0,0.0
063981,聯鈞元大5A購10,TW,0.0,-35.0,0.0,0.0,0,0.0,0.0
063984,聯鈞元大5A購14,TW,0.0,20.0,0.0,0.0,0,0.0,0.0
063986,聯鈞元大5A購16,TW,0.0,-371.0,3.0,0.0,0,0.0,0.0
063987,聯鈞元大5A購17,TW,0.0,262.0,0.0,0.0,0,0.0,0.0
063989,達邁元大5A購01,TW,0.0,245.0,0.0,0.0,0,0.0,0.0
063990,定穎控元大61購09,TW,0.0,973.0,0.0,0.0,0,0.0,0.0
063991,臻鼎元大5A購08,TW,0.0,321.0,0.0,0.0,0,0.0,0.0
063992,臻鼎元大5A購09,TW,0.0,35.0,0.0,0.0,0,0.0,0.0
063993,臻鼎元大5A購10,TW,0.0,343.0,0.0,0.0,0,0.0,0.0
063994,啟碁元大61購10,TW,0.0,-10.0,0.0,0.0,0,0.0,0.0
063995,天虹元大5A購02,TW,0.0,-766.0,0.0,0.0,0,0.0,0.0
063996,天虹元大5A購03,TW,0.0,-40.0,0.0,0.0,0,0.0,0.0
063997,天虹元大5A購04,TW,0.0,-110.0,0.0,0.0,0,0.0,0.0
063998,天虹元大5A購05,TW,0.0,-609.0,0.0,0.0,0,0.0,0.0
063999,台泥統一64購01,TW,0.0,-64.0,0.0,0.0,0,0.0,0.0
064000,長興統一64購01,TW,0.0,45.0,0.0,0.0,0,0.0,0.0
064001,長興統一64購02,TW,0.0,-328.0,0.0,0.0,0,0.0,0.0
064002,楠梓電統一62購02,TW,0.0,-1152.0,0.0,0.0,0,0.0,0.0
064003,楠梓電統一64購01,TW,0.0,568.0,0.0,0.0,0,0.0,0.0
064004,國巨統一64購01,TW,0.0,-29.0,0.0,0.0,0,0.0,0.0
064005,智邦統一64購03,TW,0.0,-1483.0,0.0,0.0,0,0.0,0.0
064006,智邦統一74購02,TW,0.0,-494.0,0.0,0.0,0,0.0,0.0
064007,技嘉統一64購01,TW,0.0,-2428.0,0.0,0.0,0,0.0,0.0
064008,技嘉統一64購02,TW,0.0,1043.0,0.0,0.0,0,0.0,0.0
064009,立隆電統一64購02,TW,0.0,-137.0,0.0,0.0,0,0.0,0.0
064010,立隆電統一74購02,TW,0.0,481.0,0.0,0.0,0,0.0,0.0
064011,禾伸堂統一64購04,TW,0.0,205.0,0.0,0.0,0,0.0,0.0
064012,禾伸堂統一67購01,TW,0.0,-48.0,0.0,0.0,0,0.0,0.0
064013,禾伸堂統一74購02,TW,0.0,58.0,0.0,0.0,0,0.0,0.0
064014,元債2X凱基5C購02,TW,0.0,-14.0,0.0,0.0,0,0.0,0.0
064015,德律統一63購03,TW,0.0,-62.0,0.0,0.0,0,0.0,0.0
064016,德律統一64購02,TW,0.0,-84.0,0.0,0.0,0,0.0,0.0
064017,晶技統一64購01,TW,0.0,37.0,0.0,0.0,0,0.0,0.0
064019,聯鈞統一74購03,TW,0.0,31.0,0.0,0.0,0,0.0,0.0
064020,台勝科統一63購01,TW,0.0,5.0,0.0,0.0,0,0.0,0.0
064021,台勝科統一66購02,TW,0.0,-92.0,0.0,0.0,0,0.0,0.0
064022,台勝科統一74購01,TW,0.0,-147.0,0.0,0.0,0,0.0,0.0
064024,牧德統一64購03,TW,0.0,-791.0,0.0,0.0,0,0.0,0.0
064025,牧德統一74購02,TW,0.0,-16.0,0.0,0.0,0,0.0,0.0
064026,定穎控統一64購03,TW,0.0,-15.0,0.0,0.0,0,0.0,0.0
064027,大銀統一63購02,TW,0.0,1636.0,0.0,0.0,0,0.0,0.0
064028,大銀統一66購01,TW,0.0,-68.0,0.0,0.0,0,0.0,0.0
064029,大銀統一74購02,TW,0.0,-172.0,0.0,0.0,0,0.0,0.0
064030,南寶統一63購01,TW,0.0,257.0,0.0,0.0,0,0.0,0.0
064031,南寶統一64購02,TW,0.0,5.0,0.0,0.0,0,0.0,0.0
064032,眾達統一64購02,TW,0.0,-191.0,0.0,0.0,0,0.0,0.0
064033,眾達統一74購02,TW,0.0,32.0,0.0,0.0,0,0.0,0.0
064034,中磊統一64購06,TW,0.0,-270.0,0.0,0.0,0,0.0,0.0
064035,帆宣統一74購02,TW,0.0,-90.0,0.0,0.0,0,0.0,0.0
064036,台表科統一64購01,TW,0.0,-213.0,0.0,0.0,0,0.0,0.0
064037,啟碁統一66購02,TW,0.0,298.0,0.0,0.0,0,0.0,0.0
064038,啟碁統一66購03,TW,0.0,-1086.0,0.0,0.0,0,0.0,0.0
064039,啟碁統一74購02,TW,0.0,-6.0,0.0,0.0,0,0.0,0.0
064040,鈺邦統一64購02,TW,0.0,-27.0,0.0,0.0,0,0.0,0.0
064042,新代統一62購01,TW,0.0,-403.0,0.0,0.0,0,0.0,0.0
064043,新代統一66購01,TW,0.0,-85.0,0.0,0.0,0,0.0,0.0
064044,矽創統一64購01,TW,0.0,-666.0,0.0,0.0,0,0.0,0.0
064045,元石油群益5A購01,TW,0.0,80.0,0.0,0.0,0,0.0,0.0
064047,長興群益5B購01,TW,0.0,-120.0,0.0,0.0,0,0.0,0.0
064048,光寶科群益5A購04,TW,0.0,-14.0,0.0,0.0,0,0.0,0.0
064049,鴻海群益5A購10,TW,0.0,-14.0,0.0,0.0,0,0.0,0.0
064050,台積電群益62購02,TW,0.0,51.0,0.0,0.0,0,0.0,0.0
064051,智邦群益5A購07,TW,0.0,-471.0,0.0,0.0,0,0.0,0.0
064052,聯發科群益5A購07,TW,0.0,1.0,0.0,0.0,0,0.0,0.0
064053,強茂群益5A購01,TW,0.0,61.0,0.0,0.0,0,0.0,0.0
064054,德律群益5A購04,TW,0.0,-24.0,0.0,0.0,0,0.0,0.0
064055,智原群益5C購01,TW,0.0,4.0,0.0,0.0,0,0.0,0.0
064056,緯創群益5A購05,TW,0.0,-138.0,0.0,0.0,0,0.0,0.0
064058,聯鈞群益5A購03,TW,0.0,10.0,0.0,0.0,0,0.0,0.0
064061,世芯群益5A購03,TW,0.0,6.0,0.0,0.0,0,0.0,0.0
064062,臻鼎群益5A購03,TW,0.0,-70.0,0.0,0.0,0,0.0,0.0
064063,臻鼎群益5A購04,TW,0.0,-5.0,0.0,0.0,0,0.0,0.0
064064,眾達群益61購01,TW,0.0,123.0,0.0,0.0,0,0.0,0.0
064065,亞翔群益5A購04,TW,0.0,-435.0,0.0,0.0,0,0.0,0.0
064066,精成科群益63購01,TW,0.0,-445.0,0.0,0.0,0,0.0,0.0
064067,台表科群益5A購01,TW,0.0,2.0,0.0,0.0,0,0.0,0.0
064068,台表科群益5A購02,TW,0.0,-15.0,0.0,0.0,0,0.0,0.0
064069,臺股指群益69購01,TW,0.0,-4.0,0.0,0.0,0,0.0,0.0
064070,華新富邦5C購02,TW,0.0,32.0,0.0,0.0,0,0.0,0.0
064071,長興富邦64購01,TW,0.0,197.0,0.0,0.0,0,0.0,0.0
064072,光寶科富邦74購02,TW,0.0,-54.0,0.0,0.0,0,0.0,0.0
064074,國巨富邦64購01,TW,0.0,-119.0,0.0,0.0,0,0.0,0.0
064075,華泰富邦5C購03,TW,0.0,106.0,0.0,0.0,0,0.0,0.0
064076,智邦富邦5C購03,TW,0.0,-10.0,0.0,0.0,0,0.0,0.0
064077,智邦富邦61購01,TW,0.0,-254.0,0.0,0.0,0,0.0,0.0
064078,菱生富邦61購01,TW,0.0,194.0,0.0,0.0,0,0.0,0.0
064079,技嘉富邦5A購01,TW,0.0,-605.0,0.0,0.0,0,0.0,0.0
064081,漢唐富邦5C購03,TW,0.0,-1481.0,0.0,0.0,0,0.0,0.0
064082,京元電富邦5C購03,TW,0.0,-1198.0,0.0,0.0,0,0.0,0.0
064083,長榮富邦61購01,TW,0.0,0.0,0.0,0.0,0,0.0,0.0
064084,永豐金富邦5C購01,TW,0.0,95.0,0.0,0.0,0,0.0,0.0
064085,奇鋐富邦61購02,TW,0.0,-182.0,0.0,0.0,0,0.0,0.0
064087,日電貿富邦5A購01,TW,0.0,426.0,0.0,0.0,0,0.0,0.0
064088,台勝科富邦61購01,TW,0.0,-591.0,0.0,0.0,0,0.0,0.0
064089,嘉澤富邦61購01,TW,0.0,553.0,0.0,0.0,0,0.0,0.0
064091,定穎控富邦61購02,TW,0.0,-5.0,0.0,0.0,0,0.0,0.0
064093,大銀富邦61購01,TW,0.0,7.0,0.0,0.0,0,0.0,0.0
064094,臻鼎富邦5C購02,TW,0.0,5.0,0.0,0.0,0,0.0,0.0
064096,臻鼎富邦61購01,TW,0.0,-79.0,0.0,0.0,0,0.0,0.0
064097,帆宣富邦5A購01,TW,0.0,-163.0,0.0,0.0,0,0.0,0.0
064098,同欣電富邦5C購03,TW,0.0,-347.0,0.0,0.0,0,0.0,0.0
064099,啟碁富邦5C購02,TW,0.0,-306.0,0.0,0.0,0,0.0,0.0
064100,啟碁富邦61購01,TW,0.0,-15.0,0.0,0.0,0,0.0,0.0
064101,啟碁富邦61購02,TW,0.0,76.0,0.0,0.0,0,0.0,0.0
064102,富鼎富邦61購01,TW,0.0,255.0,0.0,0.0,0,0.0,0.0
064103,和桐國泰5B購01,TW,0.0,76.0,0.0,0.0,0,0.0,0.0
064104,長興國泰5B購01,TW,0.0,0.0,0.0,0.0,0,0.0,0.0
064105,友達國泰5B購01,TW,0.0,9.0,0.0,0.0,0,0.0,0.0
064106,禾伸堂國泰5B購03,TW,0.0,32.0,0.0,0.0,0,0.0,0.0
064107,世芯國泰62購01,TW,0.0,2.0,0.0,0.0,0,0.0,0.0
064109,天虹國泰5B購01,TW,0.0,11.0,0.0,0.0,0,0.0,0.0
064112,友達國泰5B購02,TW,0.0,1154.0,0.0,0.0,0,0.0,0.0
064113,大立光國泰5B購02,TW,0.0,298.0,0.0,0.0,0,0.0,0.0
064114,大立光國泰5B購03,TW,0.0,19.0,0.0,0.0,0,0.0,0.0
064115,新唐國泰5C購01,TW,0.0,25.0,0.0,0.0,0,0.0,0.0
064116,AES國泰5B購02,TW,0.0,-9.0,0.0,0.0,0,0.0,0.0
064117,T50正2永豐5B購02,TW,0.0,567.0,0.0,0.0,0,0.0,0.0
064118,上銀永豐5C購01,TW,0.0,-207.0,0.0,0.0,0,0.0,0.0
064119,國巨永豐5A購02,TW,0.0,-190.0,0.0,0.0,0,0.0,0.0
064120,台積電永豐74購01,TW,0.0,-564.0,0.0,0.0,0,0.0,0.0
064121,友達永豐61購02,TW,0.0,-97.0,0.0,0.0,0,0.0,0.0
064122,友達永豐64購01,TW,0.0,-185.0,0.0,0.0,0,0.0,0.0
064124,盟立永豐5C購01,TW,0.0,49.0,0.0,0.0,0,0.0,0.0
064125,大立光永豐5A購03,TW,0.0,1130.0,0.0,0.0,0,0.0,0.0
064126,大立光永豐5C購02,TW,0.0,-504.0,0.0,0.0,0,0.0,0.0
064127,大立光永豐64購01,TW,0.0,2.0,0.0,0.0,0,0.0,0.0
064128,奇鋐永豐64購03,TW,0.0,-415.0,0.0,0.0,0,0.0,0.0
064129,玉晶光永豐5A購01,TW,0.0,-96.0,0.0,0.0,0,0.0,0.0
064130,國精化永豐5A購01,TW,0.0,405.0,0.0,0.0,0,0.0,0.0
064131,臻鼎永豐5A購02,TW,0.0,-36.0,0.0,0.0,0,0.0,0.0
064132,康舒永豐61購01,TW,0.0,-15.0,0.0,0.0,0,0.0,0.0
064133,啟碁永豐61購01,TW,0.0,-74.0,0.0,0.0,0,0.0,0.0
064134,采鈺永豐5C購01,TW,0.0,-65.0,0.0,0.0,0,0.0,0.0
064135,聯鈞兆豐5C購01,TW,0.0,254.0,0.0,0.0,0,0.0,0.0
064136,牧德兆豐5C購01,TW,0.0,469.0,0.0,0.0,0,0.0,0.0
064137,日月光兆豐5C購01,TW,0.0,107.0,0.0,0.0,0,0.0,0.0
064138,統一富邦61購01,TW,0.0,1652.0,0.0,0.0,0,0.0,0.0
064139,日月光富邦5A購02,TW,0.0,582.0,0.0,0.0,0,0.0,0.0
064140,日月光富邦64購01,TW,0.0,-528.0,0.0,0.0,0,0.0,0.0
064141,日月光富邦6A購01,TW,0.0,51.0,0.0,0.0,0,0.0,0.0
064143,南亞統一64購01,TW,0.0,-204.0,0.0,0.0,0,0.0,0.0
064144,南亞統一74購01,TW,0.0,-80.0,0.0,0.0,0,0.0,0.0
064145,台化統一64購01,TW,0.0,-397.0,0.0,0.0,0,0.0,0.0
064146,台化統一74購01,TW,0.0,-37.0,0.0,0.0,0,0.0,0.0
064147,國巨統一64購02,TW,0.0,136.0,0.0,0.0,0,0.0,0.0
064148,國巨統一74購02,TW,0.0,-446.0,0.0,0.0,0,0.0,0.0
064149,技嘉統一74購01,TW,0.0,44.0,0.0,0.0,0,0.0,0.0
064150,友達統一74購01,TW,0.0,210.0,0.0,0.0,0,0.0,0.0
064151,立隆電統一62購01,TW,0.0,134.0,0.0,0.0,0,0.0,0.0
064152,華新科統一63購01,TW,0.0,3.0,0.0,0.0,0,0.0,0.0
064153,大立光統一64購01,TW,0.0,1489.0,0.0,0.0,0,0.0,0.0
064154,大立光統一74購01,TW,0.0,-780.0,0.0,0.0,0,0.0,0.0
064156,晶技統一64購02,TW,0.0,-196.0,0.0,0.0,0,0.0,0.0
064157,晶技統一74購01,TW,0.0,246.0,0.0,0.0,0,0.0,0.0
064158,晶技統一74購02,TW,0.0,-1647.0,0.0,0.0,0,0.0,0.0
064159,玉晶光統一64購01,TW,0.0,-509.0,0.0,0.0,0,0.0,0.0
064160,玉晶光統一64購02,TW,0.0,-2228.0,0.0,0.0,0,0.0,0.0
064161,玉晶光統一74購01,TW,0.0,202.0,0.0,0.0,0,0.0,0.0
064162,聯鈞統一64購01,TW,0.0,-260.0,0.0,0.0,0,0.0,0.0
064163,台勝科統一64購01,TW,0.0,8.0,0.0,0.0,0,0.0,0.0
064164,TPK統一74購03,TW,0.0,-534.0,0.0,0.0,0,0.0,0.0
064165,日月光統一62購04,TW,0.0,-914.0,0.0,0.0,0,0.0,0.0
064166,日月光統一64購02,TW,0.0,161.0,0.0,0.0,0,0.0,0.0
064167,啟碁統一64購01,TW,0.0,-77.0,0.0,0.0,0,0.0,0.0
064169,昇陽半統一67購01,TW,0.0,-127.0,0.0,0.0,0,0.0,0.0
064170,上銀國票5B購01,TW,0.0,-131.0,0.0,0.0,0,0.0,0.0
064171,金像電國票5B購02,TW,0.0,50.0,0.0,0.0,0,0.0,0.0
064174,聯發科國票5B購01,TW,0.0,92.0,0.0,0.0,0,0.0,0.0
064175,強茂國票5A購02,TW,0.0,299.0,0.0,0.0,0,0.0,0.0
064176,大立光國票5B購01,TW,0.0,60.0,0.0,0.0,0,0.0,0.0
064177,晶技國票5B購02,TW,0.0,425.0,0.0,0.0,0,0.0,0.0
064179,新日興國票5A購02,TW,0.0,7.0,0.0,0.0,0,0.0,0.0
064182,玉晶光國票5A購02,TW,0.0,949.0,0.0,0.0,0,0.0,0.0
064183,台勝科國票5B購02,TW,0.0,-271.0,0.0,0.0,0,0.0,0.0
064184,大銀國票5B購01,TW,0.0,718.0,0.0,0.0,0,0.0,0.0
064185,大銀國票5B購02,TW,0.0,90.0,0.0,0.0,0,0.0,0.0
064186,祥碩國票5A購01,TW,0.0,4.0,0.0,0.0,0,0.0,0.0
064187,采鈺國票5A購02,TW,0.0,-180.0,0.0,0.0,0,0.0,0.0
064188,采鈺國票5B購01,TW,0.0,218.0,0.0,0.0,0,0.0,0.0
064189,天虹國票5B購01,TW,0.0,-50.0,0.0,0.0,0,0.0,0.0
064191,T50正2台新64購01,TW,0.0,-38.0,0.0,0.0,0,0.0,0.0
064192,鴻海台新5A購01,TW,0.0,115.0,0.0,0.0,0,0.0,0.0
064194,鴻海台新64購01,TW,0.0,279.0,0.0,0.0,0,0.0,0.0
064195,國巨台新5A購01,TW,0.0,2.0,0.0,0.0,0,0.0,0.0
064196,國巨台新5A購02,TW,0.0,39.0,0.0,0.0,0,0.0,0.0
064197,英業達台新5A購01,TW,0.0,-106.0,0.0,0.0,0,0.0,0.0
064198,研華台新5A購01,TW,0.0,1.0,0.0,0.0,0,0.0,0.0
064199,揚博台新5A購01,TW,0.0,-44.0,0.0,0.0,0,0.0,0.0
064202,建漢台新5A購01,TW,0.0,-11.0,0.0,0.0,0,0.0,0.0
064203,建漢台新5A購02,TW,0.0,-13.0,0.0,0.0,0,0.0,0.0
064204,玉晶光台新5A購01,TW,0.0,-438.0,0.0,0.0,0,0.0,0.0
064205,臻鼎台新64購01,TW,0.0,7.0,0.0,0.0,0,0.0,0.0
064206,力成台新64購01,TW,0.0,-12.0,0.0,0.0,0,0.0,0.0
064207,啟碁台新5A購01,TW,0.0,-1625.0,0.0,0.0,0,0.0,0.0
064208,兆聯台新5A購01,TW,0.0,-104.0,0.0,0.0,0,0.0,0.0
064209,新代台新5A購01,TW,0.0,998.0,0.0,0.0,0,0.0,0.0
06420U,緯創群益5A售01,TW,0.0,325.0,0.0,0.0,0,0.0,0.0
064210,台化群益5C購01,TW,0.0,-30.0,0.0,0.0,0,0.0,0.0
064211,上銀群益5C購01,TW,0.0,20.0,0.0,0.0,0,0.0,0.0
064212,台積電群益5A購11,TW,0.0,-243.0,0.0,0.0,0,0.0,0.0
064213,金像電群益5A購04,TW,0.0,-1249.0,0.0,0.0,0,0.0,0.0
064214,金像電群益5A購05,TW,0.0,-477.0,0.0,0.0,0,0.0,0.0
064215,友達群益5A購03,TW,0.0,60.0,0.0,0.0,0,0.0,0.0
064216,友達群益5A購04,TW,0.0,96.0,0.0,0.0,0,0.0,0.0
064218,大立光群益5A購02,TW,0.0,15.0,0.0,0.0,0,0.0,0.0
064219,大立光群益5C購01,TW,0.0,312.0,0.0,0.0,0,0.0,0.0
06421U,力成群益5A售01,TW,0.0,101.0,0.0,0.0,0,0.0,0.0
064220,晶技群益5B購02,TW,0.0,-1308.0,0.0,0.0,0,0.0,0.0
064221,晶技群益5C購01,TW,0.0,-1060.0,0.0,0.0,0,0.0,0.0
064223,日月光群益5C購01,TW,0.0,-225.0,0.0,0.0,0,0.0,0.0
064224,眾達群益5C購01,TW,0.0,789.0,0.0,0.0,0,0.0,0.0
064225,亞翔群益5A購05,TW,0.0,-102.0,0.0,0.0,0,0.0,0.0
064226,力成群益5A購04,TW,0.0,376.0,0.0,0.0,0,0.0,0.0
064227,采鈺群益5C購01,TW,0.0,-559.0,0.0,0.0,0,0.0,0.0
064228,天虹群益5A購02,TW,0.0,-31.0,0.0,0.0,0,0.0,0.0
064229,天虹群益5B購01,TW,0.0,7.0,0.0,0.0,0,0.0,0.0
064230,新代群益5A購02,TW,0.0,270.0,0.0,0.0,0,0.0,0.0
064231,昇陽半群益5B購01,TW,0.0,10.0,0.0,0.0,0,0.0,0.0
064232,臺股指群益5C購03,TW,0.0,1.0,0.0,0.0,0,0.0,0.0
064234,台灣50元大5A購08,TW,0.0,-1228.0,0.0,0.0,0,0.0,0.0
064235,台灣50元大5B購04,TW,0.0,-128.0,0.0,0.0,0,0.0,0.0
064236,T50正2元大5B購07,TW,0.0,5.0,0.0,0.0,0,0.0,0.0
064237,華城元大63購02,TW,0.0,-563.0,0.0,0.0,0,0.0,0.0
064238,美時元大5A購03,TW,0.0,-1262.0,0.0,0.0,0,0.0,0.0
064239,美時元大61購04,TW,0.0,-1475.0,0.0,0.0,0,0.0,0.0
064240,金像電元大5A購11,TW,0.0,-1857.0,0.0,0.0,0,0.0,0.0
064241,金像電元大5A購12,TW,0.0,-398.0,0.0,0.0,0,0.0,0.0
064242,金像電元大5A購13,TW,0.0,-1186.0,0.0,0.0,0,0.0,0.0
064243,金像電元大5A購14,TW,0.0,-1108.0,0.0,0.0,0,0.0,0.0
064244,金像電元大5B購05,TW,0.0,-5346.0,0.0,0.0,0,0.0,0.0
064245,金像電元大61購06,TW,0.0,-2177.0,0.0,0.0,0,0.0,0.0
064246,威盛元大61購01,TW,0.0,-402.0,0.0,0.0,0,0.0,0.0
064247,大立光元大5A購03,TW,0.0,-108.0,0.0,0.0,0,0.0,0.0
064248,大立光元大5B購01,TW,0.0,171.0,0.0,0.0,0,0.0,0.0
064249,大立光元大61購14,TW,0.0,553.0,0.0,0.0,0,0.0,0.0
064250,奇鋐元大5C購07,TW,0.0,-410.0,0.0,0.0,0,0.0,0.0
064251,晶技元大5A購04,TW,0.0,-2082.0,0.0,0.0,0,0.0,0.0
064252,晶技元大5A購05,TW,0.0,-1834.0,0.0,0.0,0,0.0,0.0
064253,晶技元大5A購06,TW,0.0,-311.0,0.0,0.0,0,0.0,0.0
064254,晶技元大5A購07,TW,0.0,-724.0,0.0,0.0,0,0.0,0.0
064255,玉晶光元大5A購01,TW,0.0,231.0,0.0,0.0,0,0.0,0.0
064256,玉晶光元大5A購02,TW,0.0,-213.0,0.0,0.0,0,0.0,0.0
064257,玉晶光元大5A購03,TW,0.0,619.0,0.0,0.0,0,0.0,0.0
064258,聯鈞元大5A購18,TW,0.0,8.0,0.0,0.0,0,0.0,0.0
064259,台勝科元大5A購02,TW,0.0,-44.0,0.0,0.0,0,0.0,0.0
064262,台勝科元大5A購05,TW,0.0,-240.0,2.0,0.0,0,0.0,0.0
064263,定穎控元大61購10,TW,0.0,-264.0,0.0,0.0,0,0.0,0.0
064264,大銀元大5A購04,TW,0.0,72.0,0.0,0.0,0,0.0,0.0
064265,大銀元大5A購05,TW,0.0,346.0,-16.0,0.0,0,0.0,0.0
064266,大銀元大5A購06,TW,0.0,38.0,0.0,0.0,0,0.0,0.0
064267,大銀元大5B購01,TW,0.0,309.0,0.0,0.0,0,0.0,0.0
064268,大銀元大5C購01,TW,0.0,414.0,0.0,0.0,0,0.0,0.0
064269,大銀元大63購01,TW,0.0,811.0,0.0,0.0,0,0.0,0.0
064270,臻鼎元大5A購11,TW,0.0,5.0,0.0,0.0,0,0.0,0.0
064272,臻鼎元大5A購13,TW,0.0,-13.0,0.0,0.0,0,0.0,0.0
064273,啟碁元大5A購04,TW,0.0,67.0,0.0,0.0,0,0.0,0.0
064274,達發元大5A購01,TW,0.0,186.0,0.0,0.0,0,0.0,0.0
064275,臺股指元大64購14,TW,0.0,-422.0,0.0,0.0,0,0.0,0.0
064279,SGBR2X凱基5B購03,TW,0.0,6.0,0.0,0.0,0,0.0,0.0
064280,SGBR2X凱基5B購04,TW,0.0,50.0,0.0,0.0,0,0.0,0.0
064281,上銀凱基5A購02,TW,0.0,20.0,0.0,0.0,0,0.0,0.0
064282,鴻海凱基5B購04,TW,0.0,2425.0,0.0,0.0,0,0.0,0.0
064283,台積電凱基61購06,TW,0.0,-20.0,0.0,0.0,0,0.0,0.0
064284,台積電凱基67購13,TW,0.0,4.0,0.0,0.0,0,0.0,0.0
064285,智邦凱基64購01,TW,0.0,-325.0,0.0,0.0,0,0.0,0.0
064286,金像電凱基5B購04,TW,0.0,-287.0,0.0,0.0,0,0.0,0.0
064288,立隆電凱基5A購01,TW,0.0,-3578.0,0.0,0.0,0,0.0,0.0
064289,鉅祥凱基5A購02,TW,0.0,26.0,0.0,0.0,0,0.0,0.0
064290,華新科凱基5A購01,TW,0.0,247.0,0.0,0.0,0,0.0,0.0
064291,揚博凱基5A購01,TW,0.0,-1590.0,0.0,0.0,0,0.0,0.0
064292,大立光凱基5A購05,TW,0.0,199.0,0.0,0.0,0,0.0,0.0
064293,奇鋐凱基5A購11,TW,0.0,1137.0,0.0,0.0,0,0.0,0.0
064294,德律凱基5B購02,TW,0.0,-19.0,0.0,0.0,0,0.0,0.0
064295,晶技凱基5A購02,TW,0.0,-500.0,0.0,0.0,0,0.0,0.0
064297,聯鈞凱基5A購07,TW,0.0,-91.0,0.0,0.0,0,0.0,0.0
064298,台勝科凱基5A購02,TW,0.0,-124.0,0.0,0.0,0,0.0,0.0
064299,世芯凱基5A購07,TW,0.0,24.0,0.0,0.0,0,0.0,0.0
064300,定穎控凱基61購07,TW,0.0,1.0,0.0,0.0,0,0.0,0.0
064301,新唐凱基5A購02,TW,0.0,13.0,0.0,0.0,0,0.0,0.0
064302,臻鼎凱基5A購05,TW,0.0,1.0,0.0,0.0,0,0.0,0.0
064303,眾達凱基5A購04,TW,0.0,-3.0,0.0,0.0,0,0.0,0.0
064304,瀚宇博凱基5A購03,TW,0.0,-200.0,0.0,0.0,0,0.0,0.0
064305,精成科凱基63購01,TW,0.0,0.0,0.0,0.0,0,0.0,0.0
064306,台表科凱基5A購01,TW,0.0,29.0,0.0,0.0,0,0.0,0.0
064307,啟碁凱基5A購05,TW,0.0,96.0,0.0,0.0,0,0.0,0.0
064308,新代凱基5A購03,TW,0.0,-3.0,0.0,0.0,0,0.0,0.0
064309,美時兆豐5C購01,TW,0.0,-6.0,0.0,0.0,0,0.0,0.0
064310,友達兆豐5C購02,TW,0.0,-16.0,0.0,0.0,0,0.0,0.0
064311,達興兆豐5C購01,TW,0.0,-103.0,0.0,0.0,0,0.0,0.0
064312,金像電富邦61購01,TW,0.0,-631.0,0.0,0.0,0,0.0,0.0
064313,大立光富邦61購01,TW,0.0,-136.0,0.0,0.0,0,0.0,0.0
064314,大聯大富邦5C購01,TW,0.0,-164.0,0.0,0.0,0,0.0,0.0
064315,台灣50凱基5A購10,TW,0.0,-18.0,0.0,0.0,0,0.0,0.0
064316,台灣50凱基5B購06,TW,0.0,332.0,0.0,0.0,0,0.0,0.0
064317,南亞凱基61購03,TW,0.0,40.0,0.0,0.0,0,0.0,0.0
064318,士電凱基5A購02,TW,0.0,-86.0,0.0,0.0,0,0.0,0.0
064319,華城凱基5A購05,TW,0.0,20.0,0.0,0.0,0,0.0,0.0
064320,中砂凱基5C購01,TW,0.0,-16.0,0.0,0.0,0,0.0,0.0
064321,亞德客凱基5A購02,TW,0.0,-123.0,0.0,0.0,0,0.0,0.0
064324,台積電凱基65購06,TW,0.0,-10.0,0.0,0.0,0,0.0,0.0
064325,智邦凱基5B購03,TW,0.0,-19.0,0.0,0.0,0,0.0,0.0
064326,金像電凱基5A購08,TW,0.0,22.0,0.0,0.0,0,0.0,0.0
064327,威盛凱基61購01,TW,0.0,126.0,0.0,0.0,0,0.0,0.0
064328,友達凱基5A購06,TW,0.0,-107.0,0.0,0.0,0,0.0,0.0
064329,京元電凱基5B購01,TW,0.0,4.0,0.0,0.0,0,0.0,0.0
064331,盟立凱基5A購02,TW,0.0,1.0,0.0,0.0,0,0.0,0.0
064332,華新科凱基5A購02,TW,0.0,10.0,0.0,0.0,0,0.0,0.0
064333,健鼎凱基5B購01,TW,0.0,-37.0,0.0,0.0,0,0.0,0.0
064334,玉晶光凱基5A購01,TW,0.0,-1.0,0.0,0.0,0,0.0,0.0
064335,融程電凱基5A購01,TW,0.0,94.0,0.0,0.0,0,0.0,0.0
064336,華擎凱基5B購01,TW,0.0,-33.0,0.0,0.0,0,0.0,0.0
064337,大聯大凱基5A購03,TW,0.0,-623.0,0.0,0.0,0,0.0,0.0
064339,jpp凱基5B購01,TW,0.0,-4.0,0.0,0.0,0,0.0,0.0
064340,亞翔凱基63購01,TW,0.0,-362.0,0.0,0.0,0,0.0,0.0
064341,台虹凱基5B購01,TW,0.0,-8.0,0.0,0.0,0,0.0,0.0
064342,上銀永豐5C購02,TW,0.0,-191.0,0.0,0.0,0,0.0,0.0
064343,台積電永豐64購03,TW,0.0,-56.0,0.0,0.0,0,0.0,0.0
064344,金像電永豐5B購03,TW,0.0,-158.0,0.0,0.0,0,0.0,0.0
064345,盟立永豐5B購01,TW,0.0,12.0,0.0,0.0,0,0.0,0.0
064346,華新科永豐5C購01,TW,0.0,9.0,0.0,0.0,0,0.0,0.0
064347,大立光永豐66購01,TW,0.0,730.0,0.0,0.0,0,0.0,0.0
064348,日月光永豐61購02,TW,0.0,-315.0,0.0,0.0,0,0.0,0.0
064349,精銳永豐5B購02,TW,0.0,-51.0,0.0,0.0,0,0.0,0.0
064351,祥碩永豐61購01,TW,0.0,-835.0,0.0,0.0,0,0.0,0.0
064352,台達化國票5B購01,TW,0.0,-2413.0,0.0,0.0,0,0.0,0.0
064353,直得國票5B購02,TW,0.0,-227.0,0.0,0.0,0,0.0,0.0
064354,智邦國票5B購01,TW,0.0,-70.0,0.0,0.0,0,0.0,0.0
064355,凱美國票5A購01,TW,0.0,199.0,0.0,0.0,0,0.0,0.0
064356,研華國票5A購02,TW,0.0,-313.0,0.0,0.0,0,0.0,0.0
064358,友達國票5A購03,TW,0.0,-20.0,0.0,0.0,0,0.0,0.0
064359,友達國票5B購01,TW,0.0,-28.0,0.0,0.0,0,0.0,0.0
064360,京元電國票5A購01,TW,0.0,215.0,0.0,0.0,0,0.0,0.0
064361,立隆電國票5B購02,TW,0.0,-1342.0,0.0,0.0,0,0.0,0.0
064362,立隆電國票5B購03,TW,0.0,-1731.0,0.0,0.0,0,0.0,0.0
064363,日電貿國票5A購01,TW,0.0,407.0,0.0,0.0,0,0.0,0.0
064364,日電貿國票5B購01,TW,0.0,-4907.0,0.0,0.0,0,0.0,0.0
064365,玉晶光國票5B購01,TW,0.0,1004.0,0.0,0.0,0,0.0,0.0
064366,達邁國票5B購01,TW,0.0,-58.0,0.0,0.0,0,0.0,0.0
064367,世芯國票5A購03,TW,0.0,40.0,0.0,0.0,0,0.0,0.0
064368,貿聯國票5B購03,TW,0.0,4.0,0.0,0.0,0,0.0,0.0
064369,TPK國票5B購02,TW,0.0,-60.0,0.0,0.0,0,0.0,0.0
064370,TPK國票5B購03,TW,0.0,-190.0,0.0,0.0,0,0.0,0.0
064371,TPK國票5B購04,TW,0.0,-853.0,0.0,0.0,0,0.0,0.0
064372,日月光國票5B購02,TW,0.0,396.0,0.0,0.0,0,0.0,0.0
064374,佳必琪國票5A購02,TW,0.0,-26.0,0.0,0.0,0,0.0,0.0
064375,台塑化國票5A購02,TW,0.0,-25.0,0.0,0.0,0,0.0,0.0
064376,志超國票5B購01,TW,0.0,-128.0,0.0,0.0,0,0.0,0.0
064378,台灣50台新5A購02,TW,0.0,39.0,0.0,0.0,0,0.0,0.0
064380,東元台新64購01,TW,0.0,-65.0,0.0,0.0,0,0.0,0.0
064381,華城台新5A購01,TW,0.0,-86.0,0.0,0.0,0,0.0,0.0
064382,華城台新5A購02,TW,0.0,-1541.0,0.0,0.0,0,0.0,0.0
064383,華城台新5A購03,TW,0.0,-332.0,0.0,0.0,0,0.0,0.0
064384,華城台新5B購01,TW,0.0,-89.0,0.0,0.0,0,0.0,0.0
064385,華城台新61購01,TW,0.0,-585.0,0.0,0.0,0,0.0,0.0
064386,信錦台新5A購01,TW,0.0,-653.0,4.0,0.0,0,0.0,0.0
064387,信錦台新5A購02,TW,0.0,-1123.0,0.0,0.0,0,0.0,0.0
064388,上銀台新64購01,TW,0.0,-21.0,0.0,0.0,0,0.0,0.0
064389,國巨台新5A購03,TW,0.0,49.0,0.0,0.0,0,0.0,0.0
064390,華泰台新5B購01,TW,0.0,2744.0,0.0,0.0,0,0.0,0.0
064392,華泰台新61購01,TW,0.0,40.0,0.0,0.0,0,0.0,0.0
064393,智邦台新5A購01,TW,0.0,60.0,0.0,0.0,0,0.0,0.0
064395,毅嘉台新5A購02,TW,0.0,-461.0,0.0,0.0,0,0.0,0.0
064396,毅嘉台新5A購03,TW,0.0,-10.0,0.0,0.0,0,0.0,0.0
064397,鉅祥台新5A購01,TW,0.0,-210.0,0.0,0.0,0,0.0,0.0
064398,鉅祥台新5A購02,TW,0.0,-110.0,0.0,0.0,0,0.0,0.0
064399,大立光台新5A購01,TW,0.0,30.0,0.0,0.0,0,0.0,0.0
064400,大立光台新5A購02,TW,0.0,165.0,0.0,0.0,0,0.0,0.0
064401,智伸科台新5A購01,TW,0.0,58.0,0.0,0.0,0,0.0,0.0
064402,鈞興台新5A購01,TW,0.0,190.0,0.0,0.0,0,0.0,0.0
064403,國精化台新5A購01,TW,0.0,-82.0,0.0,0.0,0,0.0,0.0
064404,材料台新5A購01,TW,0.0,-28.0,0.0,0.0,0,0.0,0.0
064406,臻鼎台新5A購01,TW,0.0,119.0,0.0,0.0,0,0.0,0.0
064407,旭隼台新5A購01,TW,0.0,33.0,0.0,0.0,0,0.0,0.0
064408,兆聯台新5B購01,TW,0.0,-13.0,0.0,0.0,0,0.0,0.0
064409,兆聯台新5B購02,TW,0.0,18.0,0.0,0.0,0,0.0,0.0
064410,新代台新5A購02,TW,0.0,-30.0,0.0,0.0,0,0.0,0.0
064412,勤誠台新5A購02,TW,0.0,-91.0,0.0,0.0,0,0.0,0.0
064413,勤誠台新5A購03,TW,0.0,-42.0,0.0,0.0,0,0.0,0.0
064414,日電貿國泰5B購01,TW,0.0,73.0,0.0,0.0,0,0.0,0.0
064415,jpp國泰5B購01,TW,0.0,-8.0,0.0,0.0,0,0.0,0.0
064416,新代國泰5B購02,TW,0.0,-30.0,0.0,0.0,0,0.0,0.0
064419,上銀統一64購02,TW,0.0,-351.0,0.0,0.0,0,0.0,0.0
064420,上銀統一64購03,TW,0.0,200.0,0.0,0.0,0,0.0,0.0
064421,金像電統一66購01,TW,0.0,-291.0,0.0,0.0,0,0.0,0.0
064422,毅嘉統一74購01,TW,0.0,31.0,0.0,0.0,0,0.0,0.0
064423,友達統一64購02,TW,0.0,-58.0,0.0,0.0,0,0.0,0.0
064424,立隆電統一64購03,TW,0.0,-652.0,0.0,0.0,0,0.0,0.0
064425,立隆電統一66購01,TW,0.0,-148.0,0.0,0.0,0,0.0,0.0
064426,大立光統一64購02,TW,0.0,-148.0,0.0,0.0,0,0.0,0.0
064427,大立光統一66購01,TW,0.0,-534.0,0.0,0.0,0,0.0,0.0
064428,玉晶光統一66購01,TW,0.0,-842.0,0.0,0.0,0,0.0,0.0
064429,日月光統一64購03,TW,0.0,-509.0,5.0,0.0,0,0.0,0.0
064430,日月光統一74購01,TW,0.0,-318.0,0.0,0.0,0,0.0,0.0
064431,日月光統一74購02,TW,0.0,-63.0,5.0,0.0,0,0.0,0.0
064432,材料統一64購01,TW,0.0,-7.0,0.0,0.0,0,0.0,0.0
064433,新唐統一64購02,TW,0.0,-810.0,0.0,0.0,0,0.0,0.0
064434,臻鼎統一66購01,TW,0.0,125.0,0.0,0.0,0,0.0,0.0
064435,精成科統一67購01,TW,0.0,0.0,0.0,0.0,0,0.0,0.0
064436,GIS統一66購01,TW,0.0,-150.0,0.0,0.0,0,0.0,0.0
064437,台塑化統一74購01,TW,0.0,0.0,0.0,0.0,0,0.0,0.0
064438,新代統一64購02,TW,0.0,-416.0,0.0,0.0,0,0.0,0.0
064439,元石油群益5A購02,TW,0.0,20.0,0.0,0.0,0,0.0,0.0
064440,中砂群益5A購05,TW,0.0,-98.0,0.0,0.0,0,0.0,0.0
064441,上銀群益5B購02,TW,0.0,184.0,0.0,0.0,0,0.0,0.0
064442,上銀群益61購01,TW,0.0,-11.0,0.0,0.0,0,0.0,0.0
064443,智邦群益5A購08,TW,0.0,-447.0,0.0,0.0,0,0.0,0.0
064444,金像電群益5A購06,TW,0.0,-500.0,0.0,0.0,0,0.0,0.0
064445,金像電群益5A購07,TW,0.0,-2367.0,0.0,0.0,0,0.0,0.0
064447,立隆電群益5B購02,TW,0.0,-726.0,0.0,0.0,0,0.0,0.0
064448,立隆電群益5C購02,TW,0.0,-1794.0,0.0,0.0,0,0.0,0.0
064449,大立光群益5A購03,TW,0.0,-592.0,0.0,0.0,0,0.0,0.0
064450,奇鋐群益5A購09,TW,0.0,1836.0,0.0,0.0,0,0.0,0.0
064451,世芯群益5A購04,TW,0.0,-150.0,0.0,0.0,0,0.0,0.0
064452,精成科群益62購01,TW,0.0,-6.0,0.0,0.0,0,0.0,0.0
064453,台表科群益5A購03,TW,0.0,-8.0,0.0,0.0,0,0.0,0.0
064454,臺股指群益65購03,TW,0.0,-5.0,0.0,0.0,0,0.0,0.0
064455,台達化元大5A購01,TW,0.0,-2580.0,0.0,0.0,0,0.0,0.0
064456,直得元大5A購02,TW,0.0,169.0,0.0,0.0,0,0.0,0.0
064457,上銀元大5A購01,TW,0.0,-68.0,0.0,0.0,0,0.0,0.0
064458,上銀元大61購06,TW,0.0,-459.0,0.0,0.0,0,0.0,0.0
064459,金像電元大5A購15,TW,0.0,-2332.0,0.0,0.0,0,0.0,0.0
064460,金像電元大5A購16,TW,0.0,-5.0,0.0,0.0,0,0.0,0.0
064461,金像電元大5B購06,TW,0.0,417.0,0.0,0.0,0,0.0,0.0
064462,金像電元大61購07,TW,0.0,-1903.0,0.0,0.0,0,0.0,0.0
064463,毅嘉元大5A購02,TW,0.0,-496.0,0.0,0.0,0,0.0,0.0
064464,毅嘉元大5A購03,TW,0.0,30.0,0.0,0.0,0,0.0,0.0
064465,毅嘉元大5A購04,TW,0.0,-5.0,0.0,0.0,0,0.0,0.0
064466,毅嘉元大5C購04,TW,0.0,-570.0,0.0,0.0,0,0.0,0.0
064467,友達元大5A購11,TW,0.0,359.0,0.0,0.0,0,0.0,0.0
064468,友達元大61購10,TW,0.0,-385.0,0.0,0.0,0,0.0,0.0
064469,興勤元大5A購01,TW,0.0,-765.0,20.0,0.0,0,0.0,0.0
064470,美律元大5A購01,TW,0.0,-184.0,0.0,0.0,0,0.0,0.0
064471,立隆電元大5A購03,TW,0.0,312.0,0.0,0.0,0,0.0,0.0
064472,立隆電元大5A購04,TW,0.0,-477.0,0.0,0.0,0,0.0,0.0
064473,立隆電元大5A購05,TW,0.0,-70.0,0.0,0.0,0,0.0,0.0
064474,立隆電元大5A購06,TW,0.0,-274.0,0.0,0.0,0,0.0,0.0
064475,TPK元大5A購02,TW,0.0,-766.0,0.0,0.0,0,0.0,0.0
064476,TPK元大5A購03,TW,0.0,-653.0,0.0,0.0,0,0.0,0.0
064477,TPK元大5A購04,TW,0.0,-154.0,0.0,0.0,0,0.0,0.0
064478,TPK元大5A購05,TW,0.0,-1664.0,0.0,0.0,0,0.0,0.0
064479,材料元大5A購01,TW,0.0,-99.0,0.0,0.0,0,0.0,0.0
064481,臻鼎元大61購07,TW,0.0,-43.0,0.0,0.0,0,0.0,0.0
064482,眾達元大5B購01,TW,0.0,-1034.0,0.0,0.0,0,0.0,0.0
064483,台表科元大5A購02,TW,0.0,145.0,0.0,0.0,0,0.0,0.0
064484,GIS元大5A購01,TW,0.0,-272.0,0.0,0.0,0,0.0,0.0
064485,惠特元大5A購04,TW,0.0,727.0,0.0,0.0,0,0.0,0.0
064486,惠特元大61購01,TW,0.0,-776.0,0.0,0.0,0,0.0,0.0
064487,邁科元大5A購02,TW,0.0,82.0,0.0,0.0,0,0.0,0.0
064488,新代元大5A購02,TW,0.0,15.0,0.0,0.0,0,0.0,0.0
064489,台虹元大61購03,TW,0.0,32.0,0.0,0.0,0,0.0,0.0
064490,台虹元大63購01,TW,0.0,-264.0,0.0,0.0,0,0.0,0.0
064491,T50正2國票5A購04,TW,0.0,-5.0,0.0,0.0,0,0.0,0.0
064492,臺指反國票5A購02,TW,0.0,312.0,0.0,0.0,0,0.0,0.0
064493,華邦電國票5B購01,TW,0.0,-2149.0,0.0,0.0,0,0.0,0.0
064494,技嘉國票5A購01,TW,0.0,-435.0,0.0,0.0,0,0.0,0.0
064495,技嘉國票5B購01,TW,0.0,-20.0,0.0,0.0,0,0.0,0.0
064496,威盛國票5B購01,TW,0.0,-3727.0,0.0,0.0,0,0.0,0.0
064497,南亞科國票5B購01,TW,0.0,-2921.0,2.0,0.0,0,0.0,0.0
064498,京元電國票5A購02,TW,0.0,6.0,0.0,0.0,0,0.0,0.0
064500,台新金國票5A購01,TW,0.0,-4.0,0.0,0.0,0,0.0,0.0
064502,群創國票5A購01,TW,0.0,-953.0,0.0,0.0,0,0.0,0.0
064503,嘉澤國票5B購01,TW,0.0,-73.0,0.0,0.0,0,0.0,0.0
064505,精銳國票5B購01,TW,0.0,-15.0,0.0,0.0,0,0.0,0.0
064506,眾達國票5A購04,TW,0.0,77.0,0.0,0.0,0,0.0,0.0
064507,祥碩國票5A購02,TW,0.0,-138.0,0.0,0.0,0,0.0,0.0
064508,帆宣國票5B購01,TW,0.0,-6.0,0.0,0.0,0,0.0,0.0
064509,矽格國票5B購03,TW,0.0,-18.0,0.0,0.0,0,0.0,0.0
064510,同欣電國票5B購01,TW,0.0,-418.0,0.0,0.0,0,0.0,0.0
064511,台表科國票5B購01,TW,0.0,607.0,0.0,0.0,0,0.0,0.0
064512,GIS國票5A購01,TW,0.0,-20.0,0.0,0.0,0,0.0,0.0
064514,臺股指國票5A購06,TW,0.0,-304.0,0.0,0.0,0,0.0,0.0
064515,揚博國泰5B購01,TW,0.0,-106.0,0.0,0.0,0,0.0,0.0
064516,神達國泰5B購01,TW,0.0,-3.0,0.0,0.0,0,0.0,0.0
064517,精銳國泰5B購01,TW,0.0,766.0,0.0,0.0,0,0.0,0.0
064518,台表科國泰5B購02,TW,0.0,64.0,0.0,0.0,0,0.0,0.0
064520,GIS國泰5B購01,TW,0.0,-46.0,0.0,0.0,0,0.0,0.0
064521,保瑞國泰5B購02,TW,0.0,1307.0,0.0,0.0,0,0.0,0.0
064522,台塑化國泰5B購01,TW,0.0,-70.0,0.0,0.0,0,0.0,0.0
064523,南茂國泰5B購02,TW,0.0,3.0,0.0,0.0,0,0.0,0.0
064524,華邦電統一74購01,TW,0.0,-267.0,0.0,0.0,0,0.0,0.0
064525,華城永豐61購01,TW,0.0,-498.0,0.0,0.0,0,0.0,0.0
064526,聯電永豐61購01,TW,0.0,-83.0,0.0,0.0,0,0.0,0.0
064527,金寶永豐5A購01,TW,0.0,-1204.0,0.0,0.0,0,0.0,0.0
064528,金寶永豐5C購01,TW,0.0,-441.0,0.0,0.0,0,0.0,0.0
064529,台亞永豐5B購01,TW,0.0,46.0,0.0,0.0,0,0.0,0.0
064530,華邦電永豐61購01,TW,0.0,102.0,0.0,0.0,0,0.0,0.0
064532,華邦電永豐6A購01,TW,0.0,-90.0,0.0,0.0,0,0.0,0.0
064533,南亞科永豐61購01,TW,0.0,-491.0,0.0,0.0,0,0.0,0.0
064534,南亞科永豐64購01,TW,0.0,-6.0,0.0,0.0,0,0.0,0.0
064535,南亞科永豐67購01,TW,0.0,-1488.0,0.0,0.0,0,0.0,0.0
064536,強茂永豐5B購02,TW,0.0,-1251.0,0.0,0.0,0,0.0,0.0
064537,揚博永豐5C購01,TW,0.0,-134.0,0.0,0.0,0,0.0,0.0
064538,群創永豐5A購01,TW,0.0,-2878.0,0.0,0.0,0,0.0,0.0
064539,群創永豐5C購01,TW,0.0,-1676.0,7.0,0.0,0,0.0,0.0
064540,牧德永豐5A購03,TW,0.0,-24.0,0.0,0.0,0,0.0,0.0
064541,新唐永豐5C購02,TW,0.0,-42.0,0.0,0.0,0,0.0,0.0
064542,十銓永豐5C購01,TW,0.0,96.0,0.0,0.0,0,0.0,0.0
064543,十銓永豐64購01,TW,0.0,-55.0,0.0,0.0,0,0.0,0.0
064544,眾達永豐5C購03,TW,0.0,-137.0,0.0,0.0,0,0.0,0.0
064545,祥碩永豐5B購02,TW,0.0,-130.0,0.0,0.0,0,0.0,0.0
064546,GIS永豐5C購01,TW,0.0,-46.0,0.0,0.0,0,0.0,0.0
064547,力積電永豐61購01,TW,0.0,171.0,0.0,0.0,0,0.0,0.0
064549,新代永豐5C購02,TW,0.0,-1089.0,0.0,0.0,0,0.0,0.0
064550,南茂永豐5C購01,TW,0.0,-226.0,0.0,0.0,0,0.0,0.0
064551,鴻海台新5A購02,TW,0.0,151.0,0.0,0.0,0,0.0,0.0
064552,國巨台新5A購04,TW,0.0,-143.0,0.0,0.0,0,0.0,0.0
064553,台積電台新5A購02,TW,0.0,0.0,0.0,0.0,0,0.0,0.0
064554,台積電台新5A購03,TW,0.0,0.0,0.0,0.0,0,0.0,0.0
064557,台積電台新5A購06,TW,0.0,-4.0,0.0,0.0,0,0.0,0.0
064558,台積電台新5A購07,TW,0.0,-60.0,0.0,0.0,0,0.0,0.0
064559,技嘉台新5A購01,TW,0.0,-15.0,0.0,0.0,0,0.0,0.0
064560,技嘉台新5A購02,TW,0.0,575.0,0.0,0.0,0,0.0,0.0
064561,威盛台新5A購01,TW,0.0,-21.0,0.0,0.0,0,0.0,0.0
064562,友達台新5A購01,TW,0.0,-1.0,0.0,0.0,0,0.0,0.0
064563,友達台新5A購02,TW,0.0,-11.0,0.0,0.0,0,0.0,0.0
064564,美律台新5A購01,TW,0.0,-133.0,0.0,0.0,0,0.0,0.0
064565,大立光台新5A購04,TW,0.0,-59.0,0.0,0.0,0,0.0,0.0
064566,大立光台新5A購05,TW,0.0,2018.0,0.0,0.0,0,0.0,0.0
064567,貿聯台新5A購01,TW,0.0,29.0,0.0,0.0,0,0.0,0.0
064568,貿聯台新5A購02,TW,0.0,593.0,0.0,0.0,0,0.0,0.0
064569,貿聯台新5A購03,TW,0.0,-1263.0,0.0,0.0,0,0.0,0.0
064570,貿聯台新5A購04,TW,0.0,-146.0,0.0,0.0,0,0.0,0.0
064571,貿聯台新5B購01,TW,0.0,-70.0,0.0,0.0,0,0.0,0.0
064572,貿聯台新61購01,TW,0.0,-61.0,0.0,0.0,0,0.0,0.0
064573,貿聯台新61購02,TW,0.0,-157.0,0.0,0.0,0,0.0,0.0
064575,日月光台新5A購01,TW,0.0,-33.0,0.0,0.0,0,0.0,0.0
064576,日月光台新5A購02,TW,0.0,35.0,0.0,0.0,0,0.0,0.0
064577,美費半凱基5B購01,TW,0.0,6.0,3.0,0.0,0,0.0,0.0
064578,上銀凱基5A購03,TW,0.0,54.0,0.0,0.0,0,0.0,0.0
064580,台積電凱基61購07,TW,0.0,48.0,0.0,0.0,0,0.0,0.0
064581,華邦電凱基5A購01,TW,0.0,-940.0,0.0,0.0,0,0.0,0.0
064582,華邦電凱基5A購02,TW,0.0,-478.0,0.0,0.0,0,0.0,0.0
064583,研華凱基5A購02,TW,0.0,-67.0,0.0,0.0,0,0.0,0.0
064584,南亞科凱基5A購01,TW,0.0,144.0,0.0,0.0,0,0.0,0.0
064585,南亞科凱基5A購02,TW,0.0,1.0,0.0,0.0,0,0.0,0.0
064586,興勤凱基5A購01,TW,0.0,-620.0,0.0,0.0,0,0.0,0.0
064587,美律凱基5A購01,TW,0.0,-10.0,0.0,0.0,0,0.0,0.0
064588,聯發科凱基61購05,TW,0.0,-3.0,0.0,0.0,0,0.0,0.0
064590,大立光凱基5C購01,TW,0.0,557.0,0.0,0.0,0,0.0,0.0
064591,群創凱基5A購02,TW,0.0,-2573.0,0.0,0.0,0,0.0,0.0
064592,群創凱基5A購03,TW,0.0,247.0,0.0,0.0,0,0.0,0.0
064593,世芯凱基5A購08,TW,0.0,-6.0,0.0,0.0,0,0.0,0.0
064594,正文凱基5C購01,TW,0.0,-25.0,0.0,0.0,0,0.0,0.0
064595,十銓凱基5A購01,TW,0.0,-926.0,0.0,0.0,0,0.0,0.0
064596,十銓凱基5A購02,TW,0.0,-1.0,0.0,0.0,0,0.0,0.0
064597,台表科凱基5A購02,TW,0.0,-135.0,0.0,0.0,0,0.0,0.0
064598,矽力凱基5A購02,TW,0.0,-1.0,0.0,0.0,0,0.0,0.0
064599,GIS凱基5A購02,TW,0.0,-163.0,0.0,0.0,0,0.0,0.0
064600,力積電凱基5A購03,TW,0.0,-87.0,0.0,0.0,0,0.0,0.0
064601,力積電凱基5A購04,TW,0.0,12.0,0.0,0.0,0,0.0,0.0
064603,臺股指凱基65購02,TW,0.0,-1447.0,0.0,0.0,0,0.0,0.0
064604,上銀兆豐64購01,TW,0.0,-28.0,0.0,0.0,0,0.0,0.0
064605,臻鼎兆豐64購01,TW,0.0,7.0,0.0,0.0,0,0.0,0.0
064606,矽格兆豐5C購01,TW,0.0,13.0,0.0,0.0,0,0.0,0.0
064607,康舒兆豐64購01,TW,0.0,-371.0,0.0,0.0,0,0.0,0.0
064608,鴻海凱基5C購01,TW,0.0,15.0,0.0,0.0,0,0.0,0.0
064609,AES兆豐5C購01,TW,0.0,-461.0,0.0,0.0,0,0.0,0.0
064610,FANG+元大5B購01,TW,0.0,-20.0,0.0,0.0,0,0.0,0.0
064611,台化元大5A購02,TW,0.0,-120.0,0.0,0.0,0,0.0,0.0
064612,台化元大5A購03,TW,0.0,2.0,0.0,0.0,0,0.0,0.0
064613,華邦電元大5A購01,TW,0.0,710.0,0.0,0.0,0,0.0,0.0
064614,華邦電元大5A購02,TW,0.0,17.0,0.0,0.0,0,0.0,0.0
064615,智邦元大61購05,TW,0.0,571.0,0.0,0.0,0,0.0,0.0
064616,威盛元大5A購02,TW,0.0,1987.0,0.0,0.0,0,0.0,0.0
064617,南亞科元大5A購01,TW,0.0,-547.0,0.0,0.0,0,0.0,0.0
064618,南亞科元大5A購02,TW,0.0,-1877.0,0.0,0.0,0,0.0,0.0
064619,南亞科元大5A購03,TW,0.0,120.0,0.0,0.0,0,0.0,0.0
064620,友達元大61購11,TW,0.0,129.0,0.0,0.0,0,0.0,0.0
064621,普安元大5A購03,TW,0.0,-253.0,0.0,0.0,0,0.0,0.0
064622,普安元大5A購04,TW,0.0,9.0,0.0,0.0,0,0.0,0.0
064623,大立光元大5A購04,TW,0.0,143.0,0.0,0.0,0,0.0,0.0
064624,大立光元大5B購02,TW,0.0,325.0,0.0,0.0,0,0.0,0.0
064625,耀登元大5A購01,TW,0.0,-802.0,0.0,0.0,0,0.0,0.0
064626,群創元大5A購01,TW,0.0,-932.0,0.0,0.0,0,0.0,0.0
064627,群創元大5A購02,TW,0.0,-77.0,0.0,0.0,0,0.0,0.0
064628,群創元大5A購03,TW,0.0,959.0,0.0,0.0,0,0.0,0.0
064629,群創元大61購03,TW,0.0,-276.0,0.0,0.0,0,0.0,0.0
064630,群創元大63購06,TW,0.0,1007.0,0.0,0.0,0,0.0,0.0
064631,牧德元大61購02,TW,0.0,4234.0,0.0,0.0,0,0.0,0.0
064632,定穎控元大5B購05,TW,0.0,-377.0,0.0,0.0,0,0.0,0.0
064633,正文元大61購01,TW,0.0,-56.0,0.0,0.0,0,0.0,0.0
064635,臻鼎元大61購08,TW,0.0,-23.0,0.0,0.0,0,0.0,0.0
064636,十銓元大5A購01,TW,0.0,-1173.0,0.0,0.0,0,0.0,0.0
064637,眾達元大5A購03,TW,0.0,-282.0,0.0,0.0,0,0.0,0.0
064639,彩晶元大5A購01,TW,0.0,-315.0,0.0,0.0,0,0.0,0.0
064640,玉晶光統一56購01,TW,0.0,499.0,0.0,0.0,0,0.0,0.0
064641,彩晶元大5A購02,TW,0.0,-1310.0,0.0,0.0,0,0.0,0.0
064642,台表科元大5A購03,TW,0.0,-411.0,0.0,0.0,0,0.0,0.0
064643,台表科元大5A購04,TW,0.0,6.0,0.0,0.0,0,0.0,0.0
064645,GIS元大5A購02,TW,0.0,-380.0,0.0,0.0,0,0.0,0.0
064646,GIS元大5A購03,TW,0.0,-464.0,0.0,0.0,0,0.0,0.0
064647,GIS元大5A購04,TW,0.0,-243.0,0.0,0.0,0,0.0,0.0
064648,力積電元大5A購04,TW,0.0,92.0,0.0,0.0,0,0.0,0.0
064649,力積電元大5A購05,TW,0.0,-946.0,0.0,0.0,0,0.0,0.0
064650,力積電元大5A購06,TW,0.0,-35.0,0.0,0.0,0,0.0,0.0
064651,力積電元大61購01,TW,0.0,-556.0,0.0,0.0,0,0.0,0.0
064652,香港2X群益5A購01,TW,0.0,-60.0,0.0,0.0,0,0.0,0.0
064653,華邦電群益5A購03,TW,0.0,-107.0,0.0,0.0,0,0.0,0.0
064654,南亞科群益5A購01,TW,0.0,186.0,0.0,0.0,0,0.0,0.0
064655,南亞科群益5A購02,TW,0.0,100.0,0.0,0.0,0,0.0,0.0
064656,南亞科群益5A購03,TW,0.0,194.0,0.0,0.0,0,0.0,0.0
064657,群創群益5A購02,TW,0.0,530.0,0.0,0.0,0,0.0,0.0
064658,群創群益5A購04,TW,0.0,102.0,0.0,0.0,0,0.0,0.0
064659,世芯群益5A購05,TW,0.0,-299.0,0.0,0.0,0,0.0,0.0
064660,十銓群益5A購01,TW,0.0,-1.0,0.0,0.0,0,0.0,0.0
064661,眾達群益5A購04,TW,0.0,22.0,0.0,0.0,0,0.0,0.0
064662,力積電群益5C購01,TW,0.0,89.0,0.0,0.0,0,0.0,0.0
064665,華城國泰5B購02,TW,0.0,4.0,0.0,0.0,0,0.0,0.0
064666,龍德船國泰5B購01,TW,0.0,-53.0,0.0,0.0,0,0.0,0.0
064667,三集瑞國泰5B購01,TW,0.0,-40.0,0.0,0.0,0,0.0,0.0
064668,中砂兆豐5C購02,TW,0.0,616.0,0.0,0.0,0,0.0,0.0
064669,國巨兆豐5C購02,TW,0.0,64.0,0.0,0.0,0,0.0,0.0
064670,智邦兆豐5C購02,TW,0.0,-410.0,0.0,0.0,0,0.0,0.0
064671,精成科兆豐5C購01,TW,0.0,218.0,0.0,0.0,0,0.0,0.0
064672,和大永豐5A購01,TW,0.0,-142.0,0.0,0.0,0,0.0,0.0
064673,聯電永豐5C購01,TW,0.0,-24.0,0.0,0.0,0,0.0,0.0
064674,研華永豐5C購01,TW,0.0,-39.0,0.0,0.0,0,0.0,0.0
064675,漢唐永豐5B購02,TW,0.0,-64.0,0.0,0.0,0,0.0,0.0
064676,聯發科永豐5C購04,TW,0.0,10.0,0.0,0.0,0,0.0,0.0
064677,可成永豐5B購01,TW,0.0,136.0,0.0,0.0,0,0.0,0.0
064678,臻鼎永豐61購02,TW,0.0,-166.0,0.0,0.0,0,0.0,0.0
064679,十銓永豐5C購02,TW,0.0,-477.0,0.0,0.0,0,0.0,0.0
064680,眾達永豐65購01,TW,0.0,50.0,0.0,0.0,0,0.0,0.0
064681,亞翔永豐5B購03,TW,0.0,-1260.0,7.0,0.0,0,0.0,0.0
064682,矽力永豐5B購02,TW,0.0,67.0,0.0,0.0,0,0.0,0.0
064683,力積電永豐5B購01,TW,0.0,-54.0,0.0,0.0,0,0.0,0.0
064684,力積電永豐5C購04,TW,0.0,-76.0,0.0,0.0,0,0.0,0.0
064685,大研醫永豐5B購01,TW,0.0,9.0,0.0,0.0,0,0.0,0.0
064686,松川永豐5B購01,TW,0.0,-487.0,0.0,0.0,0,0.0,0.0
064687,勤誠永豐5C購04,TW,0.0,-72.0,0.0,0.0,0,0.0,0.0
064688,富鼎永豐61購01,TW,0.0,-234.0,0.0,0.0,0,0.0,0.0
064689,台玻統一64購04,TW,0.0,-4994.0,0.0,0.0,0,0.0,0.0
064690,台玻統一64購05,TW,0.0,-4117.0,21.0,0.0,0,0.0,0.0
064691,群創統一64購01,TW,0.0,-8.0,0.0,0.0,0,0.0,0.0
064692,台積電台新5A購08,TW,0.0,-65.0,0.0,0.0,0,0.0,0.0
064693,台積電台新5A購09,TW,0.0,-483.0,0.0,0.0,0,0.0,0.0
064694,明泰台新5A購01,TW,0.0,-9.0,0.0,0.0,0,0.0,0.0
064695,玉晶光台新5A購02,TW,0.0,778.0,0.0,0.0,0,0.0,0.0
064696,玉晶光台新61購01,TW,0.0,186.0,0.0,0.0,0,0.0,0.0
064697,達興台新5A購01,TW,0.0,40.0,0.0,0.0,0,0.0,0.0
064698,松川台新5A購01,TW,0.0,-125.0,0.0,0.0,0,0.0,0.0
064699,昇陽半台新5A購01,TW,0.0,91.0,0.0,0.0,0,0.0,0.0
064700,富鼎台新5A購01,TW,0.0,-49.0,0.0,0.0,0,0.0,0.0
064701,富鼎台新5B購01,TW,0.0,-174.0,0.0,0.0,0,0.0,0.0
064702,SP黃豆元大5C購01,TW,0.0,-16.0,0.0,0.0,0,0.0,0.0
064703,華城元大5A購03,TW,0.0,-919.0,0.0,0.0,0,0.0,0.0
064704,中砂元大5A購08,TW,0.0,-70.0,0.0,0.0,0,0.0,0.0
064705,台玻元大5A購05,TW,0.0,-804.0,0.0,0.0,0,0.0,0.0
064706,台玻元大5A購06,TW,0.0,-801.0,0.0,0.0,0,0.0,0.0
064707,台玻元大5C購04,TW,0.0,-1160.0,0.0,0.0,0,0.0,0.0
064708,金寶元大5A購03,TW,0.0,-403.0,0.0,0.0,0,0.0,0.0
064709,台亞元大5A購01,TW,0.0,-4.0,0.0,0.0,0,0.0,0.0
064710,華邦電元大5A購03,TW,0.0,-149.0,0.0,0.0,0,0.0,0.0
064711,華邦電元大5A購04,TW,0.0,-25.0,0.0,0.0,0,0.0,0.0
064712,智邦元大61購06,TW,0.0,1485.0,0.0,0.0,0,0.0,0.0
064713,順德元大5A購02,TW,0.0,-312.0,0.0,0.0,0,0.0,0.0
064714,華碩元大5A購02,TW,0.0,17.0,0.0,0.0,0,0.0,0.0
064715,金像電元大5A購17,TW,0.0,-692.0,0.0,0.0,0,0.0,0.0
064716,技嘉元大5C購01,TW,0.0,-20.0,0.0,0.0,0,0.0,0.0
064717,南亞科元大5A購04,TW,0.0,-5386.0,0.0,0.0,0,0.0,0.0
064718,南亞科元大5A購05,TW,0.0,-23.0,0.0,0.0,0,0.0,0.0
064719,友達元大5A購12,TW,0.0,10.0,0.0,0.0,0,0.0,0.0
064720,友達元大5A購13,TW,0.0,-886.0,0.0,0.0,0,0.0,0.0
064721,鉅祥元大5A購02,TW,0.0,-1571.0,0.0,0.0,0,0.0,0.0
064722,揚博元大5A購01,TW,0.0,-292.0,0.0,0.0,0,0.0,0.0
064723,晟銘電元大5A購02,TW,0.0,-176.0,0.0,0.0,0,0.0,0.0
064724,德律元大5A購04,TW,0.0,2.0,-3.0,0.0,0,0.0,0.0
064725,群創元大5A購05,TW,0.0,-4117.0,0.0,0.0,0,0.0,0.0
064726,世芯元大61購13,TW,0.0,-227.0,0.0,0.0,0,0.0,0.0
064727,大聯大元大61購01,TW,0.0,-1671.0,0.0,0.0,0,0.0,0.0
064728,定穎控元大5B購06,TW,0.0,-3766.0,0.0,0.0,0,0.0,0.0
064729,國精化元大5A購05,TW,0.0,5.0,0.0,0.0,0,0.0,0.0
064731,亞翔元大5B購04,TW,0.0,-1144.0,0.0,0.0,0,0.0,0.0
064732,騰輝電元大5A購02,TW,0.0,4008.0,0.0,0.0,0,0.0,0.0
064733,AES元大5A購04,TW,0.0,-442.0,0.0,0.0,0,0.0,0.0
064734,勤誠元大61購02,TW,0.0,19.0,0.0,0.0,0,0.0,0.0
064735,明基材元大5A購01,TW,0.0,6.0,0.0,0.0,0,0.0,0.0
064736,T50正2凱基5A購07,TW,0.0,864.0,0.0,0.0,0,0.0,0.0
064737,元黃金凱基5A購04,TW,0.0,-2.0,0.0,0.0,0,0.0,0.0
064738,元石油凱基5A購04,TW,0.0,-22.0,0.0,0.0,0,0.0,0.0
064739,SGBR2X凱基5A購06,TW,0.0,-1.0,0.0,0.0,0,0.0,0.0
064740,中高息凱基5C購01,TW,0.0,3.0,0.0,0.0,0,0.0,0.0
064741,台玻凱基5A購01,TW,0.0,-297.0,0.0,0.0,0,0.0,0.0
064742,台玻凱基5B購02,TW,0.0,47.0,0.0,0.0,0,0.0,0.0
064743,台玻凱基5C購03,TW,0.0,261.0,0.0,0.0,0,0.0,0.0
064744,台積電凱基5A購12,TW,0.0,89.0,0.0,0.0,0,0.0,0.0
064745,技嘉凱基5B購01,TW,0.0,-294.0,0.0,0.0,0,0.0,0.0
064746,友達凱基61購03,TW,0.0,0.0,0.0,0.0,0,0.0,0.0
064747,京元電凱基5A購03,TW,0.0,1029.0,0.0,0.0,0,0.0,0.0
064748,強茂凱基5B購04,TW,0.0,-262.0,0.0,0.0,0,0.0,0.0
064749,大立光凱基5B購03,TW,0.0,352.0,0.0,0.0,0,0.0,0.0
064750,德律凱基61購02,TW,0.0,-247.0,0.0,0.0,0,0.0,0.0
064751,嘉澤凱基5B購02,TW,0.0,23.0,0.0,0.0,0,0.0,0.0
064752,臻鼎凱基61購04,TW,0.0,940.0,0.0,0.0,0,0.0,0.0
064754,彩晶凱基5A購01,TW,0.0,128.0,0.0,0.0,0,0.0,0.0
064755,邁科凱基5A購03,TW,0.0,-112.0,0.0,0.0,0,0.0,0.0
064756,台灣50富邦67購02,TW,0.0,-8.0,0.0,0.0,0,0.0,0.0
064757,T50正2富邦5A購07,TW,0.0,124.0,0.0,0.0,0,0.0,0.0
064758,T50正2富邦64購02,TW,0.0,-50.0,0.0,0.0,0,0.0,0.0
064759,T50反1富邦64購01,TW,0.0,387.0,0.0,0.0,0,0.0,0.0
064760,國巨富邦64購02,TW,0.0,-59.0,0.0,0.0,0,0.0,0.0
064761,台積電富邦74購01,TW,0.0,628.0,130.0,0.0,0,0.0,0.0
064762,台積電富邦74購02,TW,0.0,46.0,0.0,0.0,0,0.0,0.0
064763,華邦電富邦5A購01,TW,0.0,-1132.0,0.0,0.0,0,0.0,0.0
064764,華邦電富邦64購01,TW,0.0,-5240.0,36.0,0.0,0,0.0,0.0
064765,南亞科富邦5C購01,TW,0.0,191.0,26.0,0.0,0,0.0,0.0
064766,南亞科富邦61購01,TW,0.0,-1826.0,0.0,0.0,0,0.0,0.0
064768,聯發科富邦74購01,TW,0.0,201.0,0.0,0.0,0,0.0,0.0
064771,大立光富邦5C購02,TW,0.0,-372.0,0.0,0.0,0,0.0,0.0
064772,德律富邦62購02,TW,0.0,3.0,0.0,0.0,0,0.0,0.0
064773,玉晶光富邦5C購01,TW,0.0,623.0,0.0,0.0,0,0.0,0.0
064774,群創富邦64購01,TW,0.0,221.0,0.0,0.0,0,0.0,0.0
064775,貿聯富邦64購02,TW,0.0,-1420.0,0.0,0.0,0,0.0,0.0
064776,緯穎富邦64購01,TW,0.0,17.0,0.0,0.0,0,0.0,0.0
064777,力積電富邦61購01,TW,0.0,732.0,0.0,0.0,0,0.0,0.0
064778,臺股指富邦74購02,TW,0.0,-86.0,0.0,0.0,0,0.0,0.0
064781,勤誠兆豐5C購01,TW,0.0,-162.0,0.0,0.0,0,0.0,0.0
064782,華城富邦61購02,TW,0.0,-286.0,0.0,0.0,0,0.0,0.0
064783,中砂富邦61購02,TW,0.0,633.0,90.0,0.0,0,0.0,0.0
064784,美時富邦5C購02,TW,0.0,-119.0,0.0,0.0,0,0.0,0.0
064785,美時富邦61購01,TW,0.0,-78.0,0.0,0.0,0,0.0,0.0
064786,智邦富邦61購02,TW,0.0,-343.0,0.0,0.0,0,0.0,0.0
064787,智邦富邦61購03,TW,0.0,-361.0,0.0,0.0,0,0.0,0.0
064788,宏碁富邦5C購01,TW,0.0,-514.0,0.0,0.0,0,0.0,0.0
064789,燿華富邦5C購01,TW,0.0,616.0,0.0,0.0,0,0.0,0.0
06478U,台灣50富邦5A售01,TW,0.0,139.0,0.0,0.0,0,0.0,0.0
064790,研華富邦5C購01,TW,0.0,-8.0,0.0,0.0,0,0.0,0.0
064791,京元電富邦5C購04,TW,0.0,-416.0,0.0,0.0,0,0.0,0.0
064792,華新科富邦61購01,TW,0.0,31.0,0.0,0.0,0,0.0,0.0
064793,晟銘電富邦5C購02,TW,0.0,986.0,0.0,0.0,0,0.0,0.0
064794,奇鋐富邦61購03,TW,0.0,-490.0,0.0,0.0,0,0.0,0.0
064795,玉晶光富邦61購01,TW,0.0,3032.0,0.0,0.0,0,0.0,0.0
064796,嘉澤富邦61購02,TW,0.0,-4708.0,0.0,0.0,0,0.0,0.0
064797,大聯大富邦61購01,TW,0.0,-439.0,0.0,0.0,0,0.0,0.0
064798,臻鼎富邦61購02,TW,0.0,-25.0,0.0,0.0,0,0.0,0.0
064799,臻鼎富邦61購03,TW,0.0,-93.0,0.0,0.0,0,0.0,0.0
064800,達興富邦5C購01,TW,0.0,-98.0,0.0,0.0,0,0.0,0.0
064801,亞翔富邦62購02,TW,0.0,-294.0,0.0,0.0,0,0.0,0.0
064803,同欣電富邦61購01,TW,0.0,-538.0,0.0,0.0,0,0.0,0.0
064805,矽力富邦61購01,TW,0.0,37.0,0.0,0.0,0,0.0,0.0
064806,保瑞富邦5C購01,TW,0.0,5.0,0.0,0.0,0,0.0,0.0
064807,富世達富邦61購01,TW,0.0,-1512.0,0.0,0.0,0,0.0,0.0
064808,邁科富邦5B購01,TW,0.0,84.0,0.0,0.0,0,0.0,0.0
064809,T50正2凱基63購03,TW,0.0,-220.0,0.0,0.0,0,0.0,0.0
064811,華城凱基5A購06,TW,0.0,-371.0,0.0,0.0,0,0.0,0.0
064812,中砂凱基5A購05,TW,0.0,0.0,0.0,0.0,0,0.0,0.0
064813,台積電凱基5A購13,TW,0.0,53.0,0.0,0.0,0,0.0,0.0
064814,台亞凱基5A購02,TW,0.0,393.0,0.0,0.0,0,0.0,0.0
064815,華邦電凱基5A購04,TW,0.0,121.0,0.0,0.0,0,0.0,0.0
064816,順德凱基5A購04,TW,0.0,-350.0,0.0,0.0,0,0.0,0.0
064817,燿華凱基5A購01,TW,0.0,-23.0,0.0,0.0,0,0.0,0.0
064818,燿華凱基5A購02,TW,0.0,0.0,0.0,0.0,0,0.0,0.0
064819,燿華凱基5A購03,TW,0.0,30.0,0.0,0.0,0,0.0,0.0
064820,盟立凱基5A購03,TW,0.0,75.0,0.0,0.0,0,0.0,0.0
064821,群創凱基5A購05,TW,0.0,18.0,0.0,0.0,0,0.0,0.0
064822,世芯凱基5B購04,TW,0.0,-188.0,0.0,0.0,0,0.0,0.0
064823,定穎控凱基64購01,TW,0.0,8.0,0.0,0.0,0,0.0,0.0
064824,國精化凱基5A購04,TW,0.0,71.0,0.0,0.0,0,0.0,0.0
064825,新唐凱基5A購03,TW,0.0,-191.0,0.0,0.0,0,0.0,0.0
064826,新唐凱基5C購04,TW,0.0,-1065.0,0.0,0.0,0,0.0,0.0
064827,眾達凱基5A購05,TW,0.0,-120.0,0.0,0.0,0,0.0,0.0
064829,亞翔凱基5B購05,TW,0.0,-100.0,0.0,0.0,0,0.0,0.0
064830,帆宣凱基5B購01,TW,0.0,-32.0,0.0,0.0,0,0.0,0.0
064831,矽力凱基5A購03,TW,0.0,598.0,0.0,0.0,0,0.0,0.0
064832,力積電凱基5A購05,TW,0.0,-14.0,0.0,0.0,0,0.0,0.0
064834,富世達凱基5B購01,TW,0.0,-338.0,0.0,0.0,0,0.0,0.0
064835,勤誠凱基5A購02,TW,0.0,310.0,0.0,0.0,0,0.0,0.0
064836,富鼎凱基5A購02,TW,0.0,149.0,0.0,0.0,0,0.0,0.0
064837,華城元大61購05,TW,0.0,-249.0,0.0,0.0,0,0.0,0.0
064838,台玻元大5A購07,TW,0.0,-580.0,0.0,0.0,0,0.0,0.0
064839,台玻元大5C購05,TW,0.0,-44.0,0.0,0.0,0,0.0,0.0
064840,順德元大5A購03,TW,0.0,90.0,0.0,0.0,0,0.0,0.0
064841,燿華元大5A購03,TW,0.0,10.0,-50.0,0.0,0,0.0,0.0
064842,燿華元大5A購04,TW,0.0,255.0,0.0,0.0,0,0.0,0.0
064843,燿華元大5B購02,TW,0.0,-322.0,0.0,0.0,0,0.0,0.0
064844,金像電元大5A購18,TW,0.0,-586.0,0.0,0.0,0,0.0,0.0
064845,金像電元大5A購19,TW,0.0,-792.0,0.0,0.0,0,0.0,0.0
064846,金像電元大5A購20,TW,0.0,-655.0,0.0,0.0,0,0.0,0.0
064847,金像電元大5A購21,TW,0.0,80.0,0.0,0.0,0,0.0,0.0
064848,友達元大5A購14,TW,0.0,-325.0,0.0,0.0,0,0.0,0.0
064849,可成元大5A購02,TW,0.0,-5.0,0.0,0.0,0,0.0,0.0
064850,可成元大5A購03,TW,0.0,-282.0,0.0,0.0,0,0.0,0.0
064851,強茂元大5A購07,TW,0.0,1184.0,0.0,0.0,0,0.0,0.0
064852,大立光元大5A購05,TW,0.0,146.0,0.0,0.0,0,0.0,0.0
064853,大立光元大5B購03,TW,0.0,-74.0,0.0,0.0,0,0.0,0.0
064854,德律元大5A購05,TW,0.0,-72.0,0.0,0.0,0,0.0,0.0
064855,德律元大5A購06,TW,0.0,53.0,0.0,0.0,0,0.0,0.0
064856,玉晶光元大61購01,TW,0.0,542.0,0.0,0.0,0,0.0,0.0
064857,京鼎元大5A購01,TW,0.0,51.0,0.0,0.0,0,0.0,0.0
064858,新唐元大5A購03,TW,0.0,-478.0,0.0,0.0,0,0.0,0.0
064859,新唐元大5A購04,TW,0.0,-817.0,0.0,0.0,0,0.0,0.0
064860,新唐元大5B購03,TW,0.0,-697.0,0.0,0.0,0,0.0,0.0
064861,新唐元大5C購02,TW,0.0,-1188.0,0.0,0.0,0,0.0,0.0
064862,新唐元大61購02,TW,0.0,-184.0,0.0,0.0,0,0.0,0.0
064863,新唐元大63購03,TW,0.0,-4.0,0.0,0.0,0,0.0,0.0
064864,華懋元大5A購01,TW,0.0,-1.0,0.0,0.0,0,0.0,0.0
064865,亞翔元大5B購05,TW,0.0,-1964.0,0.0,0.0,0,0.0,0.0
064866,力成元大5A購06,TW,0.0,192.0,0.0,0.0,0,0.0,0.0
064867,保瑞元大61購01,TW,0.0,483.0,0.0,0.0,0,0.0,0.0
064868,力積電元大61購02,TW,0.0,-282.0,0.0,0.0,0,0.0,0.0
064869,富世達元大5B購01,TW,0.0,-867.0,0.0,0.0,0,0.0,0.0
064870,富世達元大61購01,TW,0.0,-1233.0,0.0,0.0,0,0.0,0.0
064872,新代元大5A購04,TW,0.0,10.0,0.0,0.0,0,0.0,0.0
064873,富鼎元大5A購01,TW,0.0,-1010.0,0.0,0.0,0,0.0,0.0
064874,富鼎元大5C購02,TW,0.0,1470.0,0.0,0.0,0,0.0,0.0
064877,滬深2X群益5A購02,TW,0.0,8.0,0.0,0.0,0,0.0,0.0
064879,道瓊反群益5A購01,TW,0.0,30.0,0.0,0.0,0,0.0,0.0
064883,中502X群益5A購01,TW,0.0,-70.0,0.0,0.0,0,0.0,0.0
064884,華城群益5A購03,TW,0.0,132.0,0.0,0.0,0,0.0,0.0
064885,台玻群益5A購02,TW,0.0,-227.0,0.0,0.0,0,0.0,0.0
064886,台玻群益5A購03,TW,0.0,311.0,0.0,0.0,0,0.0,0.0
064887,華邦電群益5A購04,TW,0.0,-66.0,0.0,0.0,0,0.0,0.0
064888,順德群益5A購04,TW,0.0,-1833.0,0.0,0.0,0,0.0,0.0
064889,燿華群益5A購01,TW,0.0,-50.0,0.0,0.0,0,0.0,0.0
064890,盟立群益5A購02,TW,0.0,923.0,0.0,0.0,0,0.0,0.0
064891,強茂群益5B購02,TW,0.0,221.0,0.0,0.0,0,0.0,0.0
064892,智原群益5B購02,TW,0.0,20.0,0.0,0.0,0,0.0,0.0
064893,嘉澤群益5A購05,TW,0.0,-29.0,0.0,0.0,0,0.0,0.0
064894,新唐群益5A購02,TW,0.0,-503.0,0.0,0.0,0,0.0,0.0
064895,臻鼎群益5A購05,TW,0.0,-904.0,0.0,0.0,0,0.0,0.0
064896,jpp群益5A購03,TW,0.0,-8.0,0.0,0.0,0,0.0,0.0
064897,菱生兆豐5C購01,TW,0.0,-1017.0,0.0,0.0,0,0.0,0.0
064898,技嘉兆豐5C購01,TW,0.0,-115.0,0.0,0.0,0,0.0,0.0
064899,偉詮電兆豐5C購01,TW,0.0,-273.0,0.0,0.0,0,0.0,0.0
06489U,元金2X永豐56售01,TW,0.0,-101.0,0.0,0.0,0,0.0,0.0
064900,盟立兆豐5C購01,TW,0.0,57.0,0.0,0.0,0,0.0,0.0
064901,世芯兆豐5C購02,TW,0.0,-1417.0,0.0,0.0,0,0.0,0.0
064902,勝一群益5C購01,TW,0.0,-337.0,0.0,0.0,0,0.0,0.0
064903,台積電群益5A購13,TW,0.0,-27.0,0.0,0.0,0,0.0,0.0
064904,台積電群益64購01,TW,0.0,0.0,0.0,0.0,0,0.0,0.0
064905,華邦電群益5A購05,TW,0.0,574.0,0.0,0.0,0,0.0,0.0
064906,智邦群益5A購09,TW,0.0,657.0,0.0,0.0,0,0.0,0.0
064907,南亞科群益5A購04,TW,0.0,-1495.0,0.0,0.0,0,0.0,0.0
064908,京元電群益5B購02,TW,0.0,-601.0,0.0,0.0,0,0.0,0.0
064909,新日興群益5A購02,TW,0.0,-254.0,0.0,0.0,0,0.0,0.0
064910,世芯群益5A購06,TW,0.0,-94.0,0.0,0.0,0,0.0,0.0
064911,臻鼎群益5A購06,TW,0.0,-166.0,0.0,0.0,0,0.0,0.0
064912,臻鼎群益5A購07,TW,0.0,162.0,0.0,0.0,0,0.0,0.0
064913,十銓群益5A購02,TW,0.0,839.0,0.0,0.0,0,0.0,0.0
064914,力積電群益5A購01,TW,0.0,212.0,0.0,0.0,0,0.0,0.0
064915,力積電群益5A購02,TW,0.0,-168.0,0.0,0.0,0,0.0,0.0
064916,富世達群益5A購02,TW,0.0,-136.0,0.0,0.0,0,0.0,0.0
064917,光寶科富邦74購03,TW,0.0,1.0,0.0,0.0,0,0.0,0.0
064918,聯電富邦74購01,TW,0.0,204.0,0.0,0.0,0,0.0,0.0
064919,鴻海富邦62購01,TW,0.0,44.0,0.0,0.0,0,0.0,0.0
064920,強茂富邦5B購02,TW,0.0,-478.0,0.0,0.0,0,0.0,0.0
064921,凱基金富邦62購01,TW,0.0,114.0,0.0,0.0,0,0.0,0.0
064922,正文富邦62購01,TW,0.0,856.0,0.0,0.0,0,0.0,0.0
064923,佳必琪富邦61購01,TW,0.0,-1276.0,0.0,0.0,0,0.0,0.0
064924,昇陽半富邦5B購01,TW,0.0,457.0,0.0,0.0,0,0.0,0.0
064925,南茂富邦5A購02,TW,0.0,-1091.0,0.0,0.0,0,0.0,0.0
064928,台積電凱基5B購13,TW,0.0,-61.0,0.0,0.0,0,0.0,0.0
064929,敬鵬凱基5A購04,TW,0.0,-23.0,0.0,0.0,0,0.0,0.0
064930,威盛凱基5A購01,TW,0.0,-77.0,0.0,0.0,0,0.0,0.0
064931,南亞科凱基5A購04,TW,0.0,123.0,0.0,0.0,0,0.0,0.0
064932,聯發科凱基5C購07,TW,0.0,4.0,0.0,0.0,0,0.0,0.0
064933,可成凱基5A購01,TW,0.0,-84.0,0.0,0.0,0,0.0,0.0
064934,智原凱基5B購03,TW,0.0,11.0,0.0,0.0,0,0.0,0.0
064935,嘉澤凱基5A購07,TW,0.0,-80.0,0.0,0.0,0,0.0,0.0
064936,世芯凱基5A購09,TW,0.0,-152.0,0.0,0.0,0,0.0,0.0
064937,臻鼎凱基5A購07,TW,0.0,-441.0,0.0,0.0,0,0.0,0.0
064938,眾達凱基5A購06,TW,0.0,271.0,0.0,0.0,0,0.0,0.0
064939,jpp凱基5A購04,TW,0.0,103.0,0.0,0.0,0,0.0,0.0
064940,達發凱基5A購02,TW,0.0,69.0,0.0,0.0,0,0.0,0.0
064941,緯穎凱基5A購04,TW,0.0,383.0,0.0,0.0,0,0.0,0.0
064942,昇陽半凱基5C購01,TW,0.0,-2.0,0.0,0.0,0,0.0,0.0
064944,台積電元大5B購05,TW,0.0,1279.0,0.0,0.0,0,0.0,0.0
064945,台積電元大61購27,TW,0.0,782.0,0.0,0.0,0,0.0,0.0
064946,敬鵬元大5A購05,TW,0.0,-18.0,0.0,0.0,0,0.0,0.0
064947,技嘉元大5A購01,TW,0.0,-981.0,0.0,0.0,0,0.0,0.0
064948,威盛元大5A購03,TW,0.0,353.0,0.0,0.0,0,0.0,0.0
064949,聯發科元大5A購11,TW,0.0,26.0,0.0,0.0,0,0.0,0.0
064950,盟立元大5A購01,TW,0.0,49.0,0.0,0.0,0,0.0,0.0
064951,鉅祥元大5A購03,TW,0.0,873.0,0.0,0.0,0,0.0,0.0
064952,強茂元大5A購08,TW,0.0,634.0,0.0,0.0,0,0.0,0.0
064953,強茂元大5A購09,TW,0.0,-602.0,0.0,0.0,0,0.0,0.0
064954,強茂元大5A購10,TW,0.0,289.0,0.0,0.0,0,0.0,0.0
064955,裕民元大5A購01,TW,0.0,-67.0,0.0,0.0,0,0.0,0.0
064956,定穎控元大5B購07,TW,0.0,-2845.0,0.0,0.0,0,0.0,0.0
064957,國精化元大5A購06,TW,0.0,-13.0,0.0,0.0,0,0.0,0.0
064958,國精化元大5A購07,TW,0.0,-258.0,0.0,0.0,0,0.0,0.0
064959,眾達元大5A購04,TW,0.0,56.0,0.0,0.0,0,0.0,0.0
064960,眾達元大63購01,TW,0.0,-124.0,0.0,0.0,0,0.0,0.0
064961,亞翔元大5B購06,TW,0.0,-66.0,0.0,0.0,0,0.0,0.0
064962,亞翔元大61購03,TW,0.0,133.0,0.0,0.0,0,0.0,0.0
064963,精成科元大5A購01,TW,0.0,-489.0,0.0,0.0,0,0.0,0.0
064964,精成科元大5A購02,TW,0.0,-200.0,0.0,0.0,0,0.0,0.0
064965,帆宣元大5A購01,TW,0.0,-378.0,0.0,0.0,0,0.0,0.0
064966,帆宣元大5A購02,TW,0.0,-354.0,0.0,0.0,0,0.0,0.0
064967,帆宣元大61購01,TW,0.0,-378.0,0.0,0.0,0,0.0,0.0
064968,矽力元大5B購03,TW,0.0,-202.0,0.0,0.0,0,0.0,0.0
064969,矽力元大61購04,TW,0.0,-339.0,0.0,0.0,0,0.0,0.0
064970,富世達元大5A購02,TW,0.0,-337.0,0.0,0.0,0,0.0,0.0
064971,富世達元大5A購03,TW,0.0,-651.0,0.0,0.0,0,0.0,0.0
064972,富世達元大5A購04,TW,0.0,-1841.0,0.0,0.0,0,0.0,0.0
064973,富世達元大5A購05,TW,0.0,-1190.0,0.0,0.0,0,0.0,0.0
064974,富世達元大5B購02,TW,0.0,-808.0,0.0,0.0,0,0.0,0.0
064975,富世達元大5C購01,TW,0.0,-742.0,0.0,0.0,0,0.0,0.0
064976,東元兆豐64購01,TW,0.0,-139.0,0.0,0.0,0,0.0,0.0
064977,奇鋐兆豐5C購02,TW,0.0,-706.0,0.0,0.0,0,0.0,0.0
064978,昇陽半兆豐5C購01,TW,0.0,-240.0,0.0,0.0,0,0.0,0.0
064979,南茂兆豐5C購01,TW,0.0,-120.0,0.0,0.0,0,0.0,0.0
064980,長興群益5A購02,TW,0.0,10.0,0.0,0.0,0,0.0,0.0
064981,上銀群益5C購02,TW,0.0,40.0,0.0,0.0,0,0.0,0.0
064982,川湖群益5A購03,TW,0.0,47.0,0.0,0.0,0,0.0,0.0
064983,聯電群益5A購04,TW,0.0,20.0,0.0,0.0,0,0.0,0.0
064984,聯電群益5B購02,TW,0.0,23.0,0.0,0.0,0,0.0,0.0
064986,台積電群益64購02,TW,0.0,-211.0,0.0,0.0,0,0.0,0.0
064987,長榮元富61購01,TW,0.0,0.0,0.0,0.0,0,0.0,0.0
064988,順德群益5A購05,TW,0.0,2384.0,0.0,0.0,0,0.0,0.0
064989,威盛群益5A購01,TW,0.0,-343.0,0.0,0.0,0,0.0,0.0
064991,聯發科群益5A購13,TW,0.0,60.0,0.0,0.0,0,0.0,0.0
064993,奇鋐群益5A購10,TW,0.0,224.0,0.0,0.0,0,0.0,0.0
064994,德律群益5A購05,TW,0.0,-113.0,0.0,0.0,0,0.0,0.0
064995,世芯群益5A購07,TW,0.0,-29.0,0.0,0.0,0,0.0,0.0
064996,貿聯群益5B購01,TW,0.0,-571.0,0.0,0.0,0,0.0,0.0
064997,祥碩群益5B購01,TW,0.0,-210.0,0.0,0.0,0,0.0,0.0
064998,啟碁群益5A購03,TW,0.0,-35.0,0.0,0.0,0,0.0,0.0
064999,緯穎群益5A購04,TW,0.0,-10.0,0.0,0.0,0,0.0,0.0
065000,龍德船群益5A購04,TW,0.0,-10.0,0.0,0.0,0,0.0,0.0
065001,昇陽半群益5A購03,TW,0.0,-35.0,0.0,0.0,0,0.0,0.0
065002,上銀富邦5A購01,TW,0.0,780.0,0.0,0.0,0,0.0,0.0
065003,聯電富邦5A購03,TW,0.0,36.0,0.0,0.0,0,0.0,0.0
065004,廣宇富邦61購01,TW,0.0,-572.0,0.0,0.0,0,0.0,0.0
065005,順德富邦5B購01,TW,0.0,-917.0,0.0,0.0,0,0.0,0.0
065006,友達富邦5C購01,TW,0.0,-181.0,0.0,0.0,0,0.0,0.0
065007,世芯富邦61購01,TW,0.0,-114.0,0.0,0.0,0,0.0,0.0
065008,jpp富邦5B購01,TW,0.0,-308.0,0.0,0.0,0,0.0,0.0
065010,矽格富邦5B購02,TW,0.0,1720.0,0.0,0.0,0,0.0,0.0
065011,啟碁富邦61購03,TW,0.0,-1888.0,0.0,0.0,0,0.0,0.0
065012,兆聯富邦64購01,TW,0.0,-556.0,0.0,0.0,0,0.0,0.0
065013,臺股指富邦64購12,TW,0.0,-45.0,0.0,0.0,0,0.0,0.0
065014,臺股指富邦74購03,TW,0.0,7.0,0.0,0.0,0,0.0,0.0
065016,長興凱基5A購03,TW,0.0,4.0,0.0,0.0,0,0.0,0.0
065017,金寶凱基5A購02,TW,0.0,-37.0,0.0,0.0,0,0.0,0.0
065018,台積電凱基5C購10,TW,0.0,-6.0,0.0,0.0,0,0.0,0.0
065019,華邦電凱基5A購05,TW,0.0,11.0,0.0,0.0,0,0.0,0.0
065020,技嘉凱基64購02,TW,0.0,8.0,0.0,0.0,0,0.0,0.0
065021,偉詮電凱基5A購04,TW,0.0,-105.0,0.0,0.0,0,0.0,0.0
065022,京元電凱基5A購04,TW,0.0,-704.0,0.0,0.0,0,0.0,0.0
065023,聯發科凱基5C購08,TW,0.0,11.0,0.0,0.0,0,0.0,0.0
065024,盟立凱基5A購04,TW,0.0,102.0,0.0,0.0,0,0.0,0.0
065025,鉅祥凱基5A購03,TW,0.0,323.0,0.0,0.0,0,0.0,0.0
065026,裕民凱基5A購01,TW,0.0,-25.0,0.0,0.0,0,0.0,0.0
065027,大立光凱基5B購04,TW,0.0,302.0,0.0,0.0,0,0.0,0.0
065028,京鼎凱基5A購01,TW,0.0,381.0,0.0,0.0,0,0.0,0.0
065030,國精化凱基5A購05,TW,0.0,-168.0,0.0,0.0,0,0.0,0.0
065031,十銓凱基5A購03,TW,0.0,-227.0,0.0,0.0,0,0.0,0.0
065032,亞翔凱基5B購06,TW,0.0,996.0,0.0,0.0,0,0.0,0.0
065033,啟碁凱基5B購03,TW,0.0,54.0,0.0,0.0,0,0.0,0.0
065034,啟碁凱基5C購03,TW,0.0,-35.0,0.0,0.0,0,0.0,0.0
065035,矽力凱基5B購05,TW,0.0,-284.0,0.0,0.0,0,0.0,0.0
065036,力積電凱基5C購01,TW,0.0,-44.0,0.0,0.0,0,0.0,0.0
065037,台積電元大5A購18,TW,0.0,-2651.0,0.0,0.0,0,0.0,0.0
065038,台亞元大5A購02,TW,0.0,564.0,0.0,0.0,0,0.0,0.0
065039,聯發科元大5A購12,TW,0.0,114.0,0.0,0.0,0,0.0,0.0
065040,矽力元大5A購02,TW,0.0,-143.0,0.0,0.0,0,0.0,0.0
065041,矽力元大5B購04,TW,0.0,-989.0,0.0,0.0,0,0.0,0.0
065042,騰輝電元大5A購03,TW,0.0,463.0,0.0,0.0,0,0.0,0.0
065043,臺股指元大61購20,TW,0.0,-29.0,0.0,0.0,0,0.0,0.0
065044,長興國票5A購04,TW,0.0,60.0,0.0,0.0,0,0.0,0.0
065045,台亞國票5B購01,TW,0.0,436.0,0.0,0.0,0,0.0,0.0
065046,台亞國票5B購02,TW,0.0,-10.0,0.0,0.0,0,0.0,0.0
065047,燿華國票5A購01,TW,0.0,-83.0,0.0,0.0,0,0.0,0.0
065048,燿華國票5A購02,TW,0.0,1.0,0.0,0.0,0,0.0,0.0
065049,盟立國票5A購02,TW,0.0,828.0,0.0,0.0,0,0.0,0.0
06504U,臺股指元富59售02,TW,0.0,10.0,0.0,0.0,0,0.0,0.0
065050,矽力國票5B購02,TW,0.0,-11.0,0.0,0.0,0,0.0,0.0
065051,矽力國票5B購03,TW,0.0,-834.0,0.0,0.0,0,0.0,0.0
065052,騰輝電國票5A購03,TW,0.0,40.0,0.0,0.0,0,0.0,0.0
065053,騰輝電國票5B購01,TW,0.0,1380.0,0.0,0.0,0,0.0,0.0
065054,邁科國票5A購02,TW,0.0,-327.0,4.0,0.0,0,0.0,0.0
065055,泰金寶國票5A購01,TW,0.0,-11.0,0.0,0.0,0,0.0,0.0
065056,華邦電中信5A購02,TW,0.0,466.0,0.0,0.0,0,0.0,0.0
065057,南亞科中信5A購01,TW,0.0,-1789.0,0.0,0.0,0,0.0,0.0
065058,力積電中信5A購05,TW,0.0,-132.0,0.0,0.0,0,0.0,0.0
065059,台積電永豐74購02,TW,0.0,-527.0,0.0,0.0,0,0.0,0.0
06505U,臺股指元富59售03,TW,0.0,-20.0,0.0,0.0,0,0.0,0.0
065060,台積電永豐74購03,TW,0.0,-91.0,0.0,0.0,0,0.0,0.0
065061,華邦電永豐65購01,TW,0.0,-344.0,0.0,0.0,0,0.0,0.0
065062,智邦永豐5C購03,TW,0.0,-179.0,0.0,0.0,0,0.0,0.0
065063,南亞科永豐5C購01,TW,0.0,-225.0,0.0,0.0,0,0.0,0.0
065064,聯發科永豐5B購06,TW,0.0,4.0,0.0,0.0,0,0.0,0.0
065065,聯發科永豐5C購05,TW,0.0,5.0,0.0,0.0,0,0.0,0.0
065066,盟立永豐61購01,TW,0.0,-14.0,0.0,0.0,0,0.0,0.0
065067,奇鋐永豐5A購03,TW,0.0,-364.0,0.0,0.0,0,0.0,0.0
065068,奇鋐永豐64購04,TW,0.0,-941.0,0.0,0.0,0,0.0,0.0
065069,智原永豐5C購01,TW,0.0,2837.0,0.0,0.0,0,0.0,0.0
065070,世芯永豐5A購06,TW,0.0,-571.0,0.0,0.0,0,0.0,0.0
065071,世芯永豐64購03,TW,0.0,1.0,0.0,0.0,0,0.0,0.0
065072,臻鼎永豐5B購03,TW,0.0,-1474.0,0.0,0.0,0,0.0,0.0
065073,祥碩永豐5C購02,TW,0.0,-584.0,0.0,0.0,0,0.0,0.0
065074,達發永豐5C購01,TW,0.0,-497.0,0.0,0.0,0,0.0,0.0
065077,昇陽半永豐61購01,TW,0.0,246.0,0.0,0.0,0,0.0,0.0
065078,京元電兆豐64購02,TW,0.0,1548.0,0.0,0.0,0,0.0,0.0
065079,聯發科兆豐64購02,TW,0.0,-383.0,0.0,0.0,0,0.0,0.0
065080,旭隼兆豐64購02,TW,0.0,-365.0,0.0,0.0,0,0.0,0.0
065081,台玻群益5A購04,TW,0.0,-460.0,0.0,0.0,0,0.0,0.0
065082,金寶群益5A購02,TW,0.0,-263.0,0.0,0.0,0,0.0,0.0
065083,群創群益5A購05,TW,0.0,404.0,0.0,0.0,0,0.0,0.0
065085,臺股指群益5A購24,TW,0.0,21.0,0.0,0.0,0,0.0,0.0
065086,臺股指群益5A購25,TW,0.0,-52.0,0.0,0.0,0,0.0,0.0
065087,燿華富邦61購01,TW,0.0,-279.0,0.0,0.0,0,0.0,0.0
065089,聯發科富邦64購01,TW,0.0,-8.0,0.0,0.0,0,0.0,0.0
065090,聯發科富邦74購03,TW,0.0,-23.0,0.0,0.0,0,0.0,0.0
065091,盟立富邦61購01,TW,0.0,-6.0,0.0,0.0,0,0.0,0.0
065092,台灣50國票5A購04,TW,0.0,-144.0,0.0,0.0,0,0.0,0.0
065093,台灣50國票5A購05,TW,0.0,-19.0,0.0,0.0,0,0.0,0.0
065094,T50反1國票5A購03,TW,0.0,-1066.0,0.0,0.0,0,0.0,0.0
065095,台玻國票5B購01,TW,0.0,344.0,0.0,0.0,0,0.0,0.0
065096,上銀國票5B購02,TW,0.0,9.0,0.0,0.0,0,0.0,0.0
065097,智邦國票5B購02,TW,0.0,15.0,0.0,0.0,0,0.0,0.0
065098,威盛國票5B購02,TW,0.0,-75.0,0.0,0.0,0,0.0,0.0
065099,奇鋐國票5B購02,TW,0.0,-25.0,0.0,0.0,0,0.0,0.0
065100,宏致國票5A購01,TW,0.0,23.0,0.0,0.0,0,0.0,0.0
065102,天鈺國票5A購01,TW,0.0,-130.0,0.0,0.0,0,0.0,0.0
065103,十銓國票5A購02,TW,0.0,-1960.0,0.0,0.0,0,0.0,0.0
065104,十銓國票5B購01,TW,0.0,-314.0,0.0,0.0,0,0.0,0.0
065106,昇陽半國票5B購02,TW,0.0,95.0,0.0,0.0,0,0.0,0.0
065107,台積電元大5A購19,TW,0.0,-2.0,0.0,0.0,0,0.0,0.0
065109,聯發科元大5A購14,TW,0.0,83.0,0.0,0.0,0,0.0,0.0
06510U,台達電國票5A售02,TW,0.0,-22.0,0.0,0.0,0,0.0,0.0
065110,聯發科元大5A購15,TW,0.0,35.0,0.0,0.0,0,0.0,0.0
065111,聯發科元大5A購16,TW,0.0,-1.0,-1.0,0.0,0,0.0,0.0
065114,聯發科元大5C購04,TW,0.0,24.0,0.0,0.0,0,0.0,0.0
065115,台玻凱基5A購02,TW,0.0,-464.0,0.0,0.0,0,0.0,0.0
065116,上銀凱基5C購03,TW,0.0,-54.0,0.0,0.0,0,0.0,0.0
065117,川湖凱基5B購05,TW,0.0,0.0,0.0,0.0,0,0.0,0.0
06511U,台達電國票61售01,TW,0.0,219.0,0.0,0.0,0,0.0,0.0
065121,燿華凱基5C購01,TW,0.0,-190.0,0.0,0.0,0,0.0,0.0
065122,威盛凱基5A購02,TW,0.0,-122.0,0.0,0.0,0,0.0,0.0
065123,漢唐凱基5A購06,TW,0.0,39.0,0.0,0.0,0,0.0,0.0
065124,聯發科凱基5A購15,TW,0.0,8.0,0.0,0.0,0,0.0,0.0
065125,可成凱基5B購01,TW,0.0,-128.0,0.0,0.0,0,0.0,0.0
065126,奇鋐凱基5A購12,TW,0.0,-32.0,0.0,0.0,0,0.0,0.0
065127,德律凱基5A購04,TW,0.0,-16.0,0.0,0.0,0,0.0,0.0
065128,世芯凱基5A購10,TW,0.0,-216.0,0.0,0.0,0,0.0,0.0
065129,貿聯凱基5A購05,TW,0.0,1795.0,0.0,0.0,0,0.0,0.0
065130,臻鼎凱基5A購08,TW,0.0,1624.0,0.0,0.0,0,0.0,0.0
065131,祥碩凱基5B購05,TW,0.0,138.0,0.0,0.0,0,0.0,0.0
065132,瑞儀凱基5A購01,TW,0.0,73.0,0.0,0.0,0,0.0,0.0
065133,力成凱基5A購06,TW,0.0,-106.0,0.0,0.0,0,0.0,0.0
065134,啟碁凱基63購01,TW,0.0,-20.0,0.0,0.0,0,0.0,0.0
065135,緯穎凱基5A購05,TW,0.0,88.0,0.0,0.0,0,0.0,0.0
065136,AES凱基5C購01,TW,0.0,-188.0,0.0,0.0,0,0.0,0.0
065137,昇陽半凱基64購01,TW,0.0,-60.0,0.0,0.0,0,0.0,0.0
065138,川湖國泰5B購01,TW,0.0,-10.0,0.0,0.0,0,0.0,0.0
065139,聯電國泰5C購01,TW,0.0,339.0,0.0,0.0,0,0.0,0.0
065140,智邦國泰5B購01,TW,0.0,-24.0,0.0,0.0,0,0.0,0.0
065141,智邦國泰5B購02,TW,0.0,-297.0,0.0,0.0,0,0.0,0.0
065142,南亞科國泰5B購01,TW,0.0,-105.0,0.0,0.0,0,0.0,0.0
065143,南亞科國泰5B購02,TW,0.0,-3518.0,0.0,0.0,0,0.0,0.0
065144,南亞科國泰5B購03,TW,0.0,-302.0,0.0,0.0,0,0.0,0.0
065145,聯發科國泰65購01,TW,0.0,10.0,0.0,0.0,0,0.0,0.0
065146,奇鋐國泰5B購02,TW,0.0,0.0,0.0,0.0,0,0.0,0.0
065147,宏致國泰5B購02,TW,0.0,-13.0,0.0,0.0,0,0.0,0.0
065148,世芯國泰5B購03,TW,0.0,0.0,0.0,0.0,0,0.0,0.0
065149,世芯國泰5B購04,TW,0.0,-27.0,0.0,0.0,0,0.0,0.0
065150,定穎控國泰5B購02,TW,0.0,-10.0,0.0,0.0,0,0.0,0.0
065151,台郡國泰5B購01,TW,0.0,-15.0,0.0,0.0,0,0.0,0.0
065152,緯穎國泰5B購02,TW,0.0,-514.0,0.0,0.0,0,0.0,0.0
065153,鴻海永豐5A購06,TW,0.0,-63.0,0.0,0.0,0,0.0,0.0
065154,台積電永豐5C購19,TW,0.0,-280.0,0.0,0.0,0,0.0,0.0
065155,威盛永豐5C購01,TW,0.0,-291.0,0.0,0.0,0,0.0,0.0
065156,南亞科永豐66購01,TW,0.0,-251.0,0.0,0.0,0,0.0,0.0
065159,聯發科永豐5B購07,TW,0.0,10.0,0.0,0.0,0,0.0,0.0
065160,盟立永豐5B購02,TW,0.0,-288.0,-4.0,0.0,0,0.0,0.0
065161,奇鋐永豐5C購07,TW,0.0,-5612.0,0.0,0.0,0,0.0,0.0
065162,奇鋐永豐5C購08,TW,0.0,-361.0,0.0,0.0,0,0.0,0.0
065163,智原永豐5B購01,TW,0.0,-863.0,0.0,0.0,0,0.0,0.0
065164,健鼎永豐5B購01,TW,0.0,-94.0,0.0,0.0,0,0.0,0.0
065165,世芯永豐5A購07,TW,0.0,30.0,0.0,0.0,0,0.0,0.0
065166,世芯永豐5B購05,TW,0.0,-337.0,0.0,0.0,0,0.0,0.0
065167,世芯永豐5C購06,TW,0.0,-107.0,0.0,0.0,0,0.0,0.0
065168,貿聯永豐5B購03,TW,0.0,320.0,0.0,0.0,0,0.0,0.0
065169,臻鼎永豐5C購03,TW,0.0,391.0,0.0,0.0,0,0.0,0.0
065170,緯穎永豐5B購03,TW,0.0,95.0,0.0,0.0,0,0.0,0.0
065171,昇陽半永豐5B購02,TW,0.0,621.0,0.0,0.0,0,0.0,0.0
065172,聯電兆豐5C購01,TW,0.0,82.0,0.0,0.0,0,0.0,0.0
065174,台積電兆豐5C購02,TW,0.0,-121.0,0.0,0.0,0,0.0,0.0
065175,建準兆豐5C購01,TW,0.0,-278.0,0.0,0.0,0,0.0,0.0
065176,南亞群益5A購04,TW,0.0,105.0,0.0,0.0,0,0.0,0.0
065177,台玻群益5A購05,TW,0.0,-423.0,0.0,0.0,0,0.0,0.0
065180,奇鋐群益5A購11,TW,0.0,-258.0,0.0,0.0,0,0.0,0.0
065181,智原群益5B購03,TW,0.0,-794.0,0.0,0.0,0,0.0,0.0
065182,世芯群益5A購08,TW,0.0,-261.0,0.0,0.0,0,0.0,0.0
065183,臻鼎群益5A購08,TW,0.0,-120.0,0.0,0.0,0,0.0,0.0
065184,祥碩群益5C購01,TW,0.0,22.0,0.0,0.0,0,0.0,0.0
065185,盛群群益5A購01,TW,0.0,0.0,0.0,0.0,0,0.0,0.0
065186,達發群益5A購01,TW,0.0,-361.0,0.0,0.0,0,0.0,0.0
065187,緯穎群益5A購05,TW,0.0,-79.0,0.0,0.0,0,0.0,0.0
065188,微星富邦5C購01,TW,0.0,-694.0,0.0,0.0,0,0.0,0.0
065189,智原富邦5C購01,TW,0.0,-95.0,0.0,0.0,0,0.0,0.0
065190,貿聯富邦63購02,TW,0.0,-151.0,0.0,0.0,0,0.0,0.0
065191,臻鼎富邦61購04,TW,0.0,-845.0,0.0,0.0,0,0.0,0.0
065192,瑞儀富邦5B購01,TW,0.0,-2599.0,0.0,0.0,0,0.0,0.0
065193,緯穎富邦64購02,TW,0.0,-170.0,0.0,0.0,0,0.0,0.0
065194,力積電富邦63購01,TW,0.0,595.0,0.0,0.0,0,0.0,0.0
065195,T50反1凱基5B購04,TW,0.0,125.0,0.0,0.0,0,0.0,0.0
065196,元黃金凱基5C購06,TW,0.0,-1497.0,0.0,0.0,0,0.0,0.0
065197,台積電凱基61購08,TW,0.0,-250.0,0.0,0.0,0,0.0,0.0
065198,台積電凱基74購02,TW,0.0,-10.0,0.0,0.0,0,0.0,0.0
065199,毅嘉凱基5A購03,TW,0.0,-264.0,0.0,0.0,0,0.0,0.0
065200,聯發科凱基5A購16,TW,0.0,-110.0,0.0,0.0,0,0.0,0.0
065201,聯發科凱基63購02,TW,0.0,-1082.0,0.0,0.0,0,0.0,0.0
065202,奇鋐凱基5B購04,TW,0.0,-284.0,0.0,0.0,0,0.0,0.0
065203,世芯凱基5A購11,TW,0.0,-784.0,0.0,0.0,0,0.0,0.0
065204,臻鼎凱基5B購01,TW,0.0,121.0,0.0,0.0,0,0.0,0.0
065205,緯穎凱基5C購06,TW,0.0,-253.0,0.0,0.0,0,0.0,0.0
065206,昇陽半凱基5A購02,TW,0.0,-312.0,0.0,0.0,0,0.0,0.0
065207,勤誠凱基5A購03,TW,0.0,566.0,0.0,0.0,0,0.0,0.0
065208,聯發科元大5A購19,TW,0.0,12.0,0.0,0.0,0,0.0,0.0
065209,聯發科元大5B購01,TW,0.0,-37.0,0.0,0.0,0,0.0,0.0
065211,臻鼎元大5A購14,TW,0.0,-189.0,0.0,0.0,0,0.0,0.0
065212,臻鼎元大5A購15,TW,0.0,111.0,0.0,0.0,0,0.0,0.0
065213,臻鼎元大5A購16,TW,0.0,-2333.0,200.0,0.0,0,0.0,0.0
065214,昇陽半元大5A購07,TW,0.0,1080.0,0.0,0.0,0,0.0,0.0
065215,臺股指元大5A購33,TW,0.0,130.0,0.0,0.0,0,0.0,0.0
065216,元油反國票5A購02,TW,0.0,-1277.0,0.0,0.0,0,0.0,0.0
065218,台達化國票5B購02,TW,0.0,197.0,0.0,0.0,0,0.0,0.0
065219,順德國票5C購01,TW,0.0,-279.0,0.0,0.0,0,0.0,0.0
065220,微星國票5B購01,TW,0.0,-534.0,0.0,0.0,0,0.0,0.0
065221,威盛國票5B購03,TW,0.0,-1859.0,0.0,0.0,0,0.0,0.0
065222,威盛國票5B購04,TW,0.0,-206.0,0.0,0.0,0,0.0,0.0
065223,偉詮電國票5B購02,TW,0.0,-499.0,0.0,0.0,0,0.0,0.0
065224,京元電國票5A購03,TW,0.0,10.0,0.0,0.0,0,0.0,0.0
065225,京元電國票5B購01,TW,0.0,-19.0,0.0,0.0,0,0.0,0.0
065226,可成國票5A購01,TW,0.0,-30.0,0.0,0.0,0,0.0,0.0
065227,鉅祥國票5A購01,TW,0.0,-414.0,0.0,0.0,0,0.0,0.0
065228,晟銘電國票5A購02,TW,0.0,-833.0,0.0,0.0,0,0.0,0.0
065229,臻鼎國票5A購02,TW,0.0,-304.0,0.0,0.0,0,0.0,0.0
065230,臻鼎國票5A購03,TW,0.0,-59.0,0.0,0.0,0,0.0,0.0
065231,臻鼎國票5B購01,TW,0.0,343.0,0.0,0.0,0,0.0,0.0
065232,立積國票5A購01,TW,0.0,-20.0,0.0,0.0,0,0.0,0.0
065233,亞翔國票5A購02,TW,0.0,-484.0,0.0,0.0,0,0.0,0.0
065234,達發國票5A購02,TW,0.0,-354.0,0.0,0.0,0,0.0,0.0
065235,世紀鋼國票5A購02,TW,0.0,394.0,0.0,0.0,0,0.0,0.0
065236,台灣50台新5A購07,TW,0.0,-40.0,0.0,0.0,0,0.0,0.0
065237,台灣50台新5A購08,TW,0.0,-387.0,0.0,0.0,0,0.0,0.0
065239,金寶台新5A購01,TW,0.0,-229.0,0.0,0.0,0,0.0,0.0
06523U,元金2X中信5A售01,TW,0.0,0.0,0.0,0.0,0,0.0,0.0
065242,台積電台新5A購10,TW,0.0,-63.0,0.0,0.0,0,0.0,0.0
065243,台積電台新5A購11,TW,0.0,-76.0,0.0,0.0,0,0.0,0.0
065244,台積電台新5A購12,TW,0.0,363.0,0.0,0.0,0,0.0,0.0
065245,台積電台新5A購13,TW,0.0,-2466.0,0.0,0.0,0,0.0,0.0
065246,台積電台新5A購14,TW,0.0,0.0,0.0,0.0,0,0.0,0.0
065247,威盛台新5A購02,TW,0.0,-203.0,0.0,0.0,0,0.0,0.0
065248,南亞科台新5A購01,TW,0.0,410.0,0.0,0.0,0,0.0,0.0
065249,南亞科台新5A購02,TW,0.0,177.0,0.0,0.0,0,0.0,0.0
065250,南亞科台新5A購03,TW,0.0,-862.0,0.0,0.0,0,0.0,0.0
065251,南亞科台新5A購04,TW,0.0,-201.0,0.0,0.0,0,0.0,0.0
065252,南亞科台新5A購05,TW,0.0,-427.0,0.0,0.0,0,0.0,0.0
065254,聯發科台新5A購02,TW,0.0,-16.0,0.0,0.0,0,0.0,0.0
065255,聯發科台新5A購03,TW,0.0,51.0,0.0,0.0,0,0.0,0.0
065257,可成台新5A購01,TW,0.0,-45.0,0.0,0.0,0,0.0,0.0
065258,可成台新5A購02,TW,0.0,-51.0,0.0,0.0,0,0.0,0.0
065259,鉅祥台新5A購03,TW,0.0,-59.0,0.0,0.0,0,0.0,0.0
065260,鉅祥台新5A購04,TW,0.0,-248.0,0.0,0.0,0,0.0,0.0
065261,奇鋐台新5A購01,TW,0.0,-49.0,0.0,0.0,0,0.0,0.0
065264,奇鋐台新5A購02,TW,0.0,-832.0,0.0,0.0,0,0.0,0.0
065265,奇鋐台新5A購03,TW,0.0,-10.0,0.0,0.0,0,0.0,0.0
065266,奇鋐台新5A購04,TW,0.0,-911.0,0.0,0.0,0,0.0,0.0
065269,奇鋐台新5A購05,TW,0.0,-1104.0,0.0,0.0,0,0.0,0.0
065270,嘉澤台新5A購01,TW,0.0,-15.0,0.0,0.0,0,0.0,0.0
065271,貿聯台新5A購05,TW,0.0,20.0,0.0,0.0,0,0.0,0.0
065272,臻鼎台新5A購02,TW,0.0,97.0,0.0,0.0,0,0.0,0.0
065273,南茂台新5A購01,TW,0.0,1023.0,0.0,0.0,0,0.0,0.0
065274,臺股指台新5A購02,TW,0.0,-110.0,0.0,0.0,0,0.0,0.0
065275,台股增永豐5A購01,TW,0.0,230.0,4.0,0.0,0,0.0,0.0
065276,台強棒永豐5A購01,TW,0.0,-70.0,0.0,0.0,0,0.0,0.0
065277,亞德客永豐5C購01,TW,0.0,-44.0,0.0,0.0,0,0.0,0.0
065278,鴻海永豐61購03,TW,0.0,268.0,0.0,0.0,0,0.0,0.0
065279,鴻海永豐64購03,TW,0.0,-16.0,0.0,0.0,0,0.0,0.0
065280,鴻海永豐66購03,TW,0.0,-60.0,0.0,0.0,0,0.0,0.0
065281,台積電永豐5C購20,TW,0.0,-60.0,0.0,0.0,0,0.0,0.0
065282,華邦電永豐68購01,TW,0.0,-524.0,0.0,0.0,0,0.0,0.0
065283,南亞科永豐66購02,TW,0.0,-10.0,0.0,0.0,0,0.0,0.0
065285,緯穎永豐5A購05,TW,0.0,-223.0,0.0,0.0,0,0.0,0.0
065286,緯穎永豐61購02,TW,0.0,21.0,0.0,0.0,0,0.0,0.0
065287,力積電永豐64購01,TW,0.0,144.0,0.0,0.0,0,0.0,0.0
065288,華城凱基5C購01,TW,0.0,-433.0,0.0,0.0,0,0.0,0.0
065289,亞德客凱基5A購03,TW,0.0,-67.0,0.0,0.0,0,0.0,0.0
065291,台玻凱基5A購03,TW,0.0,-196.0,0.0,0.0,0,0.0,0.0
065292,川湖凱基5A購04,TW,0.0,-16.0,0.0,0.0,0,0.0,0.0
065294,台積電凱基5C購11,TW,0.0,-1.0,0.0,0.0,0,0.0,0.0
065295,台積電凱基64購08,TW,0.0,380.0,0.0,0.0,0,0.0,0.0
065296,微星凱基5A購01,TW,0.0,-21.0,0.0,0.0,0,0.0,0.0
065297,南亞科凱基5A購05,TW,0.0,-722.0,0.0,0.0,0,0.0,0.0
065299,鴻海統一57購04,TW,0.0,-65.0,0.0,0.0,0,0.0,0.0
065300,京元電凱基5B購02,TW,0.0,-48.0,0.0,0.0,0,0.0,0.0
065301,聯發科凱基63購03,TW,0.0,-311.0,6.0,0.0,0,0.0,0.0
065302,鉅祥凱基5A購04,TW,0.0,-265.0,0.0,0.0,0,0.0,0.0
065304,晟銘電凱基5A購03,TW,0.0,328.0,0.0,0.0,0,0.0,0.0
065305,健鼎凱基5A購03,TW,0.0,70.0,0.0,0.0,0,0.0,0.0
065306,緯穎凱基5B購06,TW,0.0,-71.0,0.0,0.0,0,0.0,0.0
065307,T50反1群益5A購04,TW,0.0,494.0,0.0,0.0,0,0.0,0.0
065311,台積電群益5A購17,TW,0.0,-1.0,0.0,0.0,0,0.0,0.0
065312,台積電群益5A購18,TW,0.0,20.0,0.0,0.0,0,0.0,0.0
065313,台積電群益5B購09,TW,0.0,0.0,0.0,0.0,0,0.0,0.0
065314,台積電群益5B購10,TW,0.0,-92.0,0.0,0.0,0,0.0,0.0
065315,台積電群益64購03,TW,0.0,-504.0,0.0,0.0,0,0.0,0.0
065316,台積電群益64購04,TW,0.0,-23.0,0.0,0.0,0,0.0,0.0
065319,智原群益5A購01,TW,0.0,-297.0,0.0,0.0,0,0.0,0.0
065320,健鼎群益5B購01,TW,0.0,3.0,0.0,0.0,0,0.0,0.0
065321,世芯群益5A購09,TW,0.0,204.0,0.0,0.0,0,0.0,0.0
065322,緯穎群益5C購01,TW,0.0,0.0,0.0,0.0,0,0.0,0.0
065324,臺股指群益5A購26,TW,0.0,-20.0,0.0,0.0,0,0.0,0.0
065325,台達化國泰5B購01,TW,0.0,-29.0,0.0,0.0,0,0.0,0.0
065326,楠梓電國泰5B購01,TW,0.0,0.0,0.0,0.0,0,0.0,0.0
065327,華邦電國泰61購01,TW,0.0,90.0,0.0,0.0,0,0.0,0.0
065328,華邦電國泰61購02,TW,0.0,-5639.0,0.0,0.0,0,0.0,0.0
065329,瑞昱國泰5C購01,TW,0.0,-259.0,0.0,0.0,0,0.0,0.0
065335,盟立國泰61購01,TW,0.0,-1.0,0.0,0.0,0,0.0,0.0
065336,智原國泰5B購01,TW,0.0,16.0,0.0,0.0,0,0.0,0.0
065337,智原國泰5B購02,TW,0.0,-111.0,0.0,0.0,0,0.0,0.0
065341,康普國泰5B購01,TW,0.0,-409.0,0.0,0.0,0,0.0,0.0
065342,達發國泰5B購01,TW,0.0,85.0,0.0,0.0,0,0.0,0.0
065343,南亞兆豐64購01,TW,0.0,420.0,0.0,0.0,0,0.0,0.0
065344,光寶科兆豐64購01,TW,0.0,-445.0,0.0,0.0,0,0.0,0.0
065345,英業達兆豐64購01,TW,0.0,-246.0,0.0,0.0,0,0.0,0.0
065346,南亞科兆豐64購01,TW,0.0,-890.0,0.0,0.0,0,0.0,0.0
065347,智原兆豐5C購01,TW,0.0,1338.0,0.0,0.0,0,0.0,0.0
065348,群創兆豐5C購01,TW,0.0,136.0,0.0,0.0,0,0.0,0.0
065349,AES兆豐5C購02,TW,0.0,270.0,0.0,0.0,0,0.0,0.0
065350,香港2X國票5A購03,TW,0.0,-70.0,0.0,0.0,0,0.0,0.0
065351,道瓊2X國票5B購02,TW,0.0,-502.0,0.0,0.0,0,0.0,0.0
065352,勝一國票5B購02,TW,0.0,-371.0,0.0,0.0,0,0.0,0.0
065353,川湖國票61購01,TW,0.0,-123.0,0.0,0.0,0,0.0,0.0
065354,台橡國票5B購02,TW,0.0,40.0,0.0,0.0,0,0.0,0.0
065355,楠梓電國票5B購01,TW,0.0,-57.0,0.0,0.0,0,0.0,0.0
065356,鴻海國票5B購01,TW,0.0,208.0,0.0,0.0,0,0.0,0.0
065357,台積電國票5A購10,TW,0.0,0.0,0.0,0.0,0,0.0,0.0
065358,台積電國票5A購11,TW,0.0,0.0,0.0,0.0,0,0.0,0.0
065359,華邦電國票5B購03,TW,0.0,310.0,0.0,0.0,0,0.0,0.0
06535U,力積電國票56售03,TW,0.0,0.0,0.0,0.0,0,0.0,0.0
065360,英業達國票5B購01,TW,0.0,126.0,0.0,0.0,0,0.0,0.0
065361,凱美國票5B購01,TW,0.0,632.0,0.0,0.0,0,0.0,0.0
065362,南亞科國票5B購03,TW,0.0,283.0,0.0,0.0,0,0.0,0.0
065364,聯發科國票5A購05,TW,0.0,19.0,0.0,0.0,0,0.0,0.0
065365,鉅祥國票5A購02,TW,0.0,-235.0,0.0,0.0,0,0.0,0.0
065366,智原國票5B購02,TW,0.0,-147.0,0.0,0.0,0,0.0,0.0
065367,耀登國票5A購01,TW,0.0,-1522.0,0.0,0.0,0,0.0,0.0
065368,群創國票5A購02,TW,0.0,78.0,0.0,0.0,0,0.0,0.0
065369,群創國票5A購03,TW,0.0,-66.0,0.0,0.0,0,0.0,0.0
065370,嘉澤國票61購02,TW,0.0,-35.0,0.0,0.0,0,0.0,0.0
065371,日月光國票5B購03,TW,0.0,60.0,0.0,0.0,0,0.0,0.0
065372,jpp國票5B購01,TW,0.0,39.0,0.0,0.0,0,0.0,0.0
065374,力成國票5B購01,TW,0.0,-104.0,0.0,0.0,0,0.0,0.0
065375,達發國票5B購01,TW,0.0,376.0,0.0,0.0,0,0.0,0.0
065376,緯穎國票5B購03,TW,0.0,-24.0,0.0,0.0,0,0.0,0.0
065377,緯穎國票5B購04,TW,0.0,-611.0,0.0,0.0,0,0.0,0.0
065378,緯穎國票5B購05,TW,0.0,-14.0,0.0,0.0,0,0.0,0.0
065379,龍德船國票5A購01,TW,0.0,-15.0,0.0,0.0,0,0.0,0.0
065380,力積電國票5A購01,TW,0.0,-39.0,0.0,0.0,0,0.0,0.0
065381,力積電國票5A購02,TW,0.0,-595.0,0.0,0.0,0,0.0,0.0
065382,潤泰新國票5B購01,TW,0.0,-82.0,0.0,0.0,0,0.0,0.0
065383,T50正2台新61購02,TW,0.0,-55.0,2.0,0.0,0,0.0,0.0
065384,和大台新5A購01,TW,0.0,-228.0,0.0,0.0,0,0.0,0.0
065385,大成鋼台新5A購01,TW,0.0,-244.0,0.0,0.0,0,0.0,0.0
065386,上銀台新5A購01,TW,0.0,-29.0,0.0,0.0,0,0.0,0.0
065387,上銀台新5A購02,TW,0.0,122.0,0.0,0.0,0,0.0,0.0
065388,鴻海台新5A購05,TW,0.0,0.0,0.0,0.0,0,0.0,0.0
065389,鴻海台新5A購06,TW,0.0,-18.0,0.0,0.0,0,0.0,0.0
065391,研華台新5A購03,TW,0.0,-7.0,0.0,0.0,0,0.0,0.0
065392,南亞科台新5A購07,TW,0.0,-1517.0,0.0,0.0,0,0.0,0.0
065393,盟立台新5A購01,TW,0.0,379.0,0.0,0.0,0,0.0,0.0
065394,晟銘電台新5A購01,TW,0.0,-6.0,0.0,0.0,0,0.0,0.0
065395,晟銘電台新5A購02,TW,0.0,19.0,0.0,0.0,0,0.0,0.0
065396,日月光台新5A購03,TW,0.0,10.0,0.0,0.0,0,0.0,0.0
065397,日月光台新5A購04,TW,0.0,4.0,0.0,0.0,0,0.0,0.0
065399,力成台新5A購01,TW,0.0,30.0,0.0,0.0,0,0.0,0.0
065400,昇陽半台新5A購02,TW,0.0,47.0,0.0,0.0,0,0.0,0.0
065401,臺股指台新5A購04,TW,0.0,-16.0,0.0,0.0,0,0.0,0.0
065402,台灣50富邦64購05,TW,0.0,-274.0,0.0,0.0,0,0.0,0.0
065403,T50正2富邦63購02,TW,0.0,-244.0,0.0,0.0,0,0.0,0.0
065404,南亞富邦5C購02,TW,0.0,32.0,0.0,0.0,0,0.0,0.0
065406,仁寶富邦61購01,TW,0.0,-261.0,0.0,0.0,0,0.0,0.0
065407,台積電富邦75購01,TW,0.0,1416.0,0.0,0.0,0,0.0,0.0
065408,智邦富邦61購04,TW,0.0,-244.0,0.0,0.0,0,0.0,0.0
065411,美律富邦5C購01,TW,0.0,-92.0,0.0,0.0,0,0.0,0.0
065412,大立光富邦5C購03,TW,0.0,98.0,0.0,0.0,0,0.0,0.0
065413,大立光富邦5C購04,TW,0.0,232.0,0.0,0.0,0,0.0,0.0
065414,智原富邦61購01,TW,0.0,440.0,0.0,0.0,0,0.0,0.0
065415,新日興富邦5C購01,TW,0.0,-1063.0,0.0,0.0,0,0.0,0.0
065416,世芯富邦5C購07,TW,0.0,-451.0,0.0,0.0,0,0.0,0.0
065417,世芯富邦61購02,TW,0.0,304.0,0.0,0.0,0,0.0,0.0
065418,保瑞富邦5C購02,TW,0.0,-20.0,0.0,0.0,0,0.0,0.0
065419,緯穎富邦63購02,TW,0.0,-1175.0,0.0,0.0,0,0.0,0.0
065420,臺股指富邦5B購11,TW,0.0,-14.0,0.0,0.0,0,0.0,0.0
065421,臺股指富邦64購13,TW,0.0,27.0,0.0,0.0,0,0.0,0.0
065422,T50正2元大5A購09,TW,0.0,-2935.0,0.0,0.0,0,0.0,0.0
065423,台股增元大5A購01,TW,0.0,-7784.0,23.0,0.0,0,0.0,0.0
065424,台強棒元大5A購01,TW,0.0,259.0,0.0,0.0,0,0.0,0.0
065425,川湖元大5A購03,TW,0.0,20.0,0.0,0.0,0,0.0,0.0
065426,台積電元大5A購20,TW,0.0,-6998.0,10.0,0.0,0,0.0,0.0
065427,台積電元大5C購09,TW,0.0,-4436.0,0.0,0.0,0,0.0,0.0
065428,聯發科元大5A購20,TW,0.0,-124.0,0.0,0.0,0,0.0,0.0
065429,聯發科元大5A購21,TW,0.0,-30.0,0.0,0.0,0,0.0,0.0
065430,聯發科元大5A購22,TW,0.0,-174.0,0.0,0.0,0,0.0,0.0
065432,聯發科元大5A購24,TW,0.0,-758.0,0.0,0.0,0,0.0,0.0
065433,聯發科元大5C購05,TW,0.0,-351.0,0.0,0.0,0,0.0,0.0
065434,聯發科元大63購09,TW,0.0,-244.0,0.0,0.0,0,0.0,0.0
065435,智原元大5A購02,TW,0.0,-1823.0,0.0,0.0,0,0.0,0.0
065436,智原元大5A購03,TW,0.0,-1039.0,0.0,0.0,0,0.0,0.0
065437,世芯元大5C購04,TW,0.0,332.0,0.0,0.0,0,0.0,0.0
065438,貿聯元大5A購04,TW,0.0,-2081.0,0.0,0.0,0,0.0,0.0
065439,貿聯元大5A購05,TW,0.0,-4034.0,0.0,0.0,0,0.0,0.0
065440,貿聯元大5A購06,TW,0.0,-4941.0,0.0,0.0,0,0.0,0.0
065441,緯穎元大5A購06,TW,0.0,49.0,0.0,0.0,0,0.0,0.0
065442,緯穎元大5A購07,TW,0.0,-359.0,0.0,0.0,0,0.0,0.0
065443,緯穎元大5A購08,TW,0.0,-54.0,0.0,0.0,0,0.0,0.0
065444,緯穎元大5A購09,TW,0.0,278.0,0.0,0.0,0,0.0,0.0
065445,緯穎元大5A購10,TW,0.0,-55.0,0.0,0.0,0,0.0,0.0
065446,緯穎元大61購08,TW,0.0,-318.0,0.0,0.0,0,0.0,0.0
065447,昇陽半元大5A購08,TW,0.0,-24.0,0.0,0.0,0,0.0,0.0
065448,昇陽半元大5A購09,TW,0.0,368.0,0.0,0.0,0,0.0,0.0
065449,昇陽半元大5A購10,TW,0.0,315.0,0.0,0.0,0,0.0,0.0
065450,勤誠元大63購02,TW,0.0,578.0,0.0,0.0,0,0.0,0.0
065451,台灣50中信65購01,TW,0.0,-3250.0,11.0,0.0,0,0.0,0.0
065452,T50正2中信63購02,TW,0.0,-2084.0,20.0,0.0,0,0.0,0.0
065453,T50反1中信65購01,TW,0.0,267.0,0.0,0.0,0,0.0,0.0
065454,臺指2X中信63購06,TW,0.0,-2910.0,0.0,0.0,0,0.0,0.0
065455,台股增中信63購01,TW,0.0,-1687.0,0.0,0.0,0,0.0,0.0
065456,台積電中信65購01,TW,0.0,84.0,0.0,0.0,0,0.0,0.0
065457,智邦中信62購02,TW,0.0,-316.0,0.0,0.0,0,0.0,0.0
065458,南亞科中信5B購01,TW,0.0,-795.0,0.0,0.0,0,0.0,0.0
065459,聯發科中信63購03,TW,0.0,-196.0,0.0,0.0,0,0.0,0.0
065460,群創中信5B購01,TW,0.0,24.0,0.0,0.0,0,0.0,0.0
065461,貿聯中信5B購01,TW,0.0,-8975.0,0.0,0.0,0,0.0,0.0
065462,亞翔中信63購01,TW,0.0,-257.0,0.0,0.0,0,0.0,0.0
065463,AES中信62購01,TW,0.0,-143.0,0.0,0.0,0,0.0,0.0
065464,至上中信62購01,TW,0.0,20.0,0.0,0.0,0,0.0,0.0
065466,台積電永豐5C購21,TW,0.0,-69.0,0.0,0.0,0,0.0,0.0
065468,盟立永豐61購02,TW,0.0,-149.0,0.0,0.0,0,0.0,0.0
065469,TPK永豐5B購01,TW,0.0,-869.0,0.0,0.0,0,0.0,0.0
065470,TPK永豐61購01,TW,0.0,-1314.0,0.0,0.0,0,0.0,0.0
065471,TPK永豐64購01,TW,0.0,-370.0,0.0,0.0,0,0.0,0.0
065472,勝一凱基5C購01,TW,0.0,60.0,0.0,0.0,0,0.0,0.0
065473,鴻海凱基5C購08,TW,0.0,41.0,0.0,0.0,0,0.0,0.0
065474,台積電凱基5B購14,TW,0.0,100.0,0.0,0.0,0,0.0,0.0
065475,台積電凱基5B購15,TW,0.0,-2.0,0.0,0.0,0,0.0,0.0
065477,華邦電凱基5C購01,TW,0.0,-197.0,0.0,0.0,0,0.0,0.0
065478,智邦凱基5B購04,TW,0.0,-966.0,0.0,0.0,0,0.0,0.0
065480,聯發科凱基5B購03,TW,0.0,-1017.0,0.0,0.0,0,0.0,0.0
065481,聯發科凱基5B購04,TW,0.0,-311.0,0.0,0.0,0,0.0,0.0
065482,聯發科凱基5C購09,TW,0.0,-271.0,0.0,0.0,0,0.0,0.0
065483,聯發科凱基5C購10,TW,0.0,-159.0,0.0,0.0,0,0.0,0.0
065484,智原凱基5B購04,TW,0.0,-323.0,22.0,0.0,0,0.0,0.0
065485,玉晶光凱基61購01,TW,0.0,-246.0,0.0,0.0,0,0.0,0.0
065486,群創凱基5C購01,TW,0.0,3.0,0.0,0.0,0,0.0,0.0
065487,嘉澤凱基61購02,TW,0.0,-12.0,0.0,0.0,0,0.0,0.0
065488,世芯凱基5C購06,TW,0.0,-111.0,0.0,0.0,0,0.0,0.0
065489,貿聯凱基5B購05,TW,0.0,-417.0,0.0,0.0,0,0.0,0.0
065490,日月光凱基5B購02,TW,0.0,-490.0,0.0,0.0,0,0.0,0.0
065491,jpp凱基5B購02,TW,0.0,28.0,0.0,0.0,0,0.0,0.0
065492,佳必琪凱基5B購02,TW,0.0,-378.0,0.0,0.0,0,0.0,0.0
065493,達發凱基5B購01,TW,0.0,-392.0,0.0,0.0,0,0.0,0.0
065494,力積電凱基5B購02,TW,0.0,-767.0,0.0,0.0,0,0.0,0.0
065495,川湖元大5B購08,TW,0.0,14.0,0.0,0.0,0,0.0,0.0
065496,川湖元大5B購09,TW,0.0,12.0,0.0,0.0,0,0.0,0.0
065497,金寶元大5B購02,TW,0.0,-1018.0,0.0,0.0,0,0.0,0.0
065498,華通元大5B購07,TW,0.0,-20.0,0.0,0.0,0,0.0,0.0
065499,台積電元大5B購06,TW,0.0,-759.0,0.0,0.0,0,0.0,0.0
065500,台積電元大5B購07,TW,0.0,2230.0,0.0,0.0,0,0.0,0.0
065501,台積電元大5B購08,TW,0.0,1499.0,0.0,0.0,0,0.0,0.0
065502,台積電元大61購28,TW,0.0,-1649.0,0.0,0.0,0,0.0,0.0
065503,華邦電元大5B購01,TW,0.0,-1163.0,0.0,0.0,0,0.0,0.0
065504,華邦電元大5B購02,TW,0.0,43.0,0.0,0.0,0,0.0,0.0
065505,技嘉元大5B購02,TW,0.0,-464.0,0.0,0.0,0,0.0,0.0
065506,南亞科元大5B購01,TW,0.0,-218.0,0.0,0.0,0,0.0,0.0
065507,南亞科元大5B購02,TW,0.0,-150.0,0.0,0.0,0,0.0,0.0
065508,南亞科元大5B購03,TW,0.0,-385.0,0.0,0.0,0,0.0,0.0
065509,聯發科元大5B購02,TW,0.0,-28.0,0.0,0.0,0,0.0,0.0
065510,聯發科元大5B購03,TW,0.0,-368.0,0.0,0.0,0,0.0,0.0
065511,聯發科元大5B購04,TW,0.0,29.0,0.0,0.0,0,0.0,0.0
065512,聯發科元大5B購05,TW,0.0,-19.0,0.0,0.0,0,0.0,0.0
065513,聯發科元大5B購06,TW,0.0,-225.0,0.0,0.0,0,0.0,0.0
065514,聯發科元大61購23,TW,0.0,0.0,0.0,0.0,0,0.0,0.0
065515,盟立元大5B購01,TW,0.0,-76.0,0.0,0.0,0,0.0,0.0
065516,盟立元大5B購02,TW,0.0,15.0,0.0,0.0,0,0.0,0.0
065517,大立光元大5B購04,TW,0.0,91.0,5.0,0.0,0,0.0,0.0
065518,大立光元大5B購05,TW,0.0,24.0,0.0,0.0,0,0.0,0.0
065519,晟銘電元大5B購01,TW,0.0,-687.0,0.0,0.0,0,0.0,0.0
065520,德律元大61購03,TW,0.0,-12.0,0.0,0.0,0,0.0,0.0
065522,智原元大5B購02,TW,0.0,-316.0,0.0,0.0,0,0.0,0.0
065523,智原元大5B購03,TW,0.0,387.0,0.0,0.0,0,0.0,0.0
065524,智原元大64購01,TW,0.0,568.0,0.0,0.0,0,0.0,0.0
065525,緯創元大5B購03,TW,0.0,-1044.0,0.0,0.0,0,0.0,0.0
065526,亞翔元大5B購07,TW,0.0,-156.0,0.0,0.0,0,0.0,0.0
065528,力成元大5B購01,TW,0.0,716.0,0.0,0.0,0,0.0,0.0
065529,力積電元大5B購04,TW,0.0,-193.0,0.0,0.0,0,0.0,0.0
065530,AES元大61購02,TW,0.0,-565.0,0.0,0.0,0,0.0,0.0
065531,昇陽半元大5B購01,TW,0.0,1110.0,0.0,0.0,0,0.0,0.0
065532,勤誠元大64購01,TW,0.0,512.0,0.0,0.0,0,0.0,0.0
065533,台灣50兆豐65購01,TW,0.0,-14.0,0.0,0.0,0,0.0,0.0
065534,智邦兆豐61購01,TW,0.0,-228.0,0.0,0.0,0,0.0,0.0
065535,力積電兆豐61購01,TW,0.0,-228.0,0.0,0.0,0,0.0,0.0
065536,勤誠兆豐61購01,TW,0.0,-75.0,0.0,0.0,0,0.0,0.0
065537,台玻國票5C購01,TW,0.0,-2.0,0.0,0.0,0,0.0,0.0
065538,光寶科國票5C購02,TW,0.0,-129.0,0.0,0.0,0,0.0,0.0
065540,聯電國票5C購01,TW,0.0,1400.0,0.0,0.0,0,0.0,0.0
065541,金寶國票5C購01,TW,0.0,-43.0,0.0,0.0,0,0.0,0.0
065542,中環國票5B購01,TW,0.0,-785.0,0.0,0.0,0,0.0,0.0
065543,國巨國票5B購01,TW,0.0,129.0,0.0,0.0,0,0.0,0.0
065544,國巨國票5B購02,TW,0.0,-1129.0,0.0,0.0,0,0.0,0.0
065546,智邦國票61購02,TW,0.0,-56.0,0.0,0.0,0,0.0,0.0
065547,技嘉國票5B購02,TW,0.0,-301.0,0.0,0.0,0,0.0,0.0
065548,漢唐國票5C購02,TW,0.0,106.0,0.0,0.0,0,0.0,0.0
065549,南亞科國票61購01,TW,0.0,-1514.0,0.0,0.0,0,0.0,0.0
065552,聯發科國票5C購03,TW,0.0,16.0,0.0,0.0,0,0.0,0.0
065553,盟立國票5B購01,TW,0.0,-752.0,0.0,0.0,0,0.0,0.0
065554,可成國票5B購01,TW,0.0,-140.0,0.0,0.0,0,0.0,0.0
065555,可成國票5C購01,TW,0.0,-252.0,0.0,0.0,0,0.0,0.0
065556,華新科國票61購01,TW,0.0,66.0,0.0,0.0,0,0.0,0.0
065557,揚博國票5B購02,TW,0.0,-173.0,0.0,0.0,0,0.0,0.0
065558,大立光國票5C購01,TW,0.0,-663.0,0.0,0.0,0,0.0,0.0
065559,晟銘電國票5B購01,TW,0.0,-2.0,0.0,0.0,0,0.0,0.0
06555U,力積電中信56售02,TW,0.0,216.0,0.0,0.0,0,0.0,0.0
065560,聯詠國票5B購02,TW,0.0,-123.0,0.0,0.0,0,0.0,0.0
065561,聯詠國票5B購03,TW,0.0,-338.0,0.0,0.0,0,0.0,0.0
065562,聯詠國票5C購01,TW,0.0,-45.0,0.0,0.0,0,0.0,0.0
065563,健鼎國票5C購01,TW,0.0,44.0,0.0,0.0,0,0.0,0.0
065564,緯創國票5C購02,TW,0.0,-10.0,0.0,0.0,0,0.0,0.0
065565,宏致國票5B購01,TW,0.0,8.0,0.0,0.0,0,0.0,0.0
065566,鈞興國票5B購01,TW,0.0,-963.0,0.0,0.0,0,0.0,0.0
065567,瑞儀國票5C購01,TW,0.0,-9.0,0.0,0.0,0,0.0,0.0
065568,迅得國票5B購01,TW,0.0,-2.0,0.0,0.0,0,0.0,0.0
065569,三集瑞國票5C購01,TW,0.0,-582.0,0.0,0.0,0,0.0,0.0
065570,台灣50台新5B購01,TW,0.0,-5.0,0.0,0.0,0,0.0,0.0
065571,台灣50台新5B購02,TW,0.0,-79.0,0.0,0.0,0,0.0,0.0
065572,T50正2台新5B購03,TW,0.0,-728.0,0.0,0.0,0,0.0,0.0
065573,T50正2台新5C購02,TW,0.0,-998.0,0.0,0.0,0,0.0,0.0
065574,T50正2台新62購01,TW,0.0,-18.0,0.0,0.0,0,0.0,0.0
065575,長興台新5B購01,TW,0.0,-89.0,0.0,0.0,0,0.0,0.0
065576,長興台新5C購01,TW,0.0,-46.0,0.0,0.0,0,0.0,0.0
065577,長興台新62購01,TW,0.0,57.0,0.0,0.0,0,0.0,0.0
065578,美時台新65購01,TW,0.0,-154.0,0.0,0.0,0,0.0,0.0
065579,川湖台新5B購01,TW,0.0,-137.0,0.0,0.0,0,0.0,0.0
065580,川湖台新5B購02,TW,0.0,-6.0,0.0,0.0,0,0.0,0.0
065581,鴻海台新5B購01,TW,0.0,-22.0,0.0,0.0,0,0.0,0.0
065582,國巨台新5B購01,TW,0.0,-77.0,0.0,0.0,0,0.0,0.0
065583,國巨台新5B購02,TW,0.0,-193.0,0.0,0.0,0,0.0,0.0
065584,台積電台新5B購01,TW,0.0,0.0,0.0,0.0,0,0.0,0.0
065585,台積電台新5B購02,TW,0.0,0.0,0.0,0.0,0,0.0,0.0
065586,台積電台新5B購03,TW,0.0,-436.0,0.0,0.0,0,0.0,0.0
065587,台積電台新5B購04,TW,0.0,-25.0,0.0,0.0,0,0.0,0.0
065588,台積電台新5B購05,TW,0.0,-1084.0,0.0,0.0,0,0.0,0.0
065589,智邦台新5B購01,TW,0.0,-133.0,0.0,0.0,0,0.0,0.0
065590,研華台新5B購01,TW,0.0,-119.0,0.0,0.0,0,0.0,0.0
065591,南亞科台新62購01,TW,0.0,-175.0,0.0,0.0,0,0.0,0.0
065592,京元電台新5B購01,TW,0.0,-1.0,0.0,0.0,0,0.0,0.0
065593,聯發科台新5B購01,TW,0.0,-7.0,0.0,0.0,0,0.0,0.0
065595,聯發科台新5B購03,TW,0.0,-50.0,0.0,0.0,0,0.0,0.0
065596,聯發科台新5B購04,TW,0.0,-2106.0,0.0,0.0,0,0.0,0.0
065597,盟立台新5B購01,TW,0.0,-125.0,0.0,0.0,0,0.0,0.0
065598,大立光台新65購01,TW,0.0,690.0,0.0,0.0,0,0.0,0.0
065599,惠特台新5B購01,TW,0.0,-110.0,0.0,0.0,0,0.0,0.0
065600,力積電台新5B購01,TW,0.0,1276.0,0.0,0.0,0,0.0,0.0
065601,力積電台新5B購02,TW,0.0,-420.0,0.0,0.0,0,0.0,0.0
065602,昇陽半台新5B購01,TW,0.0,230.0,0.0,0.0,0,0.0,0.0
065603,昇陽半台新5B購02,TW,0.0,5.0,0.0,0.0,0,0.0,0.0
065604,FB科技富邦63購02,TW,0.0,-87.0,0.0,0.0,0,0.0,0.0
065605,台股增富邦61購01,TW,0.0,-2785.0,4.0,0.0,0,0.0,0.0
065606,台強棒富邦61購01,TW,0.0,-24.0,0.0,0.0,0,0.0,0.0
065608,華通富邦61購04,TW,0.0,-607.0,0.0,0.0,0,0.0,0.0
065609,台積電富邦5B購03,TW,0.0,-221.0,0.0,0.0,0,0.0,0.0
06560U,台積電永豐5A售05,TW,0.0,1.0,0.0,0.0,0,0.0,0.0
065610,華邦電富邦5C購01,TW,0.0,-909.0,0.0,0.0,0,0.0,0.0
065611,所羅門富邦62購01,TW,0.0,-764.0,0.0,0.0,0,0.0,0.0
065612,TPK富邦5C購01,TW,0.0,-1187.0,0.0,0.0,0,0.0,0.0
065613,日月光富邦5B購03,TW,0.0,-1290.0,0.0,0.0,0,0.0,0.0
065614,迅得富邦63購01,TW,0.0,-31.0,0.0,0.0,0,0.0,0.0
065615,矽創富邦62購01,TW,0.0,-2659.0,0.0,0.0,0,0.0,0.0
065616,勤誠富邦5B購02,TW,0.0,-316.0,0.0,0.0,0,0.0,0.0
065618,華城群益5B購03,TW,0.0,-247.0,0.0,0.0,0,0.0,0.0
065619,台玻群益5B購01,TW,0.0,-381.0,0.0,0.0,0,0.0,0.0
065620,川湖群益5B購06,TW,0.0,-53.0,0.0,0.0,0,0.0,0.0
065621,鴻海群益5B購07,TW,0.0,23.0,0.0,0.0,0,0.0,0.0
065622,國巨群益5B購04,TW,0.0,-9.0,0.0,0.0,0,0.0,0.0
065623,智邦群益5B購05,TW,0.0,-333.0,0.0,0.0,0,0.0,0.0
065624,南亞科群益5B購02,TW,0.0,3231.0,0.0,0.0,0,0.0,0.0
065625,京元電群益5C購01,TW,0.0,43.0,0.0,0.0,0,0.0,0.0
065626,聯發科群益62購01,TW,0.0,5.0,0.0,0.0,0,0.0,0.0
065628,盟立群益5B購01,TW,0.0,-488.0,0.0,0.0,0,0.0,0.0
065630,力積電群益5B購01,TW,0.0,352.0,0.0,0.0,0,0.0,0.0
065631,AES群益5B購01,TW,0.0,955.0,0.0,0.0,0,0.0,0.0
065632,AES群益5B購02,TW,0.0,-44.0,0.0,0.0,0,0.0,0.0
065633,臺股指群益65購05,TW,0.0,-1019.0,0.0,0.0,0,0.0,0.0
065634,金寶國泰5C購01,TW,0.0,54.0,0.0,0.0,0,0.0,0.0
065635,英業達國泰5C購01,TW,0.0,-532.0,0.0,0.0,0,0.0,0.0
065636,南亞科國泰63購01,TW,0.0,1054.0,0.0,0.0,0,0.0,0.0
065637,群創國泰5C購01,TW,0.0,559.0,0.0,0.0,0,0.0,0.0
065639,TPK國泰5C購01,TW,0.0,-155.0,0.0,0.0,0,0.0,0.0
065641,亞德客國泰5C購01,TW,0.0,-199.0,0.0,0.0,0,0.0,0.0
065642,台橡國泰5C購01,TW,0.0,150.0,0.0,0.0,0,0.0,0.0
065643,耀登國泰61購01,TW,0.0,-396.0,0.0,0.0,0,0.0,0.0
065644,達邁國泰5C購01,TW,0.0,-898.0,0.0,0.0,0,0.0,0.0
065645,康普國泰5C購01,TW,0.0,-164.0,0.0,0.0,0,0.0,0.0
065646,緯穎國泰5C購01,TW,0.0,-11.0,0.0,0.0,0,0.0,0.0
065647,緯穎國泰5C購02,TW,0.0,-89.0,0.0,0.0,0,0.0,0.0
065648,台虹國泰5C購01,TW,0.0,1477.0,0.0,0.0,0,0.0,0.0
065649,台玻中信63購01,TW,0.0,143.0,0.0,0.0,0,0.0,0.0
065650,台積電中信65購02,TW,0.0,-106.0,0.0,0.0,0,0.0,0.0
065651,華邦電中信5B購01,TW,0.0,-924.0,0.0,0.0,0,0.0,0.0
065652,立隆電中信5B購01,TW,0.0,-84.0,0.0,0.0,0,0.0,0.0
065653,大立光中信5B購01,TW,0.0,598.0,0.0,0.0,0,0.0,0.0
065654,世芯中信63購02,TW,0.0,34.0,0.0,0.0,0,0.0,0.0
065655,jpp中信63購01,TW,0.0,18.0,0.0,0.0,0,0.0,0.0
065656,佳必琪中信63購01,TW,0.0,-328.0,0.0,0.0,0,0.0,0.0
065657,力成中信63購01,TW,0.0,-190.0,0.0,0.0,0,0.0,0.0
065658,力積電中信5B購02,TW,0.0,-140.0,0.0,0.0,0,0.0,0.0
065659,臺股指中信63購06,TW,0.0,-19.0,0.0,0.0,0,0.0,0.0
065660,台股增凱基5C購01,TW,0.0,-1013.0,0.0,0.0,0,0.0,0.0
065661,台強棒凱基5C購01,TW,0.0,-1.0,0.0,0.0,0,0.0,0.0
065662,華城凱基5B購02,TW,0.0,-91.0,0.0,0.0,0,0.0,0.0
065663,川湖凱基5B購06,TW,0.0,-105.0,4.0,0.0,0,0.0,0.0
065664,聯電凱基5B購03,TW,0.0,122.0,0.0,0.0,0,0.0,0.0
065665,國巨凱基5B購02,TW,0.0,1220.0,0.0,0.0,0,0.0,0.0
065666,台積電凱基5B購17,TW,0.0,-345.0,0.0,0.0,0,0.0,0.0
065667,台積電凱基61購09,TW,0.0,-254.0,0.0,0.0,0,0.0,0.0
065668,華邦電凱基5B購01,TW,0.0,2.0,0.0,0.0,0,0.0,0.0
065669,智邦凱基5C購02,TW,0.0,-661.0,0.0,0.0,0,0.0,0.0
065670,技嘉凱基5B購02,TW,0.0,-73.0,0.0,0.0,0,0.0,0.0
065671,南亞科凱基5B購01,TW,0.0,-958.0,0.0,0.0,0,0.0,0.0
065672,京元電凱基5B購03,TW,0.0,-650.0,0.0,0.0,0,0.0,0.0
065673,盟立凱基5B購01,TW,0.0,-275.0,0.0,0.0,0,0.0,0.0
065675,大立光凱基5B購05,TW,0.0,372.0,0.0,0.0,0,0.0,0.0
065676,晟銘電凱基5B購01,TW,0.0,0.0,0.0,0.0,0,0.0,0.0
065677,亞光凱基5B購01,TW,0.0,-1609.0,0.0,0.0,0,0.0,0.0
065678,德律凱基61購03,TW,0.0,-24.0,0.0,0.0,0,0.0,0.0
065679,群創凱基5B購01,TW,0.0,44.0,0.0,0.0,0,0.0,0.0
06567U,道瓊指國票56售01,TW,0.0,-4.0,0.0,0.0,0,0.0,0.0
065680,貿聯凱基61購02,TW,0.0,-130.0,0.0,0.0,0,0.0,0.0
065682,佳必琪凱基63購01,TW,0.0,-20.0,0.0,0.0,0,0.0,0.0
065683,力成凱基5C購01,TW,0.0,-794.0,0.0,0.0,0,0.0,0.0
065684,迅得凱基5B購01,TW,0.0,259.0,0.0,0.0,0,0.0,0.0
065685,緯穎凱基5B購07,TW,0.0,0.0,0.0,0.0,0,0.0,0.0
065686,緯穎凱基61購03,TW,0.0,-916.0,0.0,0.0,0,0.0,0.0
065687,力積電凱基61購01,TW,0.0,1520.0,0.0,0.0,0,0.0,0.0
065688,AES凱基61購02,TW,0.0,348.0,0.0,0.0,0,0.0,0.0
065689,昇陽半凱基5B購03,TW,0.0,46.0,0.0,0.0,0,0.0,0.0
06568U,道瓊指國票5A售01,TW,0.0,-102.0,0.0,0.0,0,0.0,0.0
065690,台虹凱基5B購02,TW,0.0,20.0,0.0,0.0,0,0.0,0.0
065691,勤誠凱基64購01,TW,0.0,490.0,0.0,0.0,0,0.0,0.0
065692,臺股指凱基65購04,TW,0.0,-210.0,0.0,0.0,0,0.0,0.0
065693,台灣50永豐63購01,TW,0.0,-295.0,0.0,0.0,0,0.0,0.0
065694,南亞永豐63購01,TW,0.0,-67.0,0.0,0.0,0,0.0,0.0
065695,金寶永豐63購01,TW,0.0,-61.0,0.0,0.0,0,0.0,0.0
065696,國巨永豐63購01,TW,0.0,-632.0,0.0,0.0,0,0.0,0.0
065697,台積電永豐75購01,TW,0.0,-738.0,0.0,0.0,0,0.0,0.0
065698,台積電永豐75購02,TW,0.0,-7.0,0.0,0.0,0,0.0,0.0
065699,京元電永豐63購01,TW,0.0,-3.0,0.0,0.0,0,0.0,0.0
065700,盟立永豐5C購02,TW,0.0,294.0,0.0,0.0,0,0.0,0.0
065701,晟銘電永豐65購01,TW,0.0,40.0,0.0,0.0,0,0.0,0.0
065703,世芯永豐61購05,TW,0.0,-48.0,0.0,0.0,0,0.0,0.0
065704,世芯永豐67購01,TW,0.0,-14.0,0.0,0.0,0,0.0,0.0
065705,貿聯永豐63購01,TW,0.0,-848.0,1748.0,0.0,0,0.0,0.0
065706,和碩永豐5C購01,TW,0.0,-452.0,0.0,0.0,0,0.0,0.0
065707,力成永豐63購01,TW,0.0,-33.0,0.0,0.0,0,0.0,0.0
065708,緯穎永豐5B購04,TW,0.0,-91.0,0.0,0.0,0,0.0,0.0
065709,AES永豐65購01,TW,0.0,323.0,0.0,0.0,0,0.0,0.0
065710,FB台50元大65購01,TW,0.0,-1.0,0.0,0.0,0,0.0,0.0
065711,T50反1元大5B購06,TW,0.0,-521.0,0.0,0.0,0,0.0,0.0
065712,T50反1元大5C購06,TW,0.0,-271.0,0.0,0.0,0,0.0,0.0
065713,亞德客元大5B購01,TW,0.0,3469.0,0.0,0.0,0,0.0,0.0
065714,長興元大5B購04,TW,0.0,1345.0,0.0,0.0,0,0.0,0.0
065715,台玻元大5B購03,TW,0.0,-689.0,0.0,0.0,0,0.0,0.0
065716,上銀元大5B購05,TW,0.0,-103.0,0.0,0.0,0,0.0,0.0
065717,聯電元大5B購06,TW,0.0,-18.0,0.0,0.0,0,0.0,0.0
065718,聯電元大61購14,TW,0.0,-164.0,0.0,0.0,0,0.0,0.0
065719,金寶元大5B購03,TW,0.0,-844.0,0.0,0.0,0,0.0,0.0
065720,台積電元大5B購10,TW,0.0,-32.0,0.0,0.0,0,0.0,0.0
065721,台積電元大61購29,TW,0.0,1011.0,0.0,0.0,0,0.0,0.0
065722,台積電元大64購07,TW,0.0,147.0,0.0,0.0,0,0.0,0.0
065723,南亞科元大5B購04,TW,0.0,25.0,0.0,0.0,0,0.0,0.0
065724,南亞科元大61購02,TW,0.0,-692.0,20.0,0.0,0,0.0,0.0
065725,京元電元大61購04,TW,0.0,-1124.0,0.0,0.0,0,0.0,0.0
065726,盟立元大5B購03,TW,0.0,325.0,0.0,0.0,0,0.0,0.0
065727,盟立元大5B購04,TW,0.0,154.0,0.0,0.0,0,0.0,0.0
065728,盟立元大5B購05,TW,0.0,30.0,0.0,0.0,0,0.0,0.0
065729,盟立元大65購04,TW,0.0,172.0,0.0,0.0,0,0.0,0.0
065730,國泰金元大5B購01,TW,0.0,161.0,0.0,0.0,0,0.0,0.0
065732,德律元大64購01,TW,0.0,13.0,0.0,0.0,0,0.0,0.0
065733,群創元大64購02,TW,0.0,404.0,0.0,0.0,0,0.0,0.0
065734,宏致元大5B購01,TW,0.0,-1074.0,0.0,0.0,0,0.0,0.0
065735,世芯元大64購05,TW,0.0,-854.0,0.0,0.0,0,0.0,0.0
065736,貿聯元大5B購02,TW,0.0,-2044.0,0.0,0.0,0,0.0,0.0
065737,貿聯元大5B購03,TW,0.0,-759.0,0.0,0.0,0,0.0,0.0
065738,貿聯元大5B購04,TW,0.0,-2060.0,0.0,0.0,0,0.0,0.0
065739,貿聯元大5C購03,TW,0.0,933.0,0.0,0.0,0,0.0,0.0
065740,貿聯元大61購03,TW,0.0,-4177.0,0.0,0.0,0,0.0,0.0
065741,日月光元大5B購03,TW,0.0,-576.0,0.0,0.0,0,0.0,0.0
065742,瑞儀元大5B購01,TW,0.0,-239.0,0.0,0.0,0,0.0,0.0
065743,力積電元大5B購05,TW,0.0,-291.0,0.0,0.0,0,0.0,0.0
065744,昇陽半元大5B購02,TW,0.0,-25.0,0.0,0.0,0,0.0,0.0
065745,昇陽半元大64購02,TW,0.0,-419.0,0.0,0.0,0,0.0,0.0
065746,長興兆豐61購01,TW,0.0,-328.0,0.0,0.0,0,0.0,0.0
065747,川湖兆豐61購01,TW,0.0,-9.0,0.0,0.0,0,0.0,0.0
065748,嘉澤兆豐61購01,TW,0.0,-173.0,0.0,0.0,0,0.0,0.0
065749,jpp兆豐61購01,TW,0.0,-140.0,0.0,0.0,0,0.0,0.0
065750,台灣50富邦75購01,TW,0.0,-624.0,0.0,0.0,0,0.0,0.0
065751,T50正2富邦62購02,TW,0.0,-922.0,0.0,0.0,0,0.0,0.0
065752,上銀富邦61購01,TW,0.0,427.0,0.0,0.0,0,0.0,0.0
065753,金寶富邦5B購01,TW,0.0,-294.0,0.0,0.0,0,0.0,0.0
065754,南亞科富邦62購01,TW,0.0,-23.0,0.0,0.0,0,0.0,0.0
065755,南亞科富邦62購02,TW,0.0,-177.0,0.0,0.0,0,0.0,0.0
065756,國泰金富邦63購01,TW,0.0,822.0,0.0,0.0,0,0.0,0.0
065757,AES富邦61購01,TW,0.0,261.0,0.0,0.0,0,0.0,0.0
065758,AES富邦62購01,TW,0.0,-319.0,0.0,0.0,0,0.0,0.0
065759,台虹富邦5B購02,TW,0.0,488.0,0.0,0.0,0,0.0,0.0
065760,福懋科富邦63購01,TW,0.0,680.0,0.0,0.0,0,0.0,0.0
065761,台積電群益62購03,TW,0.0,-37.0,0.0,0.0,0,0.0,0.0
065762,台積電群益62購04,TW,0.0,-7.0,0.0,0.0,0,0.0,0.0
065763,台積電群益62購05,TW,0.0,-353.0,0.0,0.0,0,0.0,0.0
065764,台積電群益62購06,TW,0.0,0.0,0.0,0.0,0,0.0,0.0
065765,華邦電群益5B購01,TW,0.0,10.0,0.0,0.0,0,0.0,0.0
065766,技嘉群益5C購01,TW,0.0,4.0,0.0,0.0,0,0.0,0.0
065767,南亞科群益5B購03,TW,0.0,-765.0,0.0,0.0,0,0.0,0.0
065768,盟立群益5B購02,TW,0.0,-112.0,0.0,0.0,0,0.0,0.0
065769,晟銘電群益5C購01,TW,0.0,-10.0,0.0,0.0,0,0.0,0.0
065770,嘉晶群益61購01,TW,0.0,-25.0,0.0,0.0,0,0.0,0.0
065772,智原群益5B購04,TW,0.0,-282.0,0.0,0.0,0,0.0,0.0
065773,彩晶群益5B購01,TW,0.0,-74.0,0.0,0.0,0,0.0,0.0
065774,緯穎群益61購01,TW,0.0,-102.0,0.0,0.0,0,0.0,0.0
065775,昇陽半群益5C購01,TW,0.0,-23.0,0.0,0.0,0,0.0,0.0
065776,T50反1國票5B購01,TW,0.0,-88.0,0.0,0.0,0,0.0,0.0
065777,直得國票5C購01,TW,0.0,-242.0,0.0,0.0,0,0.0,0.0
065778,川湖國票61購02,TW,0.0,200.0,0.0,0.0,0,0.0,0.0
065779,超豐國票5B購01,TW,0.0,441.0,0.0,0.0,0,0.0,0.0
065780,盟立國票5B購02,TW,0.0,-37.0,0.0,0.0,0,0.0,0.0
065781,盟立國票5C購01,TW,0.0,64.0,0.0,0.0,0,0.0,0.0
065782,強茂國票5B購01,TW,0.0,38.0,0.0,0.0,0,0.0,0.0
065783,嘉晶國票5B購01,TW,0.0,-63.0,0.0,0.0,0,0.0,0.0
065784,德律國票5C購01,TW,0.0,-203.0,0.0,0.0,0,0.0,0.0
065785,群創國票5C購01,TW,0.0,1.0,0.0,0.0,0,0.0,0.0
065786,達邁國票5C購01,TW,0.0,-208.0,0.0,0.0,0,0.0,0.0
065787,大聯大國票5C購01,TW,0.0,479.0,0.0,0.0,0,0.0,0.0
065789,康舒國票5C購01,TW,0.0,-303.0,0.0,0.0,0,0.0,0.0
065790,昇陽半國票5C購01,TW,0.0,19.0,0.0,0.0,0,0.0,0.0
065791,富鼎國票61購01,TW,0.0,-226.0,0.0,0.0,0,0.0,0.0
065792,台灣50台新5B購04,TW,0.0,-1377.0,0.0,0.0,0,0.0,0.0
065793,T50正2台新5B購04,TW,0.0,-35.0,0.0,0.0,0,0.0,0.0
065794,元債2X台新5B購01,TW,0.0,-787.0,0.0,0.0,0,0.0,0.0
065796,上銀台新5B購01,TW,0.0,24.0,0.0,0.0,0,0.0,0.0
065797,台積電台新62購01,TW,0.0,1.0,0.0,0.0,0,0.0,0.0
065798,台積電台新62購02,TW,0.0,-6.0,0.0,0.0,0,0.0,0.0
065799,台積電台新62購03,TW,0.0,0.0,0.0,0.0,0,0.0,0.0
065800,華邦電台新5B購01,TW,0.0,148.0,0.0,0.0,0,0.0,0.0
065801,華邦電台新5B購02,TW,0.0,-353.0,0.0,0.0,0,0.0,0.0
065802,華邦電台新5B購03,TW,0.0,-160.0,0.0,0.0,0,0.0,0.0
065803,南亞科台新5C購01,TW,0.0,-433.0,0.0,0.0,0,0.0,0.0
065804,南亞科台新65購01,TW,0.0,-95.0,0.0,0.0,0,0.0,0.0
065805,盟立台新5B購03,TW,0.0,-3032.0,0.0,0.0,0,0.0,0.0
065806,華新科台新5B購01,TW,0.0,20.0,0.0,0.0,0,0.0,0.0
065807,貿聯台新5B購02,TW,0.0,56.0,0.0,0.0,0,0.0,0.0
065808,貿聯台新62購01,TW,0.0,-467.0,0.0,0.0,0,0.0,0.0
065811,力成台新65購01,TW,0.0,-31.0,0.0,0.0,0,0.0,0.0
065812,矽格台新5B購01,TW,0.0,6.0,0.0,0.0,0,0.0,0.0
065813,啟碁台新5B購01,TW,0.0,-41.0,0.0,0.0,0,0.0,0.0
065814,迅得台新5B購01,TW,0.0,214.0,0.0,0.0,0,0.0,0.0
065815,緯穎台新5B購01,TW,0.0,-6.0,0.0,0.0,0,0.0,0.0
065816,緯穎台新5C購01,TW,0.0,0.0,0.0,0.0,0,0.0,0.0
065817,緯穎台新62購01,TW,0.0,0.0,0.0,0.0,0,0.0,0.0
065818,緯穎台新65購01,TW,0.0,-17.0,0.0,0.0,0,0.0,0.0
065819,惠特台新62購01,TW,0.0,-119.0,0.0,0.0,0,0.0,0.0
065820,力積電台新5B購04,TW,0.0,108.0,0.0,0.0,0,0.0,0.0
065821,世紀鋼台新65購01,TW,0.0,-115.0,0.0,0.0,0,0.0,0.0
065822,臺股指台新5B購02,TW,0.0,-169.0,0.0,0.0,0,0.0,0.0
065823,T50反1中信6B購01,TW,0.0,24.0,0.0,0.0,0,0.0,0.0
065824,東元中信5B購01,TW,0.0,-254.0,0.0,0.0,0,0.0,0.0
065826,華通中信5B購01,TW,0.0,100.0,0.0,0.0,0,0.0,0.0
065827,台積電中信65購03,TW,0.0,-479.0,0.0,0.0,0,0.0,0.0
065828,南亞科中信5B購03,TW,0.0,49.0,0.0,0.0,0,0.0,0.0
065829,南亞科中信62購01,TW,0.0,-1170.0,0.0,0.0,0,0.0,0.0
065830,友達中信61購01,TW,0.0,-202.0,0.0,0.0,0,0.0,0.0
065831,嘉晶中信5B購01,TW,0.0,-348.0,7.0,0.0,0,0.0,0.0
065833,緯穎中信65購01,TW,0.0,-79.0,0.0,0.0,0,0.0,0.0
065835,T50正2永豐65購01,TW,0.0,-276.0,0.0,0.0,0,0.0,0.0
065836,台股增永豐61購01,TW,0.0,64.0,0.0,0.0,0,0.0,0.0
065837,台股增永豐65購01,TW,0.0,4.0,0.0,0.0,0,0.0,0.0
065838,華通永豐61購01,TW,0.0,-217.0,0.0,0.0,0,0.0,0.0
065839,華通永豐63購01,TW,0.0,-93.0,0.0,0.0,0,0.0,0.0
065840,台積電永豐61購12,TW,0.0,-180.0,0.0,0.0,0,0.0,0.0
065841,台積電永豐65購02,TW,0.0,-85.0,0.0,0.0,0,0.0,0.0
065842,台積電永豐65購03,TW,0.0,-12.0,0.0,0.0,0,0.0,0.0
065843,華邦電永豐6C購01,TW,0.0,236.0,0.0,0.0,0,0.0,0.0
065844,燿華永豐61購01,TW,0.0,-102.0,0.0,0.0,0,0.0,0.0
065846,佳能永豐5C購01,TW,0.0,221.0,0.0,0.0,0,0.0,0.0
065847,南亞科永豐5B購02,TW,0.0,-60.0,0.0,0.0,0,0.0,0.0
065849,南亞科永豐69購01,TW,0.0,61.0,0.0,0.0,0,0.0,0.0
065850,南亞科永豐6B購01,TW,0.0,-550.0,42.0,0.0,0,0.0,0.0
065851,群創永豐5B購02,TW,0.0,189.0,0.0,0.0,0,0.0,0.0
065852,眾達永豐63購02,TW,0.0,120.0,0.0,0.0,0,0.0,0.0
065853,華邦電兆豐65購01,TW,0.0,-404.0,0.0,0.0,0,0.0,0.0
065854,華邦電兆豐65購02,TW,0.0,-414.0,0.0,0.0,0,0.0,0.0
065855,南亞科兆豐65購01,TW,0.0,-1110.0,0.0,0.0,0,0.0,0.0
065856,緯穎兆豐65購01,TW,0.0,-863.0,0.0,0.0,0,0.0,0.0
065857,士電富邦61購01,TW,0.0,-559.0,0.0,0.0,0,0.0,0.0
065858,亞德客富邦61購01,TW,0.0,-262.0,0.0,0.0,0,0.0,0.0
065859,台玻富邦5B購01,TW,0.0,-567.0,0.0,0.0,0,0.0,0.0
065860,華碩富邦5B購01,TW,0.0,-675.0,0.0,0.0,0,0.0,0.0
065861,皇昌富邦62購01,TW,0.0,-282.0,0.0,0.0,0,0.0,0.0
065862,玉山金富邦5B購01,TW,0.0,-720.0,0.0,0.0,0,0.0,0.0
065863,元大金富邦5B購01,TW,0.0,-308.0,0.0,0.0,0,0.0,0.0
065864,中信金富邦5B購02,TW,0.0,-44.0,0.0,0.0,0,0.0,0.0
065865,嘉晶富邦5B購02,TW,0.0,51.0,0.0,0.0,0,0.0,0.0
065866,眾達富邦63購01,TW,0.0,-528.0,0.0,0.0,0,0.0,0.0
065867,力成富邦5B購02,TW,0.0,-686.0,0.0,0.0,0,0.0,0.0
065868,昇陽半富邦5B購02,TW,0.0,-65.0,0.0,0.0,0,0.0,0.0
065869,亞德客凱基5C購01,TW,0.0,-78.0,0.0,0.0,0,0.0,0.0
065870,長興凱基5B購02,TW,0.0,11.0,0.0,0.0,0,0.0,0.0
065871,上銀凱基5B購01,TW,0.0,179.0,0.0,0.0,0,0.0,0.0
065872,宇隆凱基5B購01,TW,0.0,-97.0,0.0,0.0,0,0.0,0.0
065873,聯電凱基5B購04,TW,0.0,228.0,0.0,0.0,0,0.0,0.0
065874,華通凱基61購04,TW,0.0,1962.0,0.0,0.0,0,0.0,0.0
065875,鴻海凱基5B購06,TW,0.0,78.0,0.0,0.0,0,0.0,0.0
065876,國巨凱基5B購03,TW,0.0,3.0,0.0,0.0,0,0.0,0.0
065877,台積電凱基5B購18,TW,0.0,90.0,0.0,0.0,0,0.0,0.0
065878,台積電凱基5B購19,TW,0.0,80.0,0.0,0.0,0,0.0,0.0
065879,佳能凱基5B購02,TW,0.0,-45.0,0.0,0.0,0,0.0,0.0
065880,微星凱基5C購01,TW,0.0,261.0,0.0,0.0,0,0.0,0.0
065881,南亞科凱基5B購02,TW,0.0,0.0,0.0,0.0,0,0.0,0.0
065882,南亞科凱基5B購03,TW,0.0,-321.0,0.0,0.0,0,0.0,0.0
065883,京元電凱基5B購04,TW,0.0,-609.0,0.0,0.0,0,0.0,0.0
065884,強茂凱基5B購05,TW,0.0,97.0,0.0,0.0,0,0.0,0.0
065885,國泰金凱基5B購01,TW,0.0,0.0,0.0,0.0,0,0.0,0.0
065886,嘉晶凱基61購01,TW,0.0,-22.0,1.0,0.0,0,0.0,0.0
065887,零壹凱基5B購01,TW,0.0,-118.0,0.0,0.0,0,0.0,0.0
065888,德律凱基5B購03,TW,0.0,-230.0,0.0,0.0,0,0.0,0.0
065889,智原凱基5B購05,TW,0.0,-255.0,0.0,0.0,0,0.0,0.0
065890,貿聯凱基61購03,TW,0.0,-37.0,0.0,0.0,0,0.0,0.0
065892,瑞儀凱基5B購01,TW,0.0,-30.0,0.0,0.0,0,0.0,0.0
065893,康舒凱基5C購01,TW,0.0,-81.0,0.0,0.0,0,0.0,0.0
065894,緯穎凱基5B購08,TW,0.0,-1138.0,0.0,0.0,0,0.0,0.0
065895,南亞國泰5C購01,TW,0.0,-75.0,0.0,0.0,0,0.0,0.0
065896,直得國泰5C購01,TW,0.0,-358.0,0.0,0.0,0,0.0,0.0
065897,台玻國泰5C購01,TW,0.0,-22.0,0.0,0.0,0,0.0,0.0
065899,技嘉國泰5C購01,TW,0.0,-492.0,0.0,0.0,0,0.0,0.0
06589U,臺股指元富59售05,TW,0.0,299.0,0.0,0.0,0,0.0,0.0
065900,晟銘電國泰5C購01,TW,0.0,-34.0,0.0,0.0,0,0.0,0.0
065901,力成國泰5C購01,TW,0.0,-62.0,0.0,0.0,0,0.0,0.0
065902,新纖國票61購01,TW,0.0,-100.0,0.0,0.0,0,0.0,0.0
065903,中砂國票5C購01,TW,0.0,-3.0,0.0,0.0,0,0.0,0.0
065904,直得國票61購01,TW,0.0,-145.0,0.0,0.0,0,0.0,0.0
065905,宇隆國票5C購01,TW,0.0,-36.0,0.0,0.0,0,0.0,0.0
065907,燿華國票5B購01,TW,0.0,-228.0,0.0,0.0,0,0.0,0.0
065908,大同國票5B購01,TW,0.0,12.0,0.0,0.0,0,0.0,0.0
065909,凱美國票5C購01,TW,0.0,-147.0,0.0,0.0,0,0.0,0.0
06590U,川湖群益56售04,TW,0.0,13.0,0.0,0.0,0,0.0,0.0
065910,富邦金國票5B購01,TW,0.0,4.0,0.0,0.0,0,0.0,0.0
065911,華晶科國票5C購01,TW,0.0,-1354.0,0.0,0.0,0,0.0,0.0
065912,世芯國票5B購02,TW,0.0,-112.0,0.0,0.0,0,0.0,0.0
065913,世芯國票5B購03,TW,0.0,-30.0,0.0,0.0,0,0.0,0.0
065914,精銳國票5C購01,TW,0.0,124.0,0.0,0.0,0,0.0,0.0
065915,和椿國票5B購01,TW,0.0,-1825.0,0.0,0.0,0,0.0,0.0
065916,群電國票61購01,TW,0.0,-262.0,0.0,0.0,0,0.0,0.0
065917,矽創國票5C購01,TW,0.0,-6.0,1.0,0.0,0,0.0,0.0
065918,台股增元大5C購01,TW,0.0,-143.0,0.0,0.0,0,0.0,0.0
065919,華城元大61購06,TW,0.0,-1318.0,0.0,0.0,0,0.0,0.0
065920,華城元大64購01,TW,0.0,-332.0,0.0,0.0,0,0.0,0.0
065921,亞德客元大5B購02,TW,0.0,512.0,0.0,0.0,0,0.0,0.0
065922,長興元大5B購05,TW,0.0,323.0,0.0,0.0,0,0.0,0.0
065923,上銀元大5B購06,TW,0.0,-139.0,0.0,0.0,0,0.0,0.0
065924,川湖元大5B購10,TW,0.0,-20.0,0.0,0.0,0,0.0,0.0
065925,川湖元大5B購11,TW,0.0,20.0,0.0,0.0,0,0.0,0.0
065927,華通元大61購08,TW,0.0,546.0,0.0,0.0,0,0.0,0.0
065928,台積電元大5B購11,TW,0.0,1359.0,0.0,0.0,0,0.0,0.0
065929,台積電元大5B購12,TW,0.0,-709.0,20.0,0.0,0,0.0,0.0
065930,台積電元大5B購13,TW,0.0,-80.0,0.0,0.0,0,0.0,0.0
065931,台積電元大61購30,TW,0.0,-563.0,0.0,0.0,0,0.0,0.0
065932,台積電元大64購08,TW,0.0,-1017.0,0.0,0.0,0,0.0,0.0
065933,華邦電元大5B購03,TW,0.0,-165.0,0.0,0.0,0,0.0,0.0
065934,漢唐元大64購02,TW,0.0,48.0,0.0,0.0,0,0.0,0.0
065935,南亞科元大5B購05,TW,0.0,141.0,0.0,0.0,0,0.0,0.0
065936,南亞科元大5B購06,TW,0.0,-345.0,0.0,0.0,0,0.0,0.0
065937,京元電元大61購05,TW,0.0,-1369.0,0.0,0.0,0,0.0,0.0
065938,大立光元大5B購06,TW,0.0,-116.0,0.0,0.0,0,0.0,0.0
065939,大立光元大5B購07,TW,0.0,929.0,-11.0,0.0,0,0.0,0.0
065940,晟銘電元大5B購02,TW,0.0,613.0,0.0,0.0,0,0.0,0.0
065941,緯創元大61購08,TW,0.0,-356.0,0.0,0.0,0,0.0,0.0
065942,昇貿元大5B購02,TW,0.0,-2616.0,0.0,0.0,0,0.0,0.0
065943,玉晶光元大5B購01,TW,0.0,-2762.0,-150.0,0.0,0,0.0,0.0
065944,群創元大64購03,TW,0.0,1570.0,0.0,0.0,0,0.0,0.0
065945,宏致元大5B購02,TW,0.0,466.0,0.0,0.0,0,0.0,0.0
065947,世芯元大61購14,TW,0.0,52.0,0.0,0.0,0,0.0,0.0
065948,世芯元大64購06,TW,0.0,-38.0,0.0,0.0,0,0.0,0.0
065949,瑞儀元大5B購02,TW,0.0,-2250.0,0.0,0.0,0,0.0,0.0
065950,佳必琪元大5B購03,TW,0.0,161.0,0.0,0.0,0,0.0,0.0
065951,保瑞元大5B購02,TW,0.0,-650.0,0.0,0.0,0,0.0,0.0
065952,緯穎元大64購01,TW,0.0,-130.0,0.0,0.0,0,0.0,0.0
065953,矽創元大5B購01,TW,0.0,-373.0,0.0,0.0,0,0.0,0.0
065954,昇陽半元大5B購03,TW,0.0,20.0,0.0,0.0,0,0.0,0.0
065955,昇陽半元大61購03,TW,0.0,528.0,0.0,0.0,0,0.0,0.0
065956,昇陽半元大64購03,TW,0.0,996.0,0.0,0.0,0,0.0,0.0
065957,臺股指元大5B購19,TW,0.0,-2717.0,0.0,0.0,0,0.0,0.0
065958,台灣50台新5B購06,TW,0.0,-4661.0,0.0,0.0,0,0.0,0.0
065959,東陽台新5B購01,TW,0.0,-317.0,0.0,0.0,0,0.0,0.0
065960,亞德客台新5B購01,TW,0.0,-65.0,0.0,0.0,0,0.0,0.0
065961,亞德客台新5B購02,TW,0.0,-170.0,0.0,0.0,0,0.0,0.0
065962,亞德客台新5B購03,TW,0.0,2.0,0.0,0.0,0,0.0,0.0
065963,台玻台新5B購01,TW,0.0,1.0,0.0,0.0,0,0.0,0.0
065964,台玻台新5C購01,TW,0.0,-92.0,0.0,0.0,0,0.0,0.0
065965,台玻台新62購01,TW,0.0,256.0,0.0,0.0,0,0.0,0.0
065966,大成鋼台新5B購01,TW,0.0,166.0,0.0,0.0,0,0.0,0.0
065967,大成鋼台新5C購01,TW,0.0,0.0,0.0,0.0,0,0.0,0.0
065968,大成鋼台新62購01,TW,0.0,27.0,0.0,0.0,0,0.0,0.0
065969,上銀台新5B購02,TW,0.0,6.0,0.0,0.0,0,0.0,0.0
065970,金寶台新5B購01,TW,0.0,-27.0,0.0,0.0,0,0.0,0.0
065971,華通台新5B購01,TW,0.0,-14.0,0.0,0.0,0,0.0,0.0
065972,所羅門台新5B購01,TW,0.0,-583.0,0.0,0.0,0,0.0,0.0
065973,所羅門台新5B購02,TW,0.0,-913.0,0.0,0.0,0,0.0,0.0
065974,燿華台新5B購01,TW,0.0,-14.0,0.0,0.0,0,0.0,0.0
065975,燿華台新5B購02,TW,0.0,-22.0,0.0,0.0,0,0.0,0.0
065976,佳能台新5B購01,TW,0.0,683.0,0.0,0.0,0,0.0,0.0
065977,佳能台新5B購02,TW,0.0,17.0,0.0,0.0,0,0.0,0.0
065978,漢唐台新5B購01,TW,0.0,-458.0,0.0,0.0,0,0.0,0.0
065979,漢唐台新5B購02,TW,0.0,-76.0,0.0,0.0,0,0.0,0.0
065980,漢唐台新62購01,TW,0.0,-109.0,0.0,0.0,0,0.0,0.0
065981,富邦金台新5B購01,TW,0.0,357.0,0.0,0.0,0,0.0,0.0
065983,嘉晶台新5B購02,TW,0.0,36.0,0.0,0.0,0,0.0,0.0
065984,智原台新5B購01,TW,0.0,-940.0,0.0,0.0,0,0.0,0.0
065985,智原台新5B購02,TW,0.0,64.0,0.0,0.0,0,0.0,0.0
065986,健鼎台新5B購01,TW,0.0,-179.0,0.0,0.0,0,0.0,0.0
065987,新日興台新5B購01,TW,0.0,-62.0,0.0,0.0,0,0.0,0.0
065988,群創台新5B購01,TW,0.0,8.0,0.0,0.0,0,0.0,0.0
065989,群創台新5B購02,TW,0.0,-8.0,0.0,0.0,0,0.0,0.0
065990,宏致台新5B購01,TW,0.0,-1.0,0.0,0.0,0,0.0,0.0
065991,宏致台新5B購02,TW,0.0,-13.0,0.0,0.0,0,0.0,0.0
065992,宏致台新5B購03,TW,0.0,0.0,0.0,0.0,0,0.0,0.0
065993,鈞興台新5B購01,TW,0.0,-536.0,0.0,0.0,0,0.0,0.0
065994,精銳台新5B購01,TW,0.0,115.0,0.0,0.0,0,0.0,0.0
065995,南寶台新5B購01,TW,0.0,-53.0,0.0,0.0,0,0.0,0.0
065996,和碩台新5B購01,TW,0.0,-33.0,0.0,0.0,0,0.0,0.0
065997,和碩台新5B購02,TW,0.0,-132.0,0.0,0.0,0,0.0,0.0
065998,眾達台新5B購01,TW,0.0,44.0,0.0,0.0,0,0.0,0.0
065999,瑞儀台新5B購01,TW,0.0,-323.0,0.0,0.0,0,0.0,0.0
066000,帆宣台新5B購01,TW,0.0,-103.0,0.0,0.0,0,0.0,0.0
066001,帆宣台新5B購02,TW,0.0,-136.0,0.0,0.0,0,0.0,0.0
066002,達發台新5B購01,TW,0.0,-36.0,0.0,0.0,0,0.0,0.0
066004,洋基台新5B購01,TW,0.0,-21.0,0.0,0.0,0,0.0,0.0
066005,洋基台新5B購02,TW,0.0,-19.0,0.0,0.0,0,0.0,0.0
066006,惠特台新5C購01,TW,0.0,-68.0,0.0,0.0,0,0.0,0.0
066007,昇陽半台新5B購03,TW,0.0,101.0,0.0,0.0,0,0.0,0.0
066008,昇陽半台新5B購04,TW,0.0,98.0,0.0,0.0,0,0.0,0.0
066009,福懋科台新5B購01,TW,0.0,-17.0,0.0,0.0,0,0.0,0.0
066010,福懋科台新5B購02,TW,0.0,-8.0,0.0,0.0,0,0.0,0.0
066011,勤誠台新5B購01,TW,0.0,-201.0,0.0,0.0,0,0.0,0.0
066012,台灣50群益5B購05,TW,0.0,-185.0,0.0,0.0,0,0.0,0.0
066013,台灣50群益5B購06,TW,0.0,-1.0,0.0,0.0,0,0.0,0.0
066015,台灣50群益65購01,TW,0.0,-331.0,0.0,0.0,0,0.0,0.0
066018,台股增群益5B購01,TW,0.0,-511.0,0.0,0.0,0,0.0,0.0
066019,華城群益63購02,TW,0.0,-196.0,0.0,0.0,0,0.0,0.0
066020,亞德客群益61購01,TW,0.0,-350.0,0.0,0.0,0,0.0,0.0
066021,川湖群益63購02,TW,0.0,-2.0,0.0,0.0,0,0.0,0.0
066022,國巨群益5B購05,TW,0.0,42.0,0.0,0.0,0,0.0,0.0
066023,華邦電群益5C購03,TW,0.0,-819.0,0.0,0.0,0,0.0,0.0
066024,智邦群益5B購06,TW,0.0,-401.0,0.0,0.0,0,0.0,0.0
066025,燿華群益5B購01,TW,0.0,-53.0,0.0,0.0,0,0.0,0.0
066026,技嘉群益5B購01,TW,0.0,-2321.0,0.0,0.0,0,0.0,0.0
066028,南亞科群益5B購05,TW,0.0,-5.0,0.0,0.0,0,0.0,0.0
066029,京元電群益62購01,TW,0.0,-232.0,0.0,0.0,0,0.0,0.0
066030,可成群益5B購01,TW,0.0,-36.0,0.0,0.0,0,0.0,0.0
066031,凱基金群益5B購01,TW,0.0,288.0,0.0,0.0,0,0.0,0.0
066032,大立光群益5B購02,TW,0.0,-21.0,0.0,0.0,0,0.0,0.0
066034,德律群益5B購06,TW,0.0,-35.0,0.0,0.0,0,0.0,0.0
066035,群創群益5B購01,TW,0.0,32.0,0.0,0.0,0,0.0,0.0
066036,眾達群益61購02,TW,0.0,-1.0,0.0,0.0,0,0.0,0.0
066037,緯穎群益65購01,TW,0.0,14.0,0.0,0.0,0,0.0,0.0
066038,力積電群益5B購02,TW,0.0,411.0,0.0,0.0,0,0.0,0.0
066039,昇陽半群益61購01,TW,0.0,-170.0,0.0,0.0,0,0.0,0.0
066040,勤誠群益5B購01,TW,0.0,-337.0,0.0,0.0,0,0.0,0.0
066041,台積電兆豐61購01,TW,0.0,-97.0,0.0,0.0,0,0.0,0.0
066042,燿華兆豐65購01,TW,0.0,-639.0,0.0,0.0,0,0.0,0.0
066043,聯發科兆豐65購01,TW,0.0,-3970.0,0.0,0.0,0,0.0,0.0
066044,聯發科兆豐65購02,TW,0.0,-105.0,0.0,0.0,0,0.0,0.0
066045,大立光兆豐65購01,TW,0.0,-779.0,0.0,0.0,0,0.0,0.0
066046,貿聯兆豐65購01,TW,0.0,-968.0,0.0,0.0,0,0.0,0.0
066047,日月光兆豐61購01,TW,0.0,-39.0,0.0,0.0,0,0.0,0.0
066048,祥碩兆豐65購01,TW,0.0,38.0,0.0,0.0,0,0.0,0.0
066049,啟碁兆豐61購01,TW,0.0,-227.0,0.0,0.0,0,0.0,0.0
066050,台股增富邦5B購01,TW,0.0,-321.0,0.0,0.0,0,0.0,0.0
066051,台股增富邦65購01,TW,0.0,-33.0,0.0,0.0,0,0.0,0.0
066052,國巨富邦65購01,TW,0.0,347.0,0.0,0.0,0,0.0,0.0
066054,聯發科富邦65購01,TW,0.0,-127.0,0.0,0.0,0,0.0,0.0
066055,聯發科富邦6B購01,TW,0.0,-1038.0,0.0,0.0,0,0.0,0.0
066057,晶豪科富邦61購01,TW,0.0,112.0,0.0,0.0,0,0.0,0.0
066058,晶豪科富邦62購01,TW,0.0,-263.0,0.0,0.0,0,0.0,0.0
066059,群創富邦63購01,TW,0.0,-160.0,0.0,0.0,0,0.0,0.0
066060,佳必琪富邦63購01,TW,0.0,-744.0,0.0,0.0,0,0.0,0.0
066061,臺股指富邦5B購13,TW,0.0,-57.0,0.0,0.0,0,0.0,0.0
066062,臺股指富邦5C購18,TW,0.0,-69.0,0.0,0.0,0,0.0,0.0
066064,臺股指富邦61購13,TW,0.0,-10.0,0.0,0.0,0,0.0,0.0
066068,華新國票5B購01,TW,0.0,-20.0,0.0,0.0,0,0.0,0.0
066069,宇隆國票5C購02,TW,0.0,-174.0,0.0,0.0,0,0.0,0.0
066071,研華國票5B購01,TW,0.0,36.0,0.0,0.0,0,0.0,0.0
066072,聯發科國票5B購03,TW,0.0,-37.0,0.0,0.0,0,0.0,0.0
066073,聯發科國票61購01,TW,0.0,-45.0,0.0,0.0,0,0.0,0.0
066074,德律國票5C購02,TW,0.0,2.0,0.0,0.0,0,0.0,0.0
066075,貿聯國票61購03,TW,0.0,-110.0,0.0,0.0,0,0.0,0.0
066076,盛群國票5C購01,TW,0.0,-293.0,0.0,0.0,0,0.0,0.0
066077,和椿國票5B購02,TW,0.0,-959.0,0.0,0.0,0,0.0,0.0
066078,惠特國票5C購01,TW,0.0,0.0,0.0,0.0,0,0.0,0.0
066079,南茂國票5C購01,TW,0.0,-44.0,0.0,0.0,0,0.0,0.0
06607U,臺股指凱基56售20,TW,0.0,25.0,0.0,0.0,0,0.0,0.0
066080,FB科技凱基5C購01,TW,0.0,-215.0,0.0,0.0,0,0.0,0.0
066081,FB台50凱基5C購01,TW,0.0,-66.0,0.0,0.0,0,0.0,0.0
066082,永續半凱基5C購01,TW,0.0,-49.0,0.0,0.0,0,0.0,0.0
066083,台股增凱基5B購01,TW,0.0,396.0,0.0,0.0,0,0.0,0.0
066084,新纖凱基5B購01,TW,0.0,-94.0,0.0,0.0,0,0.0,0.0
066086,華城凱基64購01,TW,0.0,-135.0,0.0,0.0,0,0.0,0.0
066087,中砂凱基5B購02,TW,0.0,-44.0,0.0,0.0,0,0.0,0.0
066088,川湖凱基5B購07,TW,0.0,10.0,0.0,0.0,0,0.0,0.0
066089,國巨凱基5B購04,TW,0.0,267.0,0.0,0.0,0,0.0,0.0
06608U,臺股指凱基59售11,TW,0.0,2234.0,0.0,0.0,0,0.0,0.0
066090,廣宇凱基61購02,TW,0.0,54.0,0.0,0.0,0,0.0,0.0
066091,台積電凱基61購11,TW,0.0,-62.0,0.0,0.0,0,0.0,0.0
066092,台積電凱基63購09,TW,0.0,-42.0,0.0,0.0,0,0.0,0.0
066094,華邦電凱基5C購03,TW,0.0,-109.0,0.0,0.0,0,0.0,0.0
066095,智邦凱基61購04,TW,0.0,-563.0,0.0,0.0,0,0.0,0.0
066096,燿華凱基5B購01,TW,0.0,-40.0,0.0,0.0,0,0.0,0.0
066097,鴻海凱基5C購02,TW,0.0,-25.0,0.0,0.0,0,0.0,0.0
066098,南亞科凱基5B購04,TW,0.0,-393.0,0.0,0.0,0,0.0,0.0
066099,京元電凱基5C購02,TW,0.0,-135.0,0.0,0.0,0,0.0,0.0
066100,聯發科凱基5B購06,TW,0.0,1747.0,0.0,0.0,0,0.0,0.0
066101,聯發科凱基5B購07,TW,0.0,-351.0,0.0,0.0,0,0.0,0.0
066102,聯發科凱基5C購11,TW,0.0,-212.0,0.0,0.0,0,0.0,0.0
066103,聯發科凱基61購07,TW,0.0,-743.0,0.0,0.0,0,0.0,0.0
066104,聯發科凱基65購01,TW,0.0,1348.0,0.0,0.0,0,0.0,0.0
066105,晶豪科凱基5B購02,TW,0.0,28.0,0.0,0.0,0,0.0,0.0
066106,大立光凱基5B購06,TW,0.0,185.0,0.0,0.0,0,0.0,0.0
066108,昇貿凱基5B購01,TW,0.0,1528.0,0.0,0.0,0,0.0,0.0
066109,世芯凱基64購02,TW,0.0,-1015.0,0.0,0.0,0,0.0,0.0
066110,貿聯凱基61購04,TW,0.0,-2325.0,0.0,0.0,0,0.0,0.0
066111,佳必琪凱基5B購03,TW,0.0,-160.0,0.0,0.0,0,0.0,0.0
066112,矽格凱基61購02,TW,0.0,1.0,0.0,0.0,0,0.0,0.0
066113,矽創凱基5B購01,TW,0.0,-299.0,0.0,0.0,0,0.0,0.0
066114,昇陽半凱基64購02,TW,0.0,0.0,0.0,0.0,0,0.0,0.0
066115,國巨國泰5C購01,TW,0.0,27.0,0.0,0.0,0,0.0,0.0
066116,技嘉國泰5C購02,TW,0.0,-147.0,0.0,0.0,0,0.0,0.0
066118,台股增永豐5C購01,TW,0.0,-139.0,0.0,0.0,0,0.0,0.0
066119,台股增永豐61購02,TW,0.0,-18.0,0.0,0.0,0,0.0,0.0
066120,台股增永豐63購01,TW,0.0,20.0,0.0,0.0,0,0.0,0.0
066121,台強棒永豐63購01,TW,0.0,-15.0,0.0,0.0,0,0.0,0.0
066122,士電永豐5C購01,TW,0.0,-817.0,0.0,0.0,0,0.0,0.0
066123,亞力永豐61購01,TW,0.0,-589.0,0.0,0.0,0,0.0,0.0
066124,華城永豐63購01,TW,0.0,-82.0,0.0,0.0,0,0.0,0.0
066125,聯電永豐63購01,TW,0.0,-244.0,0.0,0.0,0,0.0,0.0
066126,國巨永豐5C購03,TW,0.0,-86.0,0.0,0.0,0,0.0,0.0
066129,直得統一59購01,TW,0.0,-18.0,0.0,0.0,0,0.0,0.0
066130,直得統一61購01,TW,0.0,96.0,0.0,0.0,0,0.0,0.0
066131,台積電永豐75購03,TW,0.0,-3756.0,0.0,0.0,0,0.0,0.0
066132,台亞永豐61購01,TW,0.0,82.0,0.0,0.0,0,0.0,0.0
066133,智邦永豐5C購04,TW,0.0,-670.0,0.0,0.0,0,0.0,0.0
066134,研華永豐5C購02,TW,0.0,-408.0,0.0,0.0,0,0.0,0.0
066135,南亞科永豐5B購03,TW,0.0,-334.0,0.0,0.0,0,0.0,0.0
066136,南亞科永豐5C購02,TW,0.0,-260.0,0.0,0.0,0,0.0,0.0
066137,南亞科永豐61購02,TW,0.0,-322.0,0.0,0.0,0,0.0,0.0
066140,超豐永豐61購01,TW,0.0,13.0,0.0,0.0,0,0.0,0.0
066141,聯發科統一61購01,TW,0.0,3.0,0.0,0.0,0,0.0,0.0
066142,京元電永豐5C購02,TW,0.0,8.0,0.0,0.0,0,0.0,0.0
066144,聯發科永豐61購03,TW,0.0,-81.0,0.0,0.0,0,0.0,0.0
066145,聯發科永豐63購02,TW,0.0,-33.0,0.0,0.0,0,0.0,0.0
066146,聯發科永豐64購03,TW,0.0,-7.0,0.0,0.0,0,0.0,0.0
066150,晶豪科永豐5C購03,TW,0.0,-57.0,0.0,0.0,0,0.0,0.0
066151,晶豪科永豐65購01,TW,0.0,-297.0,0.0,0.0,0,0.0,0.0
066152,嘉澤統一57購01,TW,0.0,-83.0,0.0,0.0,0,0.0,0.0
066153,晶豪科永豐65購02,TW,0.0,-354.0,0.0,0.0,0,0.0,0.0
066155,群創永豐61購01,TW,0.0,-937.0,0.0,0.0,0,0.0,0.0
066156,群創永豐64購01,TW,0.0,-4722.0,0.0,0.0,0,0.0,0.0
066157,群創永豐65購01,TW,0.0,-3200.0,0.0,0.0,0,0.0,0.0
066158,日月光永豐63購01,TW,0.0,-231.0,0.0,0.0,0,0.0,0.0
066159,力成永豐5C購02,TW,0.0,-290.0,0.0,0.0,0,0.0,0.0
066160,力積電永豐5C購05,TW,0.0,1396.0,0.0,0.0,0,0.0,0.0
066161,T50正2元大5B購08,TW,0.0,-244.0,0.0,0.0,0,0.0,0.0
066162,亞力元大5B購01,TW,0.0,62.0,0.0,0.0,0,0.0,0.0
066163,直得元大5B購01,TW,0.0,-3358.0,0.0,0.0,0,0.0,0.0
066164,宇隆元大5B購01,TW,0.0,8.0,0.0,0.0,0,0.0,0.0
066165,台積電元大5B購14,TW,0.0,-604.0,0.0,0.0,0,0.0,0.0
066166,台積電元大61購31,TW,0.0,-1037.0,0.0,0.0,0,0.0,0.0
066167,台積電元大64購09,TW,0.0,-356.0,0.0,0.0,0,0.0,0.0
066168,順德元大5B購01,TW,0.0,-47.0,0.0,0.0,0,0.0,0.0
066169,威盛元大64購01,TW,0.0,511.0,0.0,0.0,0,0.0,0.0
066171,凌陽元大5B購01,TW,0.0,-1002.0,0.0,0.0,0,0.0,0.0
066172,偉詮電元大64購01,TW,0.0,94.0,0.0,0.0,0,0.0,0.0
066173,聯發科元大5B購08,TW,0.0,-61.0,0.0,0.0,0,0.0,0.0
066174,聯發科元大5B購09,TW,0.0,-478.0,2.0,0.0,0,0.0,0.0
066175,聯發科元大5B購10,TW,0.0,-2149.0,0.0,0.0,0,0.0,0.0
066176,聯發科元大5B購11,TW,0.0,-2521.0,0.0,0.0,0,0.0,0.0
066177,聯發科元大5B購12,TW,0.0,-2722.0,0.0,0.0,0,0.0,0.0
066178,聯發科元大5B購13,TW,0.0,-3318.0,0.0,0.0,0,0.0,0.0
066179,聯發科元大5B購14,TW,0.0,-1787.0,20.0,0.0,0,0.0,0.0
066180,聯發科元大5B購15,TW,0.0,-180.0,0.0,0.0,0,0.0,0.0
066181,聯發科元大5B購16,TW,0.0,-346.0,0.0,0.0,0,0.0,0.0
066182,聯發科元大5B購17,TW,0.0,-207.0,0.0,0.0,0,0.0,0.0
066183,聯發科元大61購24,TW,0.0,-154.0,0.0,0.0,0,0.0,0.0
066184,聯發科元大61購25,TW,0.0,-59.0,0.0,0.0,0,0.0,0.0
066185,聯發科元大64購05,TW,0.0,-2621.0,56.0,0.0,0,0.0,0.0
066186,聯發科元大64購06,TW,0.0,-1.0,-1.0,0.0,0,0.0,0.0
066187,中信金元大5B購01,TW,0.0,413.0,0.0,0.0,0,0.0,0.0
066188,晶豪科元大5B購01,TW,0.0,-522.0,0.0,0.0,0,0.0,0.0
066189,晶豪科元大5B購02,TW,0.0,-328.0,0.0,0.0,0,0.0,0.0
066190,晶豪科元大5B購03,TW,0.0,-864.0,0.0,0.0,0,0.0,0.0
066191,嘉晶元大5B購01,TW,0.0,1.0,0.0,0.0,0,0.0,0.0
066192,世芯元大5B購09,TW,0.0,253.0,0.0,0.0,0,0.0,0.0
066193,貿聯元大5B購05,TW,0.0,-890.0,0.0,0.0,0,0.0,0.0
066194,貿聯元大5B購06,TW,0.0,-2660.0,0.0,0.0,0,0.0,0.0
066195,貿聯元大5B購07,TW,0.0,-1050.0,0.0,0.0,0,0.0,0.0
066196,貿聯元大61購04,TW,0.0,-10.0,0.0,0.0,0,0.0,0.0
066197,貿聯元大64購01,TW,0.0,-2385.0,0.0,0.0,0,0.0,0.0
066198,精銳元大5B購01,TW,0.0,1294.0,0.0,0.0,0,0.0,0.0
066199,眾達元大61購02,TW,0.0,-4939.0,0.0,0.0,0,0.0,0.0
066200,眾達元大64購01,TW,0.0,-1841.0,0.0,0.0,0,0.0,0.0
066201,力積電元大5B購06,TW,0.0,408.0,0.0,0.0,0,0.0,0.0
066202,南茂元大64購01,TW,0.0,-365.0,0.0,0.0,0,0.0,0.0
066203,臺股指元大5C購13,TW,0.0,-153.0,0.0,0.0,0,0.0,0.0
066204,臺股指元大5C購14,TW,0.0,-3861.0,0.0,0.0,0,0.0,0.0
066205,T50反1台新5B購01,TW,0.0,375.0,0.0,0.0,0,0.0,0.0
066206,T50反1台新5B購02,TW,0.0,1305.0,0.0,0.0,0,0.0,0.0
066207,T50反1台新5B購03,TW,0.0,125.0,0.0,0.0,0,0.0,0.0
066208,T50反1台新65購01,TW,0.0,-158.0,0.0,0.0,0,0.0,0.0
066209,台積電台新5B購06,TW,0.0,-279.0,0.0,0.0,0,0.0,0.0
066210,台積電台新5C購01,TW,0.0,-1812.0,0.0,0.0,0,0.0,0.0
066211,台積電台新5C購02,TW,0.0,-20.0,0.0,0.0,0,0.0,0.0
066212,台積電台新5C購03,TW,0.0,-22.0,1.0,0.0,0,0.0,0.0
066214,台積電台新61購01,TW,0.0,-13.0,0.0,0.0,0,0.0,0.0
066215,台積電台新61購02,TW,0.0,-171.0,0.0,0.0,0,0.0,0.0
066216,台積電台新61購03,TW,0.0,-77.0,0.0,0.0,0,0.0,0.0
066218,台積電台新62購05,TW,0.0,25.0,0.0,0.0,0,0.0,0.0
066219,台積電台新62購06,TW,0.0,5.0,0.0,0.0,0,0.0,0.0
066220,台積電台新62購07,TW,0.0,0.0,0.0,0.0,0,0.0,0.0
066221,台積電台新63購01,TW,0.0,-27.0,0.0,0.0,0,0.0,0.0
066222,台積電台新64購01,TW,0.0,-24.0,0.0,0.0,0,0.0,0.0
066223,台積電台新64購02,TW,0.0,0.0,0.0,0.0,0,0.0,0.0
066224,台積電台新65購01,TW,0.0,0.0,0.0,0.0,0,0.0,0.0
066225,台積電台新65購02,TW,0.0,-4.0,0.0,0.0,0,0.0,0.0
066226,台積電台新65購03,TW,0.0,-55.0,0.0,0.0,0,0.0,0.0
066227,台積電台新65購04,TW,0.0,0.0,0.0,0.0,0,0.0,0.0
066228,台積電台新65購05,TW,0.0,0.0,0.0,0.0,0,0.0,0.0
066229,台積電台新65購06,TW,0.0,-64.0,0.0,0.0,0,0.0,0.0
066230,台積電台新65購07,TW,0.0,0.0,0.0,0.0,0,0.0,0.0
066231,台積電台新6B購01,TW,0.0,-81.0,0.0,0.0,0,0.0,0.0
066234,台積電台新6B購04,TW,0.0,-124.0,0.0,0.0,0,0.0,0.0
066235,台積電台新75購01,TW,0.0,-405.0,0.0,0.0,0,0.0,0.0
066236,台積電台新75購02,TW,0.0,-1084.0,0.0,0.0,0,0.0,0.0
066237,台積電台新75購03,TW,0.0,-464.0,0.0,0.0,0,0.0,0.0
066238,威盛台新5B購01,TW,0.0,-280.0,0.0,0.0,0,0.0,0.0
066239,研華台新5B購02,TW,0.0,100.0,0.0,0.0,0,0.0,0.0
066240,南亞科台新5C購02,TW,0.0,253.0,0.0,0.0,0,0.0,0.0
066241,建準台新5B購01,TW,0.0,-40.0,0.0,0.0,0,0.0,0.0
066242,聯發科台新61購01,TW,0.0,-58.0,0.0,0.0,0,0.0,0.0
066243,聯發科台新61購02,TW,0.0,-306.0,0.0,0.0,0,0.0,0.0
066244,聯發科台新61購03,TW,0.0,220.0,0.0,0.0,0,0.0,0.0
066249,世芯台新5B購01,TW,0.0,-693.0,4.0,0.0,0,0.0,0.0
066250,世芯台新5C購01,TW,0.0,-177.0,0.0,0.0,0,0.0,0.0
066251,世芯台新65購01,TW,0.0,-250.0,0.0,0.0,0,0.0,0.0
066252,精銳台新5B購02,TW,0.0,142.0,0.0,0.0,0,0.0,0.0
066253,上品台新5B購01,TW,0.0,-2270.0,0.0,0.0,0,0.0,0.0
066254,上品台新5B購02,TW,0.0,-74.0,0.0,0.0,0,0.0,0.0
066255,上品台新5B購03,TW,0.0,-87.0,0.0,0.0,0,0.0,0.0
066256,精成科台新5B購01,TW,0.0,-120.0,0.0,0.0,0,0.0,0.0
066257,精成科台新5B購03,TW,0.0,-89.0,0.0,0.0,0,0.0,0.0
066258,帆宣台新5B購03,TW,0.0,-61.0,0.0,0.0,0,0.0,0.0
066259,佳必琪台新5B購03,TW,0.0,-134.0,0.0,0.0,0,0.0,0.0
066260,群電台新5B購01,TW,0.0,-4313.0,0.0,0.0,0,0.0,0.0
066261,群電台新5B購03,TW,0.0,-1489.0,0.0,0.0,0,0.0,0.0
066262,樺漢台新5B購01,TW,0.0,-132.0,0.0,0.0,0,0.0,0.0
066263,樺漢台新5B購03,TW,0.0,25.0,0.0,0.0,0,0.0,0.0
066264,達發台新5B購03,TW,0.0,-124.0,0.0,0.0,0,0.0,0.0
066266,緯穎台新5B購02,TW,0.0,0.0,0.0,0.0,0,0.0,0.0
066267,洋基台新5B購03,TW,0.0,-12.0,0.0,0.0,0,0.0,0.0
066268,華東台新5B購01,TW,0.0,18.0,0.0,0.0,0,0.0,0.0
066269,華東台新5B購03,TW,0.0,-130.0,0.0,0.0,0,0.0,0.0
066270,可寧衛台新5B購01,TW,0.0,-75.0,0.0,0.0,0,0.0,0.0
066271,可寧衛台新5B購03,TW,0.0,-32.0,0.0,0.0,0,0.0,0.0
066272,勝一群益65購01,TW,0.0,-445.0,0.0,0.0,0,0.0,0.0
066273,川湖群益63購03,TW,0.0,-5.0,0.0,0.0,0,0.0,0.0
066274,聯電群益61購01,TW,0.0,-1251.0,0.0,0.0,0,0.0,0.0
066275,鴻海群益5B購08,TW,0.0,-1.0,0.0,0.0,0,0.0,0.0
066276,國巨群益5B購06,TW,0.0,-11.0,0.0,0.0,0,0.0,0.0
066277,華泰群益61購01,TW,0.0,-6.0,0.0,0.0,0,0.0,0.0
066278,台積電群益5B購12,TW,0.0,-79.0,0.0,0.0,0,0.0,0.0
066279,台積電群益5B購13,TW,0.0,-57.0,0.0,0.0,0,0.0,0.0
066280,台積電群益62購07,TW,0.0,-12.0,0.0,0.0,0,0.0,0.0
066281,華邦電群益5B購02,TW,0.0,-295.0,0.0,0.0,0,0.0,0.0
066282,智邦群益5B購07,TW,0.0,-323.0,0.0,0.0,0,0.0,0.0
066283,威盛群益5B購01,TW,0.0,-346.0,0.0,0.0,0,0.0,0.0
066284,南亞科群益5B購06,TW,0.0,-783.0,0.0,0.0,0,0.0,0.0
066286,聯發科群益5B購08,TW,0.0,-23.0,0.0,0.0,0,0.0,0.0
066287,聯發科群益5B購09,TW,0.0,-30.0,0.0,0.0,0,0.0,0.0
066288,鉅祥群益61購01,TW,0.0,30.0,0.0,0.0,0,0.0,0.0
066289,強茂群益5B購03,TW,0.0,130.0,0.0,0.0,0,0.0,0.0
066290,晶豪科群益5B購01,TW,0.0,-3948.0,0.0,0.0,0,0.0,0.0
066291,晶豪科群益61購02,TW,0.0,-15.0,0.0,0.0,0,0.0,0.0
066293,德律群益5B購07,TW,0.0,-200.0,0.0,0.0,0,0.0,0.0
066295,上品群益5B購01,TW,0.0,-60.0,0.0,0.0,0,0.0,0.0
066296,帆宣群益5B購01,TW,0.0,-12.0,0.0,0.0,0,0.0,0.0
066297,佳必琪群益61購03,TW,0.0,-32.0,0.0,0.0,0,0.0,0.0
066298,矽格群益5B購02,TW,0.0,-329.0,0.0,0.0,0,0.0,0.0
066299,緯穎群益64購01,TW,0.0,-20.0,0.0,0.0,0,0.0,0.0
066300,宇隆國泰5C購01,TW,0.0,-504.0,0.0,0.0,0,0.0,0.0
066301,智邦國泰5C購01,TW,0.0,-106.0,0.0,0.0,0,0.0,0.0
066302,京元電國泰5C購01,TW,0.0,0.0,0.0,0.0,0,0.0,0.0
066303,定穎控國泰5C購01,TW,0.0,-64.0,0.0,0.0,0,0.0,0.0
066304,佳能兆豐61購01,TW,0.0,422.0,0.0,0.0,0,0.0,0.0
066305,鉅祥兆豐61購01,TW,0.0,-71.0,0.0,0.0,0,0.0,0.0
066306,矽格兆豐61購01,TW,0.0,1424.0,0.0,0.0,0,0.0,0.0
066307,T50正2凱基61購04,TW,0.0,-425.0,0.0,0.0,0,0.0,0.0
066309,台股增凱基5B購02,TW,0.0,-76.0,0.0,0.0,0,0.0,0.0
066310,台股增凱基63購01,TW,0.0,-37.0,0.0,0.0,0,0.0,0.0
066311,亞力凱基5B購01,TW,0.0,400.0,0.0,0.0,0,0.0,0.0
066312,長興凱基5C購02,TW,0.0,1.0,0.0,0.0,0,0.0,0.0
066313,宇隆凱基5C購01,TW,0.0,-169.0,0.0,0.0,0,0.0,0.0
066314,聯電凱基5B購05,TW,0.0,184.0,0.0,0.0,0,0.0,0.0
066315,鴻海凱基5B購07,TW,0.0,26.0,0.0,0.0,0,0.0,0.0
066316,鴻海凱基5B購08,TW,0.0,1539.0,0.0,0.0,0,0.0,0.0
066317,鴻海凱基5C購09,TW,0.0,135.0,0.0,0.0,0,0.0,0.0
066318,廣宇凱基5B購01,TW,0.0,30.0,0.0,0.0,0,0.0,0.0
066319,順德凱基5B購01,TW,0.0,3.0,0.0,0.0,0,0.0,0.0
066320,威盛凱基64購01,TW,0.0,-8.0,0.0,0.0,0,0.0,0.0
066321,研華凱基5B購01,TW,0.0,24.0,0.0,0.0,0,0.0,0.0
066322,凌陽凱基5B購01,TW,0.0,-332.0,0.0,0.0,0,0.0,0.0
066323,南亞科凱基61購01,TW,0.0,-576.0,54.0,0.0,0,0.0,0.0
066324,友達凱基5B購02,TW,0.0,-8.0,0.0,0.0,0,0.0,0.0
066325,晶豪科凱基5B購03,TW,0.0,-479.0,0.0,0.0,0,0.0,0.0
066326,德律凱基5B購04,TW,0.0,-78.0,0.0,0.0,0,0.0,0.0
066328,日電貿凱基5B購01,TW,0.0,488.0,0.0,0.0,0,0.0,0.0
066330,群創凱基61購01,TW,0.0,-684.0,0.0,0.0,0,0.0,0.0
066331,貿聯凱基5B購06,TW,0.0,-85.0,0.0,0.0,0,0.0,0.0
066332,精銳凱基5B購01,TW,0.0,2.0,0.0,0.0,0,0.0,0.0
066333,盛群凱基5B購01,TW,0.0,-33.0,0.0,0.0,0,0.0,0.0
066334,緯穎凱基64購01,TW,0.0,-222.0,0.0,0.0,0,0.0,0.0
066335,力智凱基5B購01,TW,0.0,-1289.0,0.0,0.0,0,0.0,0.0
066336,南茂凱基64購01,TW,0.0,-3.0,0.0,0.0,0,0.0,0.0
066337,臺股指凱基63購12,TW,0.0,-8.0,0.0,0.0,0,0.0,0.0
066338,亞力群益5C購01,TW,0.0,-123.0,0.0,0.0,0,0.0,0.0
066339,華城群益5B購04,TW,0.0,394.0,0.0,0.0,0,0.0,0.0
066340,中砂群益5B購02,TW,0.0,14.0,0.0,0.0,0,0.0,0.0
066342,國巨群益5B購07,TW,0.0,33.0,0.0,0.0,0,0.0,0.0
066343,台積電群益66購01,TW,0.0,-90.0,0.0,0.0,0,0.0,0.0
066344,智邦群益5B購08,TW,0.0,-465.0,0.0,0.0,0,0.0,0.0
066345,鴻準群益5B購01,TW,0.0,21.0,0.0,0.0,0,0.0,0.0
066346,燿華群益5B購02,TW,0.0,-24.0,0.0,0.0,0,0.0,0.0
066347,南亞科群益5B購07,TW,0.0,2271.0,0.0,0.0,0,0.0,0.0
066348,京元電群益63購01,TW,0.0,-200.0,0.0,0.0,0,0.0,0.0
066349,晶豪科群益5B購03,TW,0.0,-1581.0,0.0,0.0,0,0.0,0.0
066350,大立光群益5B購03,TW,0.0,25.0,0.0,0.0,0,0.0,0.0
066352,日電貿群益5C購01,TW,0.0,-2032.0,0.0,0.0,0,0.0,0.0
066353,群創群益5B購02,TW,0.0,236.0,0.0,0.0,0,0.0,0.0
066354,群創群益5B購03,TW,0.0,34.0,0.0,0.0,0,0.0,0.0
066355,世芯群益5B購02,TW,0.0,-75.0,0.0,0.0,0,0.0,0.0
066356,昇陽半群益62購01,TW,0.0,-127.0,0.0,0.0,0,0.0,0.0
066357,南茂群益5C購01,TW,0.0,-63.0,0.0,0.0,0,0.0,0.0
066359,智邦台新5B購03,TW,0.0,-20.0,0.0,0.0,0,0.0,0.0
066360,鴻準台新5B購01,TW,0.0,-19.0,0.0,0.0,0,0.0,0.0
066361,南亞科台新62購02,TW,0.0,-330.0,0.0,0.0,0,0.0,0.0
066362,京元電台新5B購02,TW,0.0,22.0,0.0,0.0,0,0.0,0.0
066363,京元電台新5B購03,TW,0.0,160.0,0.0,0.0,0,0.0,0.0
066364,揚博台新5B購01,TW,0.0,-12.0,0.0,0.0,0,0.0,0.0
066365,陽明台新5B購01,TW,0.0,-329.0,0.0,0.0,0,0.0,0.0
066366,緯創台新5B購01,TW,0.0,-144.0,0.0,0.0,0,0.0,0.0
066367,緯創台新5B購02,TW,0.0,-104.0,0.0,0.0,0,0.0,0.0
066368,緯創台新65購01,TW,0.0,-5.0,0.0,0.0,0,0.0,0.0
066369,日月光台新5B購01,TW,0.0,-262.0,3.0,0.0,0,0.0,0.0
066370,鈞興台新5B購03,TW,0.0,147.0,0.0,0.0,0,0.0,0.0
066371,jpp台新5B購01,TW,0.0,-73.0,0.0,0.0,0,0.0,0.0
066372,帆宣台新5B購04,TW,0.0,372.0,0.0,0.0,0,0.0,0.0
066373,帆宣台新5B購05,TW,0.0,-39.0,0.0,0.0,0,0.0,0.0
066374,矽格台新5B購02,TW,0.0,-62.0,0.0,0.0,0,0.0,0.0
066375,惠特台新5B購02,TW,0.0,-156.0,0.0,0.0,0,0.0,0.0
066376,寶成台新65購01,TW,0.0,46.0,0.0,0.0,0,0.0,0.0
066377,宏全台新5B購01,TW,0.0,396.0,0.0,0.0,0,0.0,0.0
066378,臺指2X元大63購02,TW,0.0,-2182.0,0.0,0.0,0,0.0,0.0
066379,臺指反元大5B購03,TW,0.0,1377.0,0.0,0.0,0,0.0,0.0
066380,元金2X元大5B購04,TW,0.0,-81.0,0.0,0.0,0,0.0,0.0
066382,元金2X元大61購02,TW,0.0,19.0,0.0,0.0,0,0.0,0.0
066383,台股增元大5B購01,TW,0.0,-692.0,0.0,0.0,0,0.0,0.0
066384,直得元大5B購02,TW,0.0,-303.0,0.0,0.0,0,0.0,0.0
066385,直得元大5B購03,TW,0.0,-1867.0,0.0,0.0,0,0.0,0.0
066386,直得元大5B購04,TW,0.0,-2608.0,0.0,0.0,0,0.0,0.0
066387,宇隆元大5B購02,TW,0.0,-49.0,-7.0,0.0,0,0.0,0.0
066388,宇隆元大5B購03,TW,0.0,-42.0,0.0,0.0,0,0.0,0.0
066389,宇隆元大64購01,TW,0.0,0.0,0.0,0.0,0,0.0,0.0
066390,宇隆元大65購01,TW,0.0,-77.0,0.0,0.0,0,0.0,0.0
066391,台積電元大5B購15,TW,0.0,-121.0,0.0,0.0,0,0.0,0.0
066392,台積電元大61購32,TW,0.0,-3182.0,0.0,0.0,0,0.0,0.0
066393,台積電元大64購10,TW,0.0,-2248.0,0.0,0.0,0,0.0,0.0
066394,研華元大64購01,TW,0.0,-169.0,0.0,0.0,0,0.0,0.0
066395,南亞科元大5B購07,TW,0.0,-1464.0,0.0,0.0,0,0.0,0.0
066396,南亞科元大61購03,TW,0.0,-2390.0,0.0,0.0,0,0.0,0.0
066397,揚博元大5B購01,TW,0.0,995.0,0.0,0.0,0,0.0,0.0
066398,揚博元大5B購02,TW,0.0,-205.0,0.0,0.0,0,0.0,0.0
066399,晶豪科元大5B購04,TW,0.0,-579.0,0.0,0.0,0,0.0,0.0
066400,晶豪科元大5B購05,TW,0.0,3.0,0.0,0.0,0,0.0,0.0
066401,嘉晶元大5B購02,TW,0.0,-57.0,0.0,0.0,0,0.0,0.0
066402,嘉晶元大5B購03,TW,0.0,28.0,0.0,0.0,0,0.0,0.0
066403,嘉晶元大5B購04,TW,0.0,-61.0,0.0,0.0,0,0.0,0.0
066404,德律元大5B購05,TW,0.0,-52.0,0.0,0.0,0,0.0,0.0
066405,佳必琪元大5B購04,TW,0.0,-1014.0,0.0,0.0,0,0.0,0.0
066406,佳必琪元大61購01,TW,0.0,-822.0,0.0,0.0,0,0.0,0.0
066407,達發元大5B購01,TW,0.0,-321.0,0.0,0.0,0,0.0,0.0
066408,惠特元大5B購03,TW,0.0,-389.0,0.0,0.0,0,0.0,0.0
066409,惠特元大5B購04,TW,0.0,-440.0,0.0,0.0,0,0.0,0.0
06640U,景碩群益5A售02,TW,0.0,-5.0,0.0,0.0,0,0.0,0.0
066410,惠特元大64購01,TW,0.0,-965.0,0.0,0.0,0,0.0,0.0
066411,惠特元大65購01,TW,0.0,-1940.0,0.0,0.0,0,0.0,0.0
066412,致新元大5B購01,TW,0.0,841.0,0.0,0.0,0,0.0,0.0
066413,燿華國泰5C購01,TW,0.0,-216.0,0.0,0.0,0,0.0,0.0
066415,南亞科國泰5C購01,TW,0.0,-13.0,0.0,0.0,0,0.0,0.0
066416,德律國泰5C購01,TW,0.0,-20.0,0.0,0.0,0,0.0,0.0
066417,嘉澤國泰5C購01,TW,0.0,-35.0,0.0,0.0,0,0.0,0.0
066418,佳必琪國泰5C購01,TW,0.0,144.0,0.0,0.0,0,0.0,0.0
066419,直得統一57購01,TW,0.0,-531.0,0.0,0.0,0,0.0,0.0
066420,鴻海統一61購01,TW,0.0,202.0,0.0,0.0,0,0.0,0.0
066421,今國光國泰61購01,TW,0.0,-235.0,0.0,0.0,0,0.0,0.0
066422,臺指2X凱基61購01,TW,0.0,-91.0,0.0,0.0,0,0.0,0.0
066423,台積電統一61購01,TW,0.0,-90.0,0.0,0.0,0,0.0,0.0
066425,美指2X凱基61購01,TW,0.0,0.0,0.0,0.0,0,0.0,0.0
066428,SP黃豆凱基63購02,TW,0.0,-10.0,0.0,0.0,0,0.0,0.0
066429,嘉澤統一57購02,TW,0.0,-2.0,0.0,0.0,0,0.0,0.0
066430,台股增凱基65購01,TW,0.0,1.0,0.0,0.0,0,0.0,0.0
066431,川湖凱基61購01,TW,0.0,80.0,0.0,0.0,0,0.0,0.0
066432,正新凱基5B購01,TW,0.0,-64.0,0.0,0.0,0,0.0,0.0
066433,聯電凱基61購03,TW,0.0,56.0,0.0,0.0,0,0.0,0.0
066437,台積電凱基5C購12,TW,0.0,15.0,0.0,0.0,0,0.0,0.0
066439,台積電凱基68購01,TW,0.0,-94.0,0.0,0.0,0,0.0,0.0
06643U,南電群益5A售01,TW,0.0,-943.0,0.0,0.0,0,0.0,0.0
066441,華邦電凱基5B購02,TW,0.0,-461.0,0.0,0.0,0,0.0,0.0
066443,矽統凱基5B購01,TW,0.0,-510.0,0.0,0.0,0,0.0,0.0
066444,南亞科凱基5B購05,TW,0.0,-1386.0,0.0,0.0,0,0.0,0.0
066445,京元電凱基5B購05,TW,0.0,-66.0,0.0,0.0,0,0.0,0.0
066446,兆赫凱基5B購01,TW,0.0,-4835.0,0.0,0.0,0,0.0,0.0
066447,揚博凱基5B購02,TW,0.0,-103.0,0.0,0.0,0,0.0,0.0
066448,晶豪科凱基5B購04,TW,0.0,-816.0,0.0,0.0,0,0.0,0.0
066449,大立光凱基5C購02,TW,0.0,48.0,0.0,0.0,0,0.0,0.0
066450,聯陽凱基5B購01,TW,0.0,-455.0,0.0,0.0,0,0.0,0.0
066451,德律凱基5B購05,TW,0.0,-13.0,0.0,0.0,0,0.0,0.0
066452,群創凱基5B購02,TW,0.0,72.0,0.0,0.0,0,0.0,0.0
066453,世芯凱基63購01,TW,0.0,-3697.0,0.0,0.0,0,0.0,0.0
066454,天鈺凱基5B購01,TW,0.0,-643.0,20.0,0.0,0,0.0,0.0
066455,中租凱基5B購01,TW,0.0,148.0,0.0,0.0,0,0.0,0.0
066456,樺漢凱基5B購01,TW,0.0,671.0,0.0,0.0,0,0.0,0.0
066457,達發凱基5B購02,TW,0.0,-305.0,0.0,0.0,0,0.0,0.0
066458,意騰凱基5B購01,TW,0.0,-977.0,0.0,0.0,0,0.0,0.0
066459,長華凱基5B購01,TW,0.0,-37.0,0.0,0.0,0,0.0,0.0
066460,巨大凱基5B購01,TW,0.0,-104.0,0.0,0.0,0,0.0,0.0
066461,台玻兆豐61購01,TW,0.0,-343.0,0.0,0.0,0,0.0,0.0
066462,晶豪科兆豐65購01,TW,0.0,-3101.0,0.0,0.0,0,0.0,0.0
066463,智原兆豐61購01,TW,0.0,-912.0,0.0,0.0,0,0.0,0.0
066464,群創兆豐61購01,TW,0.0,2002.0,0.0,0.0,0,0.0,0.0
066465,美費半元大5B購02,TW,0.0,-381.0,0.0,0.0,0,0.0,0.0
066466,美費半元大5C購01,TW,0.0,-539.0,0.0,0.0,0,0.0,0.0
066467,美費半元大61購02,TW,0.0,-984.0,0.0,0.0,0,0.0,0.0
066468,中砂元大5B購01,TW,0.0,-57.0,0.0,0.0,0,0.0,0.0
066469,台玻元大64購01,TW,0.0,604.0,0.0,0.0,0,0.0,0.0
066470,上銀元大5B購07,TW,0.0,17.0,0.0,0.0,0,0.0,0.0
066471,聯電元大5B購07,TW,0.0,524.0,0.0,0.0,0,0.0,0.0
066472,聯電元大61購15,TW,0.0,-1088.0,3.0,0.0,0,0.0,0.0
066473,鴻海元大5B購02,TW,0.0,-14.0,0.0,0.0,0,0.0,0.0
066474,鴻海元大61購16,TW,0.0,-2807.0,0.0,0.0,0,0.0,0.0
066475,鴻海元大64購12,TW,0.0,-2220.0,0.0,0.0,0,0.0,0.0
066476,台積電元大5B購17,TW,0.0,-447.0,0.0,0.0,0,0.0,0.0
066477,台積電元大61購33,TW,0.0,-349.0,0.0,0.0,0,0.0,0.0
066478,台積電元大64購11,TW,0.0,-1199.0,0.0,0.0,0,0.0,0.0
066479,華邦電元大61購01,TW,0.0,-977.0,0.0,0.0,0,0.0,0.0
066480,鴻準元大5B購01,TW,0.0,-298.0,0.0,0.0,0,0.0,0.0
066481,偉詮電元大5B購01,TW,0.0,-165.0,0.0,0.0,0,0.0,0.0
066482,德律元大5B購06,TW,0.0,-7.0,0.0,0.0,0,0.0,0.0
066483,德律元大5B購07,TW,0.0,2.0,0.0,0.0,0,0.0,0.0
066485,德律元大5B購09,TW,0.0,-3.0,0.0,0.0,0,0.0,0.0
066487,德律元大5B購11,TW,0.0,11.0,0.0,0.0,0,0.0,0.0
066488,德律元大61購05,TW,0.0,-46.0,0.0,0.0,0,0.0,0.0
066489,德律元大64購02,TW,0.0,-140.0,0.0,0.0,0,0.0,0.0
06648U,世芯中信58售02,TW,0.0,18.0,0.0,0.0,0,0.0,0.0
066490,群創元大5B購01,TW,0.0,144.0,0.0,0.0,0,0.0,0.0
066491,世芯元大5B購10,TW,0.0,-195.0,0.0,0.0,0,0.0,0.0
066492,世芯元大61購15,TW,0.0,-114.0,0.0,0.0,0,0.0,0.0
066493,世芯元大61購16,TW,0.0,-33.0,30.0,0.0,0,0.0,0.0
066494,世芯元大64購07,TW,0.0,-470.0,0.0,0.0,0,0.0,0.0
066495,世芯元大64購08,TW,0.0,-1405.0,0.0,0.0,0,0.0,0.0
066496,國精化元大5B購01,TW,0.0,-196.0,0.0,0.0,0,0.0,0.0
066497,帆宣元大5B購01,TW,0.0,-954.0,0.0,0.0,0,0.0,0.0
066498,佳必琪元大5B購05,TW,0.0,-1442.0,0.0,0.0,0,0.0,0.0
066499,達發元大5B購02,TW,0.0,66.0,0.0,0.0,0,0.0,0.0
066500,AES元大61購03,TW,0.0,-807.0,0.0,0.0,0,0.0,0.0
066501,兆聯元大5B購04,TW,0.0,-2079.0,0.0,0.0,0,0.0,0.0
066502,昇陽半元大5B購04,TW,0.0,133.0,0.0,0.0,0,0.0,0.0
066503,華東元大5B購01,TW,0.0,40.0,0.0,0.0,0,0.0,0.0
066504,勤誠元大5B購01,TW,0.0,-718.0,0.0,0.0,0,0.0,0.0
066505,勤誠元大61購03,TW,0.0,-1078.0,0.0,0.0,0,0.0,0.0
066506,勤誠元大64購02,TW,0.0,-146.0,0.0,0.0,0,0.0,0.0
066509,華新國票5C購01,TW,0.0,-158.0,0.0,0.0,0,0.0,0.0
066510,聯電國票5B購02,TW,0.0,-217.0,0.0,0.0,0,0.0,0.0
066511,鴻海國票5C購01,TW,0.0,-24.0,0.0,0.0,0,0.0,0.0
066513,華邦電國票5C購01,TW,0.0,-1713.0,0.0,0.0,0,0.0,0.0
066514,鴻準國票5B購01,TW,0.0,-168.0,0.0,0.0,0,0.0,0.0
066515,技嘉國票5B購03,TW,0.0,-982.0,0.0,0.0,0,0.0,0.0
066516,南亞科國票5C購01,TW,0.0,-813.0,0.0,0.0,0,0.0,0.0
066518,京元電國票5C購01,TW,0.0,-866.0,0.0,0.0,0,0.0,0.0
066519,兆赫國票5B購01,TW,0.0,-2547.0,0.0,0.0,0,0.0,0.0
066520,兆赫國票5C購01,TW,0.0,-915.0,0.0,0.0,0,0.0,0.0
066521,晶豪科國票5B購01,TW,0.0,-731.0,0.0,0.0,0,0.0,0.0
066522,德律國票5C購03,TW,0.0,-237.0,0.0,0.0,0,0.0,0.0
066523,世芯國票5B購04,TW,0.0,-20.0,0.0,0.0,0,0.0,0.0
066524,世芯國票61購01,TW,0.0,-22.0,0.0,0.0,0,0.0,0.0
066525,世芯國票63購01,TW,0.0,-75.0,0.0,0.0,0,0.0,0.0
066527,矽格國票5C購01,TW,0.0,-103.0,0.0,0.0,0,0.0,0.0
066528,啟碁國票5C購01,TW,0.0,-33.0,0.0,0.0,0,0.0,0.0
066529,T50正2群益5B購02,TW,0.0,-163.0,0.0,0.0,0,0.0,0.0
066532,台股增群益5B購03,TW,0.0,-79.0,0.0,0.0,0,0.0,0.0
066534,長興群益61購01,TW,0.0,-13.0,0.0,0.0,0,0.0,0.0
066535,聯電群益5C購01,TW,0.0,-2583.0,0.0,0.0,0,0.0,0.0
066536,鴻海群益5C購09,TW,0.0,-1003.0,0.0,0.0,0,0.0,0.0
066537,華邦電群益5B購03,TW,0.0,-595.0,0.0,0.0,0,0.0,0.0
06653U,FBNQ2X群益5A售01,TW,0.0,2.0,0.0,0.0,0,0.0,0.0
066540,南亞科群益5B購08,TW,0.0,-1273.0,0.0,0.0,0,0.0,0.0
066541,友達群益5B購04,TW,0.0,-24.0,0.0,0.0,0,0.0,0.0
066542,緯創群益5B購02,TW,0.0,-399.0,0.0,0.0,0,0.0,0.0
066544,世芯群益5B購03,TW,0.0,-2.0,0.0,0.0,0,0.0,0.0
066545,貿聯群益5B購03,TW,0.0,-141.0,0.0,0.0,0,0.0,0.0
066546,日月光群益5C購02,TW,0.0,-160.0,0.0,0.0,0,0.0,0.0
066547,國精化群益61購01,TW,0.0,-538.0,0.0,0.0,0,0.0,0.0
066548,達發群益5B購01,TW,0.0,-69.0,0.0,0.0,0,0.0,0.0
066549,緯穎群益64購02,TW,0.0,-303.0,0.0,0.0,0,0.0,0.0
066550,南茂群益5B購01,TW,0.0,-12.0,0.0,0.0,0,0.0,0.0
066551,臺股指群益5B購20,TW,0.0,-32.0,0.0,0.0,0,0.0,0.0
066552,日本2X台新5B購01,TW,0.0,-20.0,0.0,0.0,0,0.0,0.0
066553,鴻海台新5B購03,TW,0.0,-62.0,0.0,0.0,0,0.0,0.0
066554,矽統台新5B購01,TW,0.0,-248.0,0.0,0.0,0,0.0,0.0
066555,南亞科台新5B購02,TW,0.0,-1696.0,0.0,0.0,0,0.0,0.0
066556,南亞科台新65購02,TW,0.0,-584.0,0.0,0.0,0,0.0,0.0
066557,京元電台新5B購05,TW,0.0,130.0,0.0,0.0,0,0.0,0.0
066558,京元電台新5B購06,TW,0.0,-4235.0,0.0,0.0,0,0.0,0.0
066561,華擎台新5B購01,TW,0.0,-37.0,0.0,0.0,0,0.0,0.0
066564,世芯台新5B購02,TW,0.0,-1662.0,0.0,0.0,0,0.0,0.0
066565,世芯台新62購01,TW,0.0,-69.0,0.0,0.0,0,0.0,0.0
066566,世芯台新65購02,TW,0.0,-476.0,0.0,0.0,0,0.0,0.0
066567,鈞興台新5B購04,TW,0.0,-95.0,0.0,0.0,0,0.0,0.0
066568,國精化台新5B購01,TW,0.0,6.0,0.0,0.0,0,0.0,0.0
066569,立積台新5B購01,TW,0.0,-798.0,0.0,0.0,0,0.0,0.0
066570,力智台新5B購01,TW,0.0,-1091.0,0.0,0.0,0,0.0,0.0
066571,力智台新5B購02,TW,0.0,-1124.0,0.0,0.0,0,0.0,0.0
066572,力積電台新5B購06,TW,0.0,-697.0,0.0,0.0,0,0.0,0.0
066573,力積電台新5B購07,TW,0.0,-372.0,0.0,0.0,0,0.0,0.0
066574,美債2X元富57購02,TW,0.0,0.0,0.0,0.0,0,0.0,0.0
066575,福懋科台新5B購03,TW,0.0,0.0,0.0,0.0,0,0.0,0.0
066577,臺股指台新5B購05,TW,0.0,30.0,0.0,0.0,0,0.0,0.0
066578,所羅門元富57購01,TW,0.0,-20.0,0.0,0.0,0,0.0,0.0
066580,台灣50富邦5C購13,TW,0.0,-1.0,0.0,0.0,0,0.0,0.0
066582,台灣50富邦65購02,TW,0.0,-749.0,0.0,0.0,0,0.0,0.0
066583,T50正2富邦5B購05,TW,0.0,-795.0,0.0,0.0,0,0.0,0.0
066584,T50正2富邦65購02,TW,0.0,-183.0,0.0,0.0,0,0.0,0.0
066585,T50反1富邦62購02,TW,0.0,-288.0,0.0,0.0,0,0.0,0.0
066586,T50反1富邦62購03,TW,0.0,-56.0,0.0,0.0,0,0.0,0.0
066587,美時富邦61購02,TW,0.0,-407.0,0.0,0.0,0,0.0,0.0
066588,聯電富邦5B購02,TW,0.0,0.0,0.0,0.0,0,0.0,0.0
066589,楠梓電富邦63購01,TW,0.0,-475.0,0.0,0.0,0,0.0,0.0
066590,台積電富邦5B購04,TW,0.0,-1031.0,0.0,0.0,0,0.0,0.0
066591,台積電富邦5C購09,TW,0.0,0.0,0.0,0.0,0,0.0,0.0
066592,台積電富邦61購07,TW,0.0,-67.0,0.0,0.0,0,0.0,0.0
066594,華邦電富邦5C購02,TW,0.0,-4579.0,0.0,0.0,0,0.0,0.0
066595,智邦富邦62購01,TW,0.0,-5552.0,0.0,0.0,0,0.0,0.0
066596,智邦富邦62購02,TW,0.0,-112.0,0.0,0.0,0,0.0,0.0
066597,敬鵬富邦61購02,TW,0.0,369.0,0.0,0.0,0,0.0,0.0
066598,燿華富邦61購02,TW,0.0,-113.0,0.0,0.0,0,0.0,0.0
066599,研華富邦61購01,TW,0.0,-70.0,0.0,0.0,0,0.0,0.0
066600,漢唐富邦61購01,TW,0.0,-289.0,0.0,0.0,0,0.0,0.0
066601,漢唐富邦62購01,TW,0.0,-1085.0,0.0,0.0,0,0.0,0.0
066602,南亞科富邦62購03,TW,0.0,-1448.0,0.0,0.0,0,0.0,0.0
066603,美律富邦62購01,TW,0.0,-438.0,0.0,0.0,0,0.0,0.0
066604,京元電富邦62購01,TW,0.0,-102.0,0.0,0.0,0,0.0,0.0
066605,慧洋富邦63購01,TW,0.0,0.0,0.0,0.0,0,0.0,0.0
066606,大立光富邦61購02,TW,0.0,205.0,0.0,0.0,0,0.0,0.0
066608,新日興富邦61購01,TW,0.0,-845.0,0.0,0.0,0,0.0,0.0
066609,新日興富邦62購01,TW,0.0,-730.0,0.0,0.0,0,0.0,0.0
066610,嘉澤富邦61購03,TW,0.0,-1046.0,0.0,0.0,0,0.0,0.0
066611,世芯富邦61購03,TW,0.0,-622.0,0.0,0.0,0,0.0,0.0
066612,日月光富邦61購04,TW,0.0,-996.0,0.0,0.0,0,0.0,0.0
066613,祥碩富邦61購01,TW,0.0,-175.0,0.0,0.0,0,0.0,0.0
066614,精成科富邦61購02,TW,0.0,-159.0,0.0,0.0,0,0.0,0.0
066615,保瑞富邦62購01,TW,0.0,-220.0,0.0,0.0,0,0.0,0.0
066617,川湖兆豐61購02,TW,0.0,8.0,0.0,0.0,0,0.0,0.0
066618,光寶科兆豐65購01,TW,0.0,-107.0,0.0,0.0,0,0.0,0.0
066619,聯電兆豐61購01,TW,0.0,-1703.0,0.0,0.0,0,0.0,0.0
066620,國巨兆豐61購01,TW,0.0,107.0,0.0,0.0,0,0.0,0.0
066621,創見兆豐61購01,TW,0.0,0.0,0.0,0.0,0,0.0,0.0
066622,台股增國票5B購01,TW,0.0,-166.0,0.0,0.0,0,0.0,0.0
066623,台股增國票5B購02,TW,0.0,-11.0,0.0,0.0,0,0.0,0.0
066624,台股增國票5B購03,TW,0.0,-52.0,0.0,0.0,0,0.0,0.0
066625,台股增國票5B購04,TW,0.0,-146.0,0.0,0.0,0,0.0,0.0
066626,南茂國票5C購02,TW,0.0,-800.0,0.0,0.0,0,0.0,0.0
066627,川湖國泰5C購01,TW,0.0,-40.0,0.0,0.0,0,0.0,0.0
066628,群創國泰5C購03,TW,0.0,-1005.0,0.0,0.0,0,0.0,0.0
066629,國精化國泰5C購01,TW,0.0,-75.0,0.0,0.0,0,0.0,0.0
066631,帆宣國泰5C購01,TW,0.0,14.0,0.0,0.0,0,0.0,0.0
066632,啟碁國泰5C購01,TW,0.0,1000.0,0.0,0.0,0,0.0,0.0
066633,騰輝電國泰5C購01,TW,0.0,-56.0,0.0,0.0,0,0.0,0.0
066634,AES國泰5C購01,TW,0.0,44.0,0.0,0.0,0,0.0,0.0
066636,台股增元大5B購02,TW,0.0,-38.0,0.0,0.0,0,0.0,0.0
066637,聯電元大5B購08,TW,0.0,-716.0,0.0,0.0,0,0.0,0.0
066638,聯電元大61購16,TW,0.0,-448.0,0.0,0.0,0,0.0,0.0
066639,鴻海元大5C購08,TW,0.0,17.0,0.0,0.0,0,0.0,0.0
066640,鴻海元大61購17,TW,0.0,2605.0,0.0,0.0,0,0.0,0.0
066641,鴻海元大64購13,TW,0.0,2789.0,0.0,0.0,0,0.0,0.0
066642,台積電元大5C購10,TW,0.0,250.0,0.0,0.0,0,0.0,0.0
066643,台積電元大61購34,TW,0.0,-4875.0,0.0,0.0,0,0.0,0.0
066644,台積電元大64購12,TW,0.0,-158.0,0.0,0.0,0,0.0,0.0
066645,華碩統一59購01,TW,0.0,-2.0,0.0,0.0,0,0.0,0.0
066646,華邦電元大5B購04,TW,0.0,-3234.0,100.0,0.0,0,0.0,0.0
066647,華邦電元大61購02,TW,0.0,-800.0,0.0,0.0,0,0.0,0.0
066648,鴻準元大5B購02,TW,0.0,1447.0,0.0,0.0,0,0.0,0.0
066649,南亞科元大5B購08,TW,0.0,-30.0,0.0,0.0,0,0.0,0.0
066650,南亞科元大5B購09,TW,0.0,-124.0,0.0,0.0,0,0.0,0.0
066651,南亞科元大5B購10,TW,0.0,-2111.0,0.0,0.0,0,0.0,0.0
066652,聯詠元大64購01,TW,0.0,-367.0,0.0,0.0,0,0.0,0.0
066653,群創元大5B購02,TW,0.0,-685.0,0.0,0.0,0,0.0,0.0
066655,南茂元大5B購03,TW,0.0,-1130.0,0.0,0.0,0,0.0,0.0
066656,南茂元大5B購04,TW,0.0,-15.0,0.0,0.0,0,0.0,0.0
066657,南茂元大5B購05,TW,0.0,-737.0,0.0,0.0,0,0.0,0.0
066658,南茂元大61購02,TW,0.0,-1510.0,0.0,0.0,0,0.0,0.0
066659,南茂元大64購02,TW,0.0,-170.0,0.0,0.0,0,0.0,0.0
066660,台灣50凱基64購03,TW,0.0,-112.0,0.0,0.0,0,0.0,0.0
066661,T50正2凱基64購02,TW,0.0,-89.0,0.0,0.0,0,0.0,0.0
066662,FBNQ2X凱基5B購02,TW,0.0,-182.0,0.0,0.0,0,0.0,0.0
066664,美費半凱基5C購01,TW,0.0,-440.0,0.0,0.0,0,0.0,0.0
066665,華新凱基5C購01,TW,0.0,-803.0,0.0,0.0,0,0.0,0.0
066666,川湖凱基5B購08,TW,0.0,-1.0,0.0,0.0,0,0.0,0.0
066667,光寶科凱基5B購03,TW,0.0,30.0,0.0,0.0,0,0.0,0.0
066668,台積電凱基5C購13,TW,0.0,-1.0,0.0,0.0,0,0.0,0.0
066669,台積電凱基61購12,TW,0.0,-100.0,0.0,0.0,0,0.0,0.0
066670,台積電凱基63購11,TW,0.0,-170.0,0.0,0.0,0,0.0,0.0
066671,台積電凱基75購01,TW,0.0,-283.0,0.0,0.0,0,0.0,0.0
066672,技嘉凱基5B購03,TW,0.0,-523.0,0.0,0.0,0,0.0,0.0
066673,友達凱基5C購01,TW,0.0,-20.0,0.0,0.0,0,0.0,0.0
066675,創見凱基5B購04,TW,0.0,106.0,0.0,0.0,0,0.0,0.0
066676,華新科凱基5C購01,TW,0.0,503.0,0.0,0.0,0,0.0,0.0
066677,晶豪科凱基5B購06,TW,0.0,-711.0,0.0,0.0,0,0.0,0.0
066678,聯詠凱基5B購01,TW,0.0,-30.0,0.0,0.0,0,0.0,0.0
066679,群創凱基5B購03,TW,0.0,-434.0,0.0,0.0,0,0.0,0.0
066681,矽格凱基5B購03,TW,0.0,-29.0,0.0,0.0,0,0.0,0.0
066682,啟碁凱基64購02,TW,0.0,-49.0,0.0,0.0,0,0.0,0.0
066683,緯穎凱基5B購09,TW,0.0,-62.0,0.0,0.0,0,0.0,0.0
066684,ITH凱基5B購01,TW,0.0,-193.0,0.0,0.0,0,0.0,0.0
066685,南茂凱基5B購01,TW,0.0,-5.0,0.0,0.0,0,0.0,0.0
066686,台灣50台新5B購07,TW,0.0,-75.0,0.0,0.0,0,0.0,0.0
066687,T50正2台新5B購05,TW,0.0,-1035.0,0.0,0.0,0,0.0,0.0
066688,T50正2台新62購02,TW,0.0,-388.0,0.0,0.0,0,0.0,0.0
066689,亞力台新5B購01,TW,0.0,-68.0,0.0,0.0,0,0.0,0.0
066690,光寶科台新5B購01,TW,0.0,38.0,0.0,0.0,0,0.0,0.0
066691,光寶科台新5B購02,TW,0.0,-40.0,0.0,0.0,0,0.0,0.0
066693,廣宇台新5B購01,TW,0.0,-1138.0,30.0,0.0,0,0.0,0.0
066694,台亞台新5B購01,TW,0.0,-9.0,0.0,0.0,0,0.0,0.0
066696,鴻準台新5B購02,TW,0.0,-12.0,0.0,0.0,0,0.0,0.0
066697,漢唐台新5B購05,TW,0.0,0.0,0.0,0.0,0,0.0,0.0
066698,創見台新5B購01,TW,0.0,-5.0,0.0,0.0,0,0.0,0.0
066699,創見台新5B購02,TW,0.0,-6.0,0.0,0.0,0,0.0,0.0
066700,萬海台新5B購01,TW,0.0,-487.0,0.0,0.0,0,0.0,0.0
066701,國泰金台新5B購01,TW,0.0,-31.0,0.0,0.0,0,0.0,0.0
066703,力成台新5B購01,TW,0.0,-96.0,0.0,0.0,0,0.0,0.0
066704,緯穎台新5B購03,TW,0.0,-54.0,0.0,0.0,0,0.0,0.0
066705,緯穎台新62購02,TW,0.0,-59.0,0.0,0.0,0,0.0,0.0
066706,力積電台新5B購08,TW,0.0,-110.0,0.0,0.0,0,0.0,0.0
066709,光寶科富邦75購01,TW,0.0,7.0,0.0,0.0,0,0.0,0.0
066710,聯電富邦75購01,TW,0.0,-1565.0,0.0,0.0,0,0.0,0.0
066711,鴻海富邦75購01,TW,0.0,601.0,0.0,0.0,0,0.0,0.0
066712,國巨富邦63購03,TW,0.0,0.0,0.0,0.0,0,0.0,0.0
066713,國巨富邦65購02,TW,0.0,-777.0,0.0,0.0,0,0.0,0.0
066714,鴻準富邦61購01,TW,0.0,149.0,0.0,0.0,0,0.0,0.0
066715,英業達富邦5B購01,TW,0.0,-765.0,10.0,0.0,0,0.0,0.0
066716,技嘉富邦5B購01,TW,0.0,18.0,0.0,0.0,0,0.0,0.0
066717,創見富邦63購01,TW,0.0,245.0,0.0,0.0,0,0.0,0.0
066718,立隆電富邦5B購03,TW,0.0,-427.0,0.0,0.0,0,0.0,0.0
066719,鉅祥富邦5B購01,TW,0.0,-324.0,0.0,0.0,0,0.0,0.0
066720,揚博富邦5B購01,TW,0.0,-708.0,0.0,0.0,0,0.0,0.0
066721,聯詠富邦5B購02,TW,0.0,332.0,0.0,0.0,0,0.0,0.0
066722,健鼎富邦5B購01,TW,0.0,-25.0,0.0,0.0,0,0.0,0.0
066723,群創富邦62購01,TW,0.0,55.0,0.0,0.0,0,0.0,0.0
066724,日月光富邦65購01,TW,0.0,-502.0,0.0,0.0,0,0.0,0.0
066725,日月光富邦75購01,TW,0.0,-153.0,0.0,0.0,0,0.0,0.0
066726,大立光群益57購01,TW,0.0,918.0,0.0,0.0,0,0.0,0.0
066727,帆宣富邦5B購01,TW,0.0,-165.0,0.0,0.0,0,0.0,0.0
066728,緯穎富邦65購01,TW,0.0,-291.0,0.0,0.0,0,0.0,0.0
066729,力積電富邦63購02,TW,0.0,1107.0,0.0,0.0,0,0.0,0.0
06672U,元黃金國票57售02,TW,0.0,-76.0,0.0,0.0,0,0.0,0.0
066731,勤誠富邦5B購03,TW,0.0,-438.0,0.0,0.0,0,0.0,0.0
066732,臺股指富邦5B購16,TW,0.0,-1.0,0.0,0.0,0,0.0,0.0
066733,臺股指富邦68購01,TW,0.0,-797.0,0.0,0.0,0,0.0,0.0
066734,台玻群益5B購02,TW,0.0,-2.0,0.0,0.0,0,0.0,0.0
066736,光寶科群益5B購03,TW,0.0,154.0,0.0,0.0,0,0.0,0.0
066737,聯電群益5B購03,TW,0.0,-383.0,0.0,0.0,0,0.0,0.0
066738,國巨群益5B購08,TW,0.0,-546.0,0.0,0.0,0,0.0,0.0
066739,元債2X元大58購01,TW,0.0,-562.0,0.0,0.0,0,0.0,0.0
066740,元債2X元大59購01,TW,0.0,-4500.0,0.0,0.0,0,0.0,0.0
066741,華邦電群益5B購04,TW,0.0,-321.0,0.0,0.0,0,0.0,0.0
066743,華邦電群益5B購05,TW,0.0,-668.0,0.0,0.0,0,0.0,0.0
066744,研華群益5B購01,TW,0.0,-41.0,0.0,0.0,0,0.0,0.0
066745,京元電群益5C購02,TW,0.0,-36.0,0.0,0.0,0,0.0,0.0
066747,創見群益5B購03,TW,0.0,0.0,0.0,0.0,0,0.0,0.0
066748,立隆電群益5C購03,TW,0.0,-795.0,0.0,0.0,0,0.0,0.0
066749,華新科群益5B購01,TW,0.0,-7.0,0.0,0.0,0,0.0,0.0
066750,群創群益5B購04,TW,0.0,-111.0,0.0,0.0,0,0.0,0.0
066753,達發群益5B購02,TW,0.0,-35.0,0.0,0.0,0,0.0,0.0
066754,虎航群益65購01,TW,0.0,0.0,0.0,0.0,0,0.0,0.0
066756,富鼎群益5B購01,TW,0.0,-440.0,0.0,0.0,0,0.0,0.0
066757,臺股指群益5B購22,TW,0.0,-808.0,0.0,0.0,0,0.0,0.0
066758,臺股指群益63購02,TW,0.0,-10.0,0.0,0.0,0,0.0,0.0
066761,光寶科永豐63購01,TW,0.0,166.0,0.0,0.0,0,0.0,0.0
066762,國巨永豐65購01,TW,0.0,-258.0,0.0,0.0,0,0.0,0.0
066763,台積電永豐65購04,TW,0.0,-111.0,0.0,0.0,0,0.0,0.0
066764,台積電永豐65購05,TW,0.0,-39.0,0.0,0.0,0,0.0,0.0
066765,創見永豐63購01,TW,0.0,-104.0,0.0,0.0,0,0.0,0.0
066766,晶豪科永豐5C購04,TW,0.0,-297.0,0.0,0.0,0,0.0,0.0
066767,大眾控永豐5C購01,TW,0.0,-183.0,0.0,0.0,0,0.0,0.0
066768,國精化永豐65購01,TW,0.0,434.0,0.0,0.0,0,0.0,0.0
066769,達發永豐63購01,TW,0.0,-1051.0,0.0,0.0,0,0.0,0.0
066770,勤誠永豐65購01,TW,0.0,-145.0,0.0,0.0,0,0.0,0.0
066771,台股增國泰63購01,TW,0.0,-100.0,0.0,0.0,0,0.0,0.0
066772,華邦電國泰5C購01,TW,0.0,-4.0,0.0,0.0,0,0.0,0.0
066773,華碩國泰5C購01,TW,0.0,-5.0,0.0,0.0,0,0.0,0.0
066774,大毅國泰5C購01,TW,0.0,-3375.0,0.0,0.0,0,0.0,0.0
066775,日月光國泰5C購01,TW,0.0,-42.0,0.0,0.0,0,0.0,0.0
066776,日月光國泰5C購02,TW,0.0,-18.0,0.0,0.0,0,0.0,0.0
066777,飛捷國泰61購01,TW,0.0,-82.0,0.0,0.0,0,0.0,0.0
066778,達發國泰5C購01,TW,0.0,27.0,0.0,0.0,0,0.0,0.0
066779,台灣50國票5B購03,TW,0.0,-246.0,0.0,0.0,0,0.0,0.0
066780,T50反1國票5B購02,TW,0.0,45.0,0.0,0.0,0,0.0,0.0
066781,臺指反國票5B購03,TW,0.0,375.0,0.0,0.0,0,0.0,0.0
066782,台股增國票5B購05,TW,0.0,-1761.0,0.0,0.0,0,0.0,0.0
066783,台強棒國票5B購01,TW,0.0,0.0,0.0,0.0,0,0.0,0.0
066786,聯電國票5B購03,TW,0.0,-171.0,0.0,0.0,0,0.0,0.0
066787,群創國票5B購03,TW,0.0,292.0,0.0,0.0,0,0.0,0.0
066788,國精化國票5C購01,TW,0.0,-29.0,0.0,0.0,0,0.0,0.0
066791,jpp國票5C購01,TW,0.0,-131.0,0.0,0.0,0,0.0,0.0
066793,達發國票5B購02,TW,0.0,-290.0,0.0,0.0,0,0.0,0.0
066794,達發國票5C購01,TW,0.0,0.0,0.0,0.0,0,0.0,0.0
066798,東元台新5B購01,TW,0.0,26.0,0.0,0.0,0,0.0,0.0
066800,研華台新5B購03,TW,0.0,-74.0,0.0,0.0,0,0.0,0.0
066801,立隆電台新5B購01,TW,0.0,-25.0,0.0,0.0,0,0.0,0.0
066802,立隆電台新5B購02,TW,0.0,-800.0,0.0,0.0,0,0.0,0.0
066803,立隆電台新5B購03,TW,0.0,-416.0,0.0,0.0,0,0.0,0.0
066804,晶豪科台新5B購04,TW,0.0,-792.0,0.0,0.0,0,0.0,0.0
066806,晶豪科台新5B購05,TW,0.0,-2466.0,0.0,0.0,0,0.0,0.0
066808,jpp台新5B購03,TW,0.0,-11.0,0.0,0.0,0,0.0,0.0
066809,意騰台新5B購01,TW,0.0,-272.0,0.0,0.0,0,0.0,0.0
066811,元金2X凱基5B購06,TW,0.0,-15.0,0.0,0.0,0,0.0,0.0
066812,道瓊銀凱基63購02,TW,0.0,-2675.0,0.0,0.0,0,0.0,0.0
066813,南亞凱基64購01,TW,0.0,-34.0,0.0,0.0,0,0.0,0.0
066814,台玻凱基61購01,TW,0.0,-95.0,0.0,0.0,0,0.0,0.0
066815,元債2X凱基57購01,TW,0.0,23.0,0.0,0.0,0,0.0,0.0
066816,元債2X凱基59購01,TW,0.0,0.0,0.0,0.0,0,0.0,0.0
066817,川湖凱基5B購09,TW,0.0,20.0,0.0,0.0,0,0.0,0.0
066818,川湖凱基61購02,TW,0.0,-30.0,0.0,0.0,0,0.0,0.0
066819,川湖凱基61購03,TW,0.0,7.0,0.0,0.0,0,0.0,0.0
066820,川湖凱基63購02,TW,0.0,0.0,0.0,0.0,0,0.0,0.0
066821,川湖凱基64購01,TW,0.0,-9.0,0.0,0.0,0,0.0,0.0
066822,聯電凱基5C購04,TW,0.0,-29.0,0.0,0.0,0,0.0,0.0
066823,國巨凱基5B購05,TW,0.0,-115.0,0.0,0.0,0,0.0,0.0
066824,台積電凱基5B購22,TW,0.0,-186.0,0.0,0.0,0,0.0,0.0
066825,華邦電凱基5B購03,TW,0.0,-327.0,0.0,0.0,0,0.0,0.0
066826,順德凱基5B購02,TW,0.0,230.0,0.0,0.0,0,0.0,0.0
066828,瑞昱凱基5B購01,TW,0.0,-317.0,0.0,0.0,0,0.0,0.0
066829,研華凱基5B購02,TW,0.0,-252.0,0.0,0.0,0,0.0,0.0
066830,南亞科凱基63購01,TW,0.0,-355.0,0.0,0.0,0,0.0,0.0
066831,立隆電凱基5C購01,TW,0.0,-207.0,0.0,0.0,0,0.0,0.0
066832,聯詠凱基5B購02,TW,0.0,-394.0,0.0,0.0,0,0.0,0.0
066833,文曄凱基61購01,TW,0.0,25.0,0.0,0.0,0,0.0,0.0
066834,大聯大凱基5B購01,TW,0.0,-126.0,0.0,0.0,0,0.0,0.0
066835,國精化凱基61購02,TW,0.0,35.0,0.0,0.0,0,0.0,0.0
066836,達發凱基5B購03,TW,0.0,-944.0,0.0,0.0,0,0.0,0.0
066837,緯穎凱基5B購10,TW,0.0,-40.0,0.0,0.0,0,0.0,0.0
066838,勤誠凱基64購02,TW,0.0,-132.0,0.0,0.0,0,0.0,0.0
066839,聯詠兆豐65購01,TW,0.0,-67.0,0.0,0.0,0,0.0,0.0
066840,力積電兆豐61購02,TW,0.0,-10.0,0.0,0.0,0,0.0,0.0
066841,國巨富邦65購03,TW,0.0,-3059.0,0.0,0.0,0,0.0,0.0
066842,鴻準富邦62購01,TW,0.0,-22.0,0.0,0.0,0,0.0,0.0
066843,研華富邦62購01,TW,0.0,-223.0,0.0,0.0,0,0.0,0.0
066844,南亞科富邦62購04,TW,0.0,-74.0,0.0,0.0,0,0.0,0.0
066845,創見富邦5C購01,TW,0.0,-51.0,0.0,0.0,0,0.0,0.0
066846,兆豐金富邦5B購01,TW,0.0,-14.0,0.0,0.0,0,0.0,0.0
066847,文曄富邦5B購01,TW,0.0,-546.0,0.0,0.0,0,0.0,0.0
066849,台灣50群益65購02,TW,0.0,-229.0,0.0,0.0,0,0.0,0.0
066850,T50反1群益5B購02,TW,0.0,-399.0,0.0,0.0,0,0.0,0.0
066851,華新群益5B購01,TW,0.0,-61.0,0.0,0.0,0,0.0,0.0
066852,元債2X元富61購02,TW,0.0,-499.0,0.0,0.0,0,0.0,0.0
066853,光寶科群益5B購04,TW,0.0,78.0,0.0,0.0,0,0.0,0.0
066854,光寶科群益5C購03,TW,0.0,118.0,0.0,0.0,0,0.0,0.0
066855,技嘉群益5B購02,TW,0.0,-926.0,0.0,0.0,0,0.0,0.0
066856,友達群益5B購05,TW,0.0,114.0,0.0,0.0,0,0.0,0.0
066857,義隆群益5B購01,TW,0.0,-541.0,0.0,0.0,0,0.0,0.0
066858,晶豪科群益5C購01,TW,0.0,-35.0,0.0,0.0,0,0.0,0.0
06685U,鴻海中信5A售02,TW,0.0,104.0,0.0,0.0,0,0.0,0.0
066860,聯詠群益5C購01,TW,0.0,4.0,0.0,0.0,0,0.0,0.0
066861,祥碩群益5B購02,TW,0.0,427.0,6.0,0.0,0,0.0,0.0
066862,瑞儀群益5B購01,TW,0.0,-385.0,0.0,0.0,0,0.0,0.0
066863,力成群益5C購01,TW,0.0,-496.0,0.0,0.0,0,0.0,0.0
066864,啟碁群益5B購05,TW,0.0,-18.0,0.0,0.0,0,0.0,0.0
066865,勤誠群益5C購01,TW,0.0,0.0,0.0,0.0,0,0.0,0.0
066866,勤誠群益61購01,TW,0.0,-8.0,0.0,0.0,0,0.0,0.0
066869,元油反元大5B購01,TW,0.0,-28.0,0.0,0.0,0,0.0,0.0
066870,SGBR2X元大5B購04,TW,0.0,5.0,0.0,0.0,0,0.0,0.0
066874,華新元大5B購01,TW,0.0,-243.0,0.0,0.0,0,0.0,0.0
066875,台玻元大61購01,TW,0.0,-29.0,0.0,0.0,0,0.0,0.0
066876,川湖元大5B購13,TW,0.0,19.0,0.0,0.0,0,0.0,0.0
066878,川湖元大5B購15,TW,0.0,20.0,0.0,0.0,0,0.0,0.0
066882,川湖元大5B購19,TW,0.0,-27.0,0.0,0.0,0,0.0,0.0
066883,川湖元大5B購20,TW,0.0,-93.0,0.0,0.0,0,0.0,0.0
066885,川湖元大63購01,TW,0.0,-32.0,0.0,0.0,0,0.0,0.0
066886,光寶科元大5B購01,TW,0.0,-29.0,0.0,0.0,0,0.0,0.0
066887,光寶科元大5B購02,TW,0.0,-617.0,3.0,0.0,0,0.0,0.0
066888,光寶科元大61購07,TW,0.0,169.0,0.0,0.0,0,0.0,0.0
066889,聯電元大5C購03,TW,0.0,-162.0,6.0,0.0,0,0.0,0.0
066890,鴻海元大5C購09,TW,0.0,388.0,0.0,0.0,0,0.0,0.0
066891,鴻海元大61購18,TW,0.0,1601.0,0.0,0.0,0,0.0,0.0
066892,台積電元大5B購20,TW,0.0,-159.0,0.0,0.0,0,0.0,0.0
066893,台積電元大5C購11,TW,0.0,-89.0,0.0,0.0,0,0.0,0.0
066894,台積電元大61購35,TW,0.0,-3409.0,0.0,0.0,0,0.0,0.0
066895,技嘉元大5B購03,TW,0.0,26.0,0.0,0.0,0,0.0,0.0
066896,技嘉元大5B購04,TW,0.0,-281.0,0.0,0.0,0,0.0,0.0
066897,研華元大5B購01,TW,0.0,-1142.0,0.0,0.0,0,0.0,0.0
066898,南亞科元大63購04,TW,0.0,1144.0,0.0,0.0,0,0.0,0.0
066899,富邦金元大5B購01,TW,0.0,303.0,0.0,0.0,0,0.0,0.0
066900,聯詠元大5B購02,TW,0.0,130.0,0.0,0.0,0,0.0,0.0
066901,聯詠元大63購05,TW,0.0,-335.0,0.0,0.0,0,0.0,0.0
066902,日電貿元大5B購03,TW,0.0,-646.0,0.0,0.0,0,0.0,0.0
066903,融程電元大5B購01,TW,0.0,-141.0,0.0,0.0,0,0.0,0.0
066904,群創元大5B購03,TW,0.0,-157.0,-2.0,0.0,0,0.0,0.0
066905,群創元大5C購01,TW,0.0,-184.0,0.0,0.0,0,0.0,0.0
066906,國精化元大5B購02,TW,0.0,-244.0,0.0,0.0,0,0.0,0.0
066907,正文元大5B購01,TW,0.0,-1319.0,0.0,0.0,0,0.0,0.0
066908,精成科元大5B購01,TW,0.0,-71.0,0.0,0.0,0,0.0,0.0
066909,帆宣元大63購01,TW,0.0,-1762.0,0.0,0.0,0,0.0,0.0
066910,今國光元大5B購01,TW,0.0,-361.0,0.0,0.0,0,0.0,0.0
066911,達發元大5B購03,TW,0.0,-18.0,0.0,0.0,0,0.0,0.0
066912,達發元大63購01,TW,0.0,37.0,0.0,0.0,0,0.0,0.0
066913,達發元大65購01,TW,0.0,-302.0,0.0,0.0,0,0.0,0.0
066914,騰輝電元大5B購01,TW,0.0,-46.0,0.0,0.0,0,0.0,0.0
066915,力積電元大5B購07,TW,0.0,-246.0,0.0,0.0,0,0.0,0.0
066916,力積電元大5B購08,TW,0.0,-506.0,0.0,0.0,0,0.0,0.0
066917,意騰元大5B購01,TW,0.0,-252.0,0.0,0.0,0,0.0,0.0
066918,華邦電兆豐65購03,TW,0.0,-4392.0,0.0,0.0,0,0.0,0.0
066919,智邦兆豐61購02,TW,0.0,-284.0,0.0,0.0,0,0.0,0.0
066920,南亞科兆豐65購02,TW,0.0,-921.0,0.0,0.0,0,0.0,0.0
066921,晟銘電兆豐61購01,TW,0.0,-153.0,0.0,0.0,0,0.0,0.0
066922,中磊兆豐65購01,TW,0.0,-83.0,0.0,0.0,0,0.0,0.0
066923,勤誠兆豐61購02,TW,0.0,-131.0,0.0,0.0,0,0.0,0.0
066924,中興電富邦5B購02,TW,0.0,-377.0,0.0,0.0,0,0.0,0.0
066925,華邦電富邦65購01,TW,0.0,-2886.0,0.0,0.0,0,0.0,0.0
066926,南亞科富邦62購05,TW,0.0,-112.0,0.0,0.0,0,0.0,0.0
066927,友達富邦5C購02,TW,0.0,-132.0,0.0,0.0,0,0.0,0.0
066928,貿聯富邦5B購04,TW,0.0,-105.0,0.0,0.0,0,0.0,0.0
066929,國精化富邦5B購01,TW,0.0,-110.0,0.0,0.0,0,0.0,0.0
066930,十銓富邦62購01,TW,0.0,-300.0,0.0,0.0,0,0.0,0.0
066931,十銓富邦62購02,TW,0.0,-95.0,0.0,0.0,0,0.0,0.0
066932,矽格富邦61購01,TW,0.0,-180.0,0.0,0.0,0,0.0,0.0
066934,緯穎富邦5B購03,TW,0.0,-2.0,0.0,0.0,0,0.0,0.0
066935,至上富邦5C購01,TW,0.0,-3025.0,0.0,0.0,0,0.0,0.0
066937,光寶科永豐61購02,TW,0.0,-98.0,0.0,0.0,0,0.0,0.0
066938,國巨永豐61購03,TW,0.0,-1362.0,0.0,0.0,0,0.0,0.0
066939,廣宇永豐5C購01,TW,0.0,10.0,0.0,0.0,0,0.0,0.0
066941,台積電永豐61購13,TW,0.0,-125.0,0.0,0.0,0,0.0,0.0
066944,智邦永豐63購02,TW,0.0,-282.0,0.0,0.0,0,0.0,0.0
066945,華碩永豐61購01,TW,0.0,765.0,0.0,0.0,0,0.0,0.0
066946,創見永豐61購03,TW,0.0,-117.0,0.0,0.0,0,0.0,0.0
066947,強茂永豐63購01,TW,0.0,-449.0,0.0,0.0,0,0.0,0.0
066950,晶豪科永豐65購03,TW,0.0,-422.0,0.0,0.0,0,0.0,0.0
066951,智原永豐63購01,TW,0.0,-829.0,0.0,0.0,0,0.0,0.0
066952,國精化永豐5C購03,TW,0.0,-10.0,0.0,0.0,0,0.0,0.0
066953,十銓永豐61購01,TW,0.0,-166.0,0.0,0.0,0,0.0,0.0
066954,十銓永豐65購01,TW,0.0,-50.0,0.0,0.0,0,0.0,0.0
066955,祥碩永豐63購01,TW,0.0,-302.0,0.0,0.0,0,0.0,0.0
066957,力積電永豐65購01,TW,0.0,88.0,0.0,0.0,0,0.0,0.0
066958,AES永豐5C購05,TW,0.0,-263.0,0.0,0.0,0,0.0,0.0
066959,AES永豐61購01,TW,0.0,-94.0,0.0,0.0,0,0.0,0.0
066961,勤誠永豐61購01,TW,0.0,-14.0,0.0,0.0,0,0.0,0.0
066962,中砂凱基5B購03,TW,0.0,-460.0,0.0,0.0,0,0.0,0.0
066963,上銀凱基5B購02,TW,0.0,-7.0,0.0,0.0,0,0.0,0.0
066964,光寶科凱基5B購04,TW,0.0,-40.0,0.0,0.0,0,0.0,0.0
066965,華邦電凱基61購01,TW,0.0,-127.0,0.0,0.0,0,0.0,0.0
066966,智邦凱基5C購03,TW,0.0,3.0,0.0,0.0,0,0.0,0.0
066967,燿華凱基5B購02,TW,0.0,-222.0,0.0,0.0,0,0.0,0.0
066968,技嘉凱基5B購04,TW,0.0,-230.0,0.0,0.0,0,0.0,0.0
066969,技嘉凱基5B購05,TW,0.0,-187.0,0.0,0.0,0,0.0,0.0
066971,南亞科凱基5B購07,TW,0.0,1.0,0.0,0.0,0,0.0,0.0
066973,創見凱基5B購06,TW,0.0,0.0,0.0,0.0,0,0.0,0.0
066974,晶豪科凱基5B購07,TW,0.0,-187.0,0.0,0.0,0,0.0,0.0
066975,智原凱基5B購06,TW,0.0,-3.0,0.0,0.0,0,0.0,0.0
066976,文曄凱基5B購01,TW,0.0,-92.0,0.0,0.0,0,0.0,0.0
066977,群創凱基5C購02,TW,0.0,-249.0,0.0,0.0,0,0.0,0.0
066978,十銓凱基5B購01,TW,0.0,-25.0,0.0,0.0,0,0.0,0.0
066979,十銓凱基5B購02,TW,0.0,-12.0,0.0,0.0,0,0.0,0.0
066980,力成凱基5C購02,TW,0.0,-229.0,0.0,0.0,0,0.0,0.0
066981,康舒凱基5B購03,TW,0.0,-198.0,0.0,0.0,0,0.0,0.0
066982,啟碁凱基5B購04,TW,0.0,-470.0,0.0,0.0,0,0.0,0.0
066983,力積電凱基5B購03,TW,0.0,52.0,0.0,0.0,0,0.0,0.0
066984,意騰凱基5B購02,TW,0.0,-856.0,0.0,0.0,0,0.0,0.0
066985,勤誠凱基5B購05,TW,0.0,-163.0,0.0,0.0,0,0.0,0.0
066986,勤誠凱基5C購02,TW,0.0,-157.0,0.0,0.0,0,0.0,0.0
066987,勤誠凱基5C購03,TW,0.0,-137.0,0.0,0.0,0,0.0,0.0
066988,臺股指凱基5B購15,TW,0.0,-1.0,0.0,0.0,0,0.0,0.0
06698U,元金2X元大55售02,TW,0.0,90.0,0.0,0.0,0,0.0,0.0
066990,中砂群益5B購03,TW,0.0,0.0,0.0,0.0,0,0.0,0.0
066991,中砂群益5B購04,TW,0.0,-500.0,0.0,0.0,0,0.0,0.0
066992,華新群益5B購02,TW,0.0,109.0,0.0,0.0,0,0.0,0.0
066993,上銀群益5B購03,TW,0.0,-10.0,0.0,0.0,0,0.0,0.0
066994,南亞科群益5B購09,TW,0.0,-667.0,0.0,0.0,0,0.0,0.0
066995,華新科群益5B購02,TW,0.0,-10.0,0.0,0.0,0,0.0,0.0
066996,晶豪科群益5B購04,TW,0.0,-897.0,0.0,0.0,0,0.0,0.0
066997,晶豪科群益5C購02,TW,0.0,-510.0,40.0,0.0,0,0.0,0.0
066998,增你強群益5B購01,TW,0.0,-395.0,0.0,0.0,0,0.0,0.0
066999,威健群益5B購01,TW,0.0,-354.0,0.0,0.0,0,0.0,0.0
067000,聯詠群益5B購03,TW,0.0,-30.0,0.0,0.0,0,0.0,0.0
067001,文曄群益5B購01,TW,0.0,-509.0,0.0,0.0,0,0.0,0.0
067002,群創群益5B購05,TW,0.0,-1720.0,0.0,0.0,0,0.0,0.0
067003,十銓群益5B購01,TW,0.0,-174.0,0.0,0.0,0,0.0,0.0
067004,彩晶群益5B購02,TW,0.0,-105.0,0.0,0.0,0,0.0,0.0
067005,康舒群益5B購01,TW,0.0,-10.0,0.0,0.0,0,0.0,0.0
067006,啟碁群益5B購06,TW,0.0,-415.0,0.0,0.0,0,0.0,0.0
067008,意騰群益61購01,TW,0.0,19.0,0.0,0.0,0,0.0,0.0
067009,勤誠群益5B購02,TW,0.0,166.0,0.0,0.0,0,0.0,0.0
067010,巨大群益5B購01,TW,0.0,0.0,0.0,0.0,0,0.0,0.0
067011,台灣50元大5B購06,TW,0.0,-396.0,0.0,0.0,0,0.0,0.0
067012,華新元大5B購02,TW,0.0,-36.0,0.0,0.0,0,0.0,0.0
067013,上銀元大65購05,TW,0.0,-356.0,0.0,0.0,0,0.0,0.0
067014,金寶元大5B購04,TW,0.0,-682.0,0.0,0.0,0,0.0,0.0
067015,金寶元大63購01,TW,0.0,-63.0,0.0,0.0,0,0.0,0.0
067016,鴻海元大5C購10,TW,0.0,-258.0,0.0,0.0,0,0.0,0.0
067017,鴻海元大61購19,TW,0.0,1012.0,0.0,0.0,0,0.0,0.0
067018,台積電元大5C購12,TW,0.0,-203.0,0.0,0.0,0,0.0,0.0
067019,台積電元大61購36,TW,0.0,1197.0,0.0,0.0,0,0.0,0.0
067021,台積電元大63購11,TW,0.0,846.0,0.0,0.0,0,0.0,0.0
067022,順德元大5B購02,TW,0.0,-1462.0,0.0,0.0,0,0.0,0.0
067023,所羅門元大5B購01,TW,0.0,-3068.0,0.0,0.0,0,0.0,0.0
067024,技嘉元大61購01,TW,0.0,-897.0,0.0,0.0,0,0.0,0.0
067025,微星元大5B購01,TW,0.0,482.0,0.0,0.0,0,0.0,0.0
067026,瑞昱元大5B購01,TW,0.0,-329.0,0.0,0.0,0,0.0,0.0
067029,研華元大5B購02,TW,0.0,-336.0,0.0,0.0,0,0.0,0.0
067030,研華元大5B購03,TW,0.0,-975.0,0.0,0.0,0,0.0,0.0
067031,南亞科元大63購05,TW,0.0,-1618.0,0.0,0.0,0,0.0,0.0
067032,義隆元大5B購01,TW,0.0,-313.0,0.0,0.0,0,0.0,0.0
067033,文曄元大5B購01,TW,0.0,-79.0,0.0,0.0,0,0.0,0.0
067034,群創元大5C購02,TW,0.0,-201.0,0.0,0.0,0,0.0,0.0
067035,華擎元大5B購01,TW,0.0,-56.0,0.0,0.0,0,0.0,0.0
067036,達明元大5B購01,TW,0.0,-349.0,0.0,0.0,0,0.0,0.0
067037,十銓元大5B購01,TW,0.0,-5.0,0.0,0.0,0,0.0,0.0
067038,十銓元大63購01,TW,0.0,-247.0,0.0,0.0,0,0.0,0.0
067039,矽格元大5B購02,TW,0.0,-1358.0,0.0,0.0,0,0.0,0.0
06703U,元金2X富邦57售02,TW,0.0,0.0,0.0,0.0,0,0.0,0.0
067040,緯穎元大61購09,TW,0.0,1128.0,0.0,0.0,0,0.0,0.0
067041,矽創元大5B購02,TW,0.0,-91.0,0.0,0.0,0,0.0,0.0
067042,福懋科元大5B購01,TW,0.0,0.0,0.0,0.0,0,0.0,0.0
067043,勤誠元大5B購02,TW,0.0,155.0,0.0,0.0,0,0.0,0.0
067044,勤誠元大5B購03,TW,0.0,-3219.0,0.0,0.0,0,0.0,0.0
067045,勤誠元大5C購03,TW,0.0,-1609.0,0.0,0.0,0,0.0,0.0
067046,勤誠元大61購04,TW,0.0,-2199.0,0.0,0.0,0,0.0,0.0
067047,勤誠元大63購03,TW,0.0,-5322.0,0.0,0.0,0,0.0,0.0
067048,勤誠元大65購01,TW,0.0,-4335.0,0.0,0.0,0,0.0,0.0
067050,臺股指元大61購22,TW,0.0,-2966.0,0.0,0.0,0,0.0,0.0
067051,臺股指元大65購12,TW,0.0,-1182.0,0.0,0.0,0,0.0,0.0
067052,光寶科永豐64購01,TW,0.0,-60.0,0.0,0.0,0,0.0,0.0
067053,國巨永豐5B購03,TW,0.0,-763.0,0.0,0.0,0,0.0,0.0
067054,台積電永豐75購04,TW,0.0,-52.0,0.0,0.0,0,0.0,0.0
067056,智原永豐61購01,TW,0.0,-80.0,0.0,0.0,0,0.0,0.0
067057,國精化永豐61購01,TW,0.0,0.0,0.0,0.0,0,0.0,0.0
067058,臻鼎永豐61購03,TW,0.0,-320.0,0.0,0.0,0,0.0,0.0
067059,鴻海群益5C購04,TW,0.0,1.0,0.0,0.0,0,0.0,0.0
067060,鴻海群益61購01,TW,0.0,-9.0,0.0,0.0,0,0.0,0.0
067061,臻鼎永豐63購01,TW,0.0,-154.0,0.0,0.0,0,0.0,0.0
067062,眾達永豐61購03,TW,0.0,14.0,0.0,0.0,0,0.0,0.0
067063,祥碩永豐61購02,TW,0.0,5.0,0.0,0.0,0,0.0,0.0
067064,jpp永豐5C購02,TW,0.0,-525.0,0.0,0.0,0,0.0,0.0
067065,佳必琪永豐5C購03,TW,0.0,-40.0,0.0,0.0,0,0.0,0.0
067066,鈺邦永豐5C購01,TW,0.0,-305.0,0.0,0.0,0,0.0,0.0
067067,意騰永豐5B購01,TW,0.0,-280.0,0.0,0.0,0,0.0,0.0
067068,意騰永豐5C購01,TW,0.0,-63.0,0.0,0.0,0,0.0,0.0
067069,昇陽半永豐63購01,TW,0.0,-1.0,0.0,0.0,0,0.0,0.0
067070,台灣50富邦65購04,TW,0.0,-81.0,0.0,0.0,0,0.0,0.0
067071,T50正2富邦61購10,TW,0.0,-43.0,0.0,0.0,0,0.0,0.0
067072,T50反1富邦5B購03,TW,0.0,1063.0,0.0,0.0,0,0.0,0.0
067073,上銀富邦5B購01,TW,0.0,-160.0,0.0,0.0,0,0.0,0.0
067074,光寶科富邦5B購02,TW,0.0,-204.0,0.0,0.0,0,0.0,0.0
067076,華碩富邦5B購02,TW,0.0,-190.0,0.0,0.0,0,0.0,0.0
067077,晶豪科富邦62購02,TW,0.0,-65.0,0.0,0.0,0,0.0,0.0
067078,智原富邦5C購02,TW,0.0,-63.0,0.0,0.0,0,0.0,0.0
067079,群創富邦5B購01,TW,0.0,-7201.0,0.0,0.0,0,0.0,0.0
067080,群創富邦61購02,TW,0.0,-3600.0,0.0,0.0,0,0.0,0.0
067081,臻鼎富邦62購01,TW,0.0,-400.0,0.0,0.0,0,0.0,0.0
067082,佳必琪富邦5C購01,TW,0.0,-2.0,0.0,0.0,0,0.0,0.0
067083,昇陽半富邦5B購03,TW,0.0,-185.0,0.0,0.0,0,0.0,0.0
067084,台灣50元大5B購08,TW,0.0,-975.0,0.0,0.0,0,0.0,0.0
067085,T50正2元大5B購10,TW,0.0,-244.0,0.0,0.0,0,0.0,0.0
067086,T50正2元大64購01,TW,0.0,-289.0,0.0,0.0,0,0.0,0.0
067087,中砂元大63購01,TW,0.0,1045.0,0.0,0.0,0,0.0,0.0
067088,台玻元大5B購04,TW,0.0,-202.0,0.0,0.0,0,0.0,0.0
067089,光寶科元大5B購03,TW,0.0,618.0,0.0,0.0,0,0.0,0.0
067090,光寶科元大5B購04,TW,0.0,-135.0,0.0,0.0,0,0.0,0.0
067091,光寶科元大5B購05,TW,0.0,524.0,0.0,0.0,0,0.0,0.0
067092,光寶科元大5B購06,TW,0.0,283.0,0.0,0.0,0,0.0,0.0
067093,光寶科元大5B購07,TW,0.0,-106.0,0.0,0.0,0,0.0,0.0
067094,光寶科元大5C購01,TW,0.0,-21.0,0.0,0.0,0,0.0,0.0
067095,光寶科元大61購08,TW,0.0,-2584.0,0.0,0.0,0,0.0,0.0
067096,聯電元大5C購04,TW,0.0,-3502.0,-2.0,0.0,0,0.0,0.0
067097,楠梓電元大5B購01,TW,0.0,-1507.0,0.0,0.0,0,0.0,0.0
067098,鴻海元大5C購11,TW,0.0,185.0,0.0,0.0,0,0.0,0.0
067099,鴻海元大61購20,TW,0.0,1511.0,0.0,0.0,0,0.0,0.0
06709U,元黃金中信5A售02,TW,0.0,0.0,0.0,0.0,0,0.0,0.0
067100,台積電元大61購37,TW,0.0,341.0,0.0,0.0,0,0.0,0.0
067101,台積電元大63購12,TW,0.0,-55.0,0.0,0.0,0,0.0,0.0
067102,華邦電元大63購01,TW,0.0,-1175.0,0.0,0.0,0,0.0,0.0
067103,華碩元大5B購01,TW,0.0,456.0,0.0,0.0,0,0.0,0.0
067104,微星元大5B購02,TW,0.0,1386.0,0.0,0.0,0,0.0,0.0
067105,南亞科元大5B購11,TW,0.0,-968.0,0.0,0.0,0,0.0,0.0
067106,南亞科元大5B購12,TW,0.0,-3.0,0.0,0.0,0,0.0,0.0
067107,南亞科元大5C購01,TW,0.0,-26.0,0.0,0.0,0,0.0,0.0
067108,南亞科元大63購06,TW,0.0,-11.0,0.0,0.0,0,0.0,0.0
067109,京元電元大5B購02,TW,0.0,-339.0,0.0,0.0,0,0.0,0.0
06710U,國巨中信58售01,TW,0.0,5.0,0.0,0.0,0,0.0,0.0
067110,創見元大5B購03,TW,0.0,727.0,0.0,0.0,0,0.0,0.0
067111,聯詠元大5B購03,TW,0.0,-811.0,0.0,0.0,0,0.0,0.0
067112,智原元大61購01,TW,0.0,80.0,0.0,0.0,0,0.0,0.0
067113,群創元大5B購04,TW,0.0,-309.0,0.0,0.0,0,0.0,0.0
067114,群創元大5B購05,TW,0.0,-147.0,0.0,0.0,0,0.0,0.0
067115,群創元大5B購06,TW,0.0,-513.0,0.0,0.0,0,0.0,0.0
067116,群創元大5B購07,TW,0.0,-378.0,0.0,0.0,0,0.0,0.0
067117,群創元大5B購08,TW,0.0,-265.0,0.0,0.0,0,0.0,0.0
067118,群創元大5B購09,TW,0.0,-1642.0,0.0,0.0,0,0.0,0.0
067119,群創元大5B購10,TW,0.0,-3095.0,0.0,0.0,0,0.0,0.0
067120,臻鼎元大5B購05,TW,0.0,-1987.0,0.0,0.0,0,0.0,0.0
067121,臻鼎元大61購09,TW,0.0,250.0,0.0,0.0,0,0.0,0.0
067122,十銓元大5B購02,TW,0.0,-175.0,0.0,0.0,0,0.0,0.0
067123,眾達元大5B購02,TW,0.0,-964.0,0.0,0.0,0,0.0,0.0
067124,和椿元大5B購01,TW,0.0,-218.0,0.0,0.0,0,0.0,0.0
067125,和椿元大5B購02,TW,0.0,-1211.0,0.0,0.0,0,0.0,0.0
067126,華新凱基5B購01,TW,0.0,2.0,0.0,0.0,0,0.0,0.0
067127,聯電凱基5B購07,TW,0.0,-477.0,0.0,0.0,0,0.0,0.0
067128,金寶凱基5B購02,TW,0.0,-13.0,0.0,0.0,0,0.0,0.0
067130,鴻海凱基61購04,TW,0.0,-12.0,0.0,0.0,0,0.0,0.0
067131,國巨凱基5C購03,TW,0.0,-1175.0,0.0,0.0,0,0.0,0.0
067132,台積電凱基5B購23,TW,0.0,-70.0,0.0,0.0,0,0.0,0.0
067133,南亞科凱基63購02,TW,0.0,-503.0,0.0,0.0,0,0.0,0.0
067134,友達凱基5B購03,TW,0.0,-19.0,0.0,0.0,0,0.0,0.0
067135,華新科凱基5B購03,TW,0.0,-223.0,0.0,0.0,0,0.0,0.0
067136,大立光凱基5B購07,TW,0.0,-702.0,0.0,0.0,0,0.0,0.0
067137,大立光凱基5B購08,TW,0.0,-284.0,0.0,0.0,0,0.0,0.0
067138,大立光凱基61購02,TW,0.0,-426.0,0.0,0.0,0,0.0,0.0
067139,威健凱基5B購01,TW,0.0,-602.0,0.0,0.0,0,0.0,0.0
06713U,臺股指中信59售07,TW,0.0,20.0,0.0,0.0,0,0.0,0.0
067140,威健凱基5B購02,TW,0.0,-32.0,0.0,0.0,0,0.0,0.0
067141,昇貿凱基5C購01,TW,0.0,30.0,0.0,0.0,0,0.0,0.0
067142,群創凱基5B購04,TW,0.0,-125.0,0.0,0.0,0,0.0,0.0
067143,群創凱基61購02,TW,0.0,-525.0,0.0,0.0,0,0.0,0.0
067144,群創凱基63購01,TW,0.0,-270.0,0.0,0.0,0,0.0,0.0
067145,群創凱基63購02,TW,0.0,-116.0,0.0,0.0,0,0.0,0.0
067146,華擎凱基5B購02,TW,0.0,0.0,0.0,0.0,0,0.0,0.0
067147,達明凱基5B購01,TW,0.0,-1241.0,0.0,0.0,0,0.0,0.0
067148,臻鼎凱基5B購02,TW,0.0,0.0,0.0,0.0,0,0.0,0.0
067149,臻鼎凱基5B購03,TW,0.0,0.0,0.0,0.0,0,0.0,0.0
067150,臻鼎凱基5B購04,TW,0.0,-369.0,0.0,0.0,0,0.0,0.0
067151,眾達凱基61購02,TW,0.0,-5.0,0.0,0.0,0,0.0,0.0
067152,眾達凱基61購03,TW,0.0,-40.0,0.0,0.0,0,0.0,0.0
067153,祥碩凱基5B購06,TW,0.0,-29.0,0.0,0.0,0,0.0,0.0
067154,彩晶凱基5B購01,TW,0.0,-55.0,0.0,0.0,0,0.0,0.0
067155,緯穎凱基61購04,TW,0.0,0.0,0.0,0.0,0,0.0,0.0
067156,矽創凱基5B購02,TW,0.0,-250.0,0.0,0.0,0,0.0,0.0
067157,臺股指凱基61購10,TW,0.0,-10.0,0.0,0.0,0,0.0,0.0
067158,南亞群益5B購01,TW,0.0,-2.0,0.0,0.0,0,0.0,0.0
067160,聯電群益5B購04,TW,0.0,-1694.0,-5.0,0.0,0,0.0,0.0
067161,台積電群益5B購16,TW,0.0,-26.0,0.0,0.0,0,0.0,0.0
067162,微星群益5B購02,TW,0.0,192.0,0.0,0.0,0,0.0,0.0
067163,微星群益61購01,TW,0.0,-311.0,0.0,0.0,0,0.0,0.0
067165,華新科群益5B購03,TW,0.0,-10.0,0.0,0.0,0,0.0,0.0
067166,智原群益5B購05,TW,0.0,0.0,0.0,0.0,0,0.0,0.0
067167,群創群益5B購06,TW,0.0,-199.0,0.0,0.0,0,0.0,0.0
067168,TPK群益5B購01,TW,0.0,-96.0,0.0,0.0,0,0.0,0.0
067169,國精化群益5B購02,TW,0.0,-11.0,0.0,0.0,0,0.0,0.0
067170,臻鼎群益5B購01,TW,0.0,-715.0,0.0,0.0,0,0.0,0.0
067171,臻鼎群益5B購02,TW,0.0,-21.0,0.0,0.0,0,0.0,0.0
067172,天鈺群益5B購01,TW,0.0,-68.0,0.0,0.0,0,0.0,0.0
067173,十銓群益5B購02,TW,0.0,0.0,0.0,0.0,0,0.0,0.0
067176,彩晶群益5B購03,TW,0.0,-2.0,0.0,0.0,0,0.0,0.0
067177,群電群益5B購01,TW,0.0,-326.0,0.0,0.0,0,0.0,0.0
067179,緯穎群益61購02,TW,0.0,36.0,0.0,0.0,0,0.0,0.0
067180,臺股指群益63購03,TW,0.0,-3.0,0.0,0.0,0,0.0,0.0
067182,臺股指群益63購05,TW,0.0,-7.0,0.0,0.0,0,0.0,0.0
067183,台股增中信65購01,TW,0.0,-519.0,0.0,0.0,0,0.0,0.0
067184,晶豪科中信5B購01,TW,0.0,-2293.0,0.0,0.0,0,0.0,0.0
067185,力積電中信5B購04,TW,0.0,-72.0,0.0,0.0,0,0.0,0.0
067186,臺股指中信63購08,TW,0.0,-10.0,0.0,0.0,0,0.0,0.0
067187,聯電國泰5C購02,TW,0.0,-113.0,0.0,0.0,0,0.0,0.0
067188,華邦電國泰5C購02,TW,0.0,-19.0,0.0,0.0,0,0.0,0.0
067189,華邦電國泰5C購03,TW,0.0,-196.0,0.0,0.0,0,0.0,0.0
067191,微星國泰5C購01,TW,0.0,0.0,0.0,0.0,0,0.0,0.0
067192,盟立國泰5C購01,TW,0.0,-475.0,0.0,0.0,0,0.0,0.0
067193,華新科國泰62購01,TW,0.0,-12.0,0.0,0.0,0,0.0,0.0
067196,文曄國泰5C購01,TW,0.0,-86.0,0.0,0.0,0,0.0,0.0
067197,十銓國泰5C購01,TW,0.0,-30.0,0.0,0.0,0,0.0,0.0
067198,眾達國泰5C購01,TW,0.0,-49.0,0.0,0.0,0,0.0,0.0
067199,國巨兆豐5C購03,TW,0.0,-2148.0,0.0,0.0,0,0.0,0.0
067200,威盛兆豐63購01,TW,0.0,-474.0,0.0,0.0,0,0.0,0.0
067201,智原兆豐61購02,TW,0.0,-418.0,0.0,0.0,0,0.0,0.0
067202,臻鼎兆豐65購01,TW,0.0,-287.0,0.0,0.0,0,0.0,0.0
067203,力成兆豐65購01,TW,0.0,-143.0,0.0,0.0,0,0.0,0.0
067204,緯穎兆豐65購02,TW,0.0,-72.0,0.0,0.0,0,0.0,0.0
067205,AES兆豐5C購03,TW,0.0,-20.0,0.0,0.0,0,0.0,0.0
067208,矽統富邦61購01,TW,0.0,-258.0,0.0,0.0,0,0.0,0.0
067209,瑞昱富邦61購01,TW,0.0,-118.0,0.0,0.0,0,0.0,0.0
067210,漢唐富邦61購02,TW,0.0,-787.0,0.0,0.0,0,0.0,0.0
067211,建準富邦61購01,TW,0.0,-800.0,0.0,0.0,0,0.0,0.0
067213,盟立富邦62購01,TW,0.0,-41.0,0.0,0.0,0,0.0,0.0
067214,華新科富邦5C購01,TW,0.0,0.0,0.0,0.0,0,0.0,0.0
067215,長榮富邦61購02,TW,0.0,-30.0,0.0,0.0,0,0.0,0.0
067216,晶豪科富邦61購02,TW,0.0,-450.0,0.0,0.0,0,0.0,0.0
067217,大立光富邦62購01,TW,0.0,-20.0,0.0,0.0,0,0.0,0.0
067218,緯創富邦5B購03,TW,0.0,-161.0,0.0,0.0,0,0.0,0.0
067219,昇貿富邦61購01,TW,0.0,-1664.0,0.0,0.0,0,0.0,0.0
067220,嘉澤富邦62購01,TW,0.0,-791.0,0.0,0.0,0,0.0,0.0
067221,大聯大富邦62購01,TW,0.0,-597.0,0.0,0.0,0,0.0,0.0
067222,臻鼎富邦61購05,TW,0.0,-199.0,0.0,0.0,0,0.0,0.0
067223,元債2X永豐59購01,TW,0.0,0.0,0.0,0.0,0,0.0,0.0
067224,臻鼎富邦62購02,TW,0.0,-294.0,0.0,0.0,0,0.0,0.0
067225,十銓富邦61購01,TW,0.0,-407.0,0.0,0.0,0,0.0,0.0
067226,祥碩富邦62購01,TW,0.0,-142.0,0.0,0.0,0,0.0,0.0
067227,祥碩富邦62購02,TW,0.0,-106.0,0.0,0.0,0,0.0,0.0
067228,啟碁富邦62購01,TW,0.0,-41.0,0.0,0.0,0,0.0,0.0
067229,保瑞富邦62購02,TW,0.0,-32.0,0.0,0.0,0,0.0,0.0
067230,AES富邦62購02,TW,0.0,-16.0,0.0,0.0,0,0.0,0.0
067231,富鼎富邦61購02,TW,0.0,-914.0,0.0,0.0,0,0.0,0.0
067232,東元永豐5C購02,TW,0.0,-6.0,0.0,0.0,0,0.0,0.0
067234,華新永豐5C購01,TW,0.0,-34.0,0.0,0.0,0,0.0,0.0
067235,聯電永豐61購02,TW,0.0,-198.0,0.0,0.0,0,0.0,0.0
067236,鴻海永豐5C購05,TW,0.0,-35.0,0.0,0.0,0,0.0,0.0
067238,台積電永豐75購06,TW,0.0,-315.0,0.0,0.0,0,0.0,0.0
067239,台積電永豐75購07,TW,0.0,-180.0,0.0,0.0,0,0.0,0.0
06723U,凱美國票56售02,TW,0.0,-70.0,0.0,0.0,0,0.0,0.0
067240,華邦電永豐5B購01,TW,0.0,-1484.0,0.0,0.0,0,0.0,0.0
067241,華邦電永豐5C購01,TW,0.0,-629.0,0.0,0.0,0,0.0,0.0
067242,華邦電永豐67購01,TW,0.0,-259.0,0.0,0.0,0,0.0,0.0
067243,順德永豐5C購02,TW,0.0,-208.0,0.0,0.0,0,0.0,0.0
067244,鴻準永豐5C購01,TW,0.0,-348.0,0.0,0.0,0,0.0,0.0
067245,英業達永豐5C購01,TW,0.0,-396.0,0.0,0.0,0,0.0,0.0
067246,技嘉永豐61購02,TW,0.0,-517.0,0.0,0.0,0,0.0,0.0
067247,微星永豐5C購01,TW,0.0,-54.0,0.0,0.0,0,0.0,0.0
067248,盟立永豐63購01,TW,0.0,-163.0,0.0,0.0,0,0.0,0.0
067249,立隆電永豐61購01,TW,0.0,-242.0,0.0,0.0,0,0.0,0.0
067250,強茂永豐61購02,TW,0.0,-1023.0,0.0,0.0,0,0.0,0.0
067252,威健永豐61購01,TW,0.0,-204.0,0.0,0.0,0,0.0,0.0
067253,聯詠永豐61購01,TW,0.0,-313.0,0.0,0.0,0,0.0,0.0
067254,智原永豐5C購02,TW,0.0,-343.0,0.0,0.0,0,0.0,0.0
067256,日電貿永豐5C購01,TW,0.0,-315.0,0.0,0.0,0,0.0,0.0
067257,日電貿永豐65購01,TW,0.0,-754.0,0.0,0.0,0,0.0,0.0
067258,華擎永豐5C購01,TW,0.0,-64.0,0.0,0.0,0,0.0,0.0
067259,智伸科永豐5C購01,TW,0.0,-65.0,0.0,0.0,0,0.0,0.0
067260,臻鼎永豐5C購04,TW,0.0,-605.0,0.0,0.0,0,0.0,0.0
067261,瑞儀永豐61購01,TW,0.0,-25.0,0.0,0.0,0,0.0,0.0
067263,樺漢永豐5C購01,TW,0.0,-421.0,0.0,0.0,0,0.0,0.0
067267,矽創永豐5C購02,TW,0.0,-68.0,0.0,0.0,0,0.0,0.0
067268,台強棒群益5B購01,TW,0.0,-5.0,0.0,0.0,0,0.0,0.0
067269,台積電群益66購02,TW,0.0,0.0,0.0,0.0,0,0.0,0.0
067270,台積電群益66購03,TW,0.0,-400.0,0.0,0.0,0,0.0,0.0
067271,英業達群益5B購01,TW,0.0,-238.0,0.0,0.0,0,0.0,0.0
067273,大立光群益5B購04,TW,0.0,-121.0,0.0,0.0,0,0.0,0.0
067274,TPK群益5B購02,TW,0.0,-158.0,0.0,0.0,0,0.0,0.0
067275,臻鼎群益5B購03,TW,0.0,-450.0,0.0,0.0,0,0.0,0.0
067278,聯電國票5B購05,TW,0.0,-325.0,0.0,0.0,0,0.0,0.0
067279,華邦電國票5C購02,TW,0.0,-1.0,0.0,0.0,0,0.0,0.0
067280,立隆電國票5C購01,TW,0.0,-1161.0,0.0,0.0,0,0.0,0.0
067281,華新科國票5C購02,TW,0.0,-2286.0,0.0,0.0,0,0.0,0.0
067282,華新科國票5C購03,TW,0.0,-1073.0,0.0,0.0,0,0.0,0.0
067283,華新科國票5C購04,TW,0.0,-823.0,6.0,0.0,0,0.0,0.0
067284,增你強國票5C購01,TW,0.0,-346.0,0.0,0.0,0,0.0,0.0
067285,威健國票5C購01,TW,0.0,-130.0,0.0,0.0,0,0.0,0.0
067286,智原國票5C購01,TW,0.0,-269.0,0.0,0.0,0,0.0,0.0
067287,文曄國票5C購01,TW,0.0,-89.0,0.0,0.0,0,0.0,0.0
067288,日月光國票5C購01,TW,0.0,-320.0,0.0,0.0,0,0.0,0.0
067289,天鈺國票5B購01,TW,0.0,-58.0,0.0,0.0,0,0.0,0.0
067290,十銓國票5B購02,TW,0.0,-1.0,0.0,0.0,0,0.0,0.0
067291,十銓國票5B購03,TW,0.0,-1.0,0.0,0.0,0,0.0,0.0
067293,啟碁國票5C購02,TW,0.0,-112.0,0.0,0.0,0,0.0,0.0
067294,力智國票5B購01,TW,0.0,-590.0,0.0,0.0,0,0.0,0.0
067295,振樺電國票5B購01,TW,0.0,-34.0,0.0,0.0,0,0.0,0.0
067296,振樺電國票5C購01,TW,0.0,-6.0,0.0,0.0,0,0.0,0.0
067297,台灣50凱基5B購08,TW,0.0,-110.0,0.0,0.0,0,0.0,0.0
067298,T50正2凱基5B購09,TW,0.0,-2.0,0.0,0.0,0,0.0,0.0
067299,T50正2凱基5C購04,TW,0.0,-219.0,0.0,0.0,0,0.0,0.0
067302,和大凱基5B購01,TW,0.0,-250.0,0.0,0.0,0,0.0,0.0
067304,台玻凱基5B購04,TW,0.0,-290.0,0.0,0.0,0,0.0,0.0
067305,楠梓電凱基5B購01,TW,0.0,-2.0,0.0,0.0,0,0.0,0.0
067306,鴻海凱基63購05,TW,0.0,-10.0,0.0,0.0,0,0.0,0.0
067307,鴻海凱基64購06,TW,0.0,-10.0,0.0,0.0,0,0.0,0.0
067308,台積電凱基5B購25,TW,0.0,-316.0,0.0,0.0,0,0.0,0.0
067309,台積電凱基5C購14,TW,0.0,0.0,0.0,0.0,0,0.0,0.0
067310,華邦電凱基61購02,TW,0.0,-66.0,0.0,0.0,0,0.0,0.0
067311,英業達凱基5B購01,TW,0.0,-2.0,0.0,0.0,0,0.0,0.0
067312,華碩凱基5B購01,TW,0.0,-50.0,0.0,0.0,0,0.0,0.0
067313,華碩凱基5B購02,TW,0.0,-58.0,0.0,0.0,0,0.0,0.0
067314,所羅門凱基5C購01,TW,0.0,-687.0,0.0,0.0,0,0.0,0.0
067316,微星凱基5B購02,TW,0.0,-40.0,0.0,0.0,0,0.0,0.0
067317,瑞昱凱基5B購02,TW,0.0,-95.0,0.0,0.0,0,0.0,0.0
067318,京元電凱基61購01,TW,0.0,-4.0,0.0,0.0,0,0.0,0.0
067319,創見凱基5B購07,TW,0.0,-5.0,0.0,0.0,0,0.0,0.0
067320,盟立凱基5B購02,TW,0.0,-5.0,0.0,0.0,0,0.0,0.0
067321,盟立凱基5B購03,TW,0.0,-186.0,0.0,0.0,0,0.0,0.0
067322,盟立凱基5B購04,TW,0.0,-85.0,0.0,0.0,0,0.0,0.0
067323,華新科凱基5B購04,TW,0.0,-129.0,0.0,0.0,0,0.0,0.0
067324,華新科凱基61購01,TW,0.0,-122.0,0.0,0.0,0,0.0,0.0
067325,大立光凱基5B購09,TW,0.0,-125.0,0.0,0.0,0,0.0,0.0
067326,大立光凱基61購03,TW,0.0,-456.0,0.0,0.0,0,0.0,0.0
067327,聯詠凱基5B購03,TW,0.0,-720.0,0.0,0.0,0,0.0,0.0
067328,智原凱基5B購07,TW,0.0,-19.0,0.0,0.0,0,0.0,0.0
067329,文曄凱基5B購02,TW,0.0,-326.0,0.0,0.0,0,0.0,0.0
067331,臻鼎凱基5B購05,TW,0.0,-47.0,20.0,0.0,0,0.0,0.0
067333,T50正2台新65購01,TW,0.0,-60.0,0.0,0.0,0,0.0,0.0
067334,上銀台新5B購03,TW,0.0,-11.0,0.0,0.0,0,0.0,0.0
067335,國巨台新5B購04,TW,0.0,-990.0,0.0,0.0,0,0.0,0.0
067336,國巨台新5B購05,TW,0.0,-1785.0,0.0,0.0,0,0.0,0.0
067337,國巨台新5B購06,TW,0.0,-354.0,0.0,0.0,0,0.0,0.0
067338,華邦電台新5B購04,TW,0.0,-22.0,0.0,0.0,0,0.0,0.0
067339,華邦電台新5B購05,TW,0.0,-92.0,0.0,0.0,0,0.0,0.0
067340,華邦電台新5B購06,TW,0.0,-20.0,0.0,0.0,0,0.0,0.0
067341,智邦台新5B購05,TW,0.0,-93.0,0.0,0.0,0,0.0,0.0
067342,鴻準台新5B購04,TW,0.0,-212.0,0.0,0.0,0,0.0,0.0
067343,矽統台新5B購02,TW,0.0,-163.0,0.0,0.0,0,0.0,0.0
067344,華新科台新5B購02,TW,0.0,-2041.0,0.0,0.0,0,0.0,0.0
067345,華新科台新5B購03,TW,0.0,-51.0,0.0,0.0,0,0.0,0.0
067346,華新科台新5B購04,TW,0.0,-1658.0,0.0,0.0,0,0.0,0.0
067347,華新科台新5B購05,TW,0.0,-159.0,0.0,0.0,0,0.0,0.0
067348,晶豪科台新5B購06,TW,0.0,-1536.0,0.0,0.0,0,0.0,0.0
067350,大立光台新5B購01,TW,0.0,-232.0,0.0,0.0,0,0.0,0.0
067351,智伸科台新5B購01,TW,0.0,-85.0,0.0,0.0,0,0.0,0.0
067352,臻鼎台新5B購01,TW,0.0,-780.0,0.0,0.0,0,0.0,0.0
067353,臻鼎台新5B購02,TW,0.0,-736.0,0.0,0.0,0,0.0,0.0
067354,臻鼎台新5B購03,TW,0.0,-660.0,0.0,0.0,0,0.0,0.0
067355,眾達台新5B購03,TW,0.0,-9.0,0.0,0.0,0,0.0,0.0
067356,眾達台新5B購04,TW,0.0,0.0,0.0,0.0,0,0.0,0.0
067357,啟碁台新5B購03,TW,0.0,-254.0,0.0,0.0,0,0.0,0.0
067358,啟碁台新5B購04,TW,0.0,-2335.0,0.0,0.0,0,0.0,0.0
067359,緯穎台新5B購04,TW,0.0,0.0,0.0,0.0,0,0.0,0.0
067360,緯穎台新5C購02,TW,0.0,0.0,0.0,0.0,0,0.0,0.0
067361,緯穎台新62購03,TW,0.0,0.0,0.0,0.0,0,0.0,0.0
067362,緯穎台新65購02,TW,0.0,-10.0,0.0,0.0,0,0.0,0.0
067363,力積電台新5B購09,TW,0.0,-65.0,0.0,0.0,0,0.0,0.0
067364,振樺電台新5B購01,TW,0.0,-106.0,0.0,0.0,0,0.0,0.0
067365,振樺電台新5B購02,TW,0.0,-279.0,0.0,0.0,0,0.0,0.0
067366,宏全台新5B購02,TW,0.0,0.0,0.0,0.0,0,0.0,0.0
067367,SP黃豆元大5B購01,TW,0.0,0.0,0.0,0.0,0,0.0,0.0
067368,SP黃豆元大5B購02,TW,0.0,0.0,0.0,0.0,0,0.0,0.0
067369,SP黃豆元大61購01,TW,0.0,-5327.0,0.0,0.0,0,0.0,0.0
067370,聯電元大5B購10,TW,0.0,-1977.0,0.0,0.0,0,0.0,0.0
067371,鴻海元大5B購03,TW,0.0,-873.0,0.0,0.0,0,0.0,0.0
067372,鴻海元大5C購12,TW,0.0,-94.0,0.0,0.0,0,0.0,0.0
067373,鴻海元大63購10,TW,0.0,-50.0,0.0,0.0,0,0.0,0.0
067374,仁寶元大5B購01,TW,0.0,-215.0,0.0,0.0,0,0.0,0.0
067375,台積電元大5B購22,TW,0.0,-825.0,0.0,0.0,0,0.0,0.0
067376,台積電元大5C購13,TW,0.0,-2312.0,0.0,0.0,0,0.0,0.0
067377,台積電元大5C購14,TW,0.0,-1370.0,0.0,0.0,0,0.0,0.0
067378,英業達元大5B購01,TW,0.0,-694.0,0.0,0.0,0,0.0,0.0
067379,華碩元大5B購02,TW,0.0,-372.0,0.0,0.0,0,0.0,0.0
067380,瑞昱元大5B購02,TW,0.0,-559.0,0.0,0.0,0,0.0,0.0
067381,漢唐元大5C購02,TW,0.0,-253.0,0.0,0.0,0,0.0,0.0
067382,京元電元大5B購03,TW,0.0,-304.0,0.0,0.0,0,0.0,0.0
067383,京元電元大5B購04,TW,0.0,-22.0,0.0,0.0,0,0.0,0.0
067384,華新科元大5B購02,TW,0.0,-10.0,0.0,0.0,0,0.0,0.0
067386,華新科元大5B購04,TW,0.0,-10.0,0.0,0.0,0,0.0,0.0
067387,華新科元大5B購05,TW,0.0,-82.0,0.0,0.0,0,0.0,0.0
067388,華新科元大5B購06,TW,0.0,-92.0,0.0,0.0,0,0.0,0.0
067389,華新科元大5B購07,TW,0.0,-12.0,0.0,0.0,0,0.0,0.0
067390,華新科元大5B購08,TW,0.0,-70.0,0.0,0.0,0,0.0,0.0
067392,大立光元大5B購08,TW,0.0,-130.0,0.0,0.0,0,0.0,0.0
067393,大立光元大65購06,TW,0.0,-495.0,0.0,0.0,0,0.0,0.0
067394,文曄元大5B購03,TW,0.0,-1155.0,0.0,0.0,0,0.0,0.0
067395,文曄元大5B購04,TW,0.0,-237.0,0.0,0.0,0,0.0,0.0
067396,文曄元大5B購05,TW,0.0,-468.0,0.0,0.0,0,0.0,0.0
067397,文曄元大63購01,TW,0.0,-798.0,0.0,0.0,0,0.0,0.0
067398,文曄元大65購02,TW,0.0,-577.0,0.0,0.0,0,0.0,0.0
067399,全科元大5B購01,TW,0.0,-1155.0,0.0,0.0,0,0.0,0.0
067400,今國光元大5B購02,TW,0.0,-557.0,0.0,0.0,0,0.0,0.0
067401,力成元大5C購02,TW,0.0,-112.0,0.0,0.0,0,0.0,0.0
067402,啟碁元大5B購05,TW,0.0,-365.0,0.0,0.0,0,0.0,0.0
067403,啟碁元大5B購06,TW,0.0,-300.0,0.0,0.0,0,0.0,0.0
067404,保瑞元大63購01,TW,0.0,-182.0,0.0,0.0,0,0.0,0.0
067405,緯穎元大5B購03,TW,0.0,-305.0,0.0,0.0,0,0.0,0.0
067406,緯穎元大5C購07,TW,0.0,-91.0,0.0,0.0,0,0.0,0.0
067407,振樺電元大5B購01,TW,0.0,-10.0,0.0,0.0,0,0.0,0.0
067408,振樺電元大5B購02,TW,0.0,-10.0,0.0,0.0,0,0.0,0.0
067409,聯電中信5B購02,TW,0.0,-626.0,0.0,0.0,0,0.0,0.0
067410,鴻海中信65購01,TW,0.0,-34.0,0.0,0.0,0,0.0,0.0
067411,國巨中信65購01,TW,0.0,-2796.0,0.0,0.0,0,0.0,0.0
067412,南亞永豐61購01,TW,0.0,-81.0,0.0,0.0,0,0.0,0.0
067413,上銀永豐61購01,TW,0.0,-9.0,0.0,0.0,0,0.0,0.0
067414,聯電永豐61購03,TW,0.0,-212.0,0.0,0.0,0,0.0,0.0
067415,聯電永豐65購01,TW,0.0,-192.0,0.0,0.0,0,0.0,0.0
067416,國巨永豐5C購04,TW,0.0,-130.0,0.0,0.0,0,0.0,0.0
067417,國巨永豐61購04,TW,0.0,-118.0,0.0,0.0,0,0.0,0.0
067418,國巨永豐64購02,TW,0.0,-154.0,0.0,0.0,0,0.0,0.0
067419,台積電永豐75購08,TW,0.0,-173.0,0.0,0.0,0,0.0,0.0
067420,華邦電永豐61購02,TW,0.0,-169.0,0.0,0.0,0,0.0,0.0
067421,佳世達永豐61購01,TW,0.0,-327.0,0.0,0.0,0,0.0,0.0
067422,燿華永豐5C購01,TW,0.0,-60.0,0.0,0.0,0,0.0,0.0
067423,微星永豐5C購02,TW,0.0,-391.0,0.0,0.0,0,0.0,0.0
067424,兆赫永豐61購01,TW,0.0,-205.0,0.0,0.0,0,0.0,0.0
067425,大立光永豐61購01,TW,0.0,0.0,0.0,0.0,0,0.0,0.0
067426,大立光永豐64購02,TW,0.0,-80.0,0.0,0.0,0,0.0,0.0
067427,大立光永豐68購01,TW,0.0,-5.0,0.0,0.0,0,0.0,0.0
067428,緯創永豐61購01,TW,0.0,-550.0,0.0,0.0,0,0.0,0.0
067429,保瑞永豐61購01,TW,0.0,-9.0,0.0,0.0,0,0.0,0.0
067430,嘉基永豐5C購01,TW,0.0,-13.0,0.0,0.0,0,0.0,0.0
067432,華新兆豐5C購01,TW,0.0,-195.0,0.0,0.0,0,0.0,0.0
067433,聯電兆豐5C購02,TW,0.0,-338.0,0.0,0.0,0,0.0,0.0
067434,十銓兆豐61購01,TW,0.0,-161.0,0.0,0.0,0,0.0,0.0
067436,台玻富邦61購01,TW,0.0,-843.0,0.0,0.0,0,0.0,0.0
067437,聯電富邦5B購03,TW,0.0,-709.0,0.0,0.0,0,0.0,0.0
067438,華通富邦62購01,TW,0.0,-568.0,0.0,0.0,0,0.0,0.0
067440,國巨富邦5B購03,TW,0.0,-581.0,0.0,0.0,0,0.0,0.0
067441,國巨富邦61購03,TW,0.0,-847.0,0.0,0.0,0,0.0,0.0
067442,燿華富邦62購01,TW,0.0,-3.0,0.0,0.0,0,0.0,0.0
067443,技嘉富邦61購01,TW,0.0,-557.0,0.0,0.0,0,0.0,0.0
067444,興勤富邦5B購01,TW,0.0,-286.0,0.0,0.0,0,0.0,0.0
067445,強茂富邦61購02,TW,0.0,-36.0,0.0,0.0,0,0.0,0.0
067446,威健富邦5B購01,TW,0.0,-499.0,0.0,0.0,0,0.0,0.0
067447,聯詠富邦5B購03,TW,0.0,-626.0,0.0,0.0,0,0.0,0.0
067448,緯穎富邦5B購04,TW,0.0,-5.0,0.0,0.0,0,0.0,0.0
067449,緯穎富邦61購05,TW,0.0,-3.0,0.0,0.0,0,0.0,0.0
067451,燿華國泰5C購02,TW,0.0,0.0,0.0,0.0,0,0.0,0.0
067453,大立光國泰5C購01,TW,0.0,-499.0,0.0,0.0,0,0.0,0.0
067454,彩晶國泰5C購01,TW,0.0,-84.0,0.0,0.0,0,0.0,0.0
067455,鼎炫國泰5C購01,TW,0.0,-1.0,0.0,0.0,0,0.0,0.0
067456,台灣50台新5B購09,TW,0.0,-61.0,0.0,0.0,0,0.0,0.0
067457,長興台新5B購02,TW,0.0,-1.0,0.0,0.0,0,0.0,0.0
067458,長興台新5B購03,TW,0.0,0.0,0.0,0.0,0,0.0,0.0
067459,國巨台新5B購08,TW,0.0,-808.0,0.0,0.0,0,0.0,0.0
067460,國巨台新5B購09,TW,0.0,-792.0,0.0,0.0,0,0.0,0.0
067463,微星台新5B購03,TW,0.0,-251.0,0.0,0.0,0,0.0,0.0
067464,強茂台新5B購01,TW,0.0,-40.0,0.0,0.0,0,0.0,0.0
067465,晶豪科台新5B購08,TW,0.0,-440.0,0.0,0.0,0,0.0,0.0
067466,大立光台新5B購03,TW,0.0,-634.0,0.0,0.0,0,0.0,0.0
067467,大立光台新5B購04,TW,0.0,0.0,0.0,0.0,0,0.0,0.0
067469,昇貿台新5B購01,TW,0.0,-6.0,0.0,0.0,0,0.0,0.0
067470,貿聯台新5C購01,TW,0.0,-20.0,0.0,0.0,0,0.0,0.0
067471,臻鼎台新5B購05,TW,0.0,-266.0,0.0,0.0,0,0.0,0.0
067472,臻鼎台新5B購06,TW,0.0,-777.0,0.0,0.0,0,0.0,0.0
067473,緯穎台新5C購03,TW,0.0,0.0,0.0,0.0,0,0.0,0.0
067474,高股息凱基5C購01,TW,0.0,-35.0,0.0,0.0,0,0.0,0.0
067475,群臺2X凱基5C購01,TW,0.0,-54.0,0.0,0.0,0,0.0,0.0
067476,科技息凱基5C購01,TW,0.0,-50.0,0.0,0.0,0,0.0,0.0
067477,上銀凱基5C購04,TW,0.0,-45.0,0.0,0.0,0,0.0,0.0
067478,聯電凱基5B購08,TW,0.0,-55.0,0.0,0.0,0,0.0,0.0
067479,華通凱基63購04,TW,0.0,-181.0,0.0,0.0,0,0.0,0.0
067481,仁寶凱基5B購01,TW,0.0,-109.0,0.0,0.0,0,0.0,0.0
067482,國巨凱基5B購06,TW,0.0,-430.0,0.0,0.0,0,0.0,0.0
067483,台積電凱基5B購26,TW,0.0,-68.0,0.0,0.0,0,0.0,0.0
067484,台積電凱基63購12,TW,0.0,-20.0,0.0,0.0,0,0.0,0.0
067485,智邦凱基5C購04,TW,0.0,-148.0,0.0,0.0,0,0.0,0.0
067487,漢唐凱基63購01,TW,0.0,-49.0,0.0,0.0,0,0.0,0.0
067488,立隆電凱基5C購02,TW,0.0,-5.0,0.0,0.0,0,0.0,0.0
067489,強茂凱基5B購06,TW,0.0,-4.0,0.0,0.0,0,0.0,0.0
067490,兆赫凱基5B購02,TW,0.0,-10.0,0.0,0.0,0,0.0,0.0
067491,兆赫凱基5C購01,TW,0.0,-101.0,0.0,0.0,0,0.0,0.0
067492,晶豪科凱基5B購08,TW,0.0,-31.0,0.0,0.0,0,0.0,0.0
067493,大立光凱基5B購10,TW,0.0,-152.0,0.0,0.0,0,0.0,0.0
067494,大立光凱基5B購11,TW,0.0,-89.0,0.0,0.0,0,0.0,0.0
067495,威健凱基5B購03,TW,0.0,-201.0,0.0,0.0,0,0.0,0.0
067496,日月光凱基5C購02,TW,0.0,-27.0,0.0,0.0,0,0.0,0.0
067497,力成凱基5B購01,TW,0.0,-27.0,0.0,0.0,0,0.0,0.0
067498,啟碁凱基5B購05,TW,0.0,-10.0,0.0,0.0,0,0.0,0.0
067499,鈺邦凱基5B購01,TW,0.0,-30.0,0.0,0.0,0,0.0,0.0
067500,保瑞凱基5B購01,TW,0.0,-179.0,0.0,0.0,0,0.0,0.0
067501,緯穎凱基5C購07,TW,0.0,0.0,0.0,0.0,0,0.0,0.0
067502,嘉基凱基5B購01,TW,0.0,-65.0,0.0,0.0,0,0.0,0.0
067503,嘉基凱基5B購02,TW,0.0,-5.0,0.0,0.0,0,0.0,0.0
067507,中高息元大5B購01,TW,0.0,-2719.0,0.0,0.0,0,0.0,0.0
067508,華城元大5B購02,TW,0.0,-342.0,0.0,0.0,0,0.0,0.0
067509,鴻海元大5C購13,TW,0.0,0.0,0.0,0.0,0,0.0,0.0
067510,鴻海元大63購11,TW,0.0,-18.0,0.0,0.0,0,0.0,0.0
067511,台積電元大5B購23,TW,0.0,-1840.0,0.0,0.0,0,0.0,0.0
067512,台積電元大5C購15,TW,0.0,-152.0,0.0,0.0,0,0.0,0.0
067513,英業達元大5B購02,TW,0.0,-177.0,0.0,0.0,0,0.0,0.0
067514,華碩元大5B購03,TW,0.0,-328.0,0.0,0.0,0,0.0,0.0
067515,華碩元大63購01,TW,0.0,-547.0,0.0,0.0,0,0.0,0.0
067516,技嘉元大5B購05,TW,0.0,-304.0,0.0,0.0,0,0.0,0.0
067517,微星元大5B購04,TW,0.0,-198.0,0.0,0.0,0,0.0,0.0
067518,友達元大5B購03,TW,0.0,-1.0,0.0,0.0,0,0.0,0.0
067519,友達元大5B購04,TW,0.0,-718.0,0.0,0.0,0,0.0,0.0
067520,京元電元大5B購05,TW,0.0,-169.0,0.0,0.0,0,0.0,0.0
067521,兆赫元大5B購01,TW,0.0,-79.0,0.0,0.0,0,0.0,0.0
067522,兆赫元大5B購02,TW,0.0,-113.0,0.0,0.0,0,0.0,0.0
067523,威健元大5B購01,TW,0.0,-129.0,0.0,0.0,0,0.0,0.0
067524,聯詠元大5B購04,TW,0.0,-526.0,0.0,0.0,0,0.0,0.0
067525,智原元大5B購04,TW,0.0,-247.0,0.0,0.0,0,0.0,0.0
067526,智原元大5B購05,TW,0.0,-507.0,0.0,0.0,0,0.0,0.0
067527,健鼎元大5B購01,TW,0.0,-706.0,0.0,0.0,0,0.0,0.0
067528,緯創元大5B購04,TW,0.0,-120.0,0.0,0.0,0,0.0,0.0
067529,緯創元大5B購05,TW,0.0,-433.0,0.0,0.0,0,0.0,0.0
067530,TPK元大5B購01,TW,0.0,-3.0,0.0,0.0,0,0.0,0.0
067531,臻鼎元大5B購06,TW,0.0,-577.0,0.0,0.0,0,0.0,0.0
067532,臻鼎元大5B購07,TW,0.0,-1611.0,0.0,0.0,0,0.0,0.0
067533,臻鼎元大63購04,TW,0.0,-2358.0,0.0,0.0,0,0.0,0.0
067534,十銓元大5B購03,TW,0.0,-217.0,0.0,0.0,0,0.0,0.0
067535,眾達元大63購02,TW,0.0,-10.0,0.0,0.0,0,0.0,0.0
067536,啟碁元大5B購07,TW,0.0,-15.0,0.0,0.0,0,0.0,0.0
067537,緯穎元大5B購04,TW,0.0,0.0,0.0,0.0,0,0.0,0.0
067539,AES元大5B購01,TW,0.0,-747.0,0.0,0.0,0,0.0,0.0
067541,昇陽半元大5B購06,TW,0.0,-44.0,0.0,0.0,0,0.0,0.0
067542,昇陽半元大63購01,TW,0.0,-10.0,0.0,0.0,0,0.0,0.0
067544,臺股指元大5B購24,TW,0.0,0.0,0.0,0.0,0,0.0,0.0
067545,台玻群益5B購03,TW,0.0,-10.0,0.0,0.0,0,0.0,0.0
067546,聯電群益5B購05,TW,0.0,-308.0,0.0,0.0,0,0.0,0.0
067548,國巨群益5B購09,TW,0.0,-191.0,0.0,0.0,0,0.0,0.0
067549,華邦電群益5B購06,TW,0.0,-348.0,0.0,0.0,0,0.0,0.0
067551,華邦電群益61購02,TW,0.0,-5.0,0.0,0.0,0,0.0,0.0
067554,瑞昱群益5B購01,TW,0.0,-19.0,0.0,0.0,0,0.0,0.0
067555,瑞昱群益5B購02,TW,0.0,-3.0,0.0,0.0,0,0.0,0.0
067556,興勤群益5B購01,TW,0.0,-149.0,0.0,0.0,0,0.0,0.0
067557,盟立群益62購01,TW,0.0,-86.0,0.0,0.0,0,0.0,0.0
067558,盟立群益63購01,TW,0.0,-70.0,0.0,0.0,0,0.0,0.0
067559,盟立群益63購02,TW,0.0,-20.0,0.0,0.0,0,0.0,0.0
067560,盟立群益64購01,TW,0.0,-328.0,0.0,0.0,0,0.0,0.0
067561,兆赫群益5B購01,TW,0.0,-409.0,0.0,0.0,0,0.0,0.0
067562,兆赫群益5B購02,TW,0.0,-11.0,0.0,0.0,0,0.0,0.0
067564,兆赫群益5B購04,TW,0.0,-217.0,0.0,0.0,0,0.0,0.0
067565,兆赫群益5B購05,TW,0.0,-41.0,0.0,0.0,0,0.0,0.0
067567,晶豪科群益5C購03,TW,0.0,-40.0,0.0,0.0,0,0.0,0.0
067568,大立光群益5B購05,TW,0.0,-1.0,0.0,0.0,0,0.0,0.0
067569,大立光群益5B購06,TW,0.0,-537.0,0.0,0.0,0,0.0,0.0
067570,大立光群益5B購07,TW,0.0,-1.0,0.0,0.0,0,0.0,0.0
067571,聯詠群益61購01,TW,0.0,-43.0,0.0,0.0,0,0.0,0.0
067573,臻鼎群益61購01,TW,0.0,-83.0,0.0,0.0,0,0.0,0.0
067574,力積電群益61購01,TW,0.0,-31.0,0.0,0.0,0,0.0,0.0
067575,AES群益5B購04,TW,0.0,-91.0,0.0,0.0,0,0.0,0.0
067576,矽創群益5B購01,TW,0.0,-29.0,0.0,0.0,0,0.0,0.0
067577,矽創群益5B購02,TW,0.0,-33.0,0.0,0.0,0,0.0,0.0
067578,臺股指群益5B購24,TW,0.0,-23.0,0.0,0.0,0,0.0,0.0
067579,臺股指群益5B購25,TW,0.0,0.0,0.0,0.0,0,0.0,0.0
067580,臺股指群益5B購26,TW,0.0,0.0,0.0,0.0,0,0.0,0.0
067581,臺股指群益5B購27,TW,0.0,-1.0,0.0,0.0,0,0.0,0.0
067583,臺股指群益5B購29,TW,0.0,-55.0,0.0,0.0,0,0.0,0.0
067584,華新國票5B購02,TW,0.0,-4.0,0.0,0.0,0,0.0,0.0
067586,聯電國票5B購06,TW,0.0,-74.0,0.0,0.0,0,0.0,0.0
067587,國巨國票5B購04,TW,0.0,-297.0,0.0,0.0,0,0.0,0.0
067588,國巨國票5B購05,TW,0.0,-1184.0,0.0,0.0,0,0.0,0.0
067589,元債2X元富61購03,TW,0.0,-47.0,0.0,0.0,0,0.0,0.0
06758U,緯創國票55售02,TW,0.0,-497.0,0.0,0.0,0,0.0,0.0
067590,華邦電國票5C購03,TW,0.0,-20.0,0.0,0.0,0,0.0,0.0
067591,順德國票5C購02,TW,0.0,-551.0,0.0,0.0,0,0.0,0.0
067593,大毅國票5B購01,TW,0.0,-808.0,0.0,0.0,0,0.0,0.0
067595,晶豪科國票5B購02,TW,0.0,-4.0,0.0,0.0,0,0.0,0.0
067596,大立光國票5C購02,TW,0.0,-54.0,0.0,0.0,0,0.0,0.0
067597,康普國票5C購01,TW,0.0,-13.0,0.0,0.0,0,0.0,0.0
067598,臻鼎國票5B購02,TW,0.0,-124.0,0.0,0.0,0,0.0,0.0
067599,臻鼎國票5C購01,TW,0.0,-56.0,0.0,0.0,0,0.0,0.0
067600,祥碩國票5B購01,TW,0.0,-109.0,0.0,0.0,0,0.0,0.0
067601,嘉基國票5C購01,TW,0.0,-1372.0,0.0,0.0,0,0.0,0.0
067605,電子類國票5B購01,TW,0.0,-2.0,0.0,0.0,0,0.0,0.0
067608,臺指2X中信65購02,TW,0.0,-60.0,0.0,0.0,0,0.0,0.0
067609,鴻海中信65購02,TW,0.0,-52.0,0.0,0.0,0,0.0,0.0
067611,華邦電中信5B購03,TW,0.0,-20.0,0.0,0.0,0,0.0,0.0
067612,大立光中信62購01,TW,0.0,-108.0,0.0,0.0,0,0.0,0.0
067619,富鼎國泰5C購01,TW,0.0,-552.0,0.0,0.0,0,0.0,0.0
067620,國巨永豐65購02,TW,0.0,-16.0,0.0,0.0,0,0.0,0.0
067621,所羅門永豐61購01,TW,0.0,-137.0,0.0,0.0,0,0.0,0.0
067622,晶豪科永豐65購04,TW,0.0,-10.0,0.0,0.0,0,0.0,0.0
067623,大立光永豐5B購01,TW,0.0,-20.0,0.0,0.0,0,0.0,0.0
067632,強茂兆豐5C購02,TW,0.0,-10.0,0.0,0.0,0,0.0,0.0
067633,昇陽半兆豐5C購02,TW,0.0,-58.0,0.0,0.0,0,0.0,0.0
067634,楠梓電富邦5B購03,TW,0.0,-33.0,0.0,0.0,0,0.0,0.0
067635,華邦電富邦62購01,TW,0.0,-130.0,0.0,0.0,0,0.0,0.0
067638,大立光富邦61購03,TW,0.0,-10.0,0.0,0.0,0,0.0,0.0
06763U,國巨中信5A售04,TW,0.0,309.0,0.0,0.0,0,0.0,0.0
067643,矽創富邦5C購01,TW,0.0,-415.0,0.0,0.0,0,0.0,0.0
067644,臺股指富邦65購06,TW,0.0,-1.0,0.0,0.0,0,0.0,0.0
067645,華城凱基63購01,TW,0.0,-30.0,0.0,0.0,0,0.0,0.0
067646,聯電凱基5B購09,TW,0.0,-241.0,0.0,0.0,0,0.0,0.0
067647,國巨凱基5B購07,TW,0.0,-134.0,0.0,0.0,0,0.0,0.0
067652,盟立凱基64購01,TW,0.0,-1.0,0.0,0.0,0,0.0,0.0
067656,大立光凱基5B購13,TW,0.0,-87.0,0.0,0.0,0,0.0,0.0
067657,大立光凱基5C購03,TW,0.0,-87.0,0.0,0.0,0,0.0,0.0
067658,大立光凱基63購01,TW,0.0,-154.0,0.0,0.0,0,0.0,0.0
067659,大立光凱基63購02,TW,0.0,-72.0,0.0,0.0,0,0.0,0.0
067660,大立光凱基63購03,TW,0.0,-84.0,0.0,0.0,0,0.0,0.0
067662,華晶科凱基5C購01,TW,0.0,-73.0,0.0,0.0,0,0.0,0.0
067663,玉晶光凱基5B購01,TW,0.0,-95.0,0.0,0.0,0,0.0,0.0
067664,貿聯凱基61購05,TW,0.0,-229.0,0.0,0.0,0,0.0,0.0
067665,臻鼎凱基61購05,TW,0.0,-320.0,0.0,0.0,0,0.0,0.0
067670,台積電國票5B購03,TW,0.0,-142.0,0.0,0.0,0,0.0,0.0
067671,矽統國票5C購01,TW,0.0,-11.0,0.0,0.0,0,0.0,0.0
067673,強茂國票5B購02,TW,0.0,-54.0,0.0,0.0,0,0.0,0.0
067674,晶豪科國票5C購01,TW,0.0,-5.0,0.0,0.0,0,0.0,0.0
067677,玉晶光國票5B購02,TW,0.0,-73.0,0.0,0.0,0,0.0,0.0
067680,鈺邦國票5B購01,TW,0.0,-6.0,0.0,0.0,0,0.0,0.0
067681,鈺邦國票5C購01,TW,0.0,-1.0,0.0,0.0,0,0.0,0.0
067682,保瑞國票5B購01,TW,0.0,-40.0,0.0,0.0,0,0.0,0.0
067684,羅昇國票5C購01,TW,0.0,-142.0,0.0,0.0,0,0.0,0.0
067685,聯電群益5B購06,TW,0.0,-134.0,0.0,0.0,0,0.0,0.0
067686,華通群益5B購08,TW,0.0,0.0,0.0,0.0,0,0.0,0.0
067688,仁寶群益5B購01,TW,0.0,-8.0,0.0,0.0,0,0.0,0.0
067689,智邦群益5B購10,TW,0.0,-100.0,0.0,0.0,0,0.0,0.0
067690,漢唐群益64購01,TW,0.0,-35.0,0.0,0.0,0,0.0,0.0
067692,強茂群益5B購04,TW,0.0,-30.0,0.0,0.0,0,0.0,0.0
067693,晶豪科群益5B購05,TW,0.0,-817.0,0.0,0.0,0,0.0,0.0
067694,晶豪科群益61購03,TW,0.0,-85.0,0.0,0.0,0,0.0,0.0
067696,大立光群益5B購09,TW,0.0,-10.0,0.0,0.0,0,0.0,0.0
067697,華晶科群益5B購01,TW,0.0,-156.0,0.0,0.0,0,0.0,0.0
067698,華晶科群益5B購02,TW,0.0,-32.0,0.0,0.0,0,0.0,0.0
067699,日電貿群益5B購01,TW,0.0,-203.0,0.0,0.0,0,0.0,0.0
067700,昇貿群益5B購03,TW,0.0,-2.0,0.0,0.0,0,0.0,0.0
067707,聯電元大5B購12,TW,0.0,-223.0,0.0,0.0,0,0.0,0.0
067708,聯電元大5B購13,TW,0.0,-226.0,0.0,0.0,0,0.0,0.0
067709,聯電元大5B購14,TW,0.0,-726.0,0.0,0.0,0,0.0,0.0
067710,鴻海元大5B購04,TW,0.0,-10.0,0.0,0.0,0,0.0,0.0
067712,鴻海元大61購21,TW,0.0,-500.0,0.0,0.0,0,0.0,0.0
067713,台積電元大5B購24,TW,0.0,-151.0,0.0,0.0,0,0.0,0.0
067714,台積電元大5B購25,TW,0.0,-937.0,0.0,0.0,0,0.0,0.0
067715,台積電元大61購38,TW,0.0,-3036.0,0.0,0.0,0,0.0,0.0
067716,華邦電元大5B購05,TW,0.0,-3176.0,0.0,0.0,0,0.0,0.0
067717,英業達元大5B購03,TW,0.0,-184.0,0.0,0.0,0,0.0,0.0
067718,瑞昱元大5B購03,TW,0.0,-1.0,0.0,0.0,0,0.0,0.0
067719,晶豪科元大5B購06,TW,0.0,-130.0,0.0,0.0,0,0.0,0.0
067725,大立光元大5B購14,TW,0.0,-1.0,0.0,0.0,0,0.0,0.0
067726,大立光元大5B購15,TW,0.0,-31.0,0.0,0.0,0,0.0,0.0
067727,大立光元大5B購16,TW,0.0,-62.0,0.0,0.0,0,0.0,0.0
067729,大立光元大63購14,TW,0.0,-25.0,0.0,0.0,0,0.0,0.0
06772U,仁寶國票55售02,TW,0.0,4.0,0.0,0.0,0,0.0,0.0
067730,益登元大5B購01,TW,0.0,-50.0,0.0,0.0,0,0.0,0.0
067731,玉晶光元大5B購02,TW,0.0,-194.0,0.0,0.0,0,0.0,0.0
067732,玉晶光元大63購01,TW,0.0,-70.0,0.0,0.0,0,0.0,0.0
067733,嘉澤元大5B購04,TW,0.0,-1.0,0.0,0.0,0,0.0,0.0
067734,臻鼎元大5B購08,TW,0.0,-119.0,0.0,0.0,0,0.0,0.0
067735,臻鼎元大61購10,TW,0.0,-1767.0,0.0,0.0,0,0.0,0.0
067738,鈺邦元大5B購03,TW,0.0,-1.0,0.0,0.0,0,0.0,0.0
067739,昇陽半元大5B購07,TW,0.0,-3.0,0.0,0.0,0,0.0,0.0
067740,昇陽半元大5B購08,TW,0.0,-178.0,0.0,0.0,0,0.0,0.0
067741,昇陽半元大5B購09,TW,0.0,-10.0,0.0,0.0,0,0.0,0.0
067742,昇陽半元大61購04,TW,0.0,-105.0,0.0,0.0,0,0.0,0.0
067743,台灣50台新5B購12,TW,0.0,-22.0,0.0,0.0,0,0.0,0.0
067749,為升台新5B購02,TW,0.0,-1.0,0.0,0.0,0,0.0,0.0
067750,為升台新5B購03,TW,0.0,-1048.0,0.0,0.0,0,0.0,0.0
067752,仁寶台新5B購01,TW,0.0,-179.0,0.0,0.0,0,0.0,0.0
067756,矽統台新5B購03,TW,0.0,-129.0,0.0,0.0,0,0.0,0.0
067762,宏達電台新5B購01,TW,0.0,-30.0,0.0,0.0,0,0.0,0.0
067764,宏達電台新5B購03,TW,0.0,-5.0,0.0,0.0,0,0.0,0.0
067769,華晶科台新5B購01,TW,0.0,-340.0,0.0,0.0,0,0.0,0.0
067770,緯創台新5B購05,TW,0.0,-39.0,0.0,0.0,0,0.0,0.0
067772,玉晶光台新5B購01,TW,0.0,-65.0,0.0,0.0,0,0.0,0.0
067773,玉晶光台新62購01,TW,0.0,-26.0,0.0,0.0,0,0.0,0.0
067775,達明台新5B購01,TW,0.0,-32.0,0.0,0.0,0,0.0,0.0
067776,達明台新5B購02,TW,0.0,-45.0,0.0,0.0,0,0.0,0.0
067780,昇陽半台新5B購06,TW,0.0,-23.0,0.0,0.0,0,0.0,0.0
067783,立隆電中信62購01,TW,0.0,-106.0,0.0,0.0,0,0.0,0.0
067784,臻鼎中信65購01,TW,0.0,-57.0,0.0,0.0,0,0.0,0.0
067786,全科國泰5C購01,TW,0.0,-35.0,0.0,0.0,0,0.0,0.0
067787,牧德國泰5C購01,TW,0.0,-5.0,0.0,0.0,0,0.0,0.0
067788,康舒國泰61購01,TW,0.0,-1.0,0.0,0.0,0,0.0,0.0
06778P,台積電凱基5B售03,TW,0.0,-51.0,0.0,0.0,0,0.0,0.0
067796,強茂國票5C購01,TW,0.0,-73.0,0.0,0.0,0,0.0,0.0
067802,全科國票5C購01,TW,0.0,-187.0,0.0,0.0,0,0.0,0.0
067805,和椿國票5C購01,TW,0.0,-490.0,0.0,0.0,0,0.0,0.0
067806,樺漢國票5C購01,TW,0.0,-5.0,0.0,0.0,0,0.0,0.0
067808,長華國票5B購01,TW,0.0,-1.0,0.0,0.0,0,0.0,0.0
067810,富鼎國票5C購02,TW,0.0,-129.0,0.0,0.0,0,0.0,0.0
067811,羅昇國票5C購02,TW,0.0,-6.0,0.0,0.0,0,0.0,0.0
067815,敬鵬永豐61購01,TW,0.0,-400.0,0.0,0.0,0,0.0,0.0
067816,華碩永豐64購01,TW,0.0,-10.0,0.0,0.0,0,0.0,0.0
06781U,元黃金凱基56售01,TW,0.0,-85.0,0.0,0.0,0,0.0,0.0
067820,啟碁永豐61購02,TW,0.0,-20.0,0.0,0.0,0,0.0,0.0
067821,群電永豐5C購01,TW,0.0,-3.0,0.0,0.0,0,0.0,0.0
067822,群電永豐65購01,TW,0.0,-30.0,0.0,0.0,0,0.0,0.0
067824,力智永豐5C購01,TW,0.0,-80.0,0.0,0.0,0,0.0,0.0
067832,東元富邦61購01,TW,0.0,-15.0,0.0,0.0,0,0.0,0.0
067834,台積電富邦61購08,TW,0.0,-120.0,0.0,0.0,0,0.0,0.0
067835,立隆電富邦5B購04,TW,0.0,-970.0,0.0,0.0,0,0.0,0.0
067839,群電富邦61購01,TW,0.0,-1.0,0.0,0.0,0,0.0,0.0
067842,台玻元大5B購05,TW,0.0,-23.0,0.0,0.0,0,0.0,0.0
067843,聯電元大5B購15,TW,0.0,-619.0,0.0,0.0,0,0.0,0.0
067844,聯電元大5B購16,TW,0.0,-17.0,0.0,0.0,0,0.0,0.0
067845,聯電元大5B購17,TW,0.0,-555.0,0.0,0.0,0,0.0,0.0
067849,台積電元大5B購26,TW,0.0,-50.0,0.0,0.0,0,0.0,0.0
067851,華邦電元大5B購06,TW,0.0,-714.0,0.0,0.0,0,0.0,0.0
067852,華邦電元大5B購07,TW,0.0,-846.0,0.0,0.0,0,0.0,0.0
067853,華邦電元大5B購08,TW,0.0,-756.0,0.0,0.0,0,0.0,0.0
067855,技嘉元大5B購06,TW,0.0,-144.0,0.0,0.0,0,0.0,0.0
067856,微星元大5B購05,TW,0.0,-665.0,0.0,0.0,0,0.0,0.0
067858,京元電元大5B購07,TW,0.0,-3.0,0.0,0.0,0,0.0,0.0
067860,盟立元大5B購07,TW,0.0,-10.0,0.0,0.0,0,0.0,0.0
067861,強茂元大5B購04,TW,0.0,-513.0,0.0,0.0,0,0.0,0.0
067862,強茂元大5B購05,TW,0.0,-1823.0,0.0,0.0,0,0.0,0.0
067863,聯詠元大5B購05,TW,0.0,-5.0,0.0,0.0,0,0.0,0.0
067864,智原元大5B購06,TW,0.0,-225.0,0.0,0.0,0,0.0,0.0
067865,緯創元大5B購06,TW,0.0,-432.0,0.0,0.0,0,0.0,0.0
067866,緯創元大5B購07,TW,0.0,-609.0,0.0,0.0,0,0.0,0.0
067867,昇貿元大5B購03,TW,0.0,-533.0,0.0,0.0,0,0.0,0.0
067869,日月光元大5B購04,TW,0.0,-12.0,0.0,0.0,0,0.0,0.0
067870,臻鼎元大5B購09,TW,0.0,-5.0,0.0,0.0,0,0.0,0.0
067872,祥碩元大5B購04,TW,0.0,-90.0,0.0,0.0,0,0.0,0.0
067873,今國光元大5B購03,TW,0.0,-95.0,0.0,0.0,0,0.0,0.0
067876,矽格元大5B購03,TW,0.0,-973.0,0.0,0.0,0,0.0,0.0
067877,啟碁元大5B購08,TW,0.0,-318.0,0.0,0.0,0,0.0,0.0
067891,瑞昱凱基5B購03,TW,0.0,-50.0,0.0,0.0,0,0.0,0.0
067894,滬深2X元大55購01,TW,0.0,520.0,0.0,0.0,0,0.0,0.0
067896,滬深2X元大57購01,TW,0.0,20.0,0.0,0.0,0,0.0,0.0
067897,元債2X元大61購01,TW,0.0,-1265.0,0.0,0.0,0,0.0,0.0
067902,強茂凱基5B購08,TW,0.0,-6.0,0.0,0.0,0,0.0,0.0
067907,昇貿凱基5B購02,TW,0.0,-6.0,0.0,0.0,0,0.0,0.0
067913,啟碁凱基5B購07,TW,0.0,-17.0,0.0,0.0,0,0.0,0.0
067915,力智凱基5B購02,TW,0.0,-23.0,0.0,0.0,0,0.0,0.0
067916,臺股指凱基65購06,TW,0.0,-300.0,0.0,0.0,0,0.0,0.0
067917,聯電台新5B購01,TW,0.0,-19.0,0.0,0.0,0,0.0,0.0
067918,聯電台新5B購02,TW,0.0,-25.0,0.0,0.0,0,0.0,0.0
067919,聯電台新5B購03,TW,0.0,-32.0,0.0,0.0,0,0.0,0.0
067920,華通台新5B購02,TW,0.0,-5.0,0.0,0.0,0,0.0,0.0
067921,技嘉台新5B購01,TW,0.0,-27.0,0.0,0.0,0,0.0,0.0
067923,超豐台新5B購01,TW,0.0,-1.0,0.0,0.0,0,0.0,0.0
067925,強茂台新5B購02,TW,0.0,-1.0,0.0,0.0,0,0.0,0.0
067926,強茂台新5B購03,TW,0.0,-250.0,0.0,0.0,0,0.0,0.0
067931,南寶台新5B購02,TW,0.0,-35.0,0.0,0.0,0,0.0,0.0
067938,台股增群益5B購05,TW,0.0,-50.0,0.0,0.0,0,0.0,0.0
067944,台積電群益5B購18,TW,0.0,-20.0,0.0,0.0,0,0.0,0.0
067948,技嘉群益5B購03,TW,0.0,-100.0,0.0,0.0,0,0.0,0.0
067949,京元電群益5C購03,TW,0.0,-100.0,0.0,0.0,0,0.0,0.0
067950,臻鼎群益5B購04,TW,0.0,-155.0,0.0,0.0,0,0.0,0.0
067951,亞翔群益5B購02,TW,0.0,-52.0,0.0,0.0,0,0.0,0.0
067955,臺股指群益6A購01,TW,0.0,-10.0,0.0,0.0,0,0.0,0.0
067956,T50正2統一65購01,TW,0.0,-400.0,0.0,0.0,0,0.0,0.0
067967,中砂統一61購04,TW,0.0,-10.0,0.0,0.0,0,0.0,0.0
067968,中砂統一69購01,TW,0.0,-33.0,0.0,0.0,0,0.0,0.0
067980,聯電統一64購02,TW,0.0,-90.0,0.0,0.0,0,0.0,0.0
067983,聯電統一65購02,TW,0.0,-2.0,0.0,0.0,0,0.0,0.0
067985,聯電統一65購04,TW,0.0,-49.0,0.0,0.0,0,0.0,0.0
067986,聯電統一69購01,TW,0.0,-5.0,0.0,0.0,0,0.0,0.0
067987,聯電統一75購01,TW,0.0,-20.0,0.0,0.0,0,0.0,0.0
067990,鴻海統一5B購03,TW,0.0,-10.0,0.0,0.0,0,0.0,0.0
068001,國巨統一65購08,TW,0.0,-15.0,0.0,0.0,0,0.0,0.0
068003,國巨統一75購01,TW,0.0,-20.0,0.0,0.0,0,0.0,0.0
068005,台積電統一75購01,TW,0.0,-14.0,0.0,0.0,0,0.0,0.0
068006,台積電統一75購02,TW,0.0,-112.0,0.0,0.0,0,0.0,0.0
068010,華邦電統一65購02,TW,0.0,-1.0,0.0,0.0,0,0.0,0.0
068011,華邦電統一65購03,TW,0.0,-32.0,0.0,0.0,0,0.0,0.0
068015,華邦電統一75購01,TW,0.0,-101.0,0.0,0.0,0,0.0,0.0
068019,順德統一65購01,TW,0.0,-110.0,0.0,0.0,0,0.0,0.0
068020,燿華統一65購01,TW,0.0,-380.0,0.0,0.0,0,0.0,0.0
068024,微星統一75購01,TW,0.0,-47.0,0.0,0.0,0,0.0,0.0
068026,漢唐統一65購01,TW,0.0,-25.0,0.0,0.0,0,0.0,0.0
068033,盟立統一65購01,TW,0.0,-20.0,0.0,0.0,0,0.0,0.0
068034,盟立統一65購02,TW,0.0,-4.0,0.0,0.0,0,0.0,0.0
068035,盟立統一75購01,TW,0.0,-102.0,0.0,0.0,0,0.0,0.0
068037,立隆電統一65購02,TW,0.0,-190.0,0.0,0.0,0,0.0,0.0
068038,立隆電統一65購03,TW,0.0,-25.0,0.0,0.0,0,0.0,0.0
068041,強茂統一63購02,TW,0.0,-499.0,0.0,0.0,0,0.0,0.0
068042,強茂統一65購01,TW,0.0,-69.0,0.0,0.0,0,0.0,0.0
068047,宏達電統一75購01,TW,0.0,-8.0,0.0,0.0,0,0.0,0.0
068048,威健統一64購02,TW,0.0,-62.0,0.0,0.0,0,0.0,0.0
068050,健鼎統一65購01,TW,0.0,-3.0,0.0,0.0,0,0.0,0.0
068051,日電貿統一63購01,TW,0.0,-119.0,0.0,0.0,0,0.0,0.0
068052,日電貿統一65購02,TW,0.0,-8.0,0.0,0.0,0,0.0,0.0
068054,日電貿統一65購04,TW,0.0,-64.0,0.0,0.0,0,0.0,0.0
068056,滬深2X凱基56購01,TW,0.0,-3.0,0.0,0.0,0,0.0,0.0
068058,美債2X凱基5C購01,TW,0.0,-1.0,0.0,0.0,0,0.0,0.0
068060,日電貿統一69購01,TW,0.0,-297.0,0.0,0.0,0,0.0,0.0
068061,昇貿統一63購01,TW,0.0,-15.0,0.0,0.0,0,0.0,0.0
068066,TPK統一65購01,TW,0.0,-157.0,0.0,0.0,0,0.0,0.0
068067,正文統一65購01,TW,0.0,-1.0,0.0,0.0,0,0.0,0.0
068070,臻鼎統一65購02,TW,0.0,-20.0,0.0,0.0,0,0.0,0.0
068072,臻鼎統一68購01,TW,0.0,-120.0,0.0,0.0,0,0.0,0.0
068075,大立光凱基56購01,TW,0.0,214.0,0.0,0.0,0,0.0,0.0
068079,飛捷統一63購03,TW,0.0,-370.0,0.0,0.0,0,0.0,0.0
068087,嘉基統一63購01,TW,0.0,-7.0,0.0,0.0,0,0.0,0.0
068091,力智統一65購01,TW,0.0,-150.0,0.0,0.0,0,0.0,0.0
068093,力積電統一65購03,TW,0.0,-1.0,0.0,0.0,0,0.0,0.0
06829U,華新群益59售01,TW,0.0,-243.0,0.0,0.0,0,0.0,0.0
06830U,仁寶群益58售01,TW,0.0,100.0,0.0,0.0,0,0.0,0.0
068381,鴻海統一62購01,TW,0.0,111.0,0.0,0.0,0,0.0,0.0
068384,佳能統一58購01,TW,0.0,40.0,0.0,0.0,0,0.0,0.0
068386,聯發科統一62購01,TW,0.0,-94.0,0.0,0.0,0,0.0,0.0
068388,長榮統一62購01,TW,0.0,-306.0,0.0,0.0,0,0.0,0.0
068391,陽明統一62購01,TW,0.0,-5929.0,0.0,0.0,0,0.0,0.0
068409,富世達統一58購01,TW,0.0,-20.0,0.0,0.0,0,0.0,0.0
06848U,美債2X元大59售01,TW,0.0,-200.0,0.0,0.0,0,0.0,0.0
06854U,美債2X凱基57售02,TW,0.0,-50.0,0.0,0.0,0,0.0,0.0
068645,台積電統一62購03,TW,0.0,6.0,0.0,0.0,0,0.0,0.0
068647,聯發科統一62購02,TW,0.0,-5.0,0.0,0.0,0,0.0,0.0
068648,立隆電統一5A購01,TW,0.0,26.0,0.0,0.0,0,0.0,0.0
068672,台積電永豐62購01,TW,0.0,1265.0,0.0,0.0,0,0.0,0.0
068831,藍天統一58購01,TW,0.0,-397.0,0.0,0.0,0,0.0,0.0
068837,聯發科統一62購03,TW,0.0,-9.0,0.0,0.0,0,0.0,0.0
068840,精銳統一62購01,TW,0.0,406.0,0.0,0.0,0,0.0,0.0
068847,立積統一62購02,TW,0.0,-30.0,0.0,0.0,0,0.0,0.0
06884U,晶豪科國票56售05,TW,0.0,19.0,0.0,0.0,0,0.0,0.0
068850,昇陽半統一62購01,TW,0.0,1290.0,0.0,0.0,0,0.0,0.0
06914U,S&P正2中信5B售01,TW,0.0,19.0,0.0,0.0,0,0.0,0.0
06915U,鴻海中信5B售02,TW,0.0,-32.0,0.0,0.0,0,0.0,0.0
069175,大立光統一56購01,TW,0.0,140.0,0.0,0.0,0,0.0,0.0
069185,創意統一5A購01,TW,0.0,2.0,0.0,0.0,0,0.0,0.0
06920U,華城群益57售02,TW,0.0,1450.0,0.0,0.0,0,0.0,0.0
069338,鴻海凱基5B購01,TW,0.0,21.0,0.0,0.0,0,0.0,0.0
069339,鴻海凱基5B購02,TW,0.0,-5.0,0.0,0.0,0,0.0,0.0
06934U,華城國票56售04,TW,0.0,-33.0,0.0,0.0,0,0.0,0.0
069388,鴻海統一56購04,TW,0.0,-3.0,0.0,0.0,0,0.0,0.0
069391,技嘉統一62購01,TW,0.0,-6.0,0.0,0.0,0,0.0,0.0
069400,智原統一58購01,TW,0.0,10.0,0.0,0.0,0,0.0,0.0
069402,緯創統一62購01,TW,0.0,-143.0,0.0,0.0,0,0.0,0.0
069408,日月光統一58購01,TW,0.0,5.0,0.0,0.0,0,0.0,0.0
06944U,華城群益5B售01,TW,0.0,14.0,0.0,0.0,0,0.0,0.0
069576,國巨統一58購01,TW,0.0,-10.0,0.0,0.0,0,0.0,0.0
069583,長榮統一58購01,TW,0.0,4.0,0.0,0.0,0,0.0,0.0
069586,萬海統一58購01,TW,0.0,-68.0,0.0,0.0,0,0.0,0.0
069588,大立光統一62購02,TW,0.0,103.0,0.0,0.0,0,0.0,0.0
069599,材料統一58購01,TW,0.0,-50.0,0.0,0.0,0,0.0,0.0
069605,樺漢統一58購01,TW,0.0,-101.0,0.0,0.0,0,0.0,0.0
069611,昇陽半統一5A購01,TW,0.0,52.0,0.0,0.0,0,0.0,0.0
069620,鴻海凱基5B購03,TW,0.0,990.0,0.0,0.0,0,0.0,0.0
069782,友訊統一58購01,TW,0.0,-10.0,0.0,0.0,0,0.0,0.0
069784,鴻準統一58購01,TW,0.0,-31.0,0.0,0.0,0,0.0,0.0
069788,威盛統一58購02,TW,0.0,-1.0,0.0,0.0,0,0.0,0.0
069794,華晶科統一58購01,TW,0.0,-20.0,0.0,0.0,0,0.0,0.0
069831,鴻海群益59購01,TW,0.0,597.0,0.0,0.0,0,0.0,0.0
069832,鴻海群益5A購02,TW,0.0,30.0,0.0,0.0,0,0.0,0.0
069833,鴻海群益5B購01,TW,0.0,707.0,0.0,0.0,0,0.0,0.0
069834,鴻海群益62購01,TW,0.0,152.0,0.0,0.0,0,0.0,0.0
06990U,台積電永豐5B售03,TW,0.0,98.0,0.0,0.0,0,0.0,0.0
069968,華新統一58購01,TW,0.0,5.0,0.0,0.0,0,0.0,0.0
069972,大成鋼統一58購01,TW,0.0,4.0,0.0,0.0,0,0.0,0.0
069994,台積電永豐62購02,TW,0.0,10.0,0.0,0.0,0,0.0,0.0
070013,美債2X元富62購01,TW,0.0,1.0,0.0,0.0,0,0.0,0.0
070024,長榮元富58購01,TW,0.0,-169.0,0.0,0.0,0,0.0,0.0
07015U,勤誠國票56售04,TW,0.0,300.0,0.0,0.0,0,0.0,0.0
070188,上銀統一56購01,TW,0.0,-20.0,0.0,0.0,0,0.0,0.0
07032U,台灣50中信5B售01,TW,0.0,100.0,0.0,0.0,0,0.0,0.0
07040U,鴻海國票56售05,TW,0.0,-3.0,0.0,0.0,0,0.0,0.0
07046U,臺股指富邦5B售03,TW,0.0,-110.0,0.0,0.0,0,0.0,0.0
070501,玉晶光統一56購02,TW,0.0,140.0,0.0,0.0,0,0.0,0.0
070530,台積電永豐61購01,TW,0.0,-25.0,0.0,0.0,0,0.0,0.0
07055U,京元電中信5B售03,TW,0.0,83.0,0.0,0.0,0,0.0,0.0
07063U,華東國票56售03,TW,0.0,474.0,0.0,0.0,0,0.0,0.0
07064U,華東國票59售01,TW,0.0,50.0,0.0,0.0,0,0.0,0.0
070698,貿聯統一58購01,TW,0.0,2.0,0.0,0.0,0,0.0,0.0
070703,亞翔統一58購01,TW,0.0,-5.0,0.0,0.0,0,0.0,0.0
07072U,緯穎國泰57售04,TW,0.0,80.0,0.0,0.0,0,0.0,0.0
07080U,旺宏國票58售02,TW,0.0,-10.0,0.0,0.0,0,0.0,0.0
07082U,旺宏國票5B售02,TW,0.0,-80.0,0.0,0.0,0,0.0,0.0
070844,元債2X元大5B購01,TW,0.0,-40.0,0.0,0.0,0,0.0,0.0
07091U,緯穎群益5B售02,TW,0.0,-1.0,0.0,0.0,0,0.0,0.0
07101U,T50正2富邦62售01,TW,0.0,-200.0,0.0,0.0,0,0.0,0.0
07102U,勤誠富邦59售02,TW,0.0,11.0,0.0,0.0,0,0.0,0.0
071061,聯發科永豐5A購01,TW,0.0,172.0,0.0,0.0,0,0.0,0.0
07116U,力積電國票56售05,TW,0.0,378.0,0.0,0.0,0,0.0,0.0
07117U,力積電國票59售01,TW,0.0,10.0,0.0,0.0,0,0.0,0.0
07121U,台灣50中信5B售03,TW,0.0,224.0,0.0,0.0,0,0.0,0.0
07122U,T50正2中信5B售03,TW,0.0,5.0,0.0,0.0,0,0.0,0.0
07129U,至上國票56售06,TW,0.0,-20.0,0.0,0.0,0,0.0,0.0
071315,華新統一58購02,TW,0.0,6.0,0.0,0.0,0,0.0,0.0
071318,上銀統一62購01,TW,0.0,699.0,0.0,0.0,0,0.0,0.0
071325,慧洋統一5C購01,TW,0.0,-10.0,0.0,0.0,0,0.0,0.0
071329,偉訓統一58購01,TW,0.0,51.0,0.0,0.0,0,0.0,0.0
071336,大銀統一58購01,TW,0.0,3.0,0.0,0.0,0,0.0,0.0
071337,大銀統一58購02,TW,0.0,305.0,0.0,0.0,0,0.0,0.0
071338,大銀統一5A購01,TW,0.0,30.0,0.0,0.0,0,0.0,0.0
071339,大銀統一62購01,TW,0.0,-453.0,0.0,0.0,0,0.0,0.0
07148U,一詮國票58售01,TW,0.0,65.0,0.0,0.0,0,0.0,0.0
07164U,華新群益59售02,TW,0.0,-3.0,0.0,0.0,0,0.0,0.0
07169U,南亞國泰56售04,TW,0.0,0.0,0.0,0.0,0,0.0,0.0
071722,川湖統一58購02,TW,0.0,-50.0,0.0,0.0,0,0.0,0.0
071735,致伸統一58購01,TW,0.0,-315.0,0.0,0.0,0,0.0,0.0
07173U,華新凱基59售01,TW,0.0,-10.0,0.0,0.0,0,0.0,0.0
07175U,陽明群益57售02,TW,0.0,-214.0,0.0,0.0,0,0.0,0.0
07177U,貿聯群益59售01,TW,0.0,28.0,0.0,0.0,0,0.0,0.0
071891,東元統一55購01,TW,0.0,-22.0,0.0,0.0,0,0.0,0.0
071901,華城統一55購02,TW,0.0,15.0,0.0,0.0,0,0.0,0.0
071925,鈺邦統一56購01,TW,0.0,90.0,0.0,0.0,0,0.0,0.0
07198U,臺股指凱基58售05,TW,0.0,-27.0,0.0,0.0,0,0.0,0.0
07203U,佳能國票56售03,TW,0.0,0.0,0.0,0.0,0,0.0,0.0
07204U,建準國票56售05,TW,0.0,28.0,0.0,0.0,0,0.0,0.0
072108,大銀永豐56購01,TW,0.0,40.0,0.0,0.0,0,0.0,0.0
072120,亞力統一56購01,TW,0.0,9.0,0.0,0.0,0,0.0,0.0
072121,亞力統一58購01,TW,0.0,-10.0,0.0,0.0,0,0.0,0.0
072122,亞力統一58購02,TW,0.0,10.0,0.0,0.0,0,0.0,0.0
072123,亞力統一58購03,TW,0.0,-10.0,0.0,0.0,0,0.0,0.0
072125,華城統一62購01,TW,0.0,-541.0,0.0,0.0,0,0.0,0.0
072128,鴻海統一5A購01,TW,0.0,30.0,0.0,0.0,0,0.0,0.0
072285,華城元富56購01,TW,0.0,142.0,0.0,0.0,0,0.0,0.0
07228U,臺股指中信59售13,TW,0.0,0.0,0.0,0.0,0,0.0,0.0
072336,直得統一55購02,TW,0.0,65.0,0.0,0.0,0,0.0,0.0
072376,聯發科元富62購01,TW,0.0,-2.0,0.0,0.0,0,0.0,0.0
07237U,宇隆國票56售01,TW,0.0,-20.0,0.0,0.0,0,0.0,0.0
07245U,FBNQ2X群益57售02,TW,0.0,1009.0,0.0,0.0,0,0.0,0.0
07246U,中502X群益57售01,TW,0.0,42.0,0.0,0.0,0,0.0,0.0
07259U,可寧衛凱基55售02,TW,0.0,2838.0,0.0,0.0,0,0.0,0.0
072637,威強電統一59購01,TW,0.0,-50.0,0.0,0.0,0,0.0,0.0
07269U,台灣50凱基5B售02,TW,0.0,-9.0,0.0,0.0,0,0.0,0.0
07288U,富世達凱基57售07,TW,0.0,324.0,0.0,0.0,0,0.0,0.0
07289U,富世達凱基57售08,TW,0.0,-9.0,0.0,0.0,0,0.0,0.0
072971,聯發科元大59購01,TW,0.0,13.0,0.0,0.0,0,0.0,0.0
07312U,世芯中信59售01,TW,0.0,-760.0,0.0,0.0,0,0.0,0.0
07315U,A50正2永豐58售02,TW,0.0,-20.0,0.0,0.0,0,0.0,0.0
07317U,jpp國票56售02,TW,0.0,80.0,0.0,0.0,0,0.0,0.0
073193,華晶科統一59購01,TW,0.0,-1823.0,0.0,0.0,0,0.0,0.0
073324,台積電統一63購01,TW,0.0,-4.0,0.0,0.0,0,0.0,0.0
07336U,力積電永豐56售04,TW,0.0,1.0,0.0,0.0,0,0.0,0.0
073441,聯發科永豐57購01,TW,0.0,1.0,0.0,0.0,0,0.0,0.0
073450,鴻海統一63購01,TW,0.0,5.0,0.0,0.0,0,0.0,0.0
073455,昆盈統一5C購01,TW,0.0,-159.0,0.0,0.0,0,0.0,0.0
073756,愛普統一59購01,TW,0.0,-9.0,0.0,0.0,0,0.0,0.0
073770,鴻海凱基61購01,TW,0.0,3.0,0.0,0.0,0,0.0,0.0
07378U,臺股指凱基5B售04,TW,0.0,7.0,0.0,0.0,0,0.0,0.0
07398U,臺股指元大59售16,TW,0.0,0.0,0.0,0.0,0,0.0,0.0
074007,緯穎統一59購01,TW,0.0,-82.0,0.0,0.0,0,0.0,0.0
07408U,智邦群益59售03,TW,0.0,400.0,0.0,0.0,0,0.0,0.0
07429U,台灣50凱基57售03,TW,0.0,20.0,0.0,0.0,0,0.0,0.0
074488,緯穎元富59購01,TW,0.0,1.0,0.0,0.0,0,0.0,0.0
07449U,台達電國泰57售03,TW,0.0,-1.0,0.0,0.0,0,0.0,0.0
074539,鴻海群益63購01,TW,0.0,2.0,0.0,0.0,0,0.0,0.0
07461U,國企2X凱基58售01,TW,0.0,-78.0,0.0,0.0,0,0.0,0.0
074623,滬深2X凱基57購01,TW,0.0,48.0,0.0,0.0,0,0.0,0.0
07465U,富世達凱基56售05,TW,0.0,30.0,0.0,0.0,0,0.0,0.0
07469U,陽明元富56售01,TW,0.0,-16.0,0.0,0.0,0,0.0,0.0
074754,台表科統一59購01,TW,0.0,2.0,0.0,0.0,0,0.0,0.0
074862,材料統一63購01,TW,0.0,-1.0,0.0,0.0,0,0.0,0.0
07486U,一詮國票56售02,TW,0.0,50.0,0.0,0.0,0,0.0,0.0
07491U,金像電中信5C售03,TW,0.0,2.0,0.0,0.0,0,0.0,0.0
07505U,富世達群益56售09,TW,0.0,28.0,0.0,0.0,0,0.0,0.0
075108,華邦電統一59購02,TW,0.0,1.0,0.0,0.0,0,0.0,0.0
075111,南亞科統一59購01,TW,0.0,0.0,0.0,0.0,0,0.0,0.0
07511U,建準國泰57售01,TW,0.0,59.0,0.0,0.0,0,0.0,0.0
07517U,南亞元大56售04,TW,0.0,15.0,0.0,0.0,0,0.0,0.0
07523U,臺股指元大59售17,TW,0.0,3.0,0.0,0.0,0,0.0,0.0
07528U,貿聯凱基57售01,TW,0.0,-4.0,0.0,0.0,0,0.0,0.0
07536U,臺股指富邦5C售04,TW,0.0,540.0,0.0,0.0,0,0.0,0.0
07537U,眾達元富56售01,TW,0.0,200.0,0.0,0.0,0,0.0,0.0
07539U,台達電國票58售03,TW,0.0,900.0,0.0,0.0,0,0.0,0.0
07542U,惠特國票57售02,TW,0.0,-8.0,0.0,0.0,0,0.0,0.0
07543U,T50正2凱基63售01,TW,0.0,11.0,0.0,0.0,0,0.0,0.0
07547U,嘉澤凱基58售01,TW,0.0,-30.0,0.0,0.0,0,0.0,0.0
07550U,臺股指凱基59售13,TW,0.0,1018.0,0.0,0.0,0,0.0,0.0
075625,聯發科群益59購01,TW,0.0,2.0,0.0,0.0,0,0.0,0.0
07562U,台達電元富5C售02,TW,0.0,74.0,0.0,0.0,0,0.0,0.0
07568U,緯穎國票57售02,TW,0.0,2.0,0.0,0.0,0,0.0,0.0
07585U,緯穎國泰58售01,TW,0.0,-100.0,0.0,0.0,0,0.0,0.0
07605U,臺指2X富邦5C售02,TW,0.0,-120.0,0.0,0.0,0,0.0,0.0
076072,AES統一55購01,TW,0.0,-10.0,0.0,0.0,0,0.0,0.0
076073,AES統一59購01,TW,0.0,140.0,0.0,0.0,0,0.0,0.0
076074,AES統一59購02,TW,0.0,400.0,0.0,0.0,0,0.0,0.0
07607U,新日興凱基5A售01,TW,0.0,24.0,0.0,0.0,0,0.0,0.0
07616U,南亞元大56售13,TW,0.0,70.0,0.0,0.0,0,0.0,0.0
07623U,楠梓電凱基56售04,TW,0.0,140.0,0.0,0.0,0,0.0,0.0
07624U,鴻海凱基57售07,TW,0.0,-287.0,0.0,0.0,0,0.0,0.0
07625U,鴻海凱基5A售01,TW,0.0,-171.0,0.0,0.0,0,0.0,0.0
07629U,台灣50富邦5C售03,TW,0.0,10.0,0.0,0.0,0,0.0,0.0
076316,AES統一63購02,TW,0.0,-42.0,0.0,0.0,0,0.0,0.0
07640U,台灣50凱基5C售03,TW,0.0,-80.0,0.0,0.0,0,0.0,0.0
07641U,台灣50凱基61售01,TW,0.0,-110.0,0.0,0.0,0,0.0,0.0
07644U,鴻海凱基57售08,TW,0.0,193.0,0.0,0.0,0,0.0,0.0
07645U,鴻海凱基59售02,TW,0.0,-10.0,0.0,0.0,0,0.0,0.0
07652U,華擎群益5C售01,TW,0.0,-109.0,0.0,0.0,0,0.0,0.0
07653U,台虹群益58售01,TW,0.0,76.0,0.0,0.0,0,0.0,0.0
07655U,臺股指群益57售13,TW,0.0,122.0,0.0,0.0,0,0.0,0.0
07661U,台玻元富59售02,TW,0.0,340.0,0.0,0.0,0,0.0,0.0
07662U,香港2X國票57售02,TW,0.0,-1.0,0.0,0.0,0,0.0,0.0
07665U,威盛國票57售03,TW,0.0,-34.0,0.0,0.0,0,0.0,0.0
07669U,鼎炫國票57售04,TW,0.0,10.0,0.0,0.0,0,0.0,0.0
076747,臺股指元大56購02,TW,0.0,5.0,0.0,0.0,0,0.0,0.0
07681U,臺股指群益59售14,TW,0.0,30.0,0.0,0.0,0,0.0,0.0
07684U,臺股指群益5C售01,TW,0.0,72.0,0.0,0.0,0,0.0,0.0
07687U,鴻海凱基58售04,TW,0.0,78.0,0.0,0.0,0,0.0,0.0
07688U,佳能凱基56售07,TW,0.0,0.0,0.0,0.0,0,0.0,0.0
07691U,臺股指凱基57售09,TW,0.0,2239.0,0.0,0.0,0,0.0,0.0
077004,長榮元富56購02,TW,0.0,0.0,0.0,0.0,0,0.0,0.0
07703U,鴻海群益58售06,TW,0.0,1.0,0.0,0.0,0,0.0,0.0
07716U,台玻國票57售03,TW,0.0,1256.0,0.0,0.0,0,0.0,0.0
07721U,臺股指元大58售06,TW,0.0,10.0,0.0,0.0,0,0.0,0.0
077226,鴻海凱基64購01,TW,0.0,57.0,0.0,0.0,0,0.0,0.0
07724U,鴻海群益58售07,TW,0.0,-8.0,0.0,0.0,0,0.0,0.0
07728U,緯穎群益58售02,TW,0.0,10.0,0.0,0.0,0,0.0,0.0
07742U,臺股指凱基58售07,TW,0.0,522.0,0.0,0.0,0,0.0,0.0
07747U,建準國泰57售02,TW,0.0,59.0,0.0,0.0,0,0.0,0.0
077493,台積電元富64購01,TW,0.0,16.0,0.0,0.0,0,0.0,0.0
07752U,群高息元大5C售02,TW,0.0,200.0,0.0,0.0,0,0.0,0.0
07757U,群高息凱基5C售02,TW,0.0,20.0,0.0,0.0,0,0.0,0.0
07763U,鴻海國票57售03,TW,0.0,-169.0,0.0,0.0,0,0.0,0.0
07766U,國巨群益5C售01,TW,0.0,-60.0,0.0,0.0,0,0.0,0.0
077727,一詮統一5A購02,TW,0.0,3.0,0.0,0.0,0,0.0,0.0
077729,飛捷統一56購01,TW,0.0,99.0,0.0,0.0,0,0.0,0.0
077733,采鈺統一5A購01,TW,0.0,7.0,0.0,0.0,0,0.0,0.0
07773U,鴻海台新56售02,TW,0.0,-307.0,0.0,0.0,0,0.0,0.0
077753,台積電永豐56購01,TW,0.0,0.0,0.0,0.0,0,0.0,0.0
07778U,華擎凱基57售01,TW,0.0,-52.0,164.0,0.0,0,0.0,0.0
07779U,亞翔凱基56售09,TW,0.0,-62.0,0.0,0.0,0,0.0,0.0
07786U,臺股指元大5B售07,TW,0.0,0.0,0.0,0.0,0,0.0,0.0
07790U,T50正2群益58售01,TW,0.0,-300.0,0.0,0.0,0,0.0,0.0
07792U,鴻海群益5B售02,TW,0.0,106.0,0.0,0.0,0,0.0,0.0
07794U,南亞國票57售03,TW,0.0,-100.0,0.0,0.0,0,0.0,0.0
07795U,力積電國票57售01,TW,0.0,-541.0,0.0,0.0,0,0.0,0.0
07796U,力積電中信56售09,TW,0.0,0.0,0.0,0.0,0,0.0,0.0
07798U,力積電中信5A售03,TW,0.0,-20.0,0.0,0.0,0,0.0,0.0
078006,鴻海凱基57購02,TW,0.0,-69.0,0.0,0.0,0,0.0,0.0
07804U,亞翔元大56售13,TW,0.0,-34.0,0.0,0.0,0,0.0,0.0
07807U,力積電群益56售19,TW,0.0,1221.0,0.0,0.0,0,0.0,0.0
078145,滬深2X國票57購01,TW,0.0,-23.0,0.0,0.0,0,0.0,0.0
078146,滬深2X國票58購01,TW,0.0,0.0,0.0,0.0,0,0.0,0.0
07823U,愛普群益57售03,TW,0.0,439.0,0.0,0.0,0,0.0,0.0
07824U,台虹群益57售03,TW,0.0,10.0,0.0,0.0,0,0.0,0.0
07825U,國泰金凱基56售01,TW,0.0,2.0,0.0,0.0,0,0.0,0.0
07830U,日本2X凱基57售02,TW,0.0,100.0,0.0,0.0,0,0.0,0.0
07831U,S&P正2凱基57售02,TW,0.0,-27.0,0.0,0.0,0,0.0,0.0
07841U,力積電永豐59售02,TW,0.0,1664.0,0.0,0.0,0,0.0,0.0
07842U,昇陽半永豐57售03,TW,0.0,-1.0,0.0,0.0,0,0.0,0.0
07846U,創意凱基58售01,TW,0.0,-17.0,-17.0,0.0,0,0.0,0.0
07847U,創意凱基5A售02,TW,0.0,-6.0,-6.0,0.0,0,0.0,0.0
078505,元黃金凱基57購01,TW,0.0,-65.0,0.0,0.0,0,0.0,0.0
07854U,台積電凱基58售12,TW,0.0,-10.0,0.0,0.0,0,0.0,0.0
07858U,臺股指富邦5A售09,TW,0.0,20.0,0.0,0.0,0,0.0,0.0
07862U,台達電元富5A售01,TW,0.0,-8.0,0.0,0.0,0,0.0,0.0
07863U,大立光元富57售03,TW,0.0,-75.0,0.0,0.0,0,0.0,0.0
07872U,友達群益5B售01,TW,0.0,-360.0,0.0,0.0,0,0.0,0.0
07874U,晶豪科群益61售01,TW,0.0,158.0,0.0,0.0,0,0.0,0.0
07876U,昇貿群益57售01,TW,0.0,140.0,0.0,0.0,0,0.0,0.0
07877U,道瓊銀中信5B售02,TW,0.0,8.0,0.0,0.0,0,0.0,0.0
07883U,台達電永豐59售02,TW,0.0,10.0,0.0,0.0,0,0.0,0.0
07895U,臺股指元大5B售08,TW,0.0,300.0,0.0,0.0,0,0.0,0.0
07901P,元黃金凱基5B售01,TW,0.0,-13.0,0.0,0.0,0,0.0,0.0
079106,長榮元富5A購01,TW,0.0,276.0,0.0,0.0,0,0.0,0.0
07912U,力積電國票58售02,TW,0.0,119.0,0.0,0.0,0,0.0,0.0
07918U,群創元富61售03,TW,0.0,10.0,0.0,0.0,0,0.0,0.0
07919U,T50正2凱基63售02,TW,0.0,531.0,0.0,0.0,0,0.0,0.0
07926U,事欣科國票57售02,TW,0.0,-311.0,0.0,0.0,0,0.0,0.0
07929U,新日興元大57售02,TW,0.0,29.0,0.0,0.0,0,0.0,0.0
07930U,群創元大57售11,TW,0.0,-15.0,0.0,0.0,0,0.0,0.0
07932U,鴻海富邦61售02,TW,0.0,-47.0,0.0,0.0,0,0.0,0.0
07933U,台積電富邦63售01,TW,0.0,100.0,0.0,0.0,0,0.0,0.0
07934U,臺股指群益59售17,TW,0.0,-3.0,0.0,0.0,0,0.0,0.0
07937U,臺股指群益59售20,TW,0.0,2.0,0.0,0.0,0,0.0,0.0
07938U,緯創元大57售04,TW,0.0,0.0,0.0,0.0,0,0.0,0.0
07939U,金融類元大59售02,TW,0.0,1.0,0.0,0.0,0,0.0,0.0
07947U,上証2X國票58售03,TW,0.0,193.0,0.0,0.0,0,0.0,0.0
07953U,台積電元大57售10,TW,0.0,10.0,0.0,0.0,0,0.0,0.0
07964U,台灣50凱基57售06,TW,0.0,4.0,0.0,0.0,0,0.0,0.0
07965U,台灣50凱基5A售03,TW,0.0,0.0,0.0,0.0,0,0.0,0.0
07966U,上証2X凱基59售03,TW,0.0,-48.0,0.0,0.0,0,0.0,0.0
07967U,元黃金元大57售01,TW,0.0,2.0,0.0,0.0,0,0.0,0.0
07968U,台達電元大57售10,TW,0.0,140.0,0.0,0.0,0,0.0,0.0
07973U,旺宏群益59售02,TW,0.0,2717.0,0.0,0.0,0,0.0,0.0
079744,亞光統一58購04,TW,0.0,10.0,0.0,0.0,0,0.0,0.0
07974U,友達群益5B售02,TW,0.0,-14.0,0.0,0.0,0,0.0,0.0
07975U,台灣50元富57售03,TW,0.0,3.0,0.0,0.0,0,0.0,0.0
07978U,長興國票58售04,TW,0.0,-30.0,0.0,0.0,0,0.0,0.0
07979U,友達國票57售04,TW,0.0,-50.0,0.0,0.0,0,0.0,0.0
07980U,友達國票59售02,TW,0.0,-41.0,0.0,0.0,0,0.0,0.0
07981U,彩晶國票58售01,TW,0.0,7.0,0.0,0.0,0,0.0,0.0
079835,大立光群益58購01,TW,0.0,81.0,0.0,0.0,0,0.0,0.0
07983U,台虹永豐58售02,TW,0.0,2.0,0.0,0.0,0,0.0,0.0
07986U,台積電富邦61售04,TW,0.0,779.0,0.0,0.0,0,0.0,0.0
07990U,臺股指富邦61售07,TW,0.0,0.0,0.0,0.0,0,0.0,0.0
079920,光聖統一5B購01,TW,0.0,11.0,0.0,0.0,0,0.0,0.0
07992U,台積電中信61售03,TW,0.0,28.0,0.0,0.0,0,0.0,0.0
07993U,台積電統一58售06,TW,0.0,2.0,0.0,0.0,0,0.0,0.0
07997U,中砂國票58售03,TW,0.0,650.0,0.0,0.0,0,0.0,0.0
08000U,T50正2永豐58售01,TW,0.0,-1619.0,0.0,0.0,0,0.0,0.0
08003U,台灣50富邦61售06,TW,0.0,309.0,0.0,0.0,0,0.0,0.0
080084,精銳統一56購03,TW,0.0,5.0,0.0,0.0,0,0.0,0.0
08011U,道瓊2X元大59售02,TW,0.0,25.0,0.0,0.0,0,0.0,0.0
08013U,緯穎元大57售06,TW,0.0,-150.0,0.0,0.0,0,0.0,0.0
08018U,道瓊銅凱基57售01,TW,0.0,-2.0,0.0,0.0,0,0.0,0.0
08019U,康舒凱基59售01,TW,0.0,-267.0,0.0,0.0,0,0.0,0.0
08020U,緯穎凱基57售06,TW,0.0,144.0,0.0,0.0,0,0.0,0.0
08023U,上証2X國票58售04,TW,0.0,-26.0,0.0,0.0,0,0.0,0.0
08024U,道瓊銀國票57售03,TW,0.0,0.0,0.0,0.0,0,0.0,0.0
08025U,定穎控國票58售03,TW,0.0,55.0,0.0,0.0,0,0.0,0.0
08026U,定穎控國票58售04,TW,0.0,-186.0,0.0,0.0,0,0.0,0.0
08027U,緯穎國泰59售01,TW,0.0,772.0,0.0,0.0,0,0.0,0.0
08029U,台灣50群益57售04,TW,0.0,-42.0,0.0,0.0,0,0.0,0.0
08033U,世芯群益59售01,TW,0.0,-448.0,0.0,0.0,0,0.0,0.0
080341,聯鈞統一5B購02,TW,0.0,6.0,0.0,0.0,0,0.0,0.0
08038U,台積電元富57售09,TW,0.0,329.0,0.0,0.0,0,0.0,0.0
08039U,台積電元富57售10,TW,0.0,-80.0,0.0,0.0,0,0.0,0.0
080416,聯鈞統一61購01,TW,0.0,28.0,0.0,0.0,0,0.0,0.0
08041U,力成元富57售03,TW,0.0,62.0,0.0,0.0,0,0.0,0.0
08046U,滬深2X元富57售03,TW,0.0,-298.0,0.0,0.0,0,0.0,0.0
08047U,南亞元富57售04,TW,0.0,-20.0,0.0,0.0,0,0.0,0.0
08049U,元金2X凱基59售01,TW,0.0,0.0,0.0,0.0,0,0.0,0.0
080509,聯鈞統一65購01,TW,0.0,1.0,0.0,0.0,0,0.0,0.0
08050U,台積電凱基57售14,TW,0.0,500.0,0.0,0.0,0,0.0,0.0
080510,世芯統一5B購01,TW,0.0,474.0,0.0,0.0,0,0.0,0.0
08053U,S&P正2元大58售02,TW,0.0,-45.0,0.0,0.0,0,0.0,0.0
08055U,台積電元大57售13,TW,0.0,10.0,0.0,0.0,0,0.0,0.0
08057U,滬深2X群益57售05,TW,0.0,-51.0,0.0,0.0,0,0.0,0.0
08065U,臺股指富邦59售08,TW,0.0,45.0,0.0,0.0,0,0.0,0.0
08066U,臺股指富邦5A售11,TW,0.0,106.0,0.0,0.0,0,0.0,0.0
08069U,台積電凱基57售16,TW,0.0,20.0,0.0,0.0,0,0.0,0.0
08070U,漢唐凱基57售07,TW,0.0,61.0,0.0,0.0,0,0.0,0.0
08072U,南茂凱基57售03,TW,0.0,105.0,0.0,0.0,0,0.0,0.0
08075U,國巨群益61售01,TW,0.0,-608.0,0.0,0.0,0,0.0,0.0
08076U,奇鋐群益57售06,TW,0.0,0.0,0.0,0.0,0,0.0,0.0
08078U,兆赫國票57售02,TW,0.0,-50.0,-50.0,0.0,0,0.0,0.0
08083U,華通國票58售01,TW,0.0,147.0,0.0,0.0,0,0.0,0.0
080844,亞光統一65購01,TW,0.0,-1140.0,0.0,0.0,0,0.0,0.0
080845,世芯統一5B購02,TW,0.0,103.0,0.0,0.0,0,0.0,0.0
080850,羅昇統一5B購01,TW,0.0,-1405.0,0.0,0.0,0,0.0,0.0
08085U,華通台新57售04,TW,0.0,25.0,0.0,0.0,0,0.0,0.0
08086U,T50正2富邦5B售02,TW,0.0,-219.0,0.0,0.0,0,0.0,0.0
08087U,臺股指富邦64售04,TW,0.0,49.0,0.0,0.0,0,0.0,0.0
08089U,臺股指富邦67售03,TW,0.0,-1.0,0.0,0.0,0,0.0,0.0
08090U,國巨元富57售05,TW,0.0,-5.0,0.0,0.0,0,0.0,0.0
08092U,國巨凱基61售01,TW,0.0,-1093.0,0.0,0.0,0,0.0,0.0
08093U,臺股指群益58售16,TW,0.0,-348.0,0.0,0.0,0,0.0,0.0
08101U,T50正2元大5B售05,TW,0.0,2.0,0.0,0.0,0,0.0,0.0
08104U,臺指2X元大5B售02,TW,0.0,45.0,0.0,0.0,0,0.0,0.0
081102,上銀統一57購01,TW,0.0,2.0,0.0,0.0,0,0.0,0.0
08111U,T50正2凱基57售04,TW,0.0,72.0,0.0,0.0,0,0.0,0.0
081125,訊芯統一57購01,TW,0.0,-20.0,0.0,0.0,0,0.0,0.0
08115U,強茂凱基57售03,TW,0.0,-410.0,0.0,0.0,0,0.0,0.0
08116U,眾達凱基57售04,TW,0.0,140.0,0.0,0.0,0,0.0,0.0
08117U,友達統一5B售01,TW,0.0,20.0,0.0,0.0,0,0.0,0.0
08118U,台積電群益57售25,TW,0.0,39.0,0.0,0.0,0,0.0,0.0
081208,台積電凱基65購01,TW,0.0,-1.0,0.0,0.0,0,0.0,0.0
08122U,道瓊銀元大58售05,TW,0.0,-1058.0,0.0,0.0,0,0.0,0.0
08125U,臺股指元大5B售11,TW,0.0,2.0,0.0,0.0,0,0.0,0.0
08126U,T50正2凱基57售05,TW,0.0,200.0,0.0,0.0,0,0.0,0.0
08127U,道瓊指凱基57售01,TW,0.0,1.0,0.0,0.0,0,0.0,0.0
08128U,友達凱基57售04,TW,0.0,-22.0,0.0,0.0,0,0.0,0.0
08132U,台玻元大57售10,TW,0.0,160.0,0.0,0.0,0,0.0,0.0
08135U,臺股指元大58售08,TW,0.0,30.0,0.0,0.0,0,0.0,0.0
08137U,台玻台新57售04,TW,0.0,8.0,0.0,0.0,0,0.0,0.0
08138U,台玻凱基57售05,TW,0.0,0.0,0.0,0.0,0,0.0,0.0
08141U,道瓊銀群益59售02,TW,0.0,-254.0,0.0,0.0,0,0.0,0.0
08142U,新日興群益59售01,TW,0.0,-33.0,0.0,0.0,0,0.0,0.0
08144U,南電群益61售02,TW,0.0,-5764.0,0.0,0.0,0,0.0,0.0
08146U,台積電元大57售24,TW,0.0,10.0,0.0,0.0,0,0.0,0.0
081479,中砂統一5B購01,TW,0.0,10.0,0.0,0.0,0,0.0,0.0
081485,大同統一5B購01,TW,0.0,-68.0,0.0,0.0,0,0.0,0.0
081486,技嘉統一55購03,TW,0.0,72.0,0.0,0.0,0,0.0,0.0
08148U,龍德船台新57售01,TW,0.0,5.0,0.0,0.0,0,0.0,0.0
081491,亞光統一5B購01,TW,0.0,-222.0,0.0,0.0,0,0.0,0.0
081495,精銳統一58購01,TW,0.0,-20.0,0.0,0.0,0,0.0,0.0
08156U,亞力國票58售02,TW,0.0,-7.0,0.0,0.0,0,0.0,0.0
08157U,台玻國票58售02,TW,0.0,598.0,0.0,0.0,0,0.0,0.0
081596,元債2X凱基55購02,TW,0.0,38.0,0.0,0.0,0,0.0,0.0
081617,漢唐統一55購02,TW,0.0,20.0,0.0,0.0,0,0.0,0.0
081618,漢唐統一5B購01,TW,0.0,340.0,0.0,0.0,0,0.0,0.0
081621,長榮統一65購01,TW,0.0,214.0,0.0,0.0,0,0.0,0.0
081624,陽明統一65購01,TW,0.0,-1604.0,0.0,0.0,0,0.0,0.0
081626,萬海統一65購01,TW,0.0,-54.0,0.0,0.0,0,0.0,0.0
081627,大立光統一55購02,TW,0.0,5.0,0.0,0.0,0,0.0,0.0
08166U,道瓊銀凱基59售05,TW,0.0,-225.0,0.0,0.0,0,0.0,0.0
08167U,聯電凱基57售07,TW,0.0,-54.0,0.0,0.0,0,0.0,0.0
08169U,臺股指凱基5A售15,TW,0.0,-39.0,0.0,0.0,0,0.0,0.0
08170U,台灣50元富57售09,TW,0.0,130.0,0.0,0.0,0,0.0,0.0
08173U,國巨元富57售08,TW,0.0,-474.0,0.0,0.0,0,0.0,0.0
081740,佳必琪統一55購01,TW,0.0,-30.0,0.0,0.0,0,0.0,0.0
08174U,台達電國票58售07,TW,0.0,913.0,0.0,0.0,0,0.0,0.0
08175U,瑞軒國票58售05,TW,0.0,-40.0,0.0,0.0,0,0.0,0.0
081760,緯穎第一55購03,TW,0.0,80.0,0.0,0.0,0,0.0,0.0
08178U,道瓊銀元大57售08,TW,0.0,-1034.0,0.0,0.0,0,0.0,0.0
08179U,聯電元大57售15,TW,0.0,1.0,0.0,0.0,0,0.0,0.0
08182U,嘉晶群益57售02,TW,0.0,99.0,0.0,0.0,0,0.0,0.0
081835,上銀兆豐55購01,TW,0.0,4.0,0.0,0.0,0,0.0,0.0
081836,鴻海兆豐55購01,TW,0.0,13.0,0.0,0.0,0,0.0,0.0
08184U,聯電統一61售07,TW,0.0,168.0,0.0,0.0,0,0.0,0.0
081879,長榮元富65購01,TW,0.0,-26.0,0.0,0.0,0,0.0,0.0
08187U,台灣50凱基61售02,TW,0.0,-7.0,0.0,0.0,0,0.0,0.0
08188U,國巨凱基57售10,TW,0.0,-100.0,0.0,0.0,0,0.0,0.0
081890,聯鈞統一65購02,TW,0.0,53.0,0.0,0.0,0,0.0,0.0
08189U,臺股指凱基57售15,TW,0.0,0.0,0.0,0.0,0,0.0,0.0
08191U,臺股指富邦5A售12,TW,0.0,49.0,0.0,0.0,0,0.0,0.0
08194U,聯電群益63售01,TW,0.0,110.0,0.0,0.0,0,0.0,0.0
082001,緯穎第一55購04,TW,0.0,-57.0,0.0,0.0,0,0.0,0.0
08200U,聯電元富57售11,TW,0.0,33.0,0.0,0.0,0,0.0,0.0
082032,世芯永豐56購02,TW,0.0,4.0,0.0,0.0,0,0.0,0.0
08204U,臺股指元富59售06,TW,0.0,3376.0,0.0,0.0,0,0.0,0.0
082098,精成科統一55購02,TW,0.0,3.0,0.0,0.0,0,0.0,0.0
082103,威盛兆豐55購01,TW,0.0,45.0,0.0,0.0,0,0.0,0.0
08210U,臺股指元大61售17,TW,0.0,13.0,0.0,0.0,0,0.0,0.0
08212U,啟碁凱基61售01,TW,0.0,-23.0,0.0,0.0,0,0.0,0.0
08213U,臺股指凱基59售19,TW,0.0,2.0,0.0,0.0,0,0.0,0.0
08216U,啟碁群益59售03,TW,0.0,-10.0,0.0,0.0,0,0.0,0.0
082175,緯穎元富55購03,TW,0.0,40.0,0.0,0.0,0,0.0,0.0
08217U,啟碁群益61售04,TW,0.0,-5.0,0.0,0.0,0,0.0,0.0
08219U,燿華國票58售02,TW,0.0,743.0,0.0,0.0,0,0.0,0.0
082231,香港2X國票55購01,TW,0.0,-6.0,0.0,0.0,0,0.0,0.0
08225U,聯電台新57售06,TW,0.0,636.0,0.0,0.0,0,0.0,0.0
082264,智邦群益55購01,TW,0.0,2.0,0.0,0.0,0,0.0,0.0
082274,慧洋統一55購02,TW,0.0,25.0,0.0,0.0,0,0.0,0.0
082275,佳必琪統一55購02,TW,0.0,-20.0,0.0,0.0,0,0.0,0.0
082278,昇陽半統一58購01,TW,0.0,-36.0,0.0,0.0,0,0.0,0.0
08227U,華通群益57售04,TW,0.0,176.0,0.0,0.0,0,0.0,0.0
08228U,台積電群益57售29,TW,0.0,699.0,0.0,0.0,0,0.0,0.0
082293,緯穎第一55購05,TW,0.0,0.0,0.0,0.0,0,0.0,0.0
082347,欣興永豐56購01,TW,0.0,4.0,0.0,0.0,0,0.0,0.0
08235U,華通凱基57售14,TW,0.0,-200.0,0.0,0.0,0,0.0,0.0
08236U,電子類凱基5A售01,TW,0.0,589.0,0.0,0.0,0,0.0,0.0
08237U,台塑凱基58售01,TW,0.0,2.0,0.0,0.0,0,0.0,0.0
08238U,臺股指凱基58售10,TW,0.0,-1.0,0.0,0.0,0,0.0,0.0
082390,精成科統一56購01,TW,0.0,10.0,0.0,0.0,0,0.0,0.0
082397,信錦元富56購01,TW,0.0,723.0,0.0,0.0,0,0.0,0.0
08239U,臺股指凱基59售20,TW,0.0,-925.0,0.0,0.0,0,0.0,0.0
08240U,臺股指凱基5A售18,TW,0.0,18.0,0.0,0.0,0,0.0,0.0
08241U,臺股指凱基5A售19,TW,0.0,-228.0,0.0,0.0,0,0.0,0.0
08244U,元黃金凱基59售04,TW,0.0,-120.0,0.0,0.0,0,0.0,0.0
08249U,台積電元大58售03,TW,0.0,199.0,0.0,0.0,0,0.0,0.0
082515,瀚宇博統一57購01,TW,0.0,-195.0,0.0,0.0,0,0.0,0.0
082517,精成科統一5C購01,TW,0.0,0.0,0.0,0.0,0,0.0,0.0
082518,聯茂統一56購02,TW,0.0,6.0,0.0,0.0,0,0.0,0.0
082519,羅昇統一57購01,TW,0.0,50.0,0.0,0.0,0,0.0,0.0
082536,緯穎元富56購01,TW,0.0,40.0,0.0,0.0,0,0.0,0.0
08253U,FBNQ2X群益59售02,TW,0.0,-162.0,0.0,0.0,0,0.0,0.0
08258U,華通群益5A售01,TW,0.0,-488.0,0.0,0.0,0,0.0,0.0
08259U,國巨群益58售05,TW,0.0,11.0,0.0,0.0,0,0.0,0.0
08260U,台光電群益5A售01,TW,0.0,-339.0,0.0,0.0,0,0.0,0.0
082619,鴻海統一5C購02,TW,0.0,120.0,0.0,0.0,0,0.0,0.0
08261U,臺股指群益5A售03,TW,0.0,2.0,0.0,0.0,0,0.0,0.0
082620,台積電統一5C購04,TW,0.0,-30.0,0.0,0.0,0,0.0,0.0
08262U,元黃金群益62售03,TW,0.0,9.0,0.0,0.0,0,0.0,0.0
082656,力智元富56購01,TW,0.0,105.0,0.0,0.0,0,0.0,0.0
08266U,T50正2永豐58售03,TW,0.0,-248.0,0.0,0.0,0,0.0,0.0
08269U,臺股指富邦61售10,TW,0.0,96.0,0.0,0.0,0,0.0,0.0
08270U,川湖國票59售01,TW,0.0,74.0,0.0,0.0,0,0.0,0.0
08271U,台積電元大58售04,TW,0.0,24.0,0.0,0.0,0,0.0,0.0
082726,神基兆豐56購01,TW,0.0,-1.0,0.0,0.0,0,0.0,0.0
082727,聯詠兆豐56購01,TW,0.0,33.0,0.0,0.0,0,0.0,0.0
08272U,漢唐元大58售07,TW,0.0,-15.0,0.0,0.0,0,0.0,0.0
08274U,台積電台新58售01,TW,0.0,1085.0,0.0,0.0,0,0.0,0.0
082769,威盛統一56購01,TW,0.0,7.0,0.0,0.0,0,0.0,0.0
082771,智原統一56購02,TW,0.0,5.0,0.0,0.0,0,0.0,0.0
082772,智原統一56購03,TW,0.0,348.0,0.0,0.0,0,0.0,0.0
08278U,道瓊銀群益65售02,TW,0.0,90.0,0.0,0.0,0,0.0,0.0
08279U,道瓊銅群益62售02,TW,0.0,-6.0,0.0,0.0,0,0.0,0.0
08281U,台灣50元富58售04,TW,0.0,550.0,0.0,0.0,0,0.0,0.0
08282U,T50正2元富58售02,TW,0.0,979.0,0.0,0.0,0,0.0,0.0
08284U,元黃金元富58售03,TW,0.0,60.0,0.0,0.0,0,0.0,0.0
082874,矽力元富56購01,TW,0.0,45.0,0.0,0.0,0,0.0,0.0
08289U,國巨凱基58售07,TW,0.0,62.0,0.0,0.0,0,0.0,0.0
08290U,金像電凱基58售04,TW,0.0,562.0,0.0,0.0,0,0.0,0.0
08292U,長榮凱基59售01,TW,0.0,100.0,0.0,0.0,0,0.0,0.0
082930,所羅門統一56購02,TW,0.0,15.0,0.0,0.0,0,0.0,0.0
082931,金像電統一56購01,TW,0.0,1.0,0.0,0.0,0,0.0,0.0
082932,台光電統一56購01,TW,0.0,2.0,0.0,0.0,0,0.0,0.0
082934,德律統一56購01,TW,0.0,-5.0,0.0,0.0,0,0.0,0.0
08294U,力成凱基58售03,TW,0.0,-67.0,0.0,0.0,0,0.0,0.0
08295U,臺股指凱基5A售26,TW,0.0,-5.0,0.0,0.0,0,0.0,0.0
08296U,華通國票59售04,TW,0.0,-35.0,0.0,0.0,0,0.0,0.0
08297U,欣興國票59售04,TW,0.0,299.0,0.0,0.0,0,0.0,0.0
08298U,力成國票59售01,TW,0.0,-162.0,0.0,0.0,0,0.0,0.0
08299U,鴻海永豐59售04,TW,0.0,-131.0,0.0,0.0,0,0.0,0.0
08300U,欣興永豐59售02,TW,0.0,1.0,0.0,0.0,0,0.0,0.0
083032,聯發科第一56購01,TW,0.0,2.0,0.0,0.0,0,0.0,0.0
08303U,元黃金凱基58售07,TW,0.0,5.0,0.0,0.0,0,0.0,0.0
08304U,元金2X凱基58售10,TW,0.0,-70.0,0.0,0.0,0,0.0,0.0
083066,啟碁元富56購01,TW,0.0,0.0,0.0,0.0,0,0.0,0.0
083076,新唐兆豐56購01,TW,0.0,1.0,0.0,0.0,0,0.0,0.0
083079,一詮統一56購02,TW,0.0,4.0,0.0,0.0,0,0.0,0.0
08307U,中砂國票59售01,TW,0.0,-160.0,0.0,0.0,0,0.0,0.0
08308U,上銀國票59售01,TW,0.0,345.0,0.0,0.0,0,0.0,0.0
08313U,台灣50元富58售06,TW,0.0,255.0,0.0,0.0,0,0.0,0.0
08316U,道瓊銀元富58售14,TW,0.0,5.0,0.0,0.0,0,0.0,0.0
083177,國巨統一56購02,TW,0.0,8.0,0.0,0.0,0,0.0,0.0
083178,華泰統一5C購01,TW,0.0,-113.0,0.0,0.0,0,0.0,0.0
083180,順德統一56購01,TW,0.0,55.0,0.0,0.0,0,0.0,0.0
08318U,T50正2群益58售04,TW,0.0,406.0,0.0,0.0,0,0.0,0.0
083194,智原統一56購04,TW,0.0,35.0,0.0,0.0,0,0.0,0.0
083199,大銀統一56購01,TW,0.0,20.0,0.0,0.0,0,0.0,0.0
08319U,T50正2群益58售05,TW,0.0,172.0,0.0,0.0,0,0.0,0.0
083201,中租統一56購01,TW,0.0,-19.0,0.0,0.0,0,0.0,0.0
08321U,元金2X群益62售06,TW,0.0,129.0,0.0,0.0,0,0.0,0.0
08325U,力成群益58售04,TW,0.0,-42.0,0.0,0.0,0,0.0,0.0
08327U,康舒國票59售01,TW,0.0,46.0,0.0,0.0,0,0.0,0.0
08328U,欣興元大58售11,TW,0.0,4237.0,0.0,0.0,0,0.0,0.0
08330U,英業達群益5A售01,TW,0.0,230.0,0.0,0.0,0,0.0,0.0
08331U,金像電群益5A售01,TW,0.0,20.0,0.0,0.0,0,0.0,0.0
083330,鴻準統一56購01,TW,0.0,-35.0,0.0,0.0,0,0.0,0.0
083335,南亞科統一5C購02,TW,0.0,10.0,0.0,0.0,0,0.0,0.0
083336,友達統一56購01,TW,0.0,200.0,0.0,0.0,0,0.0,0.0
08333U,嘉晶群益5A售01,TW,0.0,97.0,0.0,0.0,0,0.0,0.0
083346,緯創統一56購01,TW,0.0,-17.0,0.0,0.0,0,0.0,0.0
083347,新日興統一56購01,TW,0.0,10.0,0.0,0.0,0,0.0,0.0
08334U,聯詠群益5A售01,TW,0.0,20.0,0.0,0.0,0,0.0,0.0
08336U,聯茂群益5A售01,TW,0.0,-56.0,0.0,0.0,0,0.0,0.0
08337U,矽格群益5A售01,TW,0.0,2.0,0.0,0.0,0,0.0,0.0
083381,中鴻元富56購01,TW,0.0,-6.0,0.0,0.0,0,0.0,0.0
08338U,旭隼群益5A售02,TW,0.0,-8.0,0.0,0.0,0,0.0,0.0
08339U,緯穎群益5A售01,TW,0.0,-299.0,0.0,0.0,0,0.0,0.0
08340U,宇瞻群益5A售02,TW,0.0,95.0,0.0,0.0,0,0.0,0.0
08342U,T50正2凱基58售02,TW,0.0,125.0,0.0,0.0,0,0.0,0.0
08344U,中砂凱基58售03,TW,0.0,220.0,0.0,0.0,0,0.0,0.0
08345U,欣興凱基5B售02,TW,0.0,80.0,0.0,0.0,0,0.0,0.0
08347U,華新元大58售11,TW,0.0,0.0,0.0,0.0,0,0.0,0.0
083503,大亞統一57購01,TW,0.0,-100.0,0.0,0.0,0,0.0,0.0
083508,智原統一56購05,TW,0.0,6.0,0.0,0.0,0,0.0,0.0
083509,智原統一56購06,TW,0.0,68.0,0.0,0.0,0,0.0,0.0
08350U,元金2X國票58售05,TW,0.0,10.0,0.0,0.0,0,0.0,0.0
083510,鈺邦統一56購02,TW,0.0,20.0,0.0,0.0,0,0.0,0.0
083512,晶心科統一59購01,TW,0.0,-10.0,0.0,0.0,0,0.0,0.0
08351U,道瓊銀國票58售11,TW,0.0,801.0,0.0,0.0,0,0.0,0.0
083545,AES永豐56購01,TW,0.0,465.0,0.0,0.0,0,0.0,0.0
08354U,中砂群益58售03,TW,0.0,30.0,0.0,0.0,0,0.0,0.0
083556,聯發科第一56購02,TW,0.0,-10.0,0.0,0.0,0,0.0,0.0
08355U,欣興群益5A售06,TW,0.0,-97.0,0.0,0.0,0,0.0,0.0
08356U,立積群益5A售03,TW,0.0,21.0,0.0,0.0,0,0.0,0.0
08358U,美費半凱基58售01,TW,0.0,-3199.0,0.0,0.0,0,0.0,0.0
08359U,英業達凱基5A售02,TW,0.0,-61.0,0.0,0.0,0,0.0,0.0
08360U,金像電凱基5A售04,TW,0.0,-106.0,0.0,0.0,0,0.0,0.0
08361U,緯創凱基5A售04,TW,0.0,-9.0,0.0,0.0,0,0.0,0.0
08362U,緯穎凱基58售06,TW,0.0,5.0,0.0,0.0,0,0.0,0.0
083632,玉晶光統一56購03,TW,0.0,10.0,0.0,0.0,0,0.0,0.0
083636,矽力統一56購01,TW,0.0,1037.0,0.0,0.0,0,0.0,0.0
083637,矽力統一56購02,TW,0.0,879.0,0.0,0.0,0,0.0,0.0
08363U,臻鼎元富58售03,TW,0.0,-254.0,0.0,0.0,0,0.0,0.0
08364U,奇鋐國票59售03,TW,0.0,-28.0,0.0,0.0,0,0.0,0.0
08365U,日月光國票59售02,TW,0.0,273.0,0.0,0.0,0,0.0,0.0
08373U,京元電凱基58售03,TW,0.0,-91.0,0.0,0.0,0,0.0,0.0
08374U,聯詠凱基5A售01,TW,0.0,-43.0,0.0,0.0,0,0.0,0.0
08375U,欣興凱基5A售01,TW,0.0,97.0,0.0,0.0,0,0.0,0.0
08376U,健鼎凱基58售02,TW,0.0,-438.0,0.0,0.0,0,0.0,0.0
08378U,聯茂凱基5A售02,TW,0.0,-145.0,0.0,0.0,0,0.0,0.0
083814,台光電統一56購04,TW,0.0,5.0,0.0,0.0,0,0.0,0.0
083818,漢唐統一56購01,TW,0.0,-10.0,0.0,0.0,0,0.0,0.0
083822,緯創統一56購02,TW,0.0,-467.0,0.0,0.0,0,0.0,0.0
083828,世芯統一56購03,TW,0.0,4.0,0.0,0.0,0,0.0,0.0
08383U,緯創群益58售05,TW,0.0,0.0,0.0,0.0,0,0.0,0.0
083856,聯發科第一56購03,TW,0.0,-10.0,0.0,0.0,0,0.0,0.0
08387U,台積電富邦58售01,TW,0.0,-1404.0,0.0,0.0,0,0.0,0.0
08388U,T50正2永豐5C售01,TW,0.0,130.0,0.0,0.0,0,0.0,0.0
08389U,道瓊銀凱基58售15,TW,0.0,-67.0,0.0,0.0,0,0.0,0.0
083901,jpp元富56購01,TW,0.0,8.0,0.0,0.0,0,0.0,0.0
08390U,奇鋐凱基58售05,TW,0.0,-185.0,0.0,0.0,0,0.0,0.0
08391U,日月光凱基59售02,TW,0.0,285.0,0.0,0.0,0,0.0,0.0
08392U,元金2X元富58售09,TW,0.0,-9.0,0.0,0.0,0,0.0,0.0
08394U,元金2X元富62售02,TW,0.0,11.0,0.0,0.0,0,0.0,0.0
08396U,中興電元大58售08,TW,0.0,2.0,0.0,0.0,0,0.0,0.0
08397U,宇瞻國票5B售01,TW,0.0,160.0,0.0,0.0,0,0.0,0.0
08399U,欣興元富59售03,TW,0.0,-1146.0,0.0,0.0,0,0.0,0.0
08400U,日月光元富58售03,TW,0.0,1938.0,0.0,0.0,0,0.0,0.0
084012,美時統一66購01,TW,0.0,3.0,0.0,0.0,0,0.0,0.0
084013,第一銅統一56購02,TW,0.0,-12.0,0.0,0.0,0,0.0,0.0
084016,聯發科統一56購05,TW,0.0,-10.0,0.0,0.0,0,0.0,0.0
084021,奇鋐統一5C購01,TW,0.0,-10.0,0.0,0.0,0,0.0,0.0
084022,亞光統一66購01,TW,0.0,-530.0,0.0,0.0,0,0.0,0.0
084025,神達統一56購02,TW,0.0,-10.0,0.0,0.0,0,0.0,0.0
08402U,日月光群益58售05,TW,0.0,859.0,0.0,0.0,0,0.0,0.0
08403U,友達元大58售07,TW,0.0,-1383.0,0.0,0.0,0,0.0,0.0
084044,臺股指群益59購03,TW,0.0,10.0,0.0,0.0,0,0.0,0.0
08404U,中興電凱基58售03,TW,0.0,0.0,0.0,0.0,0,0.0,0.0
08405U,鴻海凱基5C售05,TW,0.0,-5.0,0.0,0.0,0,0.0,0.0
08406U,台積電凱基58售22,TW,0.0,214.0,0.0,0.0,0,0.0,0.0
08408U,台積電凱基59售05,TW,0.0,35.0,0.0,0.0,0,0.0,0.0
08412U,台積電凱基59售07,TW,0.0,597.0,0.0,0.0,0,0.0,0.0
08413U,智邦凱基5A售03,TW,0.0,-14.0,0.0,0.0,0,0.0,0.0
08414U,日月光凱基58售05,TW,0.0,53.0,0.0,0.0,0,0.0,0.0
08416U,華泰國票59售01,TW,0.0,-30.0,0.0,0.0,0,0.0,0.0
08420P,台積電凱基5C售05,TW,0.0,-1.0,0.0,0.0,0,0.0,0.0
08422U,華通元富58售06,TW,0.0,68.0,0.0,0.0,0,0.0,0.0
084230,世芯永豐56購03,TW,0.0,10.0,0.0,0.0,0,0.0,0.0
08423U,台灣50台新58售02,TW,0.0,-2230.0,0.0,0.0,0,0.0,0.0
084240,華泰統一56購01,TW,0.0,200.0,0.0,0.0,0,0.0,0.0
08424U,台灣50台新58售03,TW,0.0,-4812.0,0.0,0.0,0,0.0,0.0
08427U,台積電元大58售11,TW,0.0,345.0,0.0,0.0,0,0.0,0.0
08428U,華城永豐59售01,TW,0.0,176.0,0.0,0.0,0,0.0,0.0
08429U,華通凱基58售08,TW,0.0,-89.0,0.0,0.0,0,0.0,0.0
08430U,鴻海凱基65售01,TW,0.0,13.0,0.0,0.0,0,0.0,0.0
08431U,台積電凱基59售09,TW,0.0,-299.0,0.0,0.0,0,0.0,0.0
08432U,台積電凱基5A售04,TW,0.0,531.0,0.0,0.0,0,0.0,0.0
08433U,A50正2國票59售01,TW,0.0,50.0,0.0,0.0,0,0.0,0.0
08434U,華城國票59售01,TW,0.0,10.0,0.0,0.0,0,0.0,0.0
08436U,台達電國票59售02,TW,0.0,379.0,0.0,0.0,0,0.0,0.0
08437U,台達電國票5A售05,TW,0.0,710.0,0.0,0.0,0,0.0,0.0
08438U,華通國票5A售02,TW,0.0,-71.0,0.0,0.0,0,0.0,0.0
08439U,啟碁國票59售02,TW,0.0,-6.0,0.0,0.0,0,0.0,0.0
08440U,台灣50元富58售11,TW,0.0,0.0,0.0,0.0,0,0.0,0.0
08441U,華城元大58售02,TW,0.0,179.0,0.0,0.0,0,0.0,0.0
08442U,華城群益5A售02,TW,0.0,16.0,0.0,0.0,0,0.0,0.0
08443U,台積電群益58售13,TW,0.0,350.0,0.0,0.0,0,0.0,0.0
08444U,台積電群益58售14,TW,0.0,-3.0,0.0,0.0,0,0.0,0.0
08445U,矽統群益5A售01,TW,0.0,110.0,0.0,0.0,0,0.0,0.0
08446U,欣興群益58售07,TW,0.0,-4.0,0.0,0.0,0,0.0,0.0
08448U,宇瞻群益5A售04,TW,0.0,20.0,0.0,0.0,0,0.0,0.0
084507,華晶科統一56購01,TW,0.0,15.0,0.0,0.0,0,0.0,0.0
084508,玉晶光統一56購04,TW,0.0,20.0,0.0,0.0,0,0.0,0.0
08450U,臺股指群益58售26,TW,0.0,200.0,0.0,0.0,0,0.0,0.0
084511,訊芯統一58購01,TW,0.0,-14.0,0.0,0.0,0,0.0,0.0
084512,訊芯統一5C購01,TW,0.0,69.0,0.0,0.0,0,0.0,0.0
084516,勤誠統一62購01,TW,0.0,3.0,0.0,0.0,0,0.0,0.0
08452U,電子類群益58售02,TW,0.0,26.0,0.0,0.0,0,0.0,0.0
08453U,台積電富邦5A售01,TW,0.0,40.0,0.0,0.0,0,0.0,0.0
084548,臺股指群益5B購01,TW,0.0,2.0,0.0,0.0,0,0.0,0.0
08454U,臺股指富邦5B售07,TW,0.0,60.0,0.0,0.0,0,0.0,0.0
084550,順德統一56購02,TW,0.0,-10.0,0.0,0.0,0,0.0,0.0
084551,矽統統一56購01,TW,0.0,-8.0,0.0,0.0,0,0.0,0.0
084552,技嘉統一56購01,TW,0.0,0.0,0.0,0.0,0,0.0,0.0
084554,達運光統一56購01,TW,0.0,-118.0,0.0,0.0,0,0.0,0.0
08455U,臺股指富邦5C售12,TW,0.0,1835.0,0.0,0.0,0,0.0,0.0
08456U,臺股指富邦5C售13,TW,0.0,177.0,0.0,0.0,0,0.0,0.0
08457U,台灣50國泰5A售01,TW,0.0,41.0,0.0,0.0,0,0.0,0.0
08458U,台光電國泰5B售01,TW,0.0,-83.0,0.0,0.0,0,0.0,0.0
08459U,台灣50國票59售03,TW,0.0,68.0,0.0,0.0,0,0.0,0.0
08460U,台灣50國票59售04,TW,0.0,105.0,0.0,0.0,0,0.0,0.0
08461U,華通國票5A售04,TW,0.0,-20.0,0.0,0.0,0,0.0,0.0
08462U,華通國票5A售05,TW,0.0,486.0,0.0,0.0,0,0.0,0.0
08463U,欣興國票5A售02,TW,0.0,-814.0,0.0,0.0,0,0.0,0.0
08464U,欣興國票5A售03,TW,0.0,-279.0,0.0,0.0,0,0.0,0.0
08465U,欣興國票5A售04,TW,0.0,203.0,0.0,0.0,0,0.0,0.0
08466U,致茂永豐59售01,TW,0.0,53.0,0.0,0.0,0,0.0,0.0
08467U,道瓊銀群益59售03,TW,0.0,-10.0,0.0,0.0,0,0.0,0.0
08469U,台積電群益63售02,TW,0.0,2.0,0.0,0.0,0,0.0,0.0
08471U,奇鋐群益5A售06,TW,0.0,-273.0,0.0,0.0,0,0.0,0.0
08472U,聯鈞群益59售03,TW,0.0,379.0,0.0,0.0,0,0.0,0.0
08473U,華城凱基5A售01,TW,0.0,-6.0,0.0,0.0,0,0.0,0.0
08474U,台積電凱基59售10,TW,0.0,31.0,0.0,0.0,0,0.0,0.0
08475U,欣興凱基59售05,TW,0.0,-177.0,0.0,0.0,0,0.0,0.0
08476U,啟碁凱基59售02,TW,0.0,-50.0,0.0,0.0,0,0.0,0.0
08477U,臺股指凱基5A售27,TW,0.0,368.0,0.0,0.0,0,0.0,0.0
08478U,道瓊銀元富59售02,TW,0.0,284.0,0.0,0.0,0,0.0,0.0
08479U,華通元富59售07,TW,0.0,8.0,0.0,0.0,0,0.0,0.0
08480U,京元電元富59售03,TW,0.0,-28.0,0.0,0.0,0,0.0,0.0
08481U,欣興元富59售05,TW,0.0,-657.0,0.0,0.0,0,0.0,0.0
08485U,臺股指元富5A售07,TW,0.0,1.0,0.0,0.0,0,0.0,0.0
08486U,台灣50富邦5C售08,TW,0.0,20.0,0.0,0.0,0,0.0,0.0
084888,宇隆統一56購02,TW,0.0,43.0,0.0,0.0,0,0.0,0.0
084889,旺宏統一5C購01,TW,0.0,-3.0,0.0,0.0,0,0.0,0.0
08488U,台灣50凱基59售06,TW,0.0,325.0,0.0,0.0,0,0.0,0.0
084891,南亞科統一66購01,TW,0.0,-308.0,0.0,0.0,0,0.0,0.0
084892,晶豪科統一66購01,TW,0.0,20.0,0.0,0.0,0,0.0,0.0
08489U,臺股指凱基5C售08,TW,0.0,205.0,0.0,0.0,0,0.0,0.0
08491U,台光電元大59售02,TW,0.0,1023.0,0.0,0.0,0,0.0,0.0
08492U,台光電國票5A售03,TW,0.0,-1105.0,0.0,0.0,0,0.0,0.0
08493U,台光電國票5A售04,TW,0.0,20.0,0.0,0.0,0,0.0,0.0
08494U,國精化國票5A售02,TW,0.0,200.0,0.0,0.0,0,0.0,0.0
08495U,眾達國票5A售03,TW,0.0,1324.0,0.0,0.0,0,0.0,0.0
08496U,南亞凱基59售09,TW,0.0,-12.0,0.0,0.0,0,0.0,0.0
08499U,台光電凱基59售05,TW,0.0,4.0,0.0,0.0,0,0.0,0.0
08500U,台積電元大59售09,TW,0.0,1112.0,0.0,0.0,0,0.0,0.0
085011,瑞昱統一56購01,TW,0.0,-30.0,0.0,0.0,0,0.0,0.0
085014,牧德統一56購02,TW,0.0,120.0,0.0,0.0,0,0.0,0.0
08503U,台積電群益59售08,TW,0.0,124.0,0.0,0.0,0,0.0,0.0
08505U,臺股指群益5A售04,TW,0.0,8.0,0.0,0.0,0,0.0,0.0
08506U,元石油國票59售02,TW,0.0,-609.0,0.0,0.0,0,0.0,0.0
08507U,光罩國票5A售03,TW,0.0,-50.0,0.0,0.0,0,0.0,0.0
08508U,台灣50元大59售04,TW,0.0,70.0,0.0,0.0,0,0.0,0.0
08509U,SGBR2X元大59售05,TW,0.0,8.0,0.0,0.0,0,0.0,0.0
085105,亞翔統一5C購01,TW,0.0,3.0,0.0,0.0,0,0.0,0.0
08510U,台積電元大59售11,TW,0.0,-28.0,0.0,0.0,0,0.0,0.0
085111,長榮永豐57購01,TW,0.0,0.0,0.0,0.0,0,0.0,0.0
08511U,奇鋐元大59售11,TW,0.0,12.0,0.0,0.0,0,0.0,0.0
08512U,臺股指元大59售25,TW,0.0,220.0,0.0,0.0,0,0.0,0.0
08514U,臺股指元大5A售13,TW,0.0,839.0,0.0,0.0,0,0.0,0.0
08515U,臺股指元大5A售14,TW,0.0,1533.0,0.0,0.0,0,0.0,0.0
08517U,南亞群益59售04,TW,0.0,18.0,0.0,0.0,0,0.0,0.0
08519U,台積電凱基63售04,TW,0.0,-536.0,0.0,0.0,0,0.0,0.0
08520U,臺股指凱基5A售28,TW,0.0,-215.0,0.0,0.0,0,0.0,0.0
08521U,FB科技凱基5A售02,TW,0.0,-447.0,0.0,0.0,0,0.0,0.0
085225,南亞科元大55購03,TW,0.0,1.0,0.0,0.0,0,0.0,0.0
08522U,奇鋐凱基59售05,TW,0.0,0.0,0.0,0.0,0,0.0,0.0
08523U,華泰國票5A售02,TW,0.0,4.0,0.0,0.0,0,0.0,0.0
08524U,台積電國票59售06,TW,0.0,-212.0,0.0,0.0,0,0.0,0.0
085277,亞翔統一62購01,TW,0.0,173.0,0.0,0.0,0,0.0,0.0
085278,帆宣統一5C購01,TW,0.0,8.0,0.0,0.0,0,0.0,0.0
085280,昇陽半統一56購01,TW,0.0,4.0,0.0,0.0,0,0.0,0.0
085281,勤誠統一62購02,TW,0.0,102.0,0.0,0.0,0,0.0,0.0
08528U,汎銓國票5B售02,TW,0.0,46.0,0.0,0.0,0,0.0,0.0
08529U,臺股指國票59售03,TW,0.0,166.0,0.0,0.0,0,0.0,0.0
08530U,臺股指國票59售04,TW,0.0,45.0,0.0,0.0,0,0.0,0.0
08531U,臺股指元富5A售09,TW,0.0,-51.0,0.0,0.0,0,0.0,0.0
085329,聯發科第一56購05,TW,0.0,-10.0,0.0,0.0,0,0.0,0.0
08532U,臺股指元富5A售10,TW,0.0,1080.0,0.0,0.0,0,0.0,0.0
08533U,台灣50群益59售04,TW,0.0,65.0,0.0,0.0,0,0.0,0.0
08534U,台灣50群益59售05,TW,0.0,1.0,0.0,0.0,0,0.0,0.0
08535U,台灣50群益59售06,TW,0.0,78.0,0.0,0.0,0,0.0,0.0
08536U,華城群益59售02,TW,0.0,15.0,0.0,0.0,0,0.0,0.0
08537U,英業達群益59售03,TW,0.0,20.0,0.0,0.0,0,0.0,0.0
08538U,微星群益59售02,TW,0.0,-60.0,0.0,0.0,0,0.0,0.0
08544U,德律群益63售01,TW,0.0,-10.0,0.0,0.0,0,0.0,0.0
08545U,世芯群益59售05,TW,0.0,489.0,0.0,0.0,0,0.0,0.0
085464,群光統一56購01,TW,0.0,45.0,0.0,0.0,0,0.0,0.0
085465,全新統一58購01,TW,0.0,0.0,0.0,0.0,0,0.0,0.0
085471,帆宣統一56購01,TW,0.0,-20.0,0.0,0.0,0,0.0,0.0
085473,鈺邦統一58購01,TW,0.0,1.0,0.0,0.0,0,0.0,0.0
08547U,宇瞻群益59售01,TW,0.0,-4.0,0.0,0.0,0,0.0,0.0
08549U,臺股指群益5A售07,TW,0.0,60.0,0.0,0.0,0,0.0,0.0
08551U,臺股指中信5C售08,TW,0.0,1182.0,0.0,0.0,0,0.0,0.0
08552U,台積電台新59售03,TW,0.0,136.0,0.0,0.0,0,0.0,0.0
08553U,道瓊2X凱基5A售01,TW,0.0,-85.0,0.0,0.0,0,0.0,0.0
08554U,德律凱基59售03,TW,0.0,3.0,0.0,0.0,0,0.0,0.0
08555U,世芯凱基59售05,TW,0.0,28.0,-12.0,0.0,0,0.0,0.0
08556U,緯穎凱基5B售04,TW,0.0,-55.0,0.0,0.0,0,0.0,0.0
085572,精成科元大55購01,TW,0.0,54.0,0.0,0.0,0,0.0,0.0
08558U,台積電統一63售06,TW,0.0,-16.0,0.0,0.0,0,0.0,0.0
08559U,SGBR2X元大59售08,TW,0.0,1.0,0.0,0.0,0,0.0,0.0
085602,台積電永豐66購02,TW,0.0,3.0,0.0,0.0,0,0.0,0.0
08560U,台積電元大59售15,TW,0.0,-2632.0,0.0,0.0,0,0.0,0.0
085628,廣宇統一56購01,TW,0.0,1.0,0.0,0.0,0,0.0,0.0
085630,零壹統一5C購01,TW,0.0,4.0,0.0,0.0,0,0.0,0.0
085631,緯創統一56購03,TW,0.0,-190.0,0.0,0.0,0,0.0,0.0
085632,緯創統一5C購01,TW,0.0,56.0,0.0,0.0,0,0.0,0.0
085633,京鼎統一56購02,TW,0.0,-10.0,0.0,0.0,0,0.0,0.0
085638,立積統一56購05,TW,0.0,33.0,0.0,0.0,0,0.0,0.0
085639,立積統一5C購01,TW,0.0,-45.0,0.0,0.0,0,0.0,0.0
08563U,智邦群益59售05,TW,0.0,99.0,0.0,0.0,0,0.0,0.0
085644,矽創兆豐56購01,TW,0.0,11.0,0.0,0.0,0,0.0,0.0
085661,緯創元富56購01,TW,0.0,-16.0,0.0,0.0,0,0.0,0.0
08566U,奇鋐群益59售10,TW,0.0,-2.0,0.0,0.0,0,0.0,0.0
085670,道瓊銅國票59購01,TW,0.0,89.0,0.0,0.0,0,0.0,0.0
08567U,啟碁群益59售04,TW,0.0,-20.0,0.0,0.0,0,0.0,0.0
08568U,滬深2X國票5C售01,TW,0.0,191.0,0.0,0.0,0,0.0,0.0
08569U,南亞國票5A售02,TW,0.0,260.0,0.0,0.0,0,0.0,0.0
085710,精成科凱基56購01,TW,0.0,-5.0,0.0,0.0,0,0.0,0.0
08572U,台灣50元富59售03,TW,0.0,211.0,0.0,0.0,0,0.0,0.0
08573U,鴻海元富59售02,TW,0.0,501.0,0.0,0.0,0,0.0,0.0
085749,精成科元大55購02,TW,0.0,45.0,0.0,0.0,0,0.0,0.0
08574U,定穎控元富59售02,TW,0.0,-118.0,0.0,0.0,0,0.0,0.0
08577U,臺股指元富59售15,TW,0.0,26.0,0.0,0.0,0,0.0,0.0
085785,友達統一56購02,TW,0.0,10.0,0.0,0.0,0,0.0,0.0
085786,盟立統一56購01,TW,0.0,13.0,0.0,0.0,0,0.0,0.0
085787,玉晶光統一56購05,TW,0.0,10.0,0.0,0.0,0,0.0,0.0
08578U,台灣50中信63售03,TW,0.0,-4.0,0.0,0.0,0,0.0,0.0
08579U,臺指2X中信63售02,TW,0.0,3206.0,0.0,0.0,0,0.0,0.0
08580U,台積電中信63售03,TW,0.0,69.0,0.0,0.0,0,0.0,0.0
08581U,臺股指中信5C售10,TW,0.0,525.0,0.0,0.0,0,0.0,0.0
08582U,牧德國票5A售03,TW,0.0,-21.0,0.0,0.0,0,0.0,0.0
08583U,貿聯國票5A售02,TW,0.0,1816.0,0.0,0.0,0,0.0,0.0
08584U,滬深2X凱基5C售01,TW,0.0,-290.0,0.0,0.0,0,0.0,0.0
08585U,元石油凱基59售01,TW,0.0,32.0,0.0,0.0,0,0.0,0.0
08588U,萬海凱基61售01,TW,0.0,0.0,0.0,0.0,0,0.0,0.0
08589U,奇鋐凱基5A售05,TW,0.0,364.0,0.0,0.0,0,0.0,0.0
08590U,世芯台新59售01,TW,0.0,136.0,0.0,0.0,0,0.0,0.0
08591U,台灣50元大59售06,TW,0.0,0.0,0.0,0.0,0,0.0,0.0
08593U,臺股指元大59售28,TW,0.0,-141.0,0.0,0.0,0,0.0,0.0
08595U,上銀元富59售02,TW,0.0,-162.0,0.0,0.0,0,0.0,0.0
08596U,啟碁元富59售02,TW,0.0,-136.0,0.0,0.0,0,0.0,0.0
085976,威盛統一57購01,TW,0.0,116.0,0.0,0.0,0,0.0,0.0
085977,聯鈞統一57購01,TW,0.0,14.0,0.0,0.0,0,0.0,0.0
08597U,元石油群益63售02,TW,0.0,4.0,0.0,0.0,0,0.0,0.0
085981,采鈺統一57購02,TW,0.0,0.0,0.0,0.0,0,0.0,0.0
086000,新光鋼元富57購01,TW,0.0,7.0,0.0,0.0,0,0.0,0.0
086002,偉詮電元富57購01,TW,0.0,-4.0,0.0,0.0,0,0.0,0.0
086009,世芯元富57購01,TW,0.0,20.0,0.0,0.0,0,0.0,0.0
08602U,緯創群益5A售03,TW,0.0,-4.0,0.0,0.0,0,0.0,0.0
08603U,新日興群益63售01,TW,0.0,-45.0,0.0,0.0,0,0.0,0.0
08605U,緯穎群益59售07,TW,0.0,-20.0,0.0,0.0,0,0.0,0.0
08607U,臺股指群益5A售16,TW,0.0,30.0,0.0,0.0,0,0.0,0.0
08608U,臺股指群益5A售17,TW,0.0,66.0,0.0,0.0,0,0.0,0.0
08609U,台積電富邦73售01,TW,0.0,-68.0,0.0,0.0,0,0.0,0.0
08610U,台積電富邦73售02,TW,0.0,933.0,0.0,0.0,0,0.0,0.0
08612U,健策國票5A售06,TW,0.0,-11.0,0.0,0.0,0,0.0,0.0
08613U,健策國票5A售07,TW,0.0,1.0,0.0,0.0,0,0.0,0.0
08614U,健策國票5A售08,TW,0.0,197.0,0.0,0.0,0,0.0,0.0
08615U,台灣50元富59售07,TW,0.0,24.0,0.0,0.0,0,0.0,0.0
08616U,台灣50群益59售08,TW,0.0,117.0,0.0,0.0,0,0.0,0.0
08618U,健策群益5B售02,TW,0.0,24.0,0.0,0.0,0,0.0,0.0
08619U,健策群益63售02,TW,0.0,-88.0,0.0,0.0,0,0.0,0.0
086206,聯發科統一67購01,TW,0.0,-51.0,0.0,0.0,0,0.0,0.0
08620U,長興凱基59售02,TW,0.0,-684.0,0.0,0.0,0,0.0,0.0
086210,聯詠統一57購01,TW,0.0,-70.0,0.0,0.0,0,0.0,0.0
086211,融程電統一59購01,TW,0.0,15.0,0.0,0.0,0,0.0,0.0
086212,融程電統一5B購01,TW,0.0,-91.0,0.0,0.0,0,0.0,0.0
086218,敦泰統一57購02,TW,0.0,158.0,0.0,0.0,0,0.0,0.0
086219,樺漢統一57購01,TW,0.0,-1.0,0.0,0.0,0,0.0,0.0
08621U,智邦凱基59售05,TW,0.0,-381.0,0.0,0.0,0,0.0,0.0
086222,天虹統一57購02,TW,0.0,-400.0,0.0,0.0,0,0.0,0.0
08622U,毅嘉凱基59售03,TW,0.0,2.0,0.0,0.0,0,0.0,0.0
08623U,啟碁凱基59售06,TW,0.0,2.0,0.0,0.0,0,0.0,0.0
08624U,臺股指凱基5A售36,TW,0.0,7.0,0.0,0.0,0,0.0,0.0
08625U,臺股指凱基5A售37,TW,0.0,30.0,0.0,0.0,0,0.0,0.0
08626U,臺股指凱基5A售38,TW,0.0,1066.0,0.0,0.0,0,0.0,0.0
08627U,台積電元大59售20,TW,0.0,-200.0,0.0,0.0,0,0.0,0.0
08628U,萬海中信59售02,TW,0.0,-1.0,0.0,0.0,0,0.0,0.0
08629U,奇鋐中信59售03,TW,0.0,16.0,0.0,0.0,0,0.0,0.0
08631U,台積電台新59售04,TW,0.0,4.0,0.0,0.0,0,0.0,0.0
086328,精成科元大57購01,TW,0.0,-185.0,0.0,0.0,0,0.0,0.0
08632U,緯穎富邦5A售03,TW,0.0,102.0,0.0,0.0,0,0.0,0.0
086335,臻鼎兆豐57購01,TW,0.0,1.0,0.0,0.0,0,0.0,0.0
086338,天虹兆豐57購01,TW,0.0,-5.0,0.0,0.0,0,0.0,0.0
08633U,台灣50凱基5A售04,TW,0.0,30.0,0.0,0.0,0,0.0,0.0
08634U,元石油國票59售03,TW,0.0,105.0,0.0,0.0,0,0.0,0.0
086350,世芯第一57購01,TW,0.0,-2.0,0.0,0.0,0,0.0,0.0
08635U,SGBR2X國票59售03,TW,0.0,-4.0,0.0,0.0,0,0.0,0.0
086363,宏達電凱基57購01,TW,0.0,-170.0,0.0,0.0,0,0.0,0.0
08636U,新興國票5A售05,TW,0.0,-35.0,0.0,0.0,0,0.0,0.0
08637U,景碩國票5A售02,TW,0.0,-364.0,0.0,0.0,0,0.0,0.0
086381,穎崴凱基57購01,TW,0.0,60.0,0.0,0.0,0,0.0,0.0
086394,宏達電元富57購01,TW,0.0,98.0,0.0,0.0,0,0.0,0.0
08639U,SGBR2X元大59售11,TW,0.0,-90.0,0.0,0.0,0,0.0,0.0
08640U,鴻海元大59售08,TW,0.0,17.0,0.0,0.0,0,0.0,0.0
086443,卜蜂統一57購01,TW,0.0,0.0,0.0,0.0,0,0.0,0.0
086446,宏達電統一57購01,TW,0.0,-20.0,0.0,0.0,0,0.0,0.0
086448,大立光統一67購01,TW,0.0,756.0,0.0,0.0,0,0.0,0.0
086449,全漢統一57購01,TW,0.0,20.0,0.0,0.0,0,0.0,0.0
086450,偉訓統一5B購01,TW,0.0,10.0,0.0,0.0,0,0.0,0.0
086453,文曄統一57購03,TW,0.0,-14.0,0.0,0.0,0,0.0,0.0
086454,文曄統一59購01,TW,0.0,-39.0,0.0,0.0,0,0.0,0.0
086457,華擎統一61購01,TW,0.0,0.0,0.0,0.0,0,0.0,0.0
086458,華擎統一61購02,TW,0.0,-159.0,0.0,0.0,0,0.0,0.0
086459,永信統一59購01,TW,0.0,10.0,0.0,0.0,0,0.0,0.0
08645U,台積電群益59售12,TW,0.0,15.0,0.0,0.0,0,0.0,0.0
086463,智伸科統一57購01,TW,0.0,-20.0,0.0,0.0,0,0.0,0.0
086464,智伸科統一57購02,TW,0.0,-345.0,0.0,0.0,0,0.0,0.0
086465,智伸科統一61購01,TW,0.0,-141.0,0.0,0.0,0,0.0,0.0
086466,智伸科統一61購02,TW,0.0,-188.0,0.0,0.0,0,0.0,0.0
086471,勤誠統一57購01,TW,0.0,-10.0,0.0,0.0,0,0.0,0.0
086472,勤誠統一57購02,TW,0.0,11.0,0.0,0.0,0,0.0,0.0
08647U,台塑中信59售03,TW,0.0,204.0,0.0,0.0,0,0.0,0.0
08648U,陽明中信59售02,TW,0.0,52.0,0.0,0.0,0,0.0,0.0
08649U,日月光中信59售02,TW,0.0,275.0,0.0,0.0,0,0.0,0.0
08650U,華通台新59售04,TW,0.0,-2.0,0.0,0.0,0,0.0,0.0
08651U,台灣50元大59售09,TW,0.0,500.0,0.0,0.0,0,0.0,0.0
08652U,鴻海元大59售11,TW,0.0,356.0,0.0,0.0,0,0.0,0.0
08653U,台積電元大59售22,TW,0.0,-305.0,-30.0,0.0,0,0.0,0.0
08654U,創見國票5A售03,TW,0.0,-128.0,0.0,0.0,0,0.0,0.0
08656U,川湖元富59售03,TW,0.0,150.0,0.0,0.0,0,0.0,0.0
08658U,世芯元富59售04,TW,0.0,-70.0,0.0,0.0,0,0.0,0.0
08659U,緯穎元富59售05,TW,0.0,-12.0,0.0,0.0,0,0.0,0.0
086609,鴻海兆豐57購01,TW,0.0,11.0,0.0,0.0,0,0.0,0.0
08660U,台灣50群益59售09,TW,0.0,657.0,0.0,0.0,0,0.0,0.0
08663U,景碩群益63售01,TW,0.0,-207.0,0.0,0.0,0,0.0,0.0
08664U,聯茂群益59售03,TW,0.0,90.0,0.0,0.0,0,0.0,0.0
086658,中砂統一57購01,TW,0.0,-10.0,0.0,0.0,0,0.0,0.0
086663,宏達電統一57購02,TW,0.0,-58.0,0.0,0.0,0,0.0,0.0
086664,長榮航統一57購01,TW,0.0,-40.0,0.0,0.0,0,0.0,0.0
086668,新日興統一57購03,TW,0.0,50.0,0.0,0.0,0,0.0,0.0
086669,華擎統一57購03,TW,0.0,-10.0,0.0,0.0,0,0.0,0.0
086671,世芯統一58購03,TW,0.0,5.0,0.0,0.0,0,0.0,0.0
086672,神達統一57購01,TW,0.0,7.0,0.0,0.0,0,0.0,0.0
086676,矽力統一57購01,TW,0.0,861.0,0.0,0.0,0,0.0,0.0
086678,緯穎統一58購01,TW,0.0,-30.0,0.0,0.0,0,0.0,0.0
08667U,臺股指群益5B售12,TW,0.0,50.0,0.0,0.0,0,0.0,0.0
08668U,創見凱基59售06,TW,0.0,40.0,0.0,0.0,0,0.0,0.0
086692,精成科元富57購01,TW,0.0,5.0,0.0,0.0,0,0.0,0.0
08669U,景碩凱基5A售05,TW,0.0,1667.0,0.0,0.0,0,0.0,0.0
08671U,臺股指富邦63售05,TW,0.0,901.0,0.0,0.0,0,0.0,0.0
08672U,牧德國票5A售04,TW,0.0,80.0,0.0,0.0,0,0.0,0.0
08673U,台灣50元富59售09,TW,0.0,869.0,0.0,0.0,0,0.0,0.0
08674U,鴻海元富59售03,TW,0.0,8.0,0.0,0.0,0,0.0,0.0
08675U,大立光元富59售03,TW,0.0,1.0,0.0,0.0,0,0.0,0.0
08676U,緯創中信59售02,TW,0.0,40.0,0.0,0.0,0,0.0,0.0
08677U,臺股指中信5C售12,TW,0.0,602.0,0.0,0.0,0,0.0,0.0
08678U,日本2X元大5A售01,TW,0.0,-267.0,0.0,0.0,0,0.0,0.0
08680U,SGBR2X元大5A售03,TW,0.0,4.0,0.0,0.0,0,0.0,0.0
086820,世芯元富58購02,TW,0.0,538.0,0.0,0.0,0,0.0,0.0
08684U,台積電群益59售14,TW,0.0,959.0,0.0,0.0,0,0.0,0.0
086862,南港兆豐57購01,TW,0.0,-50.0,0.0,0.0,0,0.0,0.0
08686U,臺股指凱基5A售39,TW,0.0,114.0,0.0,0.0,0,0.0,0.0
08687U,臺股指凱基5C售11,TW,0.0,-467.0,0.0,0.0,0,0.0,0.0
08688U,台灣50國票59售07,TW,0.0,-40.0,0.0,0.0,0,0.0,0.0
086894,中砂統一61購01,TW,0.0,173.0,0.0,0.0,0,0.0,0.0
086895,台積電統一67購02,TW,0.0,5.0,0.0,0.0,0,0.0,0.0
08689U,台灣50國票5A售03,TW,0.0,250.0,0.0,0.0,0,0.0,0.0
086901,宏達電統一61購01,TW,0.0,-67.0,0.0,0.0,0,0.0,0.0
086904,瑞智統一57購01,TW,0.0,12.0,0.0,0.0,0,0.0,0.0
086907,力積電統一59購01,TW,0.0,10.0,0.0,0.0,0,0.0,0.0
086908,天虹統一59購01,TW,0.0,-44.0,0.0,0.0,0,0.0,0.0
08690U,元石油國票59售05,TW,0.0,-25.0,0.0,0.0,0,0.0,0.0
08691U,S&P正2國票59售01,TW,0.0,0.0,0.0,0.0,0,0.0,0.0
08692U,FBNQ2X國票59售02,TW,0.0,-105.0,0.0,0.0,0,0.0,0.0
08694U,金像電國票5A售02,TW,0.0,-47.0,0.0,0.0,0,0.0,0.0
08695U,宇瞻國票5A售04,TW,0.0,53.0,0.0,0.0,0,0.0,0.0
086963,儒鴻兆豐57購01,TW,0.0,-44.0,0.0,0.0,0,0.0,0.0
08697U,電子類國票59售03,TW,0.0,9.0,0.0,0.0,0,0.0,0.0
086981,光寶科統一57購01,TW,0.0,20.0,0.0,0.0,0,0.0,0.0
086982,光寶科統一57購02,TW,0.0,10.0,0.0,0.0,0,0.0,0.0
086985,鴻海統一59購01,TW,0.0,11.0,0.0,0.0,0,0.0,0.0
086986,鴻海統一67購01,TW,0.0,30.0,0.0,0.0,0,0.0,0.0
086987,台積電統一67購03,TW,0.0,-135.0,0.0,0.0,0,0.0,0.0
08698U,電子類國票59售04,TW,0.0,529.0,0.0,0.0,0,0.0,0.0
086993,全新統一57購01,TW,0.0,9.0,0.0,0.0,0,0.0,0.0
086994,全新統一59購01,TW,0.0,21.0,0.0,0.0,0,0.0,0.0
086995,宏達電統一59購01,TW,0.0,-613.0,0.0,0.0,0,0.0,0.0
086997,智原統一56購08,TW,0.0,20.0,0.0,0.0,0,0.0,0.0
086999,新日興統一56購04,TW,0.0,10.0,0.0,0.0,0,0.0,0.0
08699U,金融類國票59售02,TW,0.0,229.0,0.0,0.0,0,0.0,0.0
087000,世芯統一56購04,TW,0.0,2.0,0.0,0.0,0,0.0,0.0
087002,貿聯統一61購01,TW,0.0,-50.0,0.0,0.0,0,0.0,0.0
087003,神達統一56購03,TW,0.0,-28.0,0.0,0.0,0,0.0,0.0
08701U,臺股指富邦5C售15,TW,0.0,557.0,0.0,0.0,0,0.0,0.0
08702U,臺股指富邦5C售16,TW,0.0,1331.0,0.0,0.0,0,0.0,0.0
08703U,嘉澤中信59售01,TW,0.0,-42.0,0.0,0.0,0,0.0,0.0
08704U,鴻海群益61售03,TW,0.0,226.0,0.0,0.0,0,0.0,0.0
08708U,臺股指群益59售35,TW,0.0,1291.0,0.0,0.0,0,0.0,0.0
08709U,臺股指群益59售36,TW,0.0,25.0,0.0,0.0,0,0.0,0.0
087108,智原元大57購01,TW,0.0,1.0,0.0,0.0,0,0.0,0.0
08710U,臺股指群益59售37,TW,0.0,12.0,0.0,0.0,0,0.0,0.0
08711U,臺股指群益59售38,TW,0.0,-113.0,0.0,0.0,0,0.0,0.0
08712U,臺股指群益59售39,TW,0.0,-41.0,0.0,0.0,0,0.0,0.0
08713U,臺指2X中信63售04,TW,0.0,123.0,0.0,0.0,0,0.0,0.0
08714U,南亞中信59售05,TW,0.0,1.0,0.0,0.0,0,0.0,0.0
08715U,台灣50凱基5A售06,TW,0.0,3.0,0.0,0.0,0,0.0,0.0
087166,台積電凱基67購01,TW,0.0,2.0,0.0,0.0,0,0.0,0.0
08717U,愛普凱基59售06,TW,0.0,668.0,0.0,0.0,0,0.0,0.0
08718U,臺股指凱基5C售12,TW,0.0,70.0,0.0,0.0,0,0.0,0.0
087192,上銀統一56購02,TW,0.0,20.0,0.0,0.0,0,0.0,0.0
087193,雄獅統一57購01,TW,0.0,5.0,0.0,0.0,0,0.0,0.0
087194,雄獅統一61購01,TW,0.0,-56.0,0.0,0.0,0,0.0,0.0
087196,景碩統一57購02,TW,0.0,0.0,0.0,0.0,0,0.0,0.0
087198,臻鼎統一57購02,TW,0.0,1.0,0.0,0.0,0,0.0,0.0
087199,佳必琪統一57購01,TW,0.0,-83.0,0.0,0.0,0,0.0,0.0
08719U,臺股指群益59售40,TW,0.0,67.0,0.0,0.0,0,0.0,0.0
08720U,台虹國票5A售02,TW,0.0,25.0,0.0,0.0,0,0.0,0.0
08722U,國泰金元富59售02,TW,0.0,29.0,0.0,0.0,0,0.0,0.0
08723U,FBNQ2X元大5A售01,TW,0.0,286.0,0.0,0.0,0,0.0,0.0
08725U,奇鋐元大59售25,TW,0.0,1184.0,0.0,0.0,0,0.0,0.0
08726U,亞翔中信5B售04,TW,0.0,30.0,0.0,0.0,0,0.0,0.0
08727U,臺股指中信63售01,TW,0.0,-228.0,0.0,0.0,0,0.0,0.0
08728U,華通凱基59售03,TW,0.0,-478.0,0.0,0.0,0,0.0,0.0
08729U,SGBR2X國票59售07,TW,0.0,-2.0,0.0,0.0,0,0.0,0.0
08730U,景碩國票5A售07,TW,0.0,-124.0,0.0,0.0,0,0.0,0.0
087313,漢唐統一63購01,TW,0.0,-6.0,0.0,0.0,0,0.0,0.0
08731U,景碩國票5A售08,TW,0.0,-165.0,0.0,0.0,0,0.0,0.0
08732U,至上國票5A售02,TW,0.0,-33.0,0.0,0.0,0,0.0,0.0
08733U,華通元大59售17,TW,0.0,-122.0,0.0,0.0,0,0.0,0.0
08735U,華通群益63售04,TW,0.0,-14.0,0.0,0.0,0,0.0,0.0
087365,中砂元大56購04,TW,0.0,45.0,0.0,0.0,0,0.0,0.0
08737U,眾達群益59售03,TW,0.0,110.0,0.0,0.0,0,0.0,0.0
08738U,臺股指群益5B售15,TW,0.0,60.0,0.0,0.0,0,0.0,0.0
08739U,臺股指群益5B售16,TW,0.0,18.0,0.0,0.0,0,0.0,0.0
08740U,電子類群益5B售01,TW,0.0,541.0,0.0,0.0,0,0.0,0.0
08741U,台積電中信63售06,TW,0.0,-14.0,0.0,0.0,0,0.0,0.0
08742U,創見中信59售03,TW,0.0,54.0,0.0,0.0,0,0.0,0.0
08743U,至上台新59售02,TW,0.0,-7.0,0.0,0.0,0,0.0,0.0
087446,亞光群益57購01,TW,0.0,6.0,0.0,0.0,0,0.0,0.0
08744U,台灣50富邦5C售11,TW,0.0,-490.0,0.0,0.0,0,0.0,0.0
087476,奇鋐永豐57購01,TW,0.0,1.0,0.0,0.0,0,0.0,0.0
08747U,國巨群益5B售03,TW,0.0,-394.0,0.0,0.0,0,0.0,0.0
087483,第一銅統一57購01,TW,0.0,400.0,0.0,0.0,0,0.0,0.0
087485,上銀統一57購02,TW,0.0,163.0,0.0,0.0,0,0.0,0.0
087486,矽統統一57購01,TW,0.0,30.0,0.0,0.0,0,0.0,0.0
087487,矽統統一57購02,TW,0.0,21.0,0.0,0.0,0,0.0,0.0
087488,矽統統一59購01,TW,0.0,11.0,0.0,0.0,0,0.0,0.0
087489,矽統統一61購01,TW,0.0,-158.0,0.0,0.0,0,0.0,0.0
08748U,國巨群益63售02,TW,0.0,1476.0,0.0,0.0,0,0.0,0.0
087497,昇陽半統一59購01,TW,0.0,12.0,0.0,0.0,0,0.0,0.0
087498,聯發科第一57購01,TW,0.0,-10.0,0.0,0.0,0,0.0,0.0
08749U,奇鋐群益59售15,TW,0.0,171.0,0.0,0.0,0,0.0,0.0
08750U,臺股指群益65售02,TW,0.0,381.0,-250.0,0.0,0,0.0,0.0
08751U,元石油國票59售06,TW,0.0,-88.0,0.0,0.0,0,0.0,0.0
08752U,愛普國票5A售02,TW,0.0,10.0,0.0,0.0,0,0.0,0.0
08753U,京元電元富59售07,TW,0.0,-35.0,0.0,0.0,0,0.0,0.0
08754U,臺股指元富59售18,TW,0.0,40.0,0.0,0.0,0,0.0,0.0
08755U,至上凱基59售04,TW,0.0,-2.0,0.0,0.0,0,0.0,0.0
08756U,元石油元大5A售02,TW,0.0,-100.0,0.0,0.0,0,0.0,0.0
08758U,SGBR2X元大5A售05,TW,0.0,55.0,0.0,0.0,0,0.0,0.0
087608,瀚宇博元富57購01,TW,0.0,24.0,0.0,0.0,0,0.0,0.0
08761U,台灣50凱基63售06,TW,0.0,10.0,0.0,0.0,0,0.0,0.0
08762U,國巨凱基59售08,TW,0.0,-1154.0,0.0,0.0,0,0.0,0.0
08763U,奇鋐凱基59售09,TW,0.0,1559.0,0.0,0.0,0,0.0,0.0
087649,緯穎第一57購01,TW,0.0,-20.0,0.0,0.0,0,0.0,0.0
08764U,貿聯凱基59售06,TW,0.0,934.0,0.0,0.0,0,0.0,0.0
087656,台積電凱基67購04,TW,0.0,-20.0,0.0,0.0,0,0.0,0.0
08765U,元石油群益59售01,TW,0.0,-101.0,0.0,0.0,0,0.0,0.0
08766U,智邦群益59售09,TW,0.0,25.0,0.0,0.0,0,0.0,0.0
087678,矽統統一61購02,TW,0.0,79.0,0.0,0.0,0,0.0,0.0
08767U,訊芯群益5B售01,TW,0.0,275.0,0.0,0.0,0,0.0,0.0
087681,亞光統一56購02,TW,0.0,5.0,0.0,0.0,0,0.0,0.0
087682,欣興統一57購03,TW,0.0,-20.0,0.0,0.0,0,0.0,0.0
087685,世芯統一57購02,TW,0.0,-596.0,0.0,0.0,0,0.0,0.0
087686,世芯統一67購01,TW,0.0,-115.0,0.0,0.0,0,0.0,0.0
087688,祥碩統一57購01,TW,0.0,-50.0,0.0,0.0,0,0.0,0.0
087689,啟碁統一57購01,TW,0.0,33.0,0.0,0.0,0,0.0,0.0
087692,愛普統一63購01,TW,0.0,21.0,0.0,0.0,0,0.0,0.0
087694,晶心科統一61購01,TW,0.0,-90.0,0.0,0.0,0,0.0,0.0
08769U,美費半元大59售02,TW,0.0,220.0,0.0,0.0,0,0.0,0.0
08770U,道瓊2X中信63售01,TW,0.0,-3.0,0.0,0.0,0,0.0,0.0
08771U,臺股指中信62售02,TW,0.0,771.0,0.0,0.0,0,0.0,0.0
08772U,臺股指中信62售03,TW,0.0,499.0,0.0,0.0,0,0.0,0.0
08773U,台聚群益63售03,TW,0.0,-6.0,0.0,0.0,0,0.0,0.0
08774U,奇鋐群益59售16,TW,0.0,355.0,0.0,0.0,0,0.0,0.0
087755,精成科元富57購02,TW,0.0,-40.0,0.0,0.0,0,0.0,0.0
08775U,元黃金元大59售06,TW,0.0,-33.0,0.0,0.0,0,0.0,0.0
08776U,元金2X元大59售07,TW,0.0,-10.0,0.0,0.0,0,0.0,0.0
08777U,元金2X元大5A售07,TW,0.0,-35.0,0.0,0.0,0,0.0,0.0
08778U,臺股指元大5A售24,TW,0.0,1477.0,0.0,0.0,0,0.0,0.0
08779U,貿聯中信59售05,TW,0.0,41.0,0.0,0.0,0,0.0,0.0
08780U,元黃金元富59售02,TW,0.0,-73.0,0.0,0.0,0,0.0,0.0
08782U,牧德凱基59售03,TW,0.0,4.0,0.0,0.0,0,0.0,0.0
087833,欣興元大56購01,TW,0.0,10.0,0.0,0.0,0,0.0,0.0
08784U,鴻海元大59售29,TW,0.0,200.0,0.0,0.0,0,0.0,0.0
08785U,奇鋐元大59售30,TW,0.0,76.0,0.0,0.0,0,0.0,0.0
087874,台積電凱基67購06,TW,0.0,50.0,0.0,0.0,0,0.0,0.0
08788U,智邦群益59售11,TW,0.0,65.0,0.0,0.0,0,0.0,0.0
08789U,京元電群益59售03,TW,0.0,345.0,0.0,0.0,0,0.0,0.0
087903,世芯元富57購02,TW,0.0,574.0,0.0,0.0,0,0.0,0.0
087904,世芯元富67購01,TW,0.0,219.0,0.0,0.0,0,0.0,0.0
08790U,兆聯群益59售05,TW,0.0,-31.0,0.0,0.0,0,0.0,0.0
08791U,台積電凱基6B售01,TW,0.0,49.0,0.0,0.0,0,0.0,0.0
08792U,上証2X國票5A售02,TW,0.0,9.0,0.0,0.0,0,0.0,0.0
087956,漢唐統一61購01,TW,0.0,767.0,0.0,0.0,0,0.0,0.0
087957,大立光統一57購04,TW,0.0,44.0,0.0,0.0,0,0.0,0.0
08795U,臺股指國票5B售01,TW,0.0,7.0,0.0,0.0,0,0.0,0.0
087960,大銀統一59購02,TW,0.0,0.0,0.0,0.0,0,0.0,0.0
08796U,滬深2X元富59售04,TW,0.0,-40.0,0.0,0.0,0,0.0,0.0
08797U,香港2X元大5A售03,TW,0.0,60.0,0.0,0.0,0,0.0,0.0
08798U,美指2X元大5B售01,TW,0.0,-3.0,0.0,0.0,0,0.0,0.0
08799U,台積電元大59售33,TW,0.0,-13.0,0.0,0.0,0,0.0,0.0
08800U,SGBR2X群益5B售04,TW,0.0,-16.0,0.0,0.0,0,0.0,0.0
088031,鴻海統一57購06,TW,0.0,-3.0,0.0,0.0,0,0.0,0.0
088033,台積電統一57購12,TW,0.0,-20.0,0.0,0.0,0,0.0,0.0
088034,敦陽科統一59購01,TW,0.0,10.0,0.0,0.0,0,0.0,0.0
088037,飛捷統一57購01,TW,0.0,-60.0,0.0,0.0,0,0.0,0.0
08803U,金像電群益59售05,TW,0.0,55.0,0.0,0.0,0,0.0,0.0
08804U,牧德群益59售06,TW,0.0,-54.0,0.0,0.0,0,0.0,0.0
08805U,台積電凱基5B售12,TW,0.0,5.0,0.0,0.0,0,0.0,0.0
08806U,台積電凱基63售05,TW,0.0,0.0,0.0,0.0,0,0.0,0.0
08807U,金像電凱基59售05,TW,0.0,207.0,0.0,0.0,0,0.0,0.0
08808U,友達凱基59售06,TW,0.0,-22.0,0.0,0.0,0,0.0,0.0
08809U,惠特國票5A售02,TW,0.0,-75.0,0.0,0.0,0,0.0,0.0
088104,漢唐兆豐57購01,TW,0.0,78.0,0.0,0.0,0,0.0,0.0
08811U,臺股指元富59售20,TW,0.0,2994.0,0.0,0.0,0,0.0,0.0
08812U,臺股指元富59售21,TW,0.0,-939.0,0.0,0.0,0,0.0,0.0
088131,臺股指群益59購06,TW,0.0,1.0,0.0,0.0,0,0.0,0.0
08815U,台灣50元大5A售05,TW,0.0,204.0,0.0,0.0,0,0.0,0.0
08816U,上証2X元大59售03,TW,0.0,7.0,0.0,0.0,0,0.0,0.0
08817U,滬深2X元大59售04,TW,0.0,-307.0,0.0,0.0,0,0.0,0.0
08818U,臺股指國泰5C售01,TW,0.0,-736.0,0.0,0.0,0,0.0,0.0
088193,中砂凱基56購01,TW,0.0,2.0,0.0,0.0,0,0.0,0.0
08819U,臺股指國泰5C售02,TW,0.0,2117.0,0.0,0.0,0,0.0,0.0
08820U,勤誠元大59售14,TW,0.0,403.0,0.0,0.0,0,0.0,0.0
08821U,臺股指元大59售36,TW,0.0,279.0,0.0,0.0,0,0.0,0.0
08822U,臺股指元大5B售14,TW,0.0,447.0,0.0,0.0,0,0.0,0.0
08823U,台灣50凱基5A售09,TW,0.0,22.0,0.0,0.0,0,0.0,0.0
08824U,台積電凱基5C售08,TW,0.0,0.0,0.0,0.0,0,0.0,0.0
088261,美指2X永豐57購01,TW,0.0,4.0,0.0,0.0,0,0.0,0.0
08826U,惠特凱基5A售02,TW,0.0,-294.0,0.0,0.0,0,0.0,0.0
08828U,台積電群益59售16,TW,0.0,-15.0,0.0,0.0,0,0.0,0.0
088295,建準國票57購01,TW,0.0,-22.0,0.0,0.0,0,0.0,0.0
088299,上緯控國票57購02,TW,0.0,-3734.0,0.0,0.0,0,0.0,0.0
088302,同欣電國票57購01,TW,0.0,0.0,0.0,0.0,0,0.0,0.0
08830U,定穎控群益5B售03,TW,0.0,16.0,0.0,0.0,0,0.0,0.0
08831U,S&P正2國票5A售01,TW,0.0,40.0,0.0,0.0,0,0.0,0.0
08832U,臺股指富邦5A售13,TW,0.0,-102.0,0.0,0.0,0,0.0,0.0
08833U,臺股指富邦62售04,TW,0.0,445.0,0.0,0.0,0,0.0,0.0
08834U,臺股指富邦63售08,TW,0.0,-998.0,0.0,0.0,0,0.0,0.0
08835U,臺股指中信63售03,TW,0.0,219.0,0.0,0.0,0,0.0,0.0
08836U,華通凱基63售02,TW,0.0,62.0,0.0,0.0,0,0.0,0.0
08837U,台積電凱基62售02,TW,0.0,-14.0,0.0,0.0,0,0.0,0.0
08838U,台積電凱基67售09,TW,0.0,-36.0,0.0,0.0,0,0.0,0.0
088390,新日興元大57購01,TW,0.0,-105.0,0.0,0.0,0,0.0,0.0
08839U,定穎控凱基59售08,TW,0.0,-41.0,0.0,0.0,0,0.0,0.0
08840U,台達電群益5B售02,TW,0.0,-55.0,0.0,0.0,0,0.0,0.0
088412,鴻海統一67購02,TW,0.0,-573.0,0.0,0.0,0,0.0,0.0
088415,英業達統一57購02,TW,0.0,46.0,0.0,0.0,0,0.0,0.0
088417,全新統一57購02,TW,0.0,11.0,0.0,0.0,0,0.0,0.0
088418,全新統一61購01,TW,0.0,477.0,0.0,0.0,0,0.0,0.0
08841U,華通群益59售03,TW,0.0,-6.0,0.0,0.0,0,0.0,0.0
088422,臻鼎統一61購01,TW,0.0,27.0,0.0,0.0,0,0.0,0.0
088424,聯茂統一61購01,TW,0.0,37.0,0.0,0.0,0,0.0,0.0
088427,南電統一67購01,TW,0.0,-5.0,0.0,0.0,0,0.0,0.0
088428,東哥統一61購01,TW,0.0,-104.0,0.0,0.0,0,0.0,0.0
088429,東哥統一61購02,TW,0.0,-3.0,0.0,0.0,0,0.0,0.0
08842U,華通群益63售06,TW,0.0,10.0,0.0,0.0,0,0.0,0.0
088434,世芯第一57購05,TW,0.0,13.0,0.0,0.0,0,0.0,0.0
08844U,緯穎群益62售01,TW,0.0,-715.0,0.0,0.0,0,0.0,0.0
088468,世芯元富57購03,TW,0.0,-38.0,0.0,0.0,0,0.0,0.0
08847U,華通元富59售17,TW,0.0,-112.0,0.0,0.0,0,0.0,0.0
08848U,智邦元富59售05,TW,0.0,-23.0,0.0,0.0,0,0.0,0.0
08850U,矽格元富59售05,TW,0.0,397.0,0.0,0.0,0,0.0,0.0
088516,聯鈞元大56購01,TW,0.0,10.0,0.0,0.0,0,0.0,0.0
08851U,矽力元富59售03,TW,0.0,-522.0,0.0,0.0,0,0.0,0.0
08852U,台達電元大59售10,TW,0.0,114.0,0.0,0.0,0,0.0,0.0
08853U,台積電元大59售43,TW,0.0,-8.0,0.0,0.0,0,0.0,0.0
08854U,金像電元大59售12,TW,0.0,1654.0,0.0,0.0,0,0.0,0.0
088557,國巨統一59購01,TW,0.0,7.0,0.0,0.0,0,0.0,0.0
088558,矽統統一56購02,TW,0.0,-36.0,0.0,0.0,0,0.0,0.0
08855U,台達電中信63售04,TW,0.0,-456.0,0.0,0.0,0,0.0,0.0
088560,技嘉統一59購01,TW,0.0,-114.0,0.0,0.0,0,0.0,0.0
088561,微星統一59購01,TW,0.0,50.0,0.0,0.0,0,0.0,0.0
088563,威盛統一57購02,TW,0.0,-119.0,0.0,0.0,0,0.0,0.0
088564,威盛統一59購01,TW,0.0,3.0,0.0,0.0,0,0.0,0.0
088565,威盛統一61購01,TW,0.0,-604.0,0.0,0.0,0,0.0,0.0
088567,毅嘉統一59購01,TW,0.0,-33.0,0.0,0.0,0,0.0,0.0
088569,京元電統一61購01,TW,0.0,70.0,0.0,0.0,0,0.0,0.0
08856U,華通中信59售01,TW,0.0,-6.0,0.0,0.0,0,0.0,0.0
088571,宏達電統一59購02,TW,0.0,-224.0,0.0,0.0,0,0.0,0.0
088573,晟銘電統一5A購01,TW,0.0,100.0,0.0,0.0,0,0.0,0.0
088575,奇鋐統一61購01,TW,0.0,-6.0,0.0,0.0,0,0.0,0.0
088579,日電貿統一57購01,TW,0.0,106.0,0.0,0.0,0,0.0,0.0
08857U,啟碁中信59售02,TW,0.0,-118.0,0.0,0.0,0,0.0,0.0
088580,日電貿統一57購02,TW,0.0,6.0,0.0,0.0,0,0.0,0.0
088581,日電貿統一59購01,TW,0.0,363.0,0.0,0.0,0,0.0,0.0
088583,聯鈞統一67購01,TW,0.0,15.0,0.0,0.0,0,0.0,0.0
088584,世芯統一67購02,TW,0.0,-252.0,0.0,0.0,0,0.0,0.0
088585,佳必琪統一56購01,TW,0.0,95.0,0.0,0.0,0,0.0,0.0
088589,東哥統一57購03,TW,0.0,220.0,0.0,0.0,0,0.0,0.0
088590,世紀鋼統一57購02,TW,0.0,-5.0,0.0,0.0,0,0.0,0.0
088622,世芯元富57購04,TW,0.0,12.0,0.0,0.0,0,0.0,0.0
08862U,美時元富59售06,TW,0.0,87.0,0.0,0.0,0,0.0,0.0
088635,鉅祥統一61購01,TW,0.0,8.0,0.0,0.0,0,0.0,0.0
088637,達興統一61購01,TW,0.0,4.0,0.0,0.0,0,0.0,0.0
088638,帆宣統一63購01,TW,0.0,81.0,0.0,0.0,0,0.0,0.0
08863U,臻鼎元富59售04,TW,0.0,1690.0,0.0,0.0,0,0.0,0.0
08864U,台聚凱基59售04,TW,0.0,0.0,0.0,0.0,0,0.0,0.0
08865U,台達電凱基5B售02,TW,0.0,27.0,0.0,0.0,0,0.0,0.0
08866U,台積電凱基69售02,TW,0.0,20.0,0.0,0.0,0,0.0,0.0
08867U,臻鼎凱基59售06,TW,0.0,4794.0,0.0,0.0,0,0.0,0.0
088694,建準凱基57購01,TW,0.0,47.0,0.0,0.0,0,0.0,0.0
08869U,臺股指凱基62售02,TW,0.0,30.0,0.0,0.0,0,0.0,0.0
08870U,臺股指凱基63售08,TW,0.0,-29.0,0.0,0.0,0,0.0,0.0
08871U,台達電永豐5B售01,TW,0.0,-81.0,0.0,0.0,0,0.0,0.0
08872U,華通元大59售28,TW,0.0,-301.0,0.0,0.0,0,0.0,0.0
08874U,川湖群益59售09,TW,0.0,-12.0,0.0,0.0,0,0.0,0.0
088753,鴻海統一59購02,TW,0.0,430.0,0.0,0.0,0,0.0,0.0
088755,台積電統一67購04,TW,0.0,40.0,0.0,0.0,0,0.0,0.0
088758,辛耘統一59購01,TW,0.0,5.0,0.0,0.0,0,0.0,0.0
08875U,華通群益59售05,TW,0.0,-20.0,0.0,0.0,0,0.0,0.0
088762,台虹統一57購01,TW,0.0,0.0,0.0,0.0,0,0.0,0.0
08876U,國巨群益65售01,TW,0.0,-342.0,0.0,0.0,0,0.0,0.0
08877U,智邦群益63售03,TW,0.0,82.0,0.0,0.0,0,0.0,0.0
08878U,毅嘉群益5B售03,TW,0.0,80.0,0.0,0.0,0,0.0,0.0
088791,FB越南凱基58購01,TW,0.0,6.0,0.0,0.0,0,0.0,0.0
08879U,奇鋐群益59售21,TW,0.0,-600.0,0.0,0.0,0,0.0,0.0
088800,台積電凱基67購08,TW,0.0,74.0,0.0,0.0,0,0.0,0.0
08881U,聯詠群益63售01,TW,0.0,-41.0,0.0,0.0,0,0.0,0.0
08882U,緯創群益63售01,TW,0.0,10.0,0.0,0.0,0,0.0,0.0
08883U,世芯群益59售14,TW,0.0,-233.0,0.0,0.0,0,0.0,0.0
08884U,帆宣群益5C售01,TW,0.0,44.0,0.0,0.0,0,0.0,0.0
08885U,聯茂群益5B售02,TW,0.0,23.0,0.0,0.0,0,0.0,0.0
08886U,矽格群益63售02,TW,0.0,0.0,0.0,0.0,0,0.0,0.0
08887U,啟碁群益5B售02,TW,0.0,0.0,0.0,0.0,0,0.0,0.0
08888U,緯穎群益5B售05,TW,0.0,200.0,0.0,0.0,0,0.0,0.0
088890,AES元大56購01,TW,0.0,1.0,0.0,0.0,0,0.0,0.0
088891,AES元大57購01,TW,0.0,568.0,0.0,0.0,0,0.0,0.0
08889U,兆聯群益5B售03,TW,0.0,-38.0,0.0,0.0,0,0.0,0.0
088904,台積電群益57購05,TW,0.0,1.0,0.0,0.0,0,0.0,0.0
08891U,川湖凱基5A售02,TW,0.0,-21.0,0.0,0.0,0,0.0,0.0
088929,嘉澤群益56購01,TW,0.0,0.0,0.0,0.0,0,0.0,0.0
08892U,華通凱基5A售05,TW,0.0,-342.0,0.0,0.0,0,0.0,0.0
08893U,世芯凱基5A售03,TW,0.0,50.0,0.0,0.0,0,0.0,0.0
08894U,臺指2X群益5A售01,TW,0.0,485.0,0.0,0.0,0,0.0,0.0
08895U,FBNQ2X群益5C售01,TW,0.0,-35.0,0.0,0.0,0,0.0,0.0
08896U,道瓊2X元大5C售01,TW,0.0,-2.0,0.0,0.0,0,0.0,0.0
08898U,台積電元大5A售14,TW,0.0,98.0,0.0,0.0,0,0.0,0.0
08900U,臺股指元大5A售28,TW,0.0,494.0,0.0,0.0,0,0.0,0.0
08901U,T50正2國票5A售03,TW,0.0,160.0,0.0,0.0,0,0.0,0.0
089024,A50正2國票58購01,TW,0.0,-4.0,0.0,0.0,0,0.0,0.0
08902U,香港2X國票5A售02,TW,0.0,-69.0,0.0,0.0,0,0.0,0.0
08903U,金像電國票5B售01,TW,0.0,-140.0,0.0,0.0,0,0.0,0.0
08904U,牧德國票5B售02,TW,0.0,10.0,0.0,0.0,0,0.0,0.0
08905U,T50正2凱基5A售05,TW,0.0,180.0,0.0,0.0,0,0.0,0.0
089065,中興電元大57購01,TW,0.0,-14.0,0.0,0.0,0,0.0,0.0
08906U,T50正2凱基5B售07,TW,0.0,26.0,0.0,0.0,0,0.0,0.0
08907U,鴻海凱基5A售06,TW,0.0,-50.0,0.0,0.0,0,0.0,0.0
08908U,智邦凱基5A售05,TW,0.0,-212.0,0.0,0.0,0,0.0,0.0
089092,AES元大56購02,TW,0.0,978.0,0.0,0.0,0,0.0,0.0
089093,AES元大57購02,TW,0.0,-816.0,0.0,0.0,0,0.0,0.0
08911U,T50正2富邦5A售06,TW,0.0,-280.0,0.0,0.0,0,0.0,0.0
08912U,T50正2富邦5B售03,TW,0.0,-1.0,0.0,0.0,0,0.0,0.0
089141,台塑元富57購01,TW,0.0,-20.0,0.0,0.0,0,0.0,0.0
08914U,臺股指富邦64售07,TW,0.0,24.0,0.0,0.0,0,0.0,0.0
089152,神達元富57購01,TW,0.0,-50.0,0.0,0.0,0,0.0,0.0
08916U,T50正2元大5A售07,TW,0.0,100.0,0.0,0.0,0,0.0,0.0
089172,和椿國票55購01,TW,0.0,884.0,0.0,0.0,0,0.0,0.0
08917U,FBNQ2X元大5C售01,TW,0.0,-152.0,0.0,0.0,0,0.0,0.0
08918U,美費半元大5A售03,TW,0.0,18.0,0.0,0.0,0,0.0,0.0
08919U,台灣50群益5B售01,TW,0.0,11.0,0.0,0.0,0,0.0,0.0
08920U,台灣50群益5B售02,TW,0.0,-6.0,0.0,0.0,0,0.0,0.0
08921U,T50正2群益5A售03,TW,0.0,14.0,0.0,0.0,0,0.0,0.0
089221,金像電群益55購01,TW,0.0,10.0,0.0,0.0,0,0.0,0.0
08926U,川湖群益5B售05,TW,0.0,200.0,0.0,0.0,0,0.0,0.0
08927U,智邦群益63售04,TW,0.0,1.0,0.0,0.0,0,0.0,0.0
089288,台玻統一57購01,TW,0.0,10.0,0.0,0.0,0,0.0,0.0
08928U,奇鋐群益5B售02,TW,0.0,9.0,0.0,0.0,0,0.0,0.0
089290,金寶統一57購01,TW,0.0,30.0,0.0,0.0,0,0.0,0.0
089295,飛捷統一56購02,TW,0.0,98.0,0.0,0.0,0,0.0,0.0
089296,矽力統一57購02,TW,0.0,10.0,0.0,0.0,0,0.0,0.0
089297,緯穎統一61購01,TW,0.0,-27.0,0.0,0.0,0,0.0,0.0
08930U,國精化群益5A售02,TW,0.0,-6.0,0.0,0.0,0,0.0,0.0
08931U,T50正2中信64售02,TW,0.0,372.0,0.0,0.0,0,0.0,0.0
08932U,S&P正2中信64售01,TW,0.0,31.0,0.0,0.0,0,0.0,0.0
08933U,台積電中信64售01,TW,0.0,530.0,0.0,0.0,0,0.0,0.0
089345,臺股指凱基63購01,TW,0.0,0.0,0.0,0.0,0,0.0,0.0
08934U,聯發科中信62售01,TW,0.0,-476.0,0.0,0.0,0,0.0,0.0
08935U,T50正2永豐5B售01,TW,0.0,495.0,0.0,0.0,0,0.0,0.0
08936U,鴻海群益63售05,TW,0.0,200.0,0.0,0.0,0,0.0,0.0
08938U,乙盛群益5A售01,TW,0.0,16.0,0.0,0.0,0,0.0,0.0
089395,長榮國泰56購01,TW,0.0,61.0,0.0,0.0,0,0.0,0.0
08939U,世芯元大5A售02,TW,0.0,685.0,0.0,0.0,0,0.0,0.0
089404,元債2X國票5A購01,TW,0.0,-90.0,0.0,0.0,0,0.0,0.0
08940U,台灣50中信64售01,TW,0.0,2285.0,25.0,0.0,0,0.0,0.0
08941U,T50正2中信64售04,TW,0.0,-5.0,0.0,0.0,0,0.0,0.0
08942U,台灣50國泰5B售01,TW,0.0,279.0,0.0,0.0,0,0.0,0.0
08943U,華東國票5A售03,TW,0.0,-20.0,0.0,0.0,0,0.0,0.0
08945U,台灣50元大61售02,TW,0.0,248.0,0.0,0.0,0,0.0,0.0
089472,精成科統一61購01,TW,0.0,-166.0,0.0,0.0,0,0.0,0.0
089473,緯穎統一61購02,TW,0.0,-11.0,0.0,0.0,0,0.0,0.0
08947U,華東元大5A售02,TW,0.0,40.0,0.0,0.0,0,0.0,0.0
08948U,聯發科國泰64售01,TW,0.0,-30.0,0.0,0.0,0,0.0,0.0
089497,緯穎元富61購01,TW,0.0,0.0,0.0,0.0,0,0.0,0.0
08949U,中砂國票5B售01,TW,0.0,468.0,0.0,0.0,0,0.0,0.0
08951U,FBNQ2X凱基5C售01,TW,0.0,946.0,0.0,0.0,0,0.0,0.0
08952U,華東凱基5A售03,TW,0.0,5.0,0.0,0.0,0,0.0,0.0
08953U,元石油群益5C售03,TW,0.0,0.0,0.0,0.0,0,0.0,0.0
089540,鴻海富邦61購01,TW,0.0,146.0,0.0,0.0,0,0.0,0.0
08954U,T50正2元大5A售08,TW,0.0,222.0,0.0,0.0,0,0.0,0.0
08955U,鴻海元大5A售15,TW,0.0,576.0,0.0,0.0,0,0.0,0.0
08956U,世芯元大5A售03,TW,0.0,-163.0,-18.0,0.0,0,0.0,0.0
08958U,臺股指元大5C售12,TW,0.0,48.0,0.0,0.0,0,0.0,0.0
089590,元債2X凱基67購01,TW,0.0,-450.0,0.0,0.0,0,0.0,0.0
089591,美債2X凱基67購01,TW,0.0,-148.0,0.0,0.0,0,0.0,0.0
08959U,鴻海凱基63售04,TW,0.0,-9.0,0.0,0.0,0,0.0,0.0
089608,智原凱基57購02,TW,0.0,3.0,0.0,0.0,0,0.0,0.0
08960U,台積電凱基5A售10,TW,0.0,1008.0,0.0,0.0,0,0.0,0.0
08961U,世芯凱基5A售06,TW,0.0,-176.0,0.0,0.0,0,0.0,0.0
08962U,臺股指凱基61售07,TW,0.0,-16.0,0.0,0.0,0,0.0,0.0
08963U,臺股指凱基61售08,TW,0.0,527.0,0.0,0.0,0,0.0,0.0
08964U,T50正2中信64售06,TW,0.0,3.0,0.0,0.0,0,0.0,0.0
089655,台玻統一57購02,TW,0.0,6.0,0.0,0.0,0,0.0,0.0
089656,全新統一57購03,TW,0.0,10.0,0.0,0.0,0,0.0,0.0
08965U,臺股指中信63售05,TW,0.0,1324.0,0.0,0.0,0,0.0,0.0
089662,聯發科中信55購01,TW,0.0,0.0,0.0,0.0,0,0.0,0.0
08966U,台灣50國泰5B售02,TW,0.0,392.0,0.0,0.0,0,0.0,0.0
089670,聯發科永豐56購02,TW,0.0,2.0,0.0,0.0,0,0.0,0.0
08967U,台灣50國泰5C售01,TW,0.0,27.0,0.0,0.0,0,0.0,0.0
08968U,臺股指國泰5A售01,TW,0.0,1051.0,0.0,0.0,0,0.0,0.0
08969U,台積電統一64售04,TW,0.0,4.0,0.0,0.0,0,0.0,0.0
08970U,華城永豐5B售01,TW,0.0,80.0,0.0,0.0,0,0.0,0.0
08971U,台積電永豐5A售12,TW,0.0,-6.0,0.0,0.0,0,0.0,0.0
08972U,台積電永豐5A售13,TW,0.0,-2.0,0.0,0.0,0,0.0,0.0
089732,鴻海國泰56購01,TW,0.0,15.0,0.0,0.0,0,0.0,0.0
08973U,中砂凱基5A售04,TW,0.0,-831.0,0.0,0.0,0,0.0,0.0
08974U,台積電凱基61售04,TW,0.0,-20.0,0.0,0.0,0,0.0,0.0
08975U,臺股指台新5A售01,TW,0.0,586.0,0.0,0.0,0,0.0,0.0
08976U,奇鋐元大5A售05,TW,0.0,-2.0,0.0,0.0,0,0.0,0.0
08977U,日本2X國票5A售01,TW,0.0,75.0,0.0,0.0,0,0.0,0.0
08978U,辛耘國票5A售04,TW,0.0,-1784.0,0.0,0.0,0,0.0,0.0
08979U,辛耘國票5B售02,TW,0.0,-231.0,0.0,0.0,0,0.0,0.0
08980U,元石油凱基5B售02,TW,0.0,-26.0,0.0,0.0,0,0.0,0.0
08981U,FBNQ2X凱基5A售02,TW,0.0,-121.0,0.0,0.0,0,0.0,0.0
08982U,SGBR2X凱基5B售02,TW,0.0,6.0,0.0,0.0,0,0.0,0.0
08983U,台積電凱基6C售07,TW,0.0,71.0,0.0,0.0,0,0.0,0.0
089842,川湖統一57購02,TW,0.0,-6.0,0.0,0.0,0,0.0,0.0
089846,漢唐統一57購02,TW,0.0,242.0,0.0,0.0,0,0.0,0.0
089848,京元電統一57購02,TW,0.0,-40.0,0.0,0.0,0,0.0,0.0
08984U,奇鋐凱基5A售10,TW,0.0,710.0,0.0,0.0,0,0.0,0.0
089850,瀚宇博統一59購02,TW,0.0,135.0,0.0,0.0,0,0.0,0.0
08985U,聯鈞凱基5A售06,TW,0.0,96.0,0.0,0.0,0,0.0,0.0
08986U,台灣50群益5A售06,TW,0.0,23.0,0.0,0.0,0,0.0,0.0
08987U,台灣50群益5B售03,TW,0.0,340.0,0.0,0.0,0,0.0,0.0
08988U,台灣50群益5B售04,TW,0.0,1642.0,0.0,0.0,0,0.0,0.0
089898,滬深2X國票5A購01,TW,0.0,5.0,0.0,0.0,0,0.0,0.0
08989U,聯發科群益5A售06,TW,0.0,199.0,0.0,0.0,0,0.0,0.0
089902,光寶科國票57購01,TW,0.0,0.0,0.0,0.0,0,0.0,0.0
08990U,台灣50凱基5B售05,TW,0.0,103.0,0.0,0.0,0,0.0,0.0
08991U,台灣50凱基63售07,TW,0.0,128.0,0.0,0.0,0,0.0,0.0
089927,台積電永豐67購02,TW,0.0,101.0,0.0,0.0,0,0.0,0.0
08992U,台積電凱基64售07,TW,0.0,-8.0,0.0,0.0,0,0.0,0.0
08993U,聯發科凱基5C售06,TW,0.0,-252.0,0.0,0.0,0,0.0,0.0
08995U,天虹國票5A售02,TW,0.0,267.0,0.0,0.0,0,0.0,0.0
08996U,T50正2台新5A售02,TW,0.0,147.0,0.0,0.0,0,0.0,0.0
08997U,T50正2台新5C售01,TW,0.0,40.0,0.0,0.0,0,0.0,0.0
08998U,T50正2台新61售01,TW,0.0,-140.0,0.0,0.0,0,0.0,0.0
08999U,T50正2台新64售02,TW,0.0,-2.0,0.0,0.0,0,0.0,0.0
1101,台泥,TW,-0.62,-60888.641,-61340.06,517.0,3,-49.7,0.67
1101B,台泥乙特,TW,0.0,-52.0,0.0,0.0,0,0.0,0.0
1102,亞泥,TW,-1.14,-9065.322,-10395.887999999999,1705.566,3,-22.3,0.9
1103,嘉泥,TW,0.38,-635.28,-632.28,0.0,0,-53.7,0.5
1104,環泥,TW,0.36,-759.7270000000001,-713.7,-1.0,0,-33.2,0.47
1108,幸福,TW,-1.09,50.0,57.0,0.0,0,3.3,2.32
1109,信大,TW,-1.37,-367.926,-338.98,0.0,0,-30.7,1.55
1110,東泥,TW,-0.35,-341.0,-344.0,0.0,0,-35.8,0.65
1201,味全,TW,-0.41,67.97300000000001,68.0,0.0,0,3.5,1.2
1203,味王,TW,0.35,-34.0,-36.0,0.0,0,0.0,0.0
1210,大成,TW,-0.95,1058.125,1260.138,-214.0,0,11.1,1.03
1215,卜蜂,TW,0.0,-1580.045,-1596.837,-707.0,0,-19.7,0.62
1216,統一,TW,-2.19,-4894.1900000000005,-10273.629,5427.984,3,-7.5,1.14
1217,愛之味,TW,0.21,-390.0,-390.0,0.0,0,-13.3,0.72
1218,泰山,TW,-0.27,-2.7680000000000007,11.0,0.0,0,-0.1,0.72
1219,福壽,TW,0.0,78.0,128.0,0.0,0,2.7,0.58
1220,台榮,TW,0.0,-62.980000000000004,-62.980000000000004,0.0,0,-11.9,0.89
1225,福懋油,TW,0.68,-315.882,-49.882,0.0,0,-51.2,0.3
1227,佳格,TW,-0.35,-932.875,-932.192,0.0,0,-23.2,0.63
1229,聯華,TW,-0.64,-1484.83,-1477.2,83.0,3,-9.8,0.72
1231,聯華食,TW,-0.92,-58.318000000000005,-59.013999999999996,0.0,0,-4.1,0.71
1232,大統益,TW,0.0,-60.877,-55.985,0.0,0,0.0,0.0
1233,天仁,TW,0.0,-19.0,-19.0,0.0,0,0.0,0.0
1234,黑松,TW,-0.74,-167.90500000000003,-171.29,0.0,0,-21.5,0.61
1235,興泰,TW,5.23,-16.0,-19.0,0.0,0,0.0,0.0
1236,宏亞,TW,1.05,-13.0,-10.0,0.0,0,0.0,0.0
1256,鮮活果汁-KY,TW,-2.13,-10.313999999999998,-7.827999999999999,0.0,0,-1.9,0.69
1301,台塑,TW,-0.87,-7044.4439999999995,-7403.642,-34.0,0,-10.4,0.66
1303,南亞,TW,-0.57,-15637.355999999994,-9279.463000000003,7.399000000000001,1,-6.1,0.68
1304,台聚,TW,-0.41,4120.726000000001,4077.9570000000003,0.0,0,16.1,0.84
1305,華夏,TW,-1.6,-361.8349999999999,-680.9190000000001,0.0,0,-2.5,0.95
1307,三芳,TW,-0.16,-616.424,-546.0,-50.327999999999996,0,-26.2,0.87
1308,亞聚,TW,0.0,565.954,559.02,0.0,0,4.9,0.72
1309,台達化,TW,0.0,-3027.1769999999997,-3003.947,0.0,0,-9.1,0.56
1310,台苯,TW,-0.74,-71.66599999999994,-59.14700000000005,0.0,0,-0.6,1.51
1312,國喬,TW,-1.89,-1483.8,-1891.202,0.0,0,-7.6,1.15
1312A,國喬特,TW,0.0,-4.0,-4.0,0.0,0,0.0,0.0
1313,聯成,TW,-0.94,-313.293,-256.206,0.0,0,-2.8,0.83
1314,中石化,TW,-1.81,5143.797,5194.913,0.0,0,6.2,0.96
1315,達新,TW,0.0,-26.0,-28.0,0.0,0,0.0,0.0
1316,上曜,TW,-3.72,933.306,1090.1,0.0,0,8.4,0.9
1319,東陽,TW,1.25,-1743.752,-1409.469,-305.66,0,-14.4,1.26
1321,大洋,TW,-1.01,-5.552,-13.552,0.0,0,-0.7,1.72
1323,永裕,TW,1.01,-35.932,-42.932,0.0,0,0.0,0.0
1324,地球,TW,0.0,-17.0,-17.0,0.0,0,0.0,0.0
1325,恆大,TW,-1.3,-45.976,-45.976,0.0,0,-1.4,0.64
1326,台化,TW,0.22,-23733.506,-22083.514000000003,0.0,0,-35.3,0.67
1337,再生-KY,TW,0.0,508.0,508.0,0.0,0,20.0,0.7
1338,廣華-KY,TW,-1.25,-44.0,-43.0,0.0,0,-3.1,0.64
1339,昭輝,TW,0.37,15.625,14.0,0.0,0,3.0,0.64
1340,勝悅-KY,TW,-2.0,-156.97,-177.97,0.0,0,-16.6,1.52
1341,富林-KY,TW,-2.54,3.02,3.02,0.0,0,0.0,0.0
1342,八貫,TW,1.29,47.432,48.102999999999994,0.0,0,4.2,1.68
1402,遠東新,TW,-0.92,3539.7180000000008,24973.725000000002,-21338.0,0,3.1,1.4
1409,新纖,TW,1.47,-230.60499999999956,626.0,492.0,3,-0.9,1.51
1410,南染,TW,1.33,-2.0340000000000007,-4.984,0.0,0,0.0,0.0
1413,宏洲,TW,-1.15,-8.0,-8.0,0.0,0,0.0,0.0
1414,東和,TW,-2.22,119.485,135.485,0.0,0,10.1,0.9
1416,廣豐,TW,-0.45,-21.0,-21.0,0.0,0,-2.0,0.97
1417,嘉裕,TW,-0.24,-79.0,-79.0,0.0,0,0.0,0.0
1418,東華,TW,-0.56,-10.995,-2.9990000000000006,0.0,0,0.0,0.0
1419,新紡,TW,0.0,-180.447,-196.0,0.0,0,-20.7,0.4
1423,利華,TW,-0.12,-44.998999999999995,-42.998999999999995,0.0,0,0.0,0.0
1432,大魯閣,TW,0.3,-203.882,-138.882,0.0,0,-25.9,0.57
1434,福懋,TW,-0.33,-2137.261,-2117.0,-1.0,0,-32.8,0.95
1436,華友聯,TW,-0.55,527.927,531.231,-2.0,0,29.9,0.53
1437,勤益控,TW,-0.7,29.0,27.0,0.0,0,5.2,0.71
1438,三地開發,TW,0.73,16.18,21.18,0.0,0,0.0,0.0
1439,雋揚,TW,0.97,275.0,281.0,0.0,0,53.3,1.49
1440,南紡,TW,-0.88,-1490.752,-1352.0,-1.0,0,-20.1,0.87
1441,大東,TW,-0.96,24.200000000000003,25.200000000000003,0.0,0,0.0,0.0
1442,名軒,TW,-1.34,-57.762,-46.0,0.0,0,-2.8,1.65
1443,立益物流,TW,0.57,-18.95,-21.95,0.0,0,0.0,0.0
1444,力麗,TW,0.0,416.35900000000004,416.35900000000004,0.0,0,9.4,0.97
1445,大宇,TW,-2.06,-36.0,-33.0,0.0,0,-6.8,2.88
1446,宏和,TW,0.64,35.0,23.0,0.0,0,5.8,0.91
1447,力鵬,TW,0.68,2503.73,2498.602,0.0,0,12.4,0.45
1449,佳和,TW,1.2,35.975,36.209999999999994,0.0,0,1.1,1.11
1451,年興,TW,-0.3,-150.992,-150.992,0.0,0,-17.0,1.08
1452,宏益,TW,0.48,-54.0,-55.0,0.0,0,-10.6,0.34
1453,大將,TW,-0.44,-19.0,-17.0,0.0,0,0.0,0.0
1454,台富,TW,-0.39,-29.79,-43.79,4.0,0,0.0,0.0
1455,集盛,TW,-0.12,513.515,581.0,0.0,0,24.5,0.84
1456,怡華,TW,0.39,-16.85,-0.8500000000000001,0.0,0,0.0,0.0
1457,宜進,TW,0.0,-101.15,-77.15,0.0,0,-20.2,1.23
1459,聯發,TW,-0.42,-54.0,-68.0,0.0,0,0.0,0.0
1460,宏遠,TW,0.14,-897.7660000000001,-897.7660000000001,0.0,0,-36.3,0.79
1463,強盛新,TW,-0.56,-26.0,-26.0,0.0,0,0.0,0.0
1464,得力,TW,-1.46,770.04,750.04,0.0,0,33.6,0.88
1465,偉全,TW,0.0,-24.0,-24.0,0.0,0,0.0,0.0
1466,聚隆,TW,-1.02,72.001,91.0,0.0,0,13.9,0.92
1467,南緯,TW,-0.86,-157.0,-157.0,0.0,0,-11.0,1.36
1468,昶和,TW,1.26,-31.0,-30.0,0.0,0,0.0,0.0
1470,大統新創,TW,0.46,-6.739,-6.0,0.0,0,0.0,0.0
1471,首利,TW,2.38,141.0,145.0,0.0,0,5.6,1.14
1472,三洋實業,TW,0.23,-14.0,-15.0,0.0,0,0.0,0.0
1473,台南,TW,0.74,-87.0,-89.0,0.0,0,-15.5,0.38
1474,弘裕,TW,-0.2,-65.0,-64.0,0.0,0,-10.3,3.09
1475,業旺,TW,-0.4,-50.0,-40.0,0.0,0,0.0,0.0
1476,儒鴻,TW,-0.15,298.41499999999985,372.225,-178.334,0,3.4,0.64
1477,聚陽,TW,0.0,1659.124,1876.471,-288.916,0,14.8,0.85
1503,士電,TW,4.24,-1382.324,-1182.5910000000001,-18.0,0,-13.9,1.18
1504,東元,TW,1.97,-976.6299999999999,-1941.2640000000001,266.0,0,-2.0,1.45
1506,正道,TW,7.43,-7.0,-3.0,0.0,0,-0.5,5.07
1512,瑞利,TW,-1.15,16.0,17.0,0.0,0,0.0,0.0
1513,中興電,TW,1.29,-3137.9840000000004,-4726.047,1526.0,3,-13.2,1.23
1514,亞力,TW,3.39,-1240.5149999999999,-1310.981,55.0,3,-8.8,1.46
1515,力山,TW,2.48,-376.891,-376.89,0.0,0,-27.1,1.13
1516,川飛,TW,-1.9,-77.03399999999999,-64.94,0.0,0,0.0,0.0
1517,利奇,TW,-0.5,-90.839,-71.80000000000001,0.0,0,-8.6,1.78
1519,華城,TW,3.25,-2301.915,-1700.1080000000002,-527.752,0,-22.8,0.65
1521,大億,TW,0.0,-2.0,-2.0,0.0,0,0.0,0.0
1522,堤維西,TW,-0.84,-239.39599999999996,-199.978,-35.370000000000005,0,-6.5,0.68
1524,耿鼎,TW,1.02,197.89999999999998,202.89999999999998,0.0,0,3.6,1.86
1525,江申,TW,8.81,3.7809999999999997,4.0,0.0,0,0.0,0.0
1526,日馳,TW,-0.34,96.001,101.001,0.0,0,18.9,0.65
1527,鑽全,TW,0.0,96.322,115.42,0.0,0,7.9,1.7
1528,恩德,TW,2.52,1395.8169999999998,1396.11,-4.0,0,6.0,1.05
1529,樂事綠能,TW,1.45,202.459,197.039,0.0,0,7.3,0.93
1530,亞崴,TW,0.0,-22.0,-25.0,0.0,0,0.0,0.0
1531,高林股,TW,-1.2,-7.0,1.0,0.0,0,-1.3,1.0
1532,勤美,TW,-0.48,-659.5889999999999,-578.47,-34.852000000000004,0,-22.6,0.75
1533,車王電,TW,-2.26,548.6709999999999,558.2719999999999,0.0,0,8.7,1.1
1535,中宇,TW,0.0,-25.0,-17.0,0.0,0,0.0,0.0
1536,和大,TW,3.59,-1723.614,-2051.4660000000003,0.0,0,-10.9,0.65
1537,廣隆,TW,-0.4,-10.077,-13.076999999999998,0.0,0,0.0,0.0
1539,巨庭,TW,-0.65,-9.987,-9.987,0.0,0,0.0,0.0
1540,喬福,TW,1.91,92.45200000000001,97.45200000000001,0.0,0,7.1,1.76
1541,錩泰,TW,0.24,32.0,36.0,0.0,0,0.0,0.0
1558,伸興,TW,0.0,-40.38,-36.0,-5.006,0,0.0,0.0
1560,中砂,TW,1.64,582.76,1441.511,-771.0,0,5.1,1.77
1563,巧新,TW,0.55,492.829,495.21000000000004,0.0,0,16.6,0.9
1568,倉佑,TW,1.05,-171.763,-160.763,0.0,0,-14.4,1.0
1582,信錦,TW,-1.7,7494.505999999999,6547.738,614.039,0,7.5,0.83
1583,程泰,TW,0.32,-60.422,-49.0,0.0,0,0.0,0.0
1587,吉茂,TW,0.53,360.084,351.5,0.0,0,26.5,0.81
1590,亞德客-KY,TW,-0.7,277.318,347.247,-25.199,0,7.4,1.24
1597,直得,TW,9.91,-519.367,-592.9,-2.0,0,-3.1,2.05
1598,岱宇,TW,-0.74,10.075999999999997,1.0759999999999934,0.0,0,1.3,1.4
1603,華電,TW,1.15,-142.03500000000003,-148.02499999999998,0.0,0,-8.6,0.38
1604,聲寶,TW,-0.86,1.9990000000000023,13.998999999999999,0.0,0,0.1,1.06
1605,華新,TW,2.82,12499.181999999999,8527.417000000001,2751.0,0,6.2,1.51
1608,華榮,TW,1.52,-307.249,-508.7940000000001,-63.403999999999996,0,-2.6,1.31
1609,大亞,TW,1.0,3459.7580000000003,4614.155000000001,-1101.0,0,17.5,1.15
1611,中電,TW,0.44,355.74399999999997,352.65999999999997,0.0,0,14.8,0.93
1612,宏泰,TW,-0.14,259.116,307.021,-45.935,0,8.3,1.14
1614,三洋電,TW,0.32,-22.0,-60.0,5.0,0,0.0,0.0
1615,大山,TW,-0.35,-28.036,-34.036,0.0,0,-5.2,0.71
1616,億泰,TW,0.69,83.45899999999999,84.0,0.0,0,3.3,0.92
1617,榮星,TW,3.09,17.648,25.0,0.0,0,2.4,2.02
1618,合機,TW,0.77,170.907,174.41,0.0,0,8.3,1.15
1623,大東電,TW,0.68,-86.224,-70.07900000000001,0.0,0,-13.4,0.93
1626,艾美特-KY,TW,0.3,-19.740000000000002,-15.74,0.0,0,0.0,0.0
1702,南僑,TW,-0.6,-16.86,-4.0,0.0,0,-0.7,0.66
1707,葡萄王,TW,-1.44,64.83999999999999,84.76,-1.0,0,3.4,1.29
1708,東鹼,TW,-1.26,-884.5540000000001,-882.4860000000001,0.0,0,-8.9,1.11
1709,和益,TW,0.27,1007.0,1002.0,0.0,0,34.3,0.64
1710,東聯,TW,-1.53,-1557.939,-2296.978,0.0,0,-5.3,0.7
1711,永光,TW,2.62,4123.451,4881.8279999999995,0.0,0,5.1,0.78
1712,興農,TW,-0.75,-1822.382,-1830.0,0.0,0,-38.5,1.85
1713,國化,TW,-0.31,-22.951999999999998,-23.951999999999998,0.0,0,-3.4,0.91
1714,和桐,TW,-1.33,1077.124,1123.25,0.0,0,6.8,0.56
1717,長興,TW,5.27,3944.806999999999,5505.637000000002,-455.287,1,1.9,1.64
1718,中纖,TW,-0.62,-1068.394,-957.016,0.0,0,-7.7,0.86
1720,生達,TW,-0.64,-97.097,-73.89,0.0,0,-9.3,0.76
1721,三晃,TW,-1.67,-307.33799999999985,-310.68999999999994,0.0,0,-1.0,1.02
1722,台肥,TW,-0.54,1231.0910000000001,799.9850000000001,248.0,3,11.4,0.53
1723,中碳,TW,0.37,107.71599999999998,-333.0,414.0,3,3.3,1.02
1725,元禎,TW,0.0,34.03,28.03,0.0,0,6.1,1.0
1726,永記,TW,-0.39,-114.0,-115.0,0.0,0,0.0,0.0
1727,中華化,TW,9.68,-709.0830000000001,-760.4560000000004,0.0,0,-0.6,0.71
1730,花仙子,TW,-0.19,-6.292,-6.0,0.0,0,0.0,0.0
1731,美吾華,TW,-0.23,-118.78999999999999,-113.78999999999999,0.0,0,0.0,0.0
1732,毛寶,TW,-0.75,-255.0,-246.0,0.0,0,-9.8,0.73
1733,五鼎,TW,0.34,58.18000000000001,58.18000000000001,0.0,0,8.5,0.5
1734,杏輝,TW,-0.32,-437.078,-397.02,0.0,0,-29.9,0.59
1735,日勝化,TW,1.89,13.456000000000031,16.221000000000004,-1.0,0,0.5,1.05
1736,喬山,TW,-3.28,149.046,163.147,0.0,0,5.1,0.75
1737,臺鹽,TW,0.16,-67.894,-60.894,0.0,0,0.0,0.0
1752,南光,TW,0.0,-102.0,-90.0,0.0,0,0.0,0.0
1760,寶齡富錦,TW,0.0,-91.0,-92.0,0.0,0,-14.6,0.92
1762,中化生,TW,0.79,-3.6960000000000264,-10.696000000000026,0.0,0,-0.1,0.56
1773,勝一,TW,3.67,157.31799999999998,-141.8739999999999,280.0,1,2.0,2.09
1776,展宇,TW,3.58,6.1030000000000015,-6.805,0.0,0,0.4,0.36
1783,和康生,TW,-0.26,-64.63,-60.938,0.0,0,0.0,0.0
1786,科妍,TW,-1.68,-778.098,-794.88,0.0,0,-23.8,0.23
1789,神隆,TW,0.0,248.437,255.0,0.0,0,9.2,1.32
1795,美時,TW,1.01,-2107.923,-2171.782,-2.894,0,-17.6,1.02
1802,台玻,TW,7.53,-23782.604,-27187.402000000002,21.0,1,-7.3,1.99
1805,寶徠,TW,-0.5,-84.0,-84.0,0.0,0,-10.8,1.74
1806,冠軍,TW,-0.25,-93.893,-87.893,0.0,0,-7.7,0.62
1808,潤隆,TW,-2.55,980.4359999999999,1003.96,0.0,0,15.9,2.06
1809,中釉,TW,5.74,791.0799999999999,731.0799999999999,0.0,0,6.3,1.68
1810,和成,TW,-0.52,48.51600000000002,4.0,-31.188,0,0.6,0.6
1817,凱撒衛,TW,-1.13,-88.743,-103.992,0.0,0,-14.2,0.74
1903,士紙,TW,0.62,-255.519,-238.473,0.0,0,-32.4,0.51
1904,正隆,TW,1.06,-4440.8099999999995,-4290.586,-1.0,0,-38.6,0.44
1905,華紙,TW,0.0,-971.559,-96.95799999999997,-11.0,0,-6.6,0.71
1906,寶隆,TW,0.48,-47.31,-44.91,0.0,0,-8.4,2.79
1907,永豐餘,TW,-1.21,-1608.333,-1383.5,-20.831,0,-26.8,0.36
1909,榮成,TW,-0.55,-3858.759,-3820.759,0.0,0,-35.1,0.96
2002,中鋼,TW,0.0,-35530.068,-37084.070999999996,1116.0,3,-23.6,0.85
2006,東和鋼鐵,TW,-0.61,-618.108,-234.989,-190.136,0,-10.4,0.69
2007,燁興,TW,-0.43,98.0,95.0,0.0,0,7.3,0.67
2008,高興昌,TW,-1.08,-25.0,-25.0,0.0,0,0.0,0.0
2009,第一銅,TW,1.03,-1599.149,-1574.67,0.0,0,-21.5,0.9
2010,春源,TW,0.0,-1333.4850000000001,-1266.034,0.0,0,-23.2,0.64
2012,春雨,TW,-0.7,1.0,-8.0,0.0,0,0.0,0.0
2013,中鋼構,TW,-0.36,-57.002,-53.0,0.0,0,0.0,0.0
2014,中鴻,TW,-0.58,-1625.0,-768.0,0.0,0,-8.6,1.32
2015,豐興,TW,-1.28,23.327000000000005,31.022999999999996,-9.0,0,1.9,0.82
2017,官田鋼,TW,-0.47,59.958,36.958,0.0,0,2.8,0.94
2020,美亞,TW,-0.7,34.408,59.402,0.0,0,2.6,1.01
2022,聚亨,TW,0.53,-130.849,-210.849,0.0,0,-4.4,0.69
2023,燁輝,TW,-1.1,-3500.0,-3443.0,-1.0,0,-29.9,1.13
2024,志聯,TW,0.0,-2.998,-2.998,0.0,0,0.0,0.0
2025,千興,TW,4.72,-52.989,-65.989,0.0,0,-3.3,3.36
2027,大成鋼,TW,-1.06,54462.853,60485.449,-3688.0,0,32.6,0.58
2028,威致,TW,0.88,110.0,101.0,0.0,0,9.1,1.37
2029,盛餘,TW,-1.22,106.963,111.0,0.0,0,9.3,1.02
2030,彰源,TW,-1.73,405.856,431.0,0.0,0,8.0,0.98
2031,新光鋼,TW,-0.13,-100.48799999999999,-187.97000000000003,-43.211,0,-2.5,1.0
2032,新鋼,TW,-1.81,217.21,208.21,0.0,0,11.6,0.69
2033,佳大,TW,0.0,-24.0,-31.0,0.0,0,-4.7,0.74
2034,允強,TW,-0.5,-2199.591,-2164.871,0.0,0,-45.2,0.75
2038,海光,TW,-1.87,191.0,186.0,0.0,0,11.3,2.78
2049,上銀,TW,0.8,-1578.8829999999998,-1603.3439999999996,481.0,0,-4.7,0.67
2059,川湖,TW,6.23,124.166,161.677,-22.172,1,9.6,0.71
2062,橋椿,TW,-0.27,-134.518,451.75,-574.0,0,-4.5,1.52
2069,運錩,TW,-1.03,-256.971,-262.971,0.0,0,-13.6,1.73
2072,世紀風電,TW,-2.03,-812.241,-825.972,20.0,0,-37.1,0.58
2101,南港,TW,-1.29,2361.562,2408.071,0.0,0,18.5,0.64
2102,泰豐,TW,-0.55,-690.189,-551.189,0.0,0,-29.0,0.81
2103,台橡,TW,-2.93,-196.06600000000006,-123.0,-1.0,0,-1.0,1.01
2104,國際中橡,TW,-1.39,-537.912,-560.0,0.0,0,-5.6,0.56
2105,正新,TW,-1.69,-8659.178,-5249.09,-2415.874,0,-16.1,0.99
2106,建大,TW,-0.89,-165.98,-202.98,-1.0,0,-4.5,1.77
2107,厚生,TW,0.59,-463.83799999999997,-464.83799999999997,0.0,0,-35.2,0.84
2108,南帝,TW,-1.07,712.115,702.905,0.0,0,11.7,0.73
2109,華豐,TW,0.0,-130.0,-130.0,0.0,0,-21.0,0.64
2114,鑫永銓,TW,1.0,24.045,31.0,0.0,0,4.0,0.77
2115,六暉-KY,TW,-0.96,-3.0,0.0,0.0,0,-0.4,0.16
2201,裕隆,TW,0.19,-2281.772,-3975.6980000000003,37.0,0,-17.2,0.64
2204,中華,TW,0.38,-2589.0510000000004,-2574.675,-21.622,0,-44.5,1.3
2206,三陽工業,TW,0.33,41.49400000000003,105.09500000000003,-39.601,0,0.8,1.55
2207,和泰車,TW,-0.86,-690.021,-677.9739999999999,-24.0,1,-35.9,0.85
2208,台船,TW,-0.27,-6339.034,-6289.034,-46.0,0,-39.7,0.74
2211,長榮鋼,TW,0.22,-880.663,-640.0,-235.232,0,-24.6,0.82
2227,裕日車,TW,0.2,-48.949,-46.664,0.0,0,0.0,0.0
2228,劍麟,TW,-0.47,-66.53799999999998,-71.084,0.0,0,-6.4,0.46
2231,為升,TW,-0.47,272.036,165.12,0.0,0,11.5,0.53
2233,宇隆,TW,0.72,1176.926,855.2420000000001,0.0,0,9.3,2.39
2236,百達-KY,TW,6.16,123.17000000000002,182.17000000000002,0.0,0,5.1,2.17
2239,英利-KY,TW,2.0,29.009999999999998,34.0,0.0,0,5.4,0.88
2241,艾姆勒,TW,2.85,-20.522999999999996,-226.745,2.194,0,-0.2,2.39
2243,宏旭-KY,TW,4.09,316.163,244.16299999999998,-1.0,0,9.0,0.87
2247,汎德永業,TW,0.73,34.286,28.336,0.0,0,0.0,0.0
2248,華勝-KY,TW,-0.73,9.0,9.0,0.0,0,0.0,0.0
2250,IKKA-KY,TW,1.28,22.544,24.55,0.0,0,0.0,0.0
2254,巨鎧精密-創,TW,-0.51,-4.98,8.02,0.0,0,0.0,0.0
2258,鴻華先進-創,TW,6.96,181.95499999999998,127.0,0.0,0,3.1,1.96
2301,光寶科,TW,1.96,-4203.772999999999,-5104.571,458.594,3,-3.7,0.64
2302,麗正,TW,7.2,349.31399999999996,345.30999999999995,0.0,0,1.2,1.23
2303,聯電,TW,-0.86,-49059.075,-114554.719,68976.67300000001,0,-4.3,0.68
2305,全友,TW,5.08,4653.181,4607.0830000000005,-1.0,0,19.6,2.61
2308,台達電,TW,2.96,-2947.097,-143.84100000000004,-2670.806,0,-5.9,0.69
2312,金寶,TW,9.97,58271.964,63437.899000000005,-8147.0,0,19.2,4.14
2313,華通,TW,6.78,36169.602,29341.163,7665.0,0,7.4,1.08
2314,台揚,TW,-0.93,2.0,2.0,0.0,0,0.0,2.15
2316,楠梓電,TW,2.32,-209.9060000000004,-3952.147,3486.0,3,-0.3,1.33
2317,鴻海,TW,1.01,10164.655999999999,19474.869,-4836.286,0,3.5,0.65
2321,東訊,TW,2.36,-0.15,0.0,0.0,0,0.0,0.0
2323,中環,TW,2.94,-226.03100000000006,-1865.9719999999998,2456.0,3,-0.6,1.12
2324,仁寶,TW,5.27,-38182.702999999994,48259.195999999996,-85481.0,0,-8.3,2.38
2327,國巨*,TW,9.97,6106.521000000001,-21229.431,29396.551,5,1.7,0.99
2328,廣宇,TW,5.37,2685.7169999999996,1460.9630000000002,503.0,3,7.6,2.82
2329,華泰,TW,3.02,-15992.903999999999,-13812.66,115.0,3,-29.1,0.98
2330,台積電,TW,0.9,-25997.009000000002,-46307.721999999994,19359.023,5,-19.5,0.72
2331,精英,TW,6.12,189.56699999999995,320.0,-79.0,0,1.3,3.65
2332,友訊,TW,6.85,5924.75,6082.0,0.0,0,23.5,3.39
2337,旺宏,TW,6.38,-89670.598,-72979.519,-13319.0,0,-16.9,0.96
2338,光罩,TW,2.84,7299.228,6947.83,0.0,0,23.6,1.6
2340,台亞,TW,9.67,1151.397,-797.539,0.0,0,4.6,1.62
2342,茂矽,TW,2.35,3132.017,3152.938,0.0,0,15.5,0.88
2344,華邦電,TW,9.65,-91977.832,-105726.495,19814.758,0,-9.8,0.95
2345,智邦,TW,0.2,-362.91900000000004,-1096.71,878.669,0,-1.9,0.48
2347,聯強,TW,-0.71,-1166.76,378.281,-1235.171,0,-5.5,0.93
2348,海悅,TW,-0.14,-141.005,-129.891,0.0,0,-15.3,0.69
2349,錸德,TW,2.77,5506.07,5501.07,0.0,0,29.8,2.07
2351,順德,TW,-3.65,2155.499,751.772,1389.0,3,6.2,1.14
2352,佳世達,TW,5.33,7780.407999999999,5375.369,2153.0,3,12.3,4.2
2353,宏碁,TW,4.93,4294.461,9526.269,-6195.358,0,2.6,2.94
2354,鴻準,TW,2.04,-2754.472,-3718.805,-7.0,0,-6.5,0.82
2355,敬鵬,TW,0.15,20404.367000000002,19197.481,-31.0,0,7.4,1.32
2356,英業達,TW,9.98,25183.643,9097.633,15522.0,3,9.0,3.36
2357,華碩,TW,4.12,768.0630000000001,613.822,-820.741,0,3.5,1.07
2359,所羅門,TW,4.85,-2837.779,-3203.538,0.0,0,-5.6,0.63
2360,致茂,TW,1.32,357.2790000000001,1073.019,-687.804,0,2.8,1.22
2362,藍天,TW,2.38,355.899,348.119,-1.0,0,8.6,2.35
2363,矽統,TW,7.01,8767.971,8240.839,-45.0,1,7.8,2.37
2364,倫飛,TW,2.67,61.13700000000001,53.275999999999996,0.0,0,6.2,1.52
2365,昆盈,TW,6.7,-671.0250000000001,-626.0559999999998,0.0,0,-1.8,1.51
2367,燿華,TW,4.21,-4107.027,-4019.473,0.0,0,-1.4,1.03
2368,金像電,TW,3.11,3358.646,4398.307000000001,-663.704,0,11.2,0.83
2369,菱生,TW,7.5,901.607,943.3030000000001,0.0,0,1.9,3.08
2371,大同,TW,3.17,-11935.673999999999,-11531.439999999999,520.263,2,-14.0,0.91
2373,震旦行,TW,0.7,-3.0,-4.0,0.0,0,0.0,0.0
2374,佳能,TW,3.73,-10237.649000000001,-9438.295999999998,0.0,0,-18.6,0.91
2375,凱美,TW,9.8,1772.4919999999997,1154.178,-1.859,0,2.4,2.39
2376,技嘉,TW,1.9,-2126.794999999999,-7103.003,6415.0,0,-1.9,0.51
2377,微星,TW,9.73,-6786.525000000001,-1629.3719999999994,-4841.982,0,-4.6,2.28
2379,瑞昱,TW,0.17,5842.329,6930.758,-1134.568,0,31.0,0.73
2380,虹光,TW,-1.01,-8.001000000000001,-8.001000000000001,0.0,0,-0.5,0.2
2382,廣達,TW,2.6,-20483.443,-25927.493000000002,6031.184,1,-11.8,0.78
2383,台光電,TW,6.93,1300.694,1780.0410000000002,-462.88599999999997,0,10.8,1.26
2385,群光,TW,0.77,-2511.572,-2229.2070000000003,-1249.453,0,-16.1,0.45
2387,精元,TW,1.41,481.04,512.348,0.0,0,22.7,1.22
2388,威盛,TW,3.49,10054.319000000001,8242.222,527.0,3,8.5,1.68
2390,云辰,TW,3.41,872.857,1205.048,0.001,0,15.4,1.55
2392,正崴,TW,3.39,-506.3710000000002,-491.0279999999999,0.0,0,-3.2,0.69
2393,億光,TW,0.93,-4804.023,-5483.603,107.723,3,-28.4,0.66
2395,研華,TW,1.08,546.8050000000001,910.969,-295.226,2,2.8,1.04
2397,友通,TW,2.8,305.14,339.14,0.0,0,14.8,1.64
2399,映泰,TW,7.99,1236.9139999999998,960.25,-4.0,0,2.6,1.76
2401,凌陽,TW,5.25,9926.519,7388.245,133.0,0,6.6,3.01
2402,毅嘉,TW,5.45,-385.589,718.315,-994.0,0,-1.6,1.07
2404,漢唐,TW,4.55,6900.436,7289.112,-357.0,0,27.7,0.92
2405,輔信,TW,4.38,1336.0,1376.0,0.0,0,8.3,1.73
2406,國碩,TW,2.43,-789.7390000000001,-667.94,0.0,0,-2.5,0.5
2408,南亞科,TW,7.34,-48393.422,-18328.331,-22606.0,0,-7.4,1.19
2409,友達,TW,9.9,154670.63100000002,154828.73799999998,58.546,1,11.8,1.78
2412,中華電,TW,-0.36,10228.368000000002,1758.1079999999997,7484.606,0,9.9,0.28
2413,環科,TW,0.59,1290.926,1279.762,0.0,0,3.1,0.86
2414,精技,TW,0.0,25.693000000000012,40.0,0.0,0,1.5,0.78
2415,錩新,TW,-0.55,137.332,140.332,0.0,0,17.0,0.73
2417,圓剛,TW,3.58,-1239.255,-1237.219,0.0,0,-9.6,1.37
2419,仲琦,TW,2.93,572.194,504.22499999999997,-3.0,0,5.5,2.05
2420,新巨,TW,0.64,1073.548,999.4000000000001,80.148,3,15.9,0.89
2421,建準,TW,3.95,5088.353999999999,2395.1150000000002,2675.0,3,14.0,3.31
2423,固緯,TW,-0.27,-228.64799999999997,-261.634,0.0,0,-9.0,0.4
2424,隴華,TW,-9.88,-79.946,-79.946,0.0,0,-11.6,0.44
2425,承啟,TW,1.91,250.998,249.064,0.0,0,8.4,0.57
2426,鼎元,TW,9.91,480.76,-29.05000000000001,0.0,0,1.5,7.47
2427,三商電,TW,1.23,609.0,588.0,0.0,0,23.2,1.39
2428,興勤,TW,5.65,950.9770000000001,893.883,0.0,0,8.5,0.79
2429,銘旺科,TW,0.94,-462.85,-462.85,0.0,0,-18.5,0.88
2430,燦坤,TW,0.0,87.0,87.0,0.0,0,0.0,0.0
2431,聯昌,TW,3.4,263.54200000000003,262.314,0.0,0,16.4,1.79
2432,倚天酷碁-創,TW,0.19,-5.92,-0.9199999999999999,0.0,0,0.0,0.0
2433,互盛電,TW,0.0,-152.171,-143.0,0.0,0,0.0,0.0
2434,統懋,TW,0.0,30.0,30.0,0.0,0,0.0,0.0
2436,偉詮電,TW,3.74,3719.759,3510.965,45.0,3,12.4,2.28
2438,翔耀,TW,-0.23,63.091,61.09,0.0,0,7.8,0.76
2439,美律,TW,2.45,104.06000000000003,2091.4,-1946.633,0,0.9,2.17
2440,太空梭,TW,2.01,496.43,461.43,0.0,0,8.5,0.86
2441,超豐,TW,9.86,-10335.957999999999,-12975.981,-417.95,0,-13.5,0.94
2442,新美齊,TW,-1.07,1342.98,1358.98,0.0,0,22.3,0.98
2444,兆勁,TW,-0.39,146.18,138.18,0.0,0,6.2,1.36
2449,京元電子,TW,3.67,-25584.639000000003,-14381.294,-10449.179,0,-19.6,0.88
2450,神腦,TW,0.0,-86.045,-84.045,0.0,0,-11.0,0.82
2451,創見,TW,1.59,-3045.647,-3211.31,365.6,3,-11.1,0.58
2453,凌群,TW,1.97,451.01300000000003,453.01300000000003,0.0,0,15.4,1.66
2454,聯發科,TW,7.75,-5132.557,-4167.3099999999995,-1163.864,0,-10.6,2.84
2455,全新,TW,9.96,-2754.8999999999996,-5203.936,2828.0,3,-4.0,1.33
2457,飛宏,TW,3.79,3008.301,2896.017,0.0,0,24.6,2.18
2458,義隆,TW,2.84,5039.9169999999995,4652.382,372.783,3,20.4,0.9
2459,敦吉,TW,0.75,-31.0,-31.0,0.0,0,-3.7,1.23
2460,建通,TW,3.33,196.042,186.042,0.0,0,7.6,1.06
2461,光群雷,TW,4.0,594.0,562.0,0.0,0,18.0,2.26
2462,良得電,TW,0.73,237.392,239.0,0.0,0,13.6,0.95
2464,盟立,TW,7.72,-5093.429,-4771.297,0.0,0,-2.6,1.06
2465,麗臺,TW,4.45,659.6080000000001,639.937,0.0,0,6.2,2.2
2466,冠西電,TW,2.83,-63.58,-61.0,0.0,0,-5.9,1.29
2467,志聖,TW,3.08,-344.726,208.61199999999997,-423.051,1,-3.5,1.14
2468,華經,TW,2.69,24.358999999999995,25.371,0.0,0,2.4,1.14
2471,資通,TW,0.2,-94.671,-93.469,0.0,0,-16.9,0.82
2472,立隆電,TW,-0.19,-827.5419999999999,-1409.824,-95.5,0,-1.0,0.96
2474,可成,TW,0.81,-6851.503000000001,-1745.306,-5048.132,0,-36.0,1.18
2476,鉅祥,TW,1.25,1682.2259999999999,1521.3899999999999,0.0,0,6.7,1.37
2477,美隆電,TW,0.72,-32.519999999999996,-35.519999999999996,0.0,0,-5.8,1.4
2478,大毅,TW,9.91,-2065.0280000000002,-2434.252,0.0,0,-3.9,0.34
2480,敦陽科,TW,1.02,82.46800000000002,92.0,-25.002,0,6.2,0.86
2481,強茂,TW,0.75,-2097.1740000000004,-9592.164,5236.0,1,-0.7,0.76
2482,連宇,TW,4.29,22.910000000000004,19.2,0.0,0,4.1,2.53
2483,百容,TW,4.88,578.285,589.285,0.0,0,22.1,1.96
2484,希華,TW,9.92,3287.008999999999,3296.0070000000005,0.0,0,2.5,1.85
2485,兆赫,TW,3.57,7828.944000000001,6564.455,-7.0,0,3.1,0.62
2486,一詮,TW,-1.97,-2874.2810000000004,-2536.95,0.0,0,-11.4,2.46
2488,漢平,TW,3.05,58.151,58.062,0.0,0,5.8,3.55
2489,瑞軒,TW,9.83,29732.108,29933.387,590.2,5,11.9,0.66
2491,吉祥全,TW,5.53,617.296,618.183,0.0,0,10.8,2.36
2492,華新科,TW,9.96,7910.369000000001,7898.111,-535.0,3,17.1,1.28
2493,揚博,TW,1.11,601.5169999999999,541.0160000000001,2.0,0,6.1,0.84
2495,普安,TW,8.61,6551.341,5590.669,608.0,3,16.3,2.86
2496,卓越,TW,0.0,-12.0,-12.0,0.0,0,0.0,0.0
2497,怡利電,TW,0.18,-131.787,-149.17299999999997,18.0,3,-6.6,0.75
2498,宏達電,TW,1.21,-4792.424999999999,-4857.407,-32.0,0,-3.8,0.28
2501,國建,TW,-1.12,-104.92500000000007,-83.63999999999999,0.0,0,-1.2,1.28
2504,國產,TW,-0.57,-2521.559,-2178.0,-283.015,0,-27.7,0.76
2505,國揚,TW,0.84,-506.0,-484.0,0.0,0,-21.7,0.95
2506,太設,TW,0.23,197.0,202.0,0.0,0,26.1,0.63
2509,全坤建,TW,0.39,73.0,71.0,0.0,0,11.3,0.37
2511,太子,TW,-0.13,-138.48399999999998,-74.0,0.0,0,-3.4,0.83
2514,龍邦,TW,-0.77,-207.111,-208.98000000000002,0.0,0,-19.8,0.25
2515,中工,TW,-3.97,-3311.294,-3116.111,-4.0,0,-5.6,2.02
2516,新建,TW,-0.4,45.0,52.0,0.0,0,7.0,0.65
2520,冠德,TW,-1.46,-187.36200000000002,-204.56900000000002,-6.0,0,-3.4,1.3
2524,京城,TW,-2.05,-111.0,-105.0,0.0,0,0.0,0.0
2527,宏璟,TW,-0.15,-94.582,-87.0,-8.443,0,-8.1,1.01
2528,皇普,TW,0.0,-371.0,-367.0,-4.0,0,-17.4,0.51
2530,華建,TW,-2.64,-1140.4,-1195.4,-80.0,0,-27.0,1.37
2534,宏盛,TW,-0.56,-224.103,-214.0,0.0,0,-10.3,0.5
2535,達欣工,TW,1.84,-809.6110000000001,-782.2719999999999,0.0,0,-26.6,1.49
2536,宏普,TW,-0.5,-3.9550000000000125,-20.954999999999984,0.0,0,-0.3,1.22
2537,聯上發,TW,-3.15,115.515,127.0,0.0,0,2.4,1.85
2538,基泰,TW,-0.74,180.0,182.0,0.0,0,9.5,0.38
2539,櫻花建,TW,-0.52,142.84499999999997,134.256,-11.994,0,3.5,0.54
2540,愛山林,TW,-1.62,452.086,505.194,0.0,0,7.6,0.23
2542,興富發,TW,-0.8,13372.918000000001,12542.098999999998,70.0,2,24.1,0.64
2543,皇昌,TW,0.0,-5250.017,-1514.897,0.0,0,-20.3,1.09
2545,皇翔,TW,-1.21,-43.120999999999995,-49.078,0.0,0,-3.3,1.81
2546,根基,TW,-0.24,1.0,0.0,0.0,0,0.0,0.0
2547,日勝生,TW,-0.7,-1396.441,-1372.214,-12.0,0,-16.1,0.77
2548,華固,TW,-0.4,-3800.107,-3759.1220000000003,43.0,0,-46.1,0.88
2597,潤弘,TW,0.92,396.014,398.014,-2.0,0,14.6,0.98
2601,益航,TW,0.8,-131.409,-131.409,0.0,0,-1.2,0.88
2603,長榮,TW,2.83,2389.5840000000007,6692.467999999997,-6015.134,1,1.9,1.0
2605,新興,TW,1.96,-741.389,-48.66000000000001,0.0,0,-3.7,0.79
2606,裕民,TW,0.15,1723.919,2230.9190000000003,-48.0,0,8.6,0.52
2607,榮運,TW,0.31,-278.76800000000003,-124.768,-144.0,0,-7.7,0.51
2608,嘉里大榮,TW,-0.52,-19.142999999999997,-32.0,0.0,0,-1.0,1.19
2609,陽明,TW,2.35,19590.392,18128.601,-53.2,0,17.1,2.03
2610,華航,TW,-0.8,5428.851,9419.988,-3806.0,0,5.1,1.11
2611,志信,TW,-0.77,460.0,465.0,0.0,0,29.0,1.15
2612,中航,TW,0.36,-165.384,-150.999,0.0,0,-6.9,2.91
2613,中櫃,TW,0.46,-168.185,-148.78300000000002,0.0,0,-11.1,1.13
2614,東森,TW,-0.28,-1030.734,-1009.734,0.0,0,-32.2,1.67
2615,萬海,TW,2.09,32365.244,26494.601,5252.0,3,35.4,1.27
2616,山隆,TW,0.0,148.012,185.316,0.0,0,11.7,0.9
2617,台航,TW,-0.34,295.31,294.0,0.0,0,11.2,0.81
2618,長榮航,TW,0.42,5552.725,-3943.187999999999,10733.883000000002,3,3.4,1.38
2630,亞航,TW,-0.34,-0.8359999999999985,7.0,0.0,0,-0.0,0.87
2633,台灣高鐵,TW,-0.19,-9410.458999999999,-9295.081,-174.0,0,-36.6,0.65
2634,漢翔,TW,0.32,-3170.1230000000005,-2975.46,-45.0,0,-18.8,0.8
2636,台驊控股,TW,1.37,-1074.3049999999998,-1068.0,0.0,0,-64.2,0.55
2637,慧洋-KY,TW,-1.39,-277.85000000000014,-300.42700000000013,142.46,5,-2.3,1.31
2642,宅配通,TW,-0.49,19.01,21.01,0.0,0,0.0,0.0
2645,長榮航太,TW,-0.62,1756.742,1665.888,68.0,1,23.1,0.88
2646,星宇航空,TW,0.74,1427.6980000000003,1379.0749999999998,-1.0,0,6.5,1.04
2701,萬企,TW,0.49,-126.0,-126.0,0.0,0,-18.1,1.4
2702,華園,TW,0.77,13.27,7.27,0.0,0,0.0,0.0
2704,國賓,TW,0.0,-182.0,-161.0,0.0,0,0.0,0.0
2705,六福,TW,-1.3,-337.087,-296.087,0.0,0,-41.9,1.43
2706,第一店,TW,0.0,-217.0,-215.0,0.0,0,-37.6,1.37
2707,晶華,TW,-0.29,37.783000000000015,40.0,0.0,0,5.3,1.17
2712,遠雄來,TW,2.31,-2.92,-2.92,0.0,0,0.0,0.0
2722,夏都,TW,0.22,-69.0,-71.0,0.0,0,0.0,0.0
2723,美食-KY,TW,-0.63,-488.734,-490.91200000000003,0.0,0,-28.0,1.02
2727,王品,TW,-0.85,-103.33699999999999,-110.47800000000001,11.515,0,-6.5,0.98
2731,雄獅,TW,0.31,-960.29,-987.0,18.0,0,-34.7,0.6
2739,寒舍,TW,0.43,81.15,77.15,0.0,0,13.0,0.96
2748,雲品,TW,-0.51,14.468,16.0,0.0,0,2.5,1.98
2753,八方雲集,TW,-0.29,-903.4639999999999,-888.9100000000001,-8.859,0,-46.5,1.33
2762,世界健身-KY,TW,-0.72,118.564,113.032,0.0,0,16.0,0.37
2801,彰銀,TW,0.25,-23839.516000000003,-32312.183,9253.0,3,-26.3,1.05
2812,台中銀,TW,-0.26,-4977.277,-4797.8949999999995,-29.0,0,-7.7,0.39
2816,旺旺保,TW,0.48,307.20000000000005,306.20000000000005,0.0,0,38.4,0.35
2820,華票,TW,0.0,-1678.274,-1669.0,0.0,0,-38.1,0.75
2832,台產,TW,-0.56,273.145,273.046,0.0,0,33.4,0.55
2834,臺企銀,TW,-0.62,-11280.652,-10915.942,-104.0,0,-11.4,0.7
2836,高雄銀,TW,0.0,-817.6700000000001,-814.6700000000001,-1.0,0,-18.8,1.38
2836A,高雄銀甲特,TW,0.0,4.0,4.0,0.0,0,0.0,0.0
2838,聯邦銀,TW,0.5,-722.127,-699.0,-5.0,0,-10.4,0.74
2845,遠東銀,TW,0.42,-11526.77,-11213.908000000001,-81.0,0,-20.6,0.85
2849,安泰銀,TW,0.0,-237.564,-206.0,0.0,0,0.0,0.0
2850,新產,TW,-1.08,406.209,430.20500000000004,-9.0,0,22.6,0.89
2851,中再保,TW,-1.55,7993.723,8013.798,0.0,0,42.6,0.71
2852,第一保,TW,-0.18,444.188,503.0,-29.421999999999997,0,17.5,0.3
2855,統一證,TW,0.62,-4849.909,-4808.714,-41.195,0,-17.8,0.75
2867,三商壽,TW,-0.26,9314.757,9277.0,0.0,0,30.5,0.95
2880,華南金,TW,-0.16,-10992.686000000002,8668.478,-19022.179,1,-8.0,1.09
2881,富邦金,TW,-1.04,-13662.096000000001,12810.317,-26643.083,0,-8.6,0.83
2881B,富邦金乙特,TW,0.0,-66.0,35.0,0.0,0,0.0,0.0
2881C,富邦金丙特,TW,0.0,4.0,4.0,0.0,0,0.0,0.0
2882,國泰金,TW,0.89,-2802.032,56869.691,-60010.213,0,-1.6,0.87
2882A,國泰特,TW,0.0,16.0,16.0,0.0,0,0.0,0.0
2882B,國泰金乙特,TW,0.0,14.0,0.0,-10.0,0,0.0,0.0
2883,凱基金,TW,0.47,-71137.834,-57144.814,-13461.0,2,-24.9,0.51
2883B,凱基金乙特,TW,0.0,563.0,427.0,0.0,0,0.0,0.0
2884,玉山金,TW,-0.79,-22030.21,-28316.716999999997,792.0,0,-13.8,1.0
2885,元大金,TW,0.37,-14872.619999999999,15154.062,-30249.0,0,-12.2,0.86
2886,兆豐金,TW,-0.25,20640.115999999998,13210.346,8166.0,1,12.0,0.74
2887,台新新光金,TW,0.0,-5047.009000000002,8102.935000000001,-12579.0,1,-1.1,0.86
2887E,台新新光戊特一,TW,0.0,34.0,34.0,0.0,0,0.0,0.0
2887F,台新新光戊特二,TW,0.0,-1.4,-1.4,0.0,0,0.0,0.0
2887H,台新新光庚特二,TW,0.0,-14.0,-14.0,0.0,0,0.0,0.0
2887I,台新新光辛特,TW,0.0,1257.325,1257.325,0.0,0,0.0,0.0
2889,國票金,TW,-0.68,1305.1779999999999,1427.484,0.0,0,12.9,0.74
2890,永豐金,TW,-1.85,-2940.701000000001,20126.208,-21119.0,2,-1.6,1.1
2891,中信金,TW,0.7,73450.70199999999,121564.67,-49141.365,0,24.5,0.44
2891B,中信金乙特,TW,0.0,-38.0,-12.0,0.0,0,0.0,0.0
2891C,中信金丙特,TW,0.0,-139.0,0.0,60.0,0,0.0,0.0
2892,第一金,TW,-0.72,-216071.60400000002,-227356.662,11238.0,3,-56.4,0.97
2897,王道銀行,TW,-0.5,-4930.376,-4393.0,-560.0,0,-32.6,0.54
2901,欣欣,TW,0.0,-22.0,-22.0,0.0,0,0.0,0.0
2903,遠百,TW,-0.22,-2648.0,-2450.0,-155.0,0,-32.5,0.73
2904,匯僑,TW,-1.4,48.0,48.0,0.0,0,9.5,0.5
2905,三商,TW,1.87,570.042,468.358,0.0,0,19.8,1.44
2906,高林,TW,0.0,-154.0,-138.0,0.0,0,-18.2,0.65
2908,特力,TW,0.0,58.033,58.033,0.0,0,4.2,1.36
2910,統領,TW,0.0,-12.998,-13.0,0.0,0,0.0,0.0
2911,麗嬰房,TW,10.0,-188.12399999999997,-6.0,0.0,0,-4.9,1.17
2912,統一超,TW,-0.45,-2921.8599999999997,-4389.441,1413.695,3,-13.6,1.49
2913,農林,TW,-0.45,362.642,388.02,0.0,0,5.3,0.68
2915,潤泰全,TW,-1.48,-2000.879,-1848.521,-16.0,0,-14.5,1.29
2923,鼎固-KY,TW,1.17,-190.89600000000002,-144.89600000000002,0.0,0,0.0,0.0
2929,淘帝-KY,TW,2.64,21.357,18.0,0.0,0,0.8,3.08
2939,永邑-KY,TW,0.67,-15.995000000000001,-16.0,0.0,0,0.0,0.0
2945,三商家購,TW,2.12,16.0,16.0,0.0,0,0.0,0.0
3002,歐格,TW,2.92,183.44400000000002,168.0,0.0,0,17.2,1.27
3003,健和興,TW,1.65,475.98999999999995,471.803,0.0,0,9.9,1.55
3004,豐達科,TW,2.38,-262.183,-439.318,155.0,0,-4.8,0.77
3005,神基,TW,1.47,1507.3929999999996,5516.35,-5051.847000000001,0,4.5,1.0
3006,晶豪科,TW,8.78,-18826.186,-19054.703999999998,3.0,1,-12.7,0.87
3008,大立光,TW,1.59,2045.6889999999999,1939.074,394.478,3,15.4,0.36
3010,華立,TW,2.22,613.657,1324.42,-332.67100000000005,1,7.7,0.87
3011,今皓,TW,1.49,766.0,740.0,0.0,0,16.0,1.28
3013,晟銘電,TW,5.97,588.059,901.5139999999999,0.0,0,5.3,1.81
3014,聯陽,TW,1.38,2884.9210000000003,2810.2270000000003,-25.221,1,18.1,1.38
3015,全漢,TW,0.78,275.56,-194.0,471.472,3,11.3,0.97
3016,嘉晶,TW,3.46,-129.197,-117.19999999999999,0.0,0,-2.2,1.14
3017,奇鋐,TW,1.4,-2222.94,-3195.89,1028.848,5,-11.4,1.23
3019,亞光,TW,1.98,936.2919999999999,129.75,-2.604,0,1.7,1.0
3021,鴻名,TW,9.65,-211.85,-210.85,0.0,0,-12.3,3.83
3022,威強電,TW,2.86,617.067,642.218,-10.983,0,17.9,1.45
3023,信邦,TW,0.96,1486.478,587.0630000000001,860.0,1,10.8,0.79
3024,憶聲,TW,3.5,1670.2160000000003,1407.0,0.0,0,5.6,0.45
3025,星通,TW,9.91,123.216,138.904,0.0,0,2.2,4.96
3026,禾伸堂,TW,9.57,2045.374,1645.579,625.7,3,20.1,0.71
3027,盛達,TW,2.84,338.294,333.294,0.0,0,23.0,1.75
3028,增你強,TW,-0.36,1193.221,1141.3229999999999,51.2,5,3.4,0.62
3029,零壹,TW,1.25,-127.89800000000004,-63.25,-52.473,0,-3.0,1.02
3030,德律,TW,9.96,-931.289,474.94599999999997,-1222.0,0,-6.7,3.38
3031,佰鴻,TW,0.6,1300.591,1408.403,-2.0,0,4.1,2.06
3032,偉訓,TW,7.44,-324.694,-327.921,0.0,0,-3.3,2.72
3033,威健,TW,2.1,-3504.4950000000003,-129.8760000000002,-109.85300000000001,0,-2.3,0.7
3034,聯詠,TW,0.31,7414.597,7416.936,119.06300000000002,1,25.3,1.22
3035,智原,TW,0.48,10998.186,9055.168,-57.316,1,14.1,1.8
3036,文曄,TW,0.34,-5998.202,-10664.728,4064.52,2,-8.7,0.81
3037,欣興,TW,7.96,8184.848999999999,7097.946999999999,805.1,2,6.2,1.6
3038,全台,TW,2.22,-29.791000000000025,-19.322000000000003,-12.509,0,-1.7,1.47
3040,遠見,TW,-1.37,148.0,149.0,-1.0,0,28.3,1.0
3041,揚智,TW,3.02,1799.615,1804.968,0.0,0,19.7,2.12
3042,晶技,TW,10.0,7163.267,6199.3009999999995,135.5,3,6.4,1.83
3043,科風,TW,0.24,33.378,39.0,0.0,0,1.4,0.68
3044,健鼎,TW,0.92,472.22,873.735,-196.0,1,2.8,0.73
3045,台灣大,TW,-1.32,29592.262,18761.853,10157.871,3,35.8,0.92
3046,建碁,TW,1.92,169.385,174.0,0.0,0,12.2,1.61
3047,訊舟,TW,5.46,1412.018,1518.002,0.0,0,19.5,3.75
3048,益登,TW,9.88,2693.182,3306.0109999999995,0.0,0,2.4,1.06
3049,精金,TW,3.75,1643.136,1641.0,0.0,0,6.4,1.08
3050,鈺德,TW,2.06,563.2470000000001,561.2470000000001,0.0,0,23.9,1.35
3051,力特,TW,9.94,1246.811,1246.324,0.0,0,9.9,5.97
3052,夆典,TW,0.0,-474.239,-474.239,0.0,0,-27.2,0.52
3054,立萬利,TW,1.35,26.941,26.942,0.0,0,3.5,1.28
3055,蔚華科,TW,0.86,-2301.826,-2486.794,0.0,0,-6.1,0.51
3056,富華新,TW,-2.16,1911.725,1784.7530000000002,0.0,0,33.3,1.17
3057,喬鼎,TW,2.35,-125.95,-125.95,0.0,0,-14.6,1.3
3058,立德,TW,0.73,488.0,486.0,0.0,0,18.1,1.49
3059,華晶科,TW,1.16,-8715.175,-9109.171,-16.0,0,-18.9,0.64
3060,銘異,TW,4.72,614.3180000000001,614.6,0.0,0,8.9,1.66
3062,建漢,TW,3.35,5199.853,5195.62,0.0,0,12.7,1.67
3090,日電貿,TW,4.08,11191.013,2661.1669999999995,8790.904,5,6.8,0.24
3092,鴻碩,TW,2.76,98.288,93.292,0.0,0,6.1,0.93
3094,聯傑,TW,-1.53,876.9320000000001,740.1760000000002,0.0,0,3.6,0.52
3130,一零四,TW,-0.45,-43.001,-40.995,0.0,0,0.0,0.0
3135,凌航,TW,7.67,-328.291,-312.833,0.0,0,-3.3,0.47
3138,耀登,TW,2.11,383.431,301.536,0.0,0,2.5,0.64
3149,正達,TW,5.48,-7975.427,-7991.016,0.0,0,-5.3,1.14
3150,鈺寶-創,TW,0.76,-48.998999999999995,-18.0,0.0,0,0.0,0.0
3164,景岳,TW,-1.2,-67.82,-57.82,0.0,0,-13.1,1.46
3167,大量,TW,9.92,-3780.668,-3208.547,-326.0,0,-13.2,1.49
3168,眾福科,TW,-0.98,-3.0,-18.0,0.0,0,0.0,0.0
3189,景碩,TW,9.93,18885.407,13570.081,3566.474,5,13.4,0.37
3209,全科,TW,-0.38,-1850.672,-2330.33,-49.548,0,-4.3,0.45
3229,晟鈦,TW,5.84,-108.65299999999999,-116.66999999999999,0.0,0,-3.7,0.68
3231,緯創,TW,3.93,-383.4539999999979,-4895.112999999999,1656.0,5,-0.2,1.82
3257,虹冠電,TW,-1.86,-218.0,-218.0,0.0,0,-6.2,1.41
3266,昇陽,TW,1.63,-111.0,-112.0,0.0,0,-16.4,1.0
3296,勝德,TW,2.89,-66.85,-58.85,0.0,0,-7.6,0.84
3305,昇貿,TW,4.32,-4541.216,-4549.7,0.0,0,-4.7,0.55
3308,聯德,TW,1.48,-38.697,-32.91,0.0,0,-6.3,1.09
3311,閎暉,TW,2.29,152.38,162.38,0.0,0,11.8,3.05
3312,弘憶股,TW,1.6,938.473,895.473,0.0,0,7.3,0.84
3321,同泰,TW,3.92,-124.998,-122.998,0.0,0,-11.6,1.46
3338,泰碩,TW,4.67,-1136.684,-1126.0520000000001,0.0,0,-10.5,0.68
3346,麗清,TW,1.55,326.0,356.0,0.0,0,17.0,1.0
3356,奇偶,TW,2.94,8.366000000000014,17.21599999999998,0.0,0,0.2,1.93
3376,新日興,TW,-0.24,9676.056,9307.3,-1737.0,1,34.0,0.87
3380,明泰,TW,4.74,48.59999999999991,-377.676,0.0,0,0.3,2.05
3406,玉晶光,TW,-0.52,-861.5749999999999,-653.819,-32.0,0,-5.6,0.42
3413,京鼎,TW,0.15,-1041.065,-1014.562,8.0,3,-11.3,0.31
3416,融程電,TW,4.9,270.387,295.613,0.0,0,6.5,3.5
3419,譁裕,TW,-0.36,-108.0,-105.0,0.0,0,-7.0,2.02
3432,台端,TW,0.0,-83.87,-83.87,0.0,0,0.0,0.0
3437,榮創,TW,6.28,853.24,782.24,0.0,0,7.5,2.69
3443,創意,TW,0.1,477.994,217.21500000000003,95.7,3,3.6,0.86
3447,展達,TW,0.66,130.13,130.13,0.0,0,12.7,0.99
3450,聯鈞,TW,4.09,-1687.7269999999999,664.2040000000001,-2218.0,0,-12.2,0.86
3481,群創,TW,9.98,21921.028000000006,13076.935999999994,1121.2,0,0.7,0.57
3494,誠研,TW,2.58,-8.997,-12.997,0.0,0,-1.2,3.63
3501,維熹,TW,-0.37,-134.00999999999996,-141.891,0.0,0,-8.0,0.62
3504,揚明光,TW,-1.86,-510.03900000000004,-522.013,0.0,0,-1.5,0.49
3515,華擎,TW,3.12,-190.73700000000002,-146.25,-47.0,0,-6.2,1.04
3518,柏騰,TW,6.26,549.184,559.184,0.0,0,9.1,0.88
3528,安馳,TW,6.33,-110.94900000000001,-114.80000000000001,0.0,0,-3.7,1.51
3530,晶相光,TW,0.29,116.363,115.12,0.0,0,8.6,1.1
3532,台勝科,TW,9.96,-87.07600000000002,-182.10500000000002,-343.0,0,-1.8,1.47
3533,嘉澤,TW,0.99,-76.99100000000004,-1520.806,1479.754,5,-1.0,0.71
3535,晶彩科,TW,1.61,123.38700000000006,124.90599999999995,0.0,0,0.4,0.34
3543,州巧,TW,4.69,323.179,323.179,0.0,0,6.0,1.06
3545,敦泰,TW,-0.16,3514.121,3425.65,-23.0,0,21.8,1.32
3550,聯穎,TW,4.07,1126.464,1120.137,0.0,0,10.5,1.29
3557,嘉威,TW,5.1,28.15,28.15,0.0,0,2.7,1.8
3563,牧德,TW,-3.64,1542.577,767.827,684.0,1,9.4,1.25
3576,聯合再生,TW,4.01,4922.359999999998,4887.140999999999,0.0,0,2.7,0.74
3583,辛耘,TW,2.56,-94.56300000000002,-397.656,344.0,1,-1.0,0.95
3588,通嘉,TW,1.92,727.265,726.265,0.0,0,26.5,1.3
3591,艾笛森,TW,3.46,2402.886,2384.808,0.0,0,14.3,1.11
3592,瑞鼎,TW,-0.75,901.66,850.529,9.793999999999999,2,25.9,1.01
3596,智易,TW,2.45,834.087,793.0409999999999,0.0,0,10.5,0.89
3605,宏致,TW,-1.1,-1203.8000000000002,-1325.5879999999997,0.0,0,-4.7,0.87
3607,谷崧,TW,2.75,383.04200000000003,383.04200000000003,0.0,0,16.6,1.85
3617,碩天,TW,1.52,133.12300000000002,132.632,-1.007,0,10.7,1.62
3622,洋華,TW,2.01,85.54800000000002,86.0,0.0,0,5.8,1.2
3645,達邁,TW,0.46,-1597.3199999999997,-1667.2820000000002,-3.0,0,-3.2,0.69
3652,精聯,TW,4.96,26.0,28.0,0.0,0,0.0,0.0
3653,健策,TW,9.91,-182.24600000000004,-115.06699999999998,-108.13500000000002,0,-4.0,0.7
3661,世芯-KY,TW,-0.2,-389.557,-680.576,139.66,2,-4.7,0.81
3665,貿聯-KY,TW,4.18,302.87700000000007,2381.635,-2345.907,0,2.0,0.45
3669,圓展,TW,4.19,224.754,239.079,0.0,0,21.5,1.48
3673,TPK-KY,TW,4.99,7513.8369999999995,4092.882,0.0,0,3.7,1.26
3679,新至陞,TW,1.27,20.0,17.0,0.0,0,0.0,0.0
3686,達能,TW,3.88,-123.024,-139.0,0.0,0,-6.8,1.08
3694,海華,TW,-1.81,-2155.212,-2352.567,0.0,0,-4.5,0.57
3701,大眾控,TW,3.47,1338.654,1330.7219999999998,0.0,0,11.2,0.85
3702,大聯大,TW,-3.64,-1769.714,-1418.3950000000002,1174.993,1,-1.9,0.75
3703,欣陸,TW,-1.23,-1259.17,-1245.0,0.0,0,-24.6,0.93
3704,合勤控,TW,3.86,6940.714,6870.264,0.0,0,20.1,1.83
3705,永信,TW,-0.36,162.835,196.0,0.0,0,16.9,0.91
3706,神達,TW,5.27,4170.119,-5081.705,8417.026,5,5.7,3.09
3708,上緯投控,TW,0.0,2457.424,2126.66,85.0,3,35.6,0.84
3711,日月光投控,TW,10.0,-13314.41,-14191.069,1206.6970000000001,0,-9.9,1.32
3712,永崴投控,TW,4.46,4758.917,3525.206,0.0,0,31.3,0.56
3714,富采,TW,7.43,18519.531,17254.721,0.0,0,12.9,3.29
3715,定穎投控,TW,7.01,-3013.3949999999995,-1907.035,-52.821,0,-6.5,1.34
3716,中化控股,TW,-0.58,191.922,167.922,0.0,0,19.6,0.78
3717,聯嘉投控,TW,4.0,2601.0,3142.0,0.0,0,16.5,1.87
4104,佳醫,TW,-0.56,-118.948,-115.0,0.0,0,-8.3,0.35
4106,雃博,TW,0.65,14.0,15.0,0.0,0,0.0,0.0
4108,懷特,TW,8.75,-333.959,-337.0,0.0,0,-15.8,3.48
4119,旭富,TW,-1.74,-9.802999999999999,-8.800999999999998,0.0,0,-1.0,0.74
4133,亞諾法,TW,0.24,106.0,105.0,0.0,0,12.3,0.45
4137,麗豐-KY,TW,-0.96,-255.02800000000002,-262.0,0.0,0,-43.3,0.65
4142,國光生,TW,-1.14,871.1310000000001,890.658,0.0,0,15.0,0.75
4148,全宇生技-KY,TW,-0.15,-85.0,-83.0,0.0,0,0.0,0.0
4155,訊映,TW,0.0,-315.216,-320.216,0.0,0,-11.2,0.83
4164,承業醫,TW,-0.52,497.194,512.0,0.0,0,18.5,1.01
4169,泰宗,TW,1.27,107.0,107.0,0.0,0,15.1,0.86
4178,永笙-KY,TW,-0.26,276.0,276.0,0.0,0,13.6,0.78
4190,佐登-KY,TW,-0.61,-15.99,-13.99,0.0,0,0.0,0.0
4195,基米-創,TW,0.0,99.81500000000001,102.0,0.0,0,0.0,0.0
4306,炎洲,TW,2.17,4941.12,4872.12,0.0,0,47.3,1.53
4414,如興,TW,-1.93,-265.0,-268.0,0.0,0,-5.9,0.26
4426,利勤,TW,-1.17,-78.0,-99.0,0.0,0,-9.1,2.07
4438,廣越,TW,0.0,-42.768,-41.944,0.0,0,0.0,0.0
4439,冠星-KY,TW,0.54,-11.0,-13.0,0.0,0,0.0,0.0
4440,宜新實業,TW,0.55,-32.0,-34.0,0.0,0,0.0,0.0
4441,振大環球,TW,1.23,-33.198,75.876,-109.0,0,-6.1,1.2
4526,東台,TW,3.15,2989.13,2645.8109999999997,0.0,0,6.8,1.21
4532,瑞智,TW,0.21,1109.135,1228.0,-66.07900000000001,0,28.2,0.65
4536,拓凱,TW,1.24,80.697,78.275,0.0,0,3.7,0.76
4540,全球傳動,TW,4.75,-11521.347999999998,-11497.504,0.0,0,-15.1,0.63
4545,銘鈺,TW,2.36,-171.185,-179.885,0.0,0,-8.6,1.83
4551,智伸科,TW,-1.58,738.688,290.03700000000003,460.0,2,13.2,0.94
4552,力達-KY,TW,-0.25,-143.97899999999998,-132.97899999999998,0.0,0,-25.0,1.26
4555,氣立,TW,6.44,122.822,61.022999999999996,0.0,0,1.5,5.05
4557,永新-KY,TW,-0.21,-52.06399999999999,-35.980000000000004,0.0,0,-9.0,0.64
4560,強信-KY,TW,-1.22,-102.0,-102.0,0.0,0,-8.4,0.83
4562,穎漢,TW,4.41,68.63499999999999,57.031000000000006,0.0,0,0.3,0.71
4564,元翎,TW,-1.56,267.11,257.017,0.0,0,3.7,2.37
4566,時碩工業,TW,1.45,15.575,15.0,0.0,0,0.5,1.06
4569,六方科-KY,TW,6.78,-131.03300000000002,-130.861,0.0,0,-13.2,0.44
4571,鈞興-KY,TW,6.71,1585.594,1542.5349999999999,0.0,0,12.2,0.78
4572,駐龍,TW,0.0,27.878,29.896,0.0,0,0.0,0.0
4576,大銀微系統,TW,5.04,-178.13400000000001,11.832999999999998,-49.0,0,-0.7,0.75
4581,光隆精密-KY,TW,0.71,-10.0,-9.0,0.0,0,0.0,0.0
4583,台灣精銳,TW,3.39,-280.325,-230.05700000000002,-15.0,0,-32.0,0.68
4585,達明,TW,2.8,-1288.532,-1250.054,0.0,0,-28.8,0.54
4588,玖鼎電力,TW,1.81,-27.187,-27.941000000000003,0.0,0,0.0,0.0
4590,富田-創,TW,-0.94,83.584,84.04599999999999,0.0,0,13.3,1.31
4720,德淵,TW,2.17,330.58899999999994,335.6819999999999,-14.093,0,1.8,0.34
4722,國精化,TW,9.98,-1164.027,-1191.614,0.0,0,-4.9,1.63
4736,泰博,TW,0.0,-215.39299999999997,-207.24599999999998,-2.0,0,-28.2,0.67
4737,華廣,TW,-1.22,-180.562,-187.563,0.0,0,0.0,0.0
4739,康普,TW,6.77,-790.688,-109.56900000000002,-646.727,0,-5.2,1.34
4746,台耀,TW,-1.13,-1622.52,-1663.626,45.0,0,-45.8,0.55
4755,三福化,TW,4.63,138.371,-32.61399999999999,167.0,3,5.3,2.7
4763,材料*-KY,TW,2.84,758.9770000000001,781.2759999999998,-14.692,0,2.5,2.06
4764,雙鍵,TW,1.72,-823.327,-831.128,0.0,0,-7.3,2.24
4766,南寶,TW,2.69,700.109,692.231,-10.0,0,17.4,1.58
4770,上品,TW,-0.87,226.28400000000002,140.0,0.0,0,13.2,0.89
4771,望隼,TW,-1.03,236.183,246.48,0.0,0,10.7,0.53
4807,日成-KY,TW,0.44,1.7509999999999986,-5.588000000000001,0.0,0,0.2,0.52
4904,遠傳,TW,-0.42,829.554,-1011.18,699.9300000000001,2,2.8,1.31
4906,正文,TW,3.21,-5988.688,-6476.85,-10.0,0,-8.5,1.04
4912,聯德控股-KY,TW,1.97,-75.26299999999998,-76.26299999999998,0.0,0,-1.3,0.6
4915,致伸,TW,0.56,-4276.238,-3679.755,-565.989,1,-25.1,1.17
4916,事欣科,TW,0.4,8007.789999999999,7867.643000000001,-388.0,0,5.6,2.15
4919,新唐,TW,9.92,5276.1050000000005,-658.5880000000004,4470.0,3,3.1,1.55
4927,泰鼎-KY,TW,9.96,-1762.228,-1764.3649999999998,0.0,0,-2.7,2.89
4930,燦星網,TW,0.3,98.4,98.4,0.0,0,19.6,0.74
4934,太極,TW,2.36,754.0,770.0,0.0,0,14.6,1.0
4935,茂林-KY,TW,1.23,67.128,67.128,0.0,0,0.0,0.0
4938,和碩,TW,2.15,-7202.987999999999,-8708.977,1996.425,3,-14.4,0.9
4942,嘉彰,TW,0.4,-5.308,-6.0,0.0,0,0.0,0.0
4949,有成精密,TW,2.6,817.0350000000001,827.289,-2.0,0,6.4,2.6
4952,凌通,TW,2.86,236.63799999999998,239.304,0.0,0,3.6,2.0
4956,光鋐,TW,9.51,1543.725,1587.158,-2.0,0,6.6,3.94
4958,臻鼎-KY,TW,9.9,17526.356,9236.931,7358.005,3,7.4,1.24
4960,誠美材,TW,-1.23,4595.151,4427.983,0.0,0,5.5,1.6
4961,天鈺,TW,-1.96,1904.4450000000002,1897.544,-3.0,1,24.8,1.06
4967,十銓,TW,1.88,-2034.9089999999999,-1829.4439999999997,3.6,0,-8.1,0.72
4968,立積,TW,3.45,230.45499999999996,250.62,-40.0,0,5.4,1.44
4976,佳凌,TW,0.0,726.137,725.358,0.0,0,9.5,1.05
4977,眾達-KY,TW,7.33,-3955.626,-3769.636,-179.0,0,-17.8,1.02
4989,榮科,TW,3.84,-2893.549,-2867.0280000000002,0.0,0,-4.9,1.64
4994,傳奇,TW,0.0,-15.0,-15.0,0.0,0,0.0,0.0
4999,鑫禾,TW,1.53,42.48800000000001,43.019999999999996,0.0,0,0.0,0.0
5007,三星,TW,0.89,-86.0,-89.0,0.0,0,-14.4,0.52
5203,訊連,TW,0.31,226.57799999999997,244.144,-12.0,0,23.7,1.24
5215,科嘉-KY,TW,1.01,-163.27499999999998,-153.966,0.0,0,-9.4,0.42
5222,全訊,TW,2.41,-67.90299999999999,-48.660000000000004,8.0,1,-3.1,1.31
5225,東科-KY,TW,-0.28,141.77800000000002,146.468,0.0,0,13.8,1.04
5234,達興材料,TW,7.0,47.13200000000003,-1.1190000000000282,-26.0,0,1.3,1.93
5243,乙盛-KY,TW,9.82,-1283.299,-1616.4300000000003,0.0,0,-2.5,1.25
5244,弘凱,TW,7.45,80.0,75.0,0.0,0,2.8,5.47
5258,虹堡,TW,0.87,-1974.615,-1992.047,0.0,0,-14.5,0.63
5269,祥碩,TW,4.96,-422.17699999999996,-620.3,213.631,2,-4.9,0.88
5283,禾聯碩,TW,0.0,-40.564,-40.564,0.0,0,0.0,0.0
5284,jpp-KY,TW,4.6,283.647,82.237,240.0,0,3.7,1.88
5285,界霖,TW,-3.29,-1356.833,-1357.833,0.0,0,-5.8,1.45
5288,豐祥-KY,TW,-0.66,39.489000000000004,38.019999999999996,0.0,0,6.9,0.59
5292,華懋,TW,0.45,-78.194,-82.099,-1.0,0,-13.4,0.32
5306,桂盟,TW,-0.6,-170.958,-174.958,0.0,0,-19.1,0.53
5388,中磊,TW,3.25,3982.267,3981.6369999999997,-59.379000000000005,0,13.6,1.0
5434,崇越,TW,6.92,589.081,707.375,-118.241,0,13.1,2.46
5469,瀚宇博,TW,1.59,3.90199999999993,16.25400000000002,0.0,0,0.0,0.7
5471,松翰,TW,2.67,611.781,633.6700000000001,0.0,0,3.0,1.01
5484,慧友,TW,6.44,129.97000000000003,132.70000000000005,-1.0,0,1.9,1.55
5515,建國,TW,0.37,-153.05,-77.59700000000001,-25.0,0,-3.4,0.51
5519,隆大,TW,-0.15,-121.814,-119.0,0.0,0,-9.1,1.02
5521,工信,TW,-1.37,412.974,466.9,0.0,0,1.8,0.94
5522,遠雄,TW,-0.85,4.603999999999999,-141.958,131.0,0,0.1,0.84
5525,順天,TW,-2.91,-98.0,-96.0,0.0,0,-15.8,2.68
5531,鄉林,TW,-0.77,309.0,291.0,0.0,0,8.8,0.52
5533,皇鼎,TW,0.0,-156.871,-156.871,0.0,0,0.0,0.0
5534,長虹,TW,-0.92,-1599.393,-1571.23,44.0,0,-45.5,0.91
5538,東明-KY,TW,-0.58,-67.52799999999999,-71.0,0.0,0,0.0,0.0
5546,永固-KY,TW,0.29,28.122,28.122,0.0,0,0.0,0.0
5607,遠雄港,TW,2.04,162.02300000000002,175.023,0.0,0,8.0,1.34
5608,四維航,TW,-1.05,879.895,898.094,0.0,0,15.8,1.28
5706,鳳凰,TW,-0.6,-319.079,-318.85,0.0,0,-28.6,1.34
5871,中租-KY,TW,-0.45,9420.219,6767.789,2632.3050000000003,2,19.7,0.92
5876,上海商銀,TW,0.12,10893.697,9453.723,1844.68,1,22.1,0.77
5880,合庫金,TW,0.0,-27920.059,-28354.18,376.0,0,-36.7,0.81
5906,台南-KY,TW,0.0,2.0,2.0,0.0,0,0.0,0.0
5907,大洋-KY,TW,6.79,-178.0,-178.0,0.0,0,-7.3,1.41
6005,群益證,TW,0.16,-5264.378,-1959.8900000000003,-3304.488,0,-12.3,0.62
6024,群益期,TW,-0.53,-562.802,-562.802,0.0,0,-45.3,1.29
6108,競國,TW,1.04,330.653,336.0,0.0,0,6.5,1.41
6112,邁達特,TW,1.65,-251.023,-288.0,0.0,0,-11.8,1.23
6115,鎰勝,TW,-0.11,-178.508,-179.0,0.0,0,-26.3,0.97
6116,彩晶,TW,9.72,22342.934999999998,21035.466,0.0,0,6.9,1.72
6117,迎廣,TW,5.81,127.535,-9.846000000000004,1.0,0,4.0,2.16
6120,達運,TW,9.7,3463.109,3307.0,245.0,3,13.3,4.71
6128,上福,TW,-1.82,8.43500000000001,9.0,0.0,0,0.9,2.54
6133,金橋,TW,0.21,-1150.0,-1142.0,0.0,0,-5.1,0.56
6136,富爾特,TW,0.2,-143.0,-141.0,0.0,0,-7.8,1.18
6139,亞翔,TW,-0.38,3462.8089999999997,2463.5660000000003,713.4,5,11.1,0.86
6141,柏承,TW,-0.15,765.6510000000001,732.364,0.0,0,4.3,0.53
6142,友勁,TW,2.25,-167.0,-162.0,0.0,0,-5.9,1.16
6152,百一,TW,5.19,1354.27,1365.27,0.0,0,18.6,2.0
6153,嘉聯益,TW,5.18,4529.5289999999995,4213.016,0.0,0,18.1,1.77
6155,鈞寶,TW,3.87,718.906,722.2630000000001,0.0,0,1.1,2.29
6164,華興,TW,3.7,-98.947,-116.947,0.0,0,-4.6,3.99
6165,浪凡,TW,1.86,-275.88,-276.88,0.0,0,-15.2,1.21
6166,凌華,TW,6.75,2910.242,2956.972,0.0,0,12.0,0.91
6168,宏齊,TW,10.0,4828.9349999999995,4831.3099999999995,0.0,0,11.2,6.83
6176,瑞儀,TW,2.38,-407.90999999999997,-639.55,-583.902,1,-1.3,1.01
6177,達麗,TW,-1.12,-734.754,-426.163,-300.1,0,-12.3,1.64
6183,關貿,TW,0.22,-24.424,-23.0,0.0,0,0.0,0.0
6184,大豐電,TW,0.11,-47.0,-48.0,0.0,0,0.0,0.0
6189,豐藝,TW,0.39,651.692,751.601,-50.909000000000006,0,6.7,0.99
6191,精成科,TW,1.47,-436.41099999999994,-1286.681,259.232,4,-1.6,0.81
6192,巨路,TW,0.38,357.493,353.264,0.0,0,21.6,0.8
6196,帆宣,TW,3.14,1582.7179999999998,1000.856,502.5,3,14.2,0.91
6197,佳必琪,TW,7.77,706.8449999999999,432.42600000000004,0.0,0,3.3,3.09
6201,亞弘電,TW,0.32,-70.0,-70.0,0.0,0,0.0,0.0
6202,盛群,TW,4.24,3717.603,3118.025,584.0,3,17.3,2.7
6205,詮欣,TW,9.97,931.234,931.157,0.0,0,7.5,2.72
6206,飛捷,TW,1.82,-1927.451,-1924.1399999999999,-18.232,0,-15.1,1.19
6209,今國光,TW,-0.81,6625.5650000000005,6219.5689999999995,0.0,0,4.4,1.45
6213,聯茂,TW,6.29,751.904,1920.1680000000001,-93.0,0,1.6,1.23
6214,精誠,TW,2.35,1138.5819999999999,1109.884,-13.61,0,16.3,2.78
6215,和椿,TW,6.75,-3133.453,-2915.4480000000003,0.0,0,-6.9,1.33
6216,居易,TW,0.22,203.39800000000002,205.15,0.0,0,23.1,1.03
6224,聚鼎,TW,3.12,-1073.471,-1072.471,0.0,0,-6.0,1.65
6225,天瀚,TW,3.07,-2.6370000000000005,-4.0,0.0,0,0.0,0.0
6226,光鼎,TW,4.8,614.207,600.207,0.0,0,9.0,3.77
6230,尼得科超眾,TW,2.61,-77.665,-77.746,0.0,0,-15.2,0.73
6235,華孚,TW,1.82,232.45999999999998,226.35000000000002,0.0,0,6.4,0.96
6239,力成,TW,9.9,-5577.406,-5846.708,-952.1020000000001,1,-4.3,0.22
6243,迅杰,TW,5.53,322.092,324.45500000000004,0.0,0,14.3,4.39
6257,矽格,TW,2.77,-280.3919999999996,6593.821999999999,-7582.459,0,-0.4,0.8
6269,台郡,TW,5.62,-1361.3580000000002,-1219.378,0.0,0,-9.7,1.45
6271,同欣電,TW,9.95,10731.403,8441.039,1077.0,1,23.3,1.07
6272,驊陞,TW,2.96,-158.85,-267.85,7.0,0,-8.7,0.84
6277,宏正,TW,-0.27,289.93600000000004,294.04200000000003,0.0,0,15.5,0.8
6278,台表科,TW,9.87,-1801.26,-5585.397,4322.238,0,-2.0,0.96
6281,全國電,TW,0.0,3.671999999999997,7.671999999999997,0.0,0,0.0,0.0
6282,康舒,TW,7.09,25176.506999999998,22659.424,141.0,3,14.2,2.86
6283,淳安,TW,0.2,-167.0,-171.0,0.0,0,-14.9,0.49
6285,啟碁,TW,5.7,-883.2830000000004,4350.052,-4227.976,0,-0.5,0.81
6405,悅城,TW,9.98,-37.082,-4.0,0.0,0,-1.4,2.13
6409,旭隼,TW,2.26,-835.44,-850.974,9.0,0,-22.5,0.77
6412,群電,TW,2.27,1567.7979999999998,713.616,330.82,3,9.6,1.31
6414,樺漢,TW,0.72,3278.942,3444.522,105.0,3,32.3,0.46
6415,矽力*-KY,TW,0.9,1111.729,-1497.5010000000002,2114.0,5,2.2,1.07
6416,瑞祺電通,TW,0.22,257.196,263.09000000000003,0.0,0,12.5,0.77
6426,統新,TW,3.43,476.356,479.884,0.0,0,4.2,0.93
6431,光麗-KY,TW,-0.91,-15.0,-16.0,0.0,0,0.0,0.0
6438,迅得,TW,2.74,128.218,172.87400000000002,0.0,0,3.0,1.52
6442,光聖,TW,6.72,-1212.064,-1585.5810000000001,387.0,2,-9.8,1.39
6443,元晶,TW,-0.25,-2526.0119999999997,-5960.569999999999,0.0,0,-2.0,0.47
6446,藥華藥,TW,1.38,-1556.5929999999998,-77.62099999999998,-1443.289,1,-11.4,0.28
6449,鈺邦,TW,7.29,1822.584,1756.438,46.062,2,10.9,0.26
6451,訊芯-KY,TW,4.61,1776.3469999999998,2199.623,-1.0,0,6.5,0.72
6456,GIS-KY,TW,9.59,5316.197,5017.399,0.0,0,9.4,3.09
6464,台數科,TW,-0.64,-72.981,-76.981,0.0,0,0.0,0.0
6472,保瑞,TW,-0.13,105.97999999999998,21.505000000000024,-1.0,0,0.9,0.58
6477,安集,TW,0.29,256.346,262.346,0.0,0,10.5,0.82
6491,晶碩,TW,-0.49,-416.509,-412.976,0.0,0,-10.9,0.45
6504,南六,TW,-0.65,-22.549,-16.549,0.0,0,0.0,0.0
6505,台塑化,TW,-0.39,-3809.63,-3003.686,95.231,0,-13.6,0.82
6515,穎崴,TW,-5.99,30.625000000000007,-157.577,196.321,1,1.7,2.48
6525,捷敏-KY,TW,1.32,662.7860000000001,687.7909999999999,-19.005,0,10.4,0.48
6526,達發,TW,2.13,-563.578,-122.26600000000002,-441.0,1,-7.0,1.12
6531,愛普*,TW,9.93,-436.837,-2188.751,1773.468,5,-0.9,0.89
6533,晶心科,TW,4.57,521.751,488.42,40.0,3,11.8,1.07
6534,正瀚-創,TW,-0.62,-96.542,-102.5,0.0,0,-18.0,0.95
6541,泰福-KY,TW,-1.28,229.212,224.088,0.0,0,14.7,0.89
6550,北極星藥業-KY,TW,0.62,-2492.334,-2493.334,0.0,0,-33.9,0.44
6552,易華電,TW,9.93,-15.0,-14.0,0.0,0,-0.8,8.81
6558,興能高,TW,2.51,-654.811,-654.811,0.0,0,-8.9,0.6
6573,虹揚-KY,TW,0.76,-118.0,-118.0,0.0,0,-17.1,0.65
6579,研揚,TW,1.97,-156.72500000000002,-73.97999999999996,0.0,0,-3.7,0.72
6581,鋼聯,TW,0.94,-31.0,-29.0,0.0,0,0.0,0.0
6582,申豐,TW,-0.16,-9.0,-10.0,0.0,0,0.0,0.0
6585,鼎基,TW,0.21,139.688,142.0,0.0,0,23.4,0.6
6589,台康生技,TW,-0.8,-4020.261,-3973.0,0.0,0,-52.6,0.72
6591,動力-KY,TW,0.19,-108.871,-107.999,0.0,0,-11.1,0.9
6592,和潤企業,TW,-0.49,580.302,586.892,-1.0,0,28.2,0.84
6598,ABC-KY,TW,-0.62,251.18,247.18,0.0,0,23.1,0.24
6605,帝寶,TW,-0.76,18.031000000000013,11.117000000000019,0.0,0,1.5,0.88
6606,建德工業,TW,0.41,11.0,12.0,0.0,0,0.0,0.0
6614,資拓宏宇,TW,-0.5,-111.21600000000001,17.008,0.0,0,0.0,0.0
6625,必應,TW,-0.68,-96.027,-90.0,0.0,0,-15.4,1.31
6641,基士德-KY,TW,0.0,-13.803,-15.0,0.0,0,0.0,0.0
6645,金萬林-創,TW,-0.42,-34.811,-21.91,0.0,0,0.0,0.0
6655,科定,TW,-0.38,-6.986000000000001,-7.0,0.0,0,0.0,0.0
6657,華安,TW,1.13,206.858,206.0,0.0,0,26.2,1.18
6658,聯策,TW,9.97,-745.762,-668.105,-1.0,0,-7.1,0.79
6666,羅麗芬-KY,TW,-2.4,-15.0,-12.0,0.0,0,0.0,0.0
6668,中揚光,TW,0.51,662.481,662.435,0.0,0,13.4,0.56
6669,緯穎,TW,4.02,-297.424,-290.914,-133.79999999999998,1,-3.5,1.09
6670,復盛應用,TW,-0.76,26.165000000000006,74.03899999999999,-35.203,0,2.1,0.51
6671,三能-KY,TW,-1.42,-16.433,-28.0,0.0,0,0.0,0.0
6672,騰輝電子-KY,TW,6.72,-1008.301,-895.508,-1.0,0,-7.0,1.94
6674,鋐寶科技,TW,4.75,1.0,0.0,0.0,0,0.0,0.0
6689,伊雲谷,TW,0.9,108.188,110.0,0.0,0,13.3,1.22
6691,洋基工程,TW,0.81,-399.611,-325.789,-73.0,0,-24.5,0.76
6695,芯鼎,TW,9.9,468.83,471.89000000000004,0.0,0,3.3,3.44
6698,旭暉應材,TW,8.81,71.78399999999999,103.0,0.0,0,3.4,2.01
6706,惠特,TW,9.79,3072.174,2267.977,491.0,1,6.0,1.1
6715,嘉基,TW,-1.68,383.671,208.305,154.0,0,7.2,0.44
6719,力智,TW,-1.07,-516.5859999999999,-657.7040000000001,-20.0,0,-2.6,0.54
6722,輝創,TW,-0.79,-156.0,-136.0,0.0,0,0.0,0.0
6742,澤米,TW,-0.16,425.51300000000003,366.625,0.0,0,1.0,1.43
6743,安普新,TW,1.21,78.1,87.1,0.0,0,5.4,1.04
6753,龍德造船,TW,-1.94,-2006.038,-1906.002,0.0,0,-37.4,1.49
6754,匯僑設計,TW,1.48,-10.988999999999999,-8.879999999999999,-1.8130000000000002,0,0.0,0.0
6756,威鋒電子,TW,2.46,368.076,361.28200000000004,0.0,0,15.4,1.12
6757,台灣虎航,TW,-0.18,-125.55899999999997,-189.42100000000002,0.0,0,-3.1,1.12
6768,志強-KY,TW,-1.17,-1051.351,-1047.163,10.033000000000001,0,-35.1,0.73
6770,力積電,TW,7.61,-70906.319,-70629.146,576.0,0,-10.6,1.36
6771,平和環保-創,TW,0.6,-15.0,-13.0,0.0,0,0.0,0.0
6776,展碁國際,TW,1.2,375.0,376.0,0.0,0,22.2,1.61
6781,AES-KY,TW,3.95,214.493,290.784,0.0,0,4.7,0.9
6782,視陽,TW,-0.26,-503.34000000000003,-715.034,235.0,0,-27.8,0.59
6789,采鈺,TW,6.29,-1509.324,-1370.0610000000001,-60.0,2,-5.7,0.65
6790,永豐實,TW,-0.63,-503.97200000000004,-504.0,0.0,0,-50.4,0.88
6792,詠業,TW,7.44,139.125,139.09,0.0,0,12.1,2.11
6794,向榮生技,TW,-0.38,-27.0,-27.0,0.0,0,0.0,0.0
6796,晉弘,TW,-2.23,200.003,198.003,0.0,0,0.0,0.0
6799,來頡,TW,4.15,300.31100000000004,300.076,0.0,0,8.7,1.63
6805,富世達,TW,-0.83,16.66400000000001,-225.16199999999998,213.0,3,0.3,0.79
6806,森崴能源,TW,-10.0,124.0,124.0,0.0,0,9.0,1.88
6807,峰源-KY,TW,0.75,-14.0,-14.0,0.0,0,0.0,0.0
6830,汎銓,TW,3.17,-143.716,-0.57500000000001,8.0,0,-1.7,0.89
6831,邁科,TW,0.0,768.324,572.2339999999999,232.252,3,23.6,0.54
6834,天二科技,TW,9.46,-684.634,-618.2930000000001,0.0,0,-2.0,1.93
6835,圓裕,TW,0.26,208.0,208.0,0.0,0,6.4,1.75
6838,台新藥,TW,-0.96,-86.475,-86.475,0.0,0,-16.2,1.19
6854,錼創科技-KY創,TW,5.05,-124.26000000000002,-121.513,0.0,0,-2.8,1.3
6861,睿生光電,TW,5.96,39.284000000000006,-27.0,0.0,0,0.6,11.72
6862,三集瑞-KY,TW,1.1,577.809,510.49,0.0,0,10.5,2.88
6863,永道-KY,TW,-0.45,-130.47199999999998,-130.966,0.0,0,-19.0,0.76
6869,雲豹能源,TW,-0.25,438.87,429.13,0.0,0,13.8,0.63
6873,泓德能源,TW,-0.45,179.103,176.104,0.0,0,6.9,0.68
6885,全福生技,TW,-1.56,178.0,191.0,0.0,0,13.5,0.72
6887,寶綠特-KY,TW,-1.88,10.935,22.0,0.0,0,0.0,0.0
6890,來億-KY,TW,0.9,-155.54500000000002,-148.765,0.0,0,-5.1,0.46
6901,鑽石投資,TW,-1.42,220.0,197.0,0.0,0,3.5,0.96
6902,GOGOLOOK,TW,-1.53,27.971,25.96,0.0,0,0.8,1.2
6906,現觀科,TW,9.91,-285.294,-288.0,0.0,0,-20.1,1.77
6908,宏碁遊戲-創,TW,0.91,4.0,4.0,0.0,0,0.0,0.0
6909,創控,TW,1.88,340.89,341.034,0.0,0,9.9,1.2
6914,阜爾運通,TW,0.0,-0.5339999999999998,0.4660000000000002,0.0,0,0.0,0.0
6916,華凌,TW,1.15,-16.0,-14.0,0.0,0,0.0,0.0
6918,愛派司,TW,-0.27,-34.0,-36.0,0.0,0,0.0,0.0
6919,康霈*,TW,0.99,163.05599999999998,-12.101000000000056,-8.0,0,0.5,0.66
6921,嘉雨思-創,TW,2.62,-80.2,-52.0,0.0,0,0.0,0.0
6923,中台,TW,-1.02,-142.728,-141.0,0.0,0,-16.8,0.86
6924,榮惠-KY創,TW,1.22,-69.987,-71.935,0.0,0,-6.6,0.29
6928,攸泰科技,TW,0.97,-62.0,-62.0,0.0,0,0.0,0.0
6931,青松健康,TW,0.36,104.996,105.0,0.0,0,15.2,0.69
6933,AMAX-KY,TW,3.44,14.114,17.060000000000002,0.0,0,1.9,1.15
6934,心誠鎂,TW,-1.58,1.029,-0.9710000000000001,0.0,0,0.0,0.0
6936,永鴻生技,TW,-1.03,-23.0,-23.0,0.0,0,0.0,0.0
6937,天虹,TW,9.85,220.51800000000003,215.08300000000003,0.0,0,6.1,3.72
6944,兆聯實業,TW,1.31,322.254,270.702,-1.826,0,9.4,0.55
6949,沛爾生醫-創,TW,0.89,-85.22,-89.477,0.0,0,0.0,0.0
6951,青新-創,TW,-0.61,-28.961,-23.0,0.0,0,0.0,0.0
6952,大武山,TW,-0.81,-8.0,-11.0,0.0,0,0.0,0.0
6955,邦睿生技-創,TW,0.0,-6.0,-10.0,0.0,0,0.0,0.0
6957,裕慶-KY,TW,0.31,96.346,100.08,0.0,0,0.0,0.0
6958,日盛台駿,TW,1.45,-87.0,-113.0,0.0,0,0.0,0.0
6962,奕力-KY,TW,-0.38,847.7959999999999,784.017,36.0,3,2.4,1.14
6965,中傑-KY,TW,-0.79,-60.0,-49.0,0.0,0,0.0,0.0
6969,成信實業*-創,TW,-0.36,15.0,2.0,0.0,0,0.0,0.0
6988,威力暘-創,TW,0.6,-7.01,-12.01,0.0,0,-1.4,0.73
6994,富威電力,TW,5.99,-939.009,-935.7,0.0,0,-31.6,0.38
7610,聯友金屬-創,TW,0.41,-398.661,-425.53000000000003,0.0,0,-7.0,1.52
7631,聚賢研發-創,TW,0.0,-4.723,-5.970000000000001,0.0,0,0.0,0.0
7705,三商餐飲,TW,1.28,5.439,7.439,0.0,0,0.0,0.0
7711,永擎,TW,3.73,76.62399999999998,108.472,0.0,0,2.1,0.97
7721,微程式,TW,9.89,115.096,115.096,0.0,0,5.5,2.99
7722,LINEPAY,TW,2.9,148.718,149.555,0.0,0,20.9,1.06
7730,暉盛-創,TW,3.15,-25.686000000000003,30.145,0.0,0,-1.3,2.15
7732,金興精密,TW,0.57,-13.0,-13.0,0.0,0,0.0,0.0
7736,虎山,TW,-0.7,15.0,17.0,0.0,0,0.0,0.0
7740,熙特爾-創,TW,4.83,2.8390000000000004,8.0,0.0,0,0.1,2.32
7749,意騰-KY,TW,6.25,96.642,-5.88300000000001,52.0,1,2.5,2.21
7750,新代,TW,-1.04,909.4939999999999,1095.381,-200.0,0,17.3,0.3
7760,享溫馨,TW,0.0,-221.8,-44.8,0.0,0,0.0,0.0
7765,中華資安,TW,-0.4,68.485,82.382,-1.897,0,0.0,0.0
7768,頌勝科技,TW,2.01,-30.954,-30.77,0.0,0,-2.7,1.17
7769,鴻勁,TW,0.46,-120.94400000000002,-131.294,44.0,3,-4.9,0.88
7780,大研生醫*,TW,-0.81,-645.739,-643.0,0.0,0,-8.2,1.12
7786,東方風能,TW,-0.43,-45.620000000000005,-62.620000000000005,0.0,0,-4.4,0.47
7788,松川精密,TW,3.51,-565.733,-563.797,0.0,0,-7.4,0.4
7791,皇家可口,TW,0.16,-27.0,-27.0,0.0,0,0.0,0.0
7795,長廣,TW,9.75,136.131,137.999,0.0,0,4.9,4.23
7799,禾榮科,TW,3.47,-129.825,-126.0,0.0,0,-11.3,0.65
7803,雲象科技-創,TW,0.0,8.0,8.0,0.0,0,0.0,0.0
7818,溢泰實業,TW,0.0,26.6,27.0,0.0,0,0.0,0.0
7821,神數,TW,0.0,63.792,71.149,0.0,0,0.0,0.0
7822,倍利科,TW,0.47,128.5,140.89600000000002,0.0,0,9.7,0.74
7823,奧義賽博-KY創,TW,-1.83,-16.932,5.060000000000002,0.0,0,-3.0,0.81
8011,台通,TW,1.39,235.755,234.755,0.0,0,2.3,0.73
8016,矽創,TW,-2.18,2090.17,-329.686,2335.888,5,15.9,0.63
8021,尖點,TW,9.9,-567.394,890.729,-1317.183,0,-0.9,0.52
8028,昇陽半導體,TW,9.91,8115.865,8796.706,166.0,0,11.7,0.47
8033,雷虎,TW,0.37,-5170.944,-3976.6540000000005,0.0,0,-29.0,0.6
8039,台虹,TW,9.71,-3810.647,-1679.1499999999996,-285.0,0,-6.0,1.3
8045,達運光電,TW,-0.55,199.42000000000002,205.357,0.0,0,20.4,0.87
8046,南電,TW,7.45,188.857,-134.31600000000003,913.0,3,0.3,1.23
8070,長華*,TW,1.81,-7083.151,-6516.83,-431.216,0,-40.3,0.74
8072,陞泰,TW,1.09,103.612,96.086,0.0,0,12.6,0.64
8081,致新,TW,1.82,0.4350000000001728,-129.83300000000008,-33.967,0,0.0,0.57
8103,瀚荃,TW,1.45,-453.72900000000004,-458.4,0.0,0,-7.5,0.62
8104,錸寶,TW,2.9,416.981,521.906,0.0,0,12.9,1.82
8105,凌巨,TW,5.47,2295.596,2204.596,0.0,0,6.0,2.19
8110,華東,TW,4.89,-2481.3499999999995,-2441.572,0.0,0,-7.1,1.24
8112,至上,TW,1.75,6184.892,7436.56,-68.84700000000001,0,5.6,0.86
8114,振樺電,TW,-1.45,-234.29100000000003,-237.238,-2.0,0,-6.8,0.37
8131,福懋科,TW,3.86,-1807.9759999999999,-1589.898,0.0,0,-10.9,1.15
8150,南茂,TW,5.27,-9118.465,-6853.411999999999,-22.0,0,-8.5,2.47
8162,微矽電子-創,TW,9.95,459.645,465.069,0.0,0,16.9,1.98
8163,達方,TW,0.84,-2808.887,-2672.485,0.0,0,-6.9,0.96
8201,無敵,TW,2.3,-18.0,-15.0,0.0,0,-2.1,4.97
8210,勤誠,TW,1.12,-227.969,-499.24,413.0,1,-3.9,0.86
8213,志超,TW,2.12,-254.14900000000003,-252.0,0.0,0,-6.6,1.03
8215,明基材,TW,4.86,-223.06599999999992,-106.39600000000002,66.0,3,-1.8,2.46
8222,寶一,TW,-0.28,245.044,251.044,0.0,0,16.8,0.52
8249,菱光,TW,1.53,-802.833,-952.79,0.0,0,-5.3,0.48
8261,富鼎,TW,6.33,584.3609999999999,343.6009999999999,48.0,1,1.0,1.07
8271,宇瞻,TW,2.73,-1102.636,-1023.429,1.5,0,-6.5,0.83
8341,日友,TW,-0.65,11.073999999999998,11.0,0.0,0,1.3,0.61
8367,建新國際,TW,-0.48,-17.0,-17.0,0.0,0,0.0,0.0
8374,羅昇,TW,9.99,-1050.084,-927.239,0.0,0,-3.6,1.01
8404,百和興業-KY,TW,-0.9,-197.493,-196.49200000000002,0.0,0,-12.4,0.75
8411,福貞-KY,TW,0.83,-31.0,-37.0,0.0,0,0.0,0.0
8422,可寧衛*,TW,1.52,-308.12900000000013,1076.0,-1235.0,0,-0.9,0.85
8429,金麗-KY,TW,2.44,-109.95,-107.95,0.0,0,-9.0,1.3
8438,昶昕,TW,5.22,-954.157,-958.979,0.0,0,-17.4,1.01
8442,威宏-KY,TW,-0.98,25.0,10.0,0.0,0,4.8,0.26
8443,阿瘦,TW,0.0,2.0,2.0,0.0,0,0.0,0.0
8454,富邦媒,TW,0.26,-329.91499999999996,-370.094,14.0,0,-7.7,1.02
8462,柏文,TW,-0.72,-106.622,-106.974,0.0,0,-20.4,0.93
8463,潤泰材,TW,1.43,-82.0,-85.0,0.0,0,0.0,0.0
8464,億豐,TW,-1.26,1031.961,1219.234,-186.363,0,18.1,0.52
8466,美吉吉-KY,TW,-0.7,125.67099999999999,125.67099999999999,0.0,0,7.4,0.16
8467,波力-KY,TW,0.4,5.0,5.0,0.0,0,0.0,0.0
8473,山林水,TW,-1.72,2131.766,2129.5769999999998,0.0,0,20.0,0.74
8476,台境*,TW,-0.93,82.0,87.0,0.0,0,6.8,0.83
8478,東哥遊艇,TW,0.66,-336.49399999999997,-334.428,0.0,0,-35.5,0.47
8481,政伸,TW,0.74,9.0,8.0,0.0,0,0.0,0.0
8482,商億-KY,TW,-1.64,-6.841,-6.841,0.0,0,0.0,0.0
8487,愛爾達-創,TW,1.01,-6.0,-2.0,0.0,0,0.0,0.0
8488,吉源-KY,TW,0.93,90.12,91.12,0.0,0,9.3,0.07
8499,鼎炫-KY,TW,9.34,35.138999999999996,12.029999999999998,26.0,3,4.4,2.11
8926,台汽電,TW,0.0,-1624.489,-2895.918,1104.0,3,-3.2,0.52
8940,新天地,TW,0.0,-20.0,-17.0,0.0,0,0.0,0.0
8996,高力,TW,9.86,834.221,434.64300000000003,388.0,1,6.2,1.5
9103,美德醫療-DR,TW,3.4,-146.0,-146.0,0.0,0,-1.6,2.39
910322,康師傅-DR,TW,0.0,-12.2,-12.2,0.0,0,0.0,0.0
9105,泰金寶-DR,TW,9.93,10393.982,10485.7,0.0,0,4.5,6.45
910861,神州-DR,TW,0.0,-22.0,-22.0,0.0,0,0.0,0.0
911868,同方友友-DR,TW,0.0,-38.0,-38.0,0.0,0,0.0,0.0
912000,晨訊科-DR,TW,0.0,-172.0,-172.0,0.0,0,0.0,0.0
9136,巨騰-DR,TW,4.21,-615.1500000000001,-613.0,0.0,0,-3.7,0.33
9802,鈺齊-KY,TW,-0.53,-317.04499999999996,-196.498,-112.0,0,-8.6,0.66
9902,台火,TW,0.0,-58.455,-57.0,0.0,0,-10.5,1.26
9904,寶成,TW,0.0,-25698.701,-21786.879,-2850.756,0,-34.3,0.56
9905,大華,TW,0.0,-76.0,-82.0,0.0,0,-9.6,0.39
9906,欣巴巴,TW,-2.0,259.887,267.887,0.0,0,17.6,1.09
9907,統一實,TW,-0.62,-5213.162,-4423.0,-221.72500000000002,0,-26.4,0.61
9908,大台北,TW,-0.17,242.827,243.0,0.0,0,22.0,0.59
9910,豐泰,TW,-0.29,-1981.964,-1801.3419999999999,-100.27199999999999,0,-16.4,1.28
9911,櫻花,TW,-0.24,-184.797,-93.0,-64.0,0,-20.0,1.0
9912,偉聯,TW,0.0,-7.0,8.0,0.0,0,0.0,0.0
9914,美利達,TW,-3.0,1317.888,1545.32,0.0,0,9.2,0.77
9917,中保科,TW,-0.44,-664.4639999999999,-806.007,118.0,3,-29.1,0.38
9918,欣天然,TW,0.46,52.510000000000005,52.510000000000005,0.0,0,0.0,0.0
9919,康那香,TW,-1.05,-176.912,-177.912,0.0,0,-6.7,0.83
9921,巨大,TW,-0.99,-2617.049,-2356.081,0.0,0,-29.2,0.59
9924,福興,TW,-0.83,-229.41500000000002,-208.87900000000002,-11.536,0,-36.6,1.84
9925,新保,TW,-0.25,-344.229,-350.026,0.0,0,-32.8,0.76
9926,新海,TW,0.1,-20.0,-20.0,0.0,0,0.0,0.0
9927,泰銘,TW,0.44,-171.694,-158.694,0.0,0,-32.1,0.46
9928,中視,TW,0.28,-1.0,0.0,0.0,0,0.0,0.0
9929,秋雨,TW,0.0,-13.852,-12.82,0.0,0,0.0,0.0
9930,中聯資源,TW,-0.44,-338.65700000000004,-332.289,0.0,0,-49.4,0.64
9931,欣高,TW,0.15,14.572999999999999,14.0,0.0,0,0.0,0.0
9933,中鼎,TW,-0.38,4239.406,2484.3409999999994,490.0,3,16.0,0.77
9934,成霖,TW,-1.43,182.4,167.4,0.0,0,8.5,1.22
9935,慶豐富,TW,0.27,243.0,244.0,0.0,0,28.0,0.75
9937,全國,TW,-1.25,-90.295,-82.0,0.0,0,0.0,0.0
9938,百和,TW,-0.46,-1747.787,-1292.5990000000002,-393.886,0,-23.6,1.44
9939,宏全,TW,0.0,-87.21199999999999,-39.08800000000008,-70.58800000000001,0,-1.1,0.6
9940,信義,TW,-0.53,-57.2,-93.098,0.0,0,-3.0,0.54
9941,裕融,TW,0.14,1208.662,1192.737,13.464999999999998,0,19.9,1.32
9942,茂順,TW,0.43,-13.578,-11.0,0.0,0,0.0,0.0
9943,好樂迪,TW,0.18,-25.0,-25.0,0.0,0,0.0,0.0
9944,新麗,TW,0.0,5.038,3.0380000000000003,0.0,0,0.7,1.04
9945,潤泰新,TW,0.21,-6650.552999999999,-6688.281,-28.0,0,-14.8,0.96
9946,三發地產,TW,-0.3,746.034,727.034,0.0,0,29.4,0.74
9955,佳龍,TW,-0.71,-97.15899999999999,-102.15899999999999,0.0,0,-6.0,0.78
9958,世紀鋼,TW,-1.46,-1623.856,-1561.9,-234.397,0,-17.6,0.81
